symbol_id,symbol,market,name,instrument_class,active,added_at_utc,delisted_at_utc,first_bar_utc,last_bar_utc,n_bars_1d,flat_share,n_membership_days,membership_first_utc,membership_last_utc,has_fundamentals,in_companies,har_screen_pass,har_companies_only_pass
1,BTC/USD,crypto,Bitcoin/USD (Coinbase+Kraken consolidated via TickStream),crypto,1,2024-07-11,,2024-07-11,2026-09-09,791,0.0,773,2024-07-11,2026-08-22,0,0,1,0
2,SPY,stocks,SPDR S&P 500 ETF,fund,1,2019-01-02,,2019-01-02,2026-09-08,1931,0.0,1920,2019-01-02,2026-08-21,0,1,1,0
3,QQQ,stocks,Invesco Nasdaq-100 ETF,fund,1,2019-01-02,,2019-01-02,2026-09-08,1931,0.0,1920,2019-01-02,2026-08-21,0,1,1,0
4,AAPL,stocks,,common,1,2019-01-02,,2019-01-02,2026-09-08,1931,0.0,1920,2019-01-02,2026-08-21,1,1,1,1
5,NVDA,stocks,,common,1,2019-01-02,,2019-01-02,2026-09-08,1931,0.0,1920,2019-01-02,2026-08-21,1,1,1,1
6,TSLA,stocks,,common,1,2019-01-02,,2019-01-02,2026-09-08,1931,0.0,1920,2019-01-02,2026-08-21,1,1,1,1
7,AMD,stocks,"Advanced Micro Devices, Inc. Common Stock",common,1,2019-01-02,,2019-01-02,2026-09-08,1931,0.0,1920,2019-01-02,2026-08-21,1,1,1,1
8,COIN,stocks,"Coinbase Global, Inc. Class A Common Stock",common,1,2021-04-14,,2021-04-14,2026-09-08,1357,0.0,1346,2021-04-14,2026-08-21,1,1,1,1
9,SOXL,stocks,Direxion Daily Semiconductor Bull 3X ETF,fund,1,2019-01-02,,2019-01-02,2026-09-08,1931,0.0,1920,2019-01-02,2026-08-21,0,0,1,0
10,INTC,stocks,Intel Corporation Common Stock,common,1,2019-01-02,,2019-01-02,2026-09-08,1931,0.0,1920,2019-01-02,2026-08-21,1,1,1,1
11,A,stocks,,common,0,2019-01-02,,2019-01-02,2026-09-08,1931,0.0,1920,2019-01-02,2026-08-21,1,1,1,1
12,ABBV,stocks,,common,1,2019-01-02,,2019-01-02,2026-09-08,1931,0.0,1920,2019-01-02,2026-08-21,1,1,1,1
13,ABNB,stocks,,common,1,2020-12-10,,2020-12-10,2026-09-08,1441,0.0,1430,2020-12-10,2026-08-21,1,1,1,1
14,ABT,stocks,,common,1,2019-01-02,,2019-01-02,2026-09-08,1931,0.0,1920,2019-01-02,2026-08-21,1,1,1,1
15,ACGL,stocks,,common,0,2019-01-02,,2019-01-02,2026-09-08,1931,0.0,1920,2019-01-02,2026-08-21,1,1,1,1
16,ACN,stocks,,common,1,2019-01-02,,2019-01-02,2026-09-08,1931,0.0,1920,2019-01-02,2026-08-21,1,1,1,1
17,ADBE,stocks,,common,1,2019-01-02,,2019-01-02,2026-09-08,1931,0.0,1920,2019-01-02,2026-08-21,1,1,1,1
18,ADI,stocks,,common,1,2019-01-02,,2019-01-02,2026-09-08,1931,0.0,1920,2019-01-02,2026-08-21,1,1,1,1
19,ADM,stocks,,common,0,2019-01-02,,2019-01-02,2026-09-08,1931,0.0,1920,2019-01-02,2026-08-21,1,1,1,1
20,ADP,stocks,,common,1,2019-01-02,,2019-01-02,2026-09-08,1931,0.0,1920,2019-01-02,2026-08-21,1,1,1,1
21,ADSK,stocks,,common,0,2019-01-02,,2019-01-02,2026-09-08,1931,0.0,1920,2019-01-02,2026-08-21,1,1,1,1
22,AEE,stocks,,common,0,2019-01-02,,2019-01-02,2026-09-08,1931,0.0,1920,2019-01-02,2026-08-21,1,1,1,1
23,AEP,stocks,,common,0,2019-01-02,,2019-01-02,2026-09-08,1931,0.0,1920,2019-01-02,2026-08-21,1,1,1,1
24,AES,stocks,,common,0,2019-01-02,,2019-01-02,2026-09-08,1931,0.0,1920,2019-01-02,2026-08-21,1,1,1,1
25,AFL,stocks,,common,0,2019-01-02,,2019-01-02,2026-09-08,1931,0.0,1920,2019-01-02,2026-08-21,1,1,1,1
26,AIG,stocks,,common,0,2019-01-02,,2019-01-02,2026-09-08,1931,0.0,1920,2019-01-02,2026-08-21,1,1,1,1
27,AIZ,stocks,,common,0,2019-01-02,,2019-01-02,2026-09-08,1931,0.0,1920,2019-01-02,2026-08-21,1,1,1,1
28,AJG,stocks,,common,0,2019-01-02,,2019-01-02,2026-09-08,1931,0.0,1920,2019-01-02,2026-08-21,1,1,1,1
29,AKAM,stocks,,common,0,2019-01-02,,2019-01-02,2026-09-08,1931,0.0,1920,2019-01-02,2026-08-21,1,1,1,1
30,ALB,stocks,,common,0,2019-01-02,,2019-01-02,2026-09-08,1931,0.0,1920,2019-01-02,2026-08-21,1,1,1,1
31,ALGN,stocks,,common,0,2019-01-02,,2019-01-02,2026-09-08,1931,0.0,1920,2019-01-02,2026-08-21,1,1,1,1
32,ALL,stocks,,common,0,2019-01-02,,2019-01-02,2026-09-08,1931,0.0,1920,2019-01-02,2026-08-21,1,1,1,1
33,ALLE,stocks,,common,0,2019-01-02,,2019-01-02,2026-09-08,1931,0.0,1920,2019-01-02,2026-08-21,1,1,1,1
34,AMAT,stocks,,common,1,2019-01-02,,2019-01-02,2026-09-08,1931,0.0,1920,2019-01-02,2026-08-21,1,1,1,1
35,AMCR,stocks,,common,0,2019-06-11,,2019-06-11,2026-09-08,1821,0.0,1810,2019-06-11,2026-08-21,1,1,1,1
36,AME,stocks,,common,0,2019-01-02,,2019-01-02,2026-09-08,1931,0.0,1920,2019-01-02,2026-08-21,1,1,1,1
37,AMGN,stocks,,common,1,2019-01-02,,2019-01-02,2026-09-08,1931,0.0,1920,2019-01-02,2026-08-21,1,1,1,1
38,AMP,stocks,,common,0,2019-01-02,,2019-01-02,2026-09-08,1931,0.0,1920,2019-01-02,2026-08-21,1,1,1,1
39,AMT,stocks,,common,0,2019-01-02,,2019-01-02,2026-09-08,1931,0.0,1920,2019-01-02,2026-08-21,1,1,1,1
40,AMZN,stocks,,common,1,2019-01-02,,2019-01-02,2026-09-08,1931,0.0,1920,2019-01-02,2026-08-21,1,1,1,1
41,ANET,stocks,,common,1,2019-01-02,,2019-01-02,2026-09-08,1931,0.0,1920,2019-01-02,2026-08-21,1,1,1,1
42,ANSS,stocks,ANSYS INC,common,0,2018-07-26,2025-07-16,2018-07-26,2025-07-16,1644,0.000608,1644,2018-07-26,2025-07-16,0,0,1,0
43,AON,stocks,,common,0,2019-01-02,,2019-01-02,2026-09-08,1931,0.0,1920,2019-01-02,2026-08-21,1,1,1,1
44,AOS,stocks,,common,0,2019-01-02,,2019-01-02,2026-09-08,1931,0.0,1920,2019-01-02,2026-08-21,1,1,1,1
45,APA,stocks,,common,0,2019-01-02,,2019-01-02,2026-09-08,1931,0.0,1920,2019-01-02,2026-08-21,1,1,1,1
46,APD,stocks,,common,0,2019-01-02,,2019-01-02,2026-09-08,1931,0.0,1920,2019-01-02,2026-08-21,1,1,1,1
47,APH,stocks,,common,1,2019-01-02,,2019-01-02,2026-09-08,1931,0.0,1920,2019-01-02,2026-08-21,1,1,1,1
48,APTV,stocks,,common,0,2019-01-02,,2019-01-02,2026-09-08,1931,0.0,1920,2019-01-02,2026-08-21,1,1,1,1
49,ARE,stocks,,common,0,2019-01-02,,2019-01-02,2026-09-08,1931,0.000518,1920,2019-01-02,2026-08-21,1,1,1,1
50,ATO,stocks,,common,0,2019-01-02,,2019-01-02,2026-09-08,1922,0.0,1907,2019-01-02,2026-08-04,1,1,1,1
51,AVB,stocks,,common,0,2019-01-02,,2019-01-02,2026-08-04,1907,0.0,1907,2019-01-02,2026-08-04,1,1,1,1
52,AVGO,stocks,,common,1,2019-01-02,,2019-01-02,2026-09-08,1931,0.0,1920,2019-01-02,2026-08-21,1,1,1,1
53,AVY,stocks,,common,0,2019-01-02,,2019-01-02,2026-09-08,1922,0.0,1907,2019-01-02,2026-08-04,1,1,1,1
54,AWK,stocks,,common,0,2019-01-02,,2019-01-02,2026-09-08,1922,0.0,1907,2019-01-02,2026-08-04,1,1,1,1
55,AXON,stocks,,common,0,2019-01-02,,2019-01-02,2026-09-08,1922,0.0,1907,2019-01-02,2026-08-04,1,1,1,1
56,AXP,stocks,,common,1,2019-01-02,,2019-01-02,2026-09-08,1931,0.000518,1920,2019-01-02,2026-08-21,1,1,1,1
57,AZO,stocks,,common,1,2019-01-02,,2019-01-02,2026-09-08,1931,0.0,1920,2019-01-02,2026-08-21,1,1,1,1
58,BA,stocks,,common,1,2019-01-02,,2019-01-02,2026-09-08,1931,0.0,1920,2019-01-02,2026-08-21,1,1,1,1
59,BAC,stocks,,common,1,2019-01-02,,2019-01-02,2026-09-08,1931,0.000518,1920,2019-01-02,2026-08-21,1,1,1,1
60,BALL,stocks,,common,0,2019-01-02,,2019-01-02,2026-09-08,1922,0.0,1907,2019-01-02,2026-08-04,1,1,1,1
61,BAX,stocks,,common,0,2019-01-02,,2019-01-02,2026-09-08,1922,0.0,1907,2019-01-02,2026-08-04,1,1,1,1
62,BBWI,stocks,,common,0,2021-08-03,,2021-08-03,2026-09-08,1280,0.0,1269,2021-08-03,2026-08-21,1,1,1,1
63,BBY,stocks,,common,0,2019-01-02,,2019-01-02,2026-09-08,1922,0.0,1907,2019-01-02,2026-08-04,1,1,1,1
64,BDX,stocks,,common,0,2019-01-02,,2019-01-02,2026-09-08,1922,0.0,1907,2019-01-02,2026-08-04,1,1,1,1
65,BEN,stocks,,common,0,2019-01-02,,2019-01-02,2026-09-08,1922,0.0,1907,2019-01-02,2026-08-04,1,1,1,1
66,BF.B,stocks,,common,0,2019-01-02,,2019-01-02,2026-09-08,1922,0.0,1907,2019-01-02,2026-08-04,0,0,1,0
67,BG,stocks,,common,0,2019-01-02,,2019-01-02,2026-09-08,1922,0.0,1907,2019-01-02,2026-08-04,1,1,1,1
68,BIIB,stocks,,common,0,2019-01-02,,2019-01-02,2026-09-08,1922,0.001041,1907,2019-01-02,2026-08-04,1,1,1,1
69,BK,stocks,,common,0,2019-01-02,2026-05-20,2019-01-02,2026-05-20,1856,0.0,1856,2019-01-02,2026-05-20,0,0,1,0
70,BKNG,stocks,,common,1,2019-01-02,,2019-01-02,2026-09-08,1931,0.0,1920,2019-01-02,2026-08-21,1,1,1,1
71,BKR,stocks,,common,0,2019-01-02,,2019-01-02,2026-09-08,1922,0.0,1907,2019-01-02,2026-08-04,1,1,1,1
72,BLDR,stocks,,common,0,2019-01-02,,2019-01-02,2026-09-08,1922,0.0,1907,2019-01-02,2026-08-04,1,1,1,1
73,BLK,stocks,,common,1,2019-01-02,,2019-01-02,2026-09-08,1931,0.0,1920,2019-01-02,2026-08-21,1,1,1,1
74,BMY,stocks,,common,1,2019-01-02,,2019-01-02,2026-09-08,1931,0.0,1920,2019-01-02,2026-08-21,1,1,1,1
75,BR,stocks,,common,0,2019-01-02,,2019-01-02,2026-09-08,1922,0.0,1907,2019-01-02,2026-08-04,1,1,1,1
76,BRK.B,stocks,,common,1,2019-01-02,,2019-01-02,2026-09-08,1931,0.0,1920,2019-01-02,2026-08-21,0,0,1,0
77,BRO,stocks,,common,0,2019-01-02,,2019-01-02,2026-09-08,1922,0.0,1907,2019-01-02,2026-08-04,1,1,1,1
78,BSX,stocks,,common,1,2019-01-02,,2019-01-02,2026-09-08,1931,0.0,1920,2019-01-02,2026-08-21,1,1,1,1
79,BX,stocks,,common,1,2019-01-02,,2019-01-02,2026-09-08,1931,0.0,1920,2019-01-02,2026-08-21,1,1,1,1
80,BXP,stocks,,common,0,2019-01-02,,2019-01-02,2026-09-08,1922,0.0,1907,2019-01-02,2026-08-04,1,1,1,1
81,C,stocks,,common,1,2019-01-02,,2019-01-02,2026-09-08,1931,0.0,1920,2019-01-02,2026-08-21,1,1,1,1
82,CAG,stocks,,common,0,2019-01-02,,2019-01-02,2026-09-08,1922,0.0,1907,2019-01-02,2026-08-04,1,1,1,1
83,CAH,stocks,,common,0,2019-01-02,,2019-01-02,2026-09-08,1922,0.0,1907,2019-01-02,2026-08-04,1,1,1,1
84,CARR,stocks,,common,0,2020-04-03,,2020-04-03,2026-09-08,1615,0.000619,1604,2020-04-03,2026-08-21,1,1,1,1
85,CAT,stocks,,common,1,2019-01-02,,2019-01-02,2026-09-08,1931,0.000518,1920,2019-01-02,2026-08-21,1,1,1,1
86,CB,stocks,,common,1,2019-01-02,,2019-01-02,2026-09-08,1931,0.0,1920,2019-01-02,2026-08-21,1,1,1,1
87,CBOE,stocks,,common,0,2019-01-02,,2019-01-02,2026-09-08,1922,0.0,1907,2019-01-02,2026-08-04,1,1,1,1
88,CBRE,stocks,,common,0,2019-01-02,,2019-01-02,2026-09-08,1922,0.0,1907,2019-01-02,2026-08-04,1,1,1,1
89,CCI,stocks,,common,0,2019-01-02,,2019-01-02,2026-09-08,1922,0.0,1907,2019-01-02,2026-08-04,1,1,1,1
90,CCL,stocks,,common,0,2019-01-02,,2019-01-02,2026-09-08,1926,0.0,1911,2019-01-02,2026-08-10,1,1,1,1
91,CDNS,stocks,,common,1,2019-01-02,,2019-01-02,2026-09-08,1931,0.0,1920,2019-01-02,2026-08-21,1,1,1,1
92,CDW,stocks,,common,0,2019-01-02,,2019-01-02,2026-09-08,1922,0.0,1907,2019-01-02,2026-08-04,1,1,1,1
93,CE,stocks,,common,0,2019-01-02,,2019-01-02,2026-09-08,1922,0.0,1907,2019-01-02,2026-08-04,1,1,1,1
94,CEG,stocks,,common,1,2022-02-02,,2022-02-02,2026-09-08,1153,0.0,1142,2022-02-02,2026-08-21,1,1,1,1
95,CF,stocks,,common,0,2019-01-02,,2019-01-02,2026-09-08,1922,0.0,1907,2019-01-02,2026-08-04,1,1,1,1
96,CFG,stocks,,common,0,2019-01-02,,2019-01-02,2026-09-08,1922,0.0,1907,2019-01-02,2026-08-04,1,1,1,1
97,CHD,stocks,,common,0,2019-01-02,,2019-01-02,2026-09-08,1922,0.00052,1907,2019-01-02,2026-08-04,1,1,1,1
98,CHRW,stocks,,common,0,2019-01-02,,2019-01-02,2026-09-08,1922,0.0,1907,2019-01-02,2026-08-04,1,1,1,1
99,CHTR,stocks,,common,0,2019-01-02,,2019-01-02,2026-09-08,1922,0.0,1907,2019-01-02,2026-08-04,1,1,1,1
100,CI,stocks,,common,0,2019-01-02,,2019-01-02,2026-09-08,1922,0.0,1907,2019-01-02,2026-08-04,1,1,1,1
101,CINF,stocks,,common,0,2019-01-02,,2019-01-02,2026-09-08,1922,0.0,1907,2019-01-02,2026-08-04,1,1,1,1
102,CL,stocks,,common,0,2019-01-02,,2019-01-02,2026-09-08,1922,0.0,1907,2019-01-02,2026-08-04,1,1,1,1
103,CLX,stocks,,common,0,2019-01-02,,2019-01-02,2026-09-08,1922,0.0,1907,2019-01-02,2026-08-04,1,1,1,1
104,CMCSA,stocks,,common,1,2019-01-02,,2019-01-02,2026-09-08,1931,0.0,1920,2019-01-02,2026-08-21,1,1,1,1
105,CME,stocks,,common,0,2019-01-02,,2019-01-02,2026-09-08,1931,0.0,1920,2019-01-02,2026-08-21,1,1,1,1
106,CMG,stocks,,common,1,2019-01-02,,2019-01-02,2026-09-08,1931,0.0,1920,2019-01-02,2026-08-21,1,1,1,1
107,CMI,stocks,,common,1,2019-01-02,,2019-01-02,2026-09-08,1931,0.0,1920,2019-01-02,2026-08-21,1,1,1,1
108,CMS,stocks,,common,0,2019-01-02,,2019-01-02,2026-09-08,1922,0.0,1907,2019-01-02,2026-08-04,1,1,1,1
109,CNC,stocks,,common,0,2019-01-02,,2019-01-02,2026-09-08,1922,0.0,1907,2019-01-02,2026-08-04,1,1,1,1
110,CNP,stocks,,common,0,2019-01-02,,2019-01-02,2026-09-08,1922,0.0,1907,2019-01-02,2026-08-04,1,1,1,1
111,COF,stocks,,common,1,2019-01-02,,2019-01-02,2026-09-08,1931,0.0,1920,2019-01-02,2026-08-21,1,1,1,1
112,COO,stocks,,common,0,2019-01-02,,2019-01-02,2026-09-08,1922,0.00052,1907,2019-01-02,2026-08-04,1,1,1,1
113,COP,stocks,,common,1,2019-01-02,,2019-01-02,2026-09-08,1931,0.0,1920,2019-01-02,2026-08-21,1,1,1,1
114,COR,stocks,,common,0,2019-01-02,,2019-01-02,2026-09-08,1922,0.0,1907,2019-01-02,2026-08-04,1,1,1,1
115,COST,stocks,,common,1,2019-01-02,,2019-01-02,2026-09-08,1931,0.0,1920,2019-01-02,2026-08-21,1,1,1,1
116,CPAY,stocks,,common,0,2019-01-02,,2019-01-02,2026-09-08,1922,0.0,1907,2019-01-02,2026-08-04,1,1,1,1
117,CPB,stocks,,common,0,2019-01-02,,2019-01-02,2026-09-08,1922,0.0,1907,2019-01-02,2026-08-04,1,1,1,1
118,CPRT,stocks,,common,0,2019-01-02,,2019-01-02,2026-09-08,1922,0.0,1907,2019-01-02,2026-08-04,1,1,1,1
119,CPT,stocks,,common,0,2019-01-02,,2019-01-02,2026-09-08,1922,0.0,1907,2019-01-02,2026-08-04,1,1,1,1
120,CRL,stocks,,common,0,2019-01-02,,2019-01-02,2026-09-08,1922,0.00052,1907,2019-01-02,2026-08-04,1,1,1,1
121,CRM,stocks,,common,1,2019-01-02,,2019-01-02,2026-09-08,1931,0.0,1920,2019-01-02,2026-08-21,1,1,1,1
122,CRWD,stocks,,common,1,2019-06-12,,2019-06-12,2026-09-08,1820,0.0,1809,2019-06-12,2026-08-21,1,1,1,1
123,CSCO,stocks,,common,1,2019-01-02,,2019-01-02,2026-09-08,1931,0.0,1920,2019-01-02,2026-08-21,1,1,1,1
124,CSGP,stocks,,common,0,2019-01-02,,2019-01-02,2026-09-08,1922,0.0,1907,2019-01-02,2026-08-04,1,1,1,1
125,CSX,stocks,,common,1,2019-01-02,,2019-01-02,2026-09-08,1931,0.0,1920,2019-01-02,2026-08-21,1,1,1,1
126,CTAS,stocks,,common,0,2019-01-02,,2019-01-02,2026-09-08,1922,0.0,1907,2019-01-02,2026-08-04,1,1,1,1
127,CTLT,stocks,"Catalent, Inc.",common,0,2019-01-02,2024-12-17,2019-01-02,2024-12-17,1501,0.0,1501,2019-01-02,2024-12-17,0,0,1,0
128,CTRA,stocks,Coterra Energy,common,0,2019-01-02,2026-05-06,2019-01-02,2026-05-06,1679,0.002382,1679,2019-01-02,2026-05-06,0,0,1,0
129,CTSH,stocks,,common,0,2019-01-02,,2019-01-02,2026-09-08,1922,0.0,1907,2019-01-02,2026-08-04,1,1,1,1
130,CTVA,stocks,,common,0,2019-06-03,,2019-06-03,2026-09-08,1827,0.0,1816,2019-06-03,2026-08-21,1,1,1,1
131,CVS,stocks,,common,1,2019-01-02,,2019-01-02,2026-09-08,1931,0.000518,1920,2019-01-02,2026-08-21,1,1,1,1
132,CVX,stocks,,common,1,2019-01-02,,2019-01-02,2026-09-08,1931,0.0,1920,2019-01-02,2026-08-21,1,1,1,1
133,CZR,stocks,,common,0,2019-01-02,,2019-01-02,2026-09-08,1922,0.0,1907,2019-01-02,2026-08-04,1,1,1,1
134,D,stocks,,common,0,2019-01-02,,2019-01-02,2026-09-08,1922,0.0,1907,2019-01-02,2026-08-04,1,1,1,1
135,DAL,stocks,,common,0,2019-01-02,,2019-01-02,2026-09-08,1929,0.0,1914,2019-01-02,2026-08-13,1,1,1,1
136,DAY,stocks,"Dayforce, Inc.",common,0,2024-02-01,2026-02-03,2024-02-01,2026-02-03,503,0.0,503,2024-02-01,2026-02-03,0,0,0,0
137,DD,stocks,,common,0,2019-01-02,,2019-01-02,2026-09-08,1922,0.0,1907,2019-01-02,2026-08-04,1,1,1,1
138,DE,stocks,,common,1,2019-01-02,,2019-01-02,2026-09-08,1931,0.0,1920,2019-01-02,2026-08-21,1,1,1,1
139,DECK,stocks,,common,0,2019-01-02,,2019-01-02,2026-09-08,1922,0.0,1907,2019-01-02,2026-08-04,1,1,1,1
140,DFS,stocks,Discover Financial Services,common,0,2019-01-02,2025-05-16,2019-01-02,2025-05-16,1603,0.0,1603,2019-01-02,2025-05-16,0,0,1,0
141,DG,stocks,,common,0,2019-01-02,,2019-01-02,2026-09-08,1922,0.00052,1907,2019-01-02,2026-08-04,1,1,1,1
142,DGX,stocks,,common,0,2019-01-02,,2019-01-02,2026-09-08,1922,0.0,1907,2019-01-02,2026-08-04,1,1,1,1
143,DHI,stocks,,common,0,2019-01-02,,2019-01-02,2026-09-08,1922,0.0,1907,2019-01-02,2026-08-04,1,1,1,1
144,DHR,stocks,,common,1,2019-01-02,,2019-01-02,2026-09-08,1931,0.000518,1920,2019-01-02,2026-08-21,1,1,1,1
145,DIS,stocks,,common,1,2019-01-02,,2019-01-02,2026-09-08,1931,0.0,1920,2019-01-02,2026-08-21,1,1,1,1
146,DLR,stocks,,common,0,2019-01-02,,2019-01-02,2026-09-08,1931,0.0,1920,2019-01-02,2026-08-21,1,1,1,1
147,DLTR,stocks,,common,0,2019-01-02,,2019-01-02,2026-09-08,1922,0.0,1907,2019-01-02,2026-08-04,1,1,1,1
148,DOC,stocks,,common,0,2019-01-02,,2019-01-02,2026-09-08,1922,0.0,1907,2019-01-02,2026-08-04,1,1,1,1
149,DOV,stocks,,common,0,2019-01-02,,2019-01-02,2026-09-08,1922,0.0,1907,2019-01-02,2026-08-04,1,1,1,1
150,DOW,stocks,,common,0,2019-04-02,,2019-04-02,2026-09-08,1869,0.0,1858,2019-04-02,2026-08-21,1,1,1,1
151,DPZ,stocks,,common,0,2019-01-02,,2019-01-02,2026-09-08,1922,0.0,1907,2019-01-02,2026-08-04,1,1,1,1
152,DRI,stocks,,common,0,2019-01-02,,2019-01-02,2026-09-08,1922,0.0,1907,2019-01-02,2026-08-04,1,1,1,1
153,DTE,stocks,,common,0,2019-01-02,,2019-01-02,2026-09-08,1922,0.0,1907,2019-01-02,2026-08-04,1,1,1,1
154,DUK,stocks,,common,0,2019-01-02,,2019-01-02,2026-09-08,1922,0.0,1907,2019-01-02,2026-08-04,1,1,1,1
155,DVA,stocks,,common,0,2019-01-02,,2019-01-02,2026-09-08,1922,0.0,1907,2019-01-02,2026-08-04,1,1,1,1
156,DVN,stocks,,common,0,2019-01-02,,2019-01-02,2026-09-08,1922,0.0,1907,2019-01-02,2026-08-04,1,1,1,1
157,DXCM,stocks,,common,0,2019-01-02,,2019-01-02,2026-09-08,1922,0.0,1907,2019-01-02,2026-08-04,1,1,1,1
158,EA,stocks,,common,1,2019-01-02,,2019-01-02,2026-08-04,1907,0.0,1907,2019-01-02,2026-08-04,1,1,1,1
159,EBAY,stocks,,common,0,2019-01-02,,2019-01-02,2026-09-08,1922,0.0,1907,2019-01-02,2026-08-04,1,1,1,1
160,ECL,stocks,,common,0,2019-01-02,,2019-01-02,2026-09-08,1922,0.0,1907,2019-01-02,2026-08-04,1,1,1,1
161,ED,stocks,,common,0,2019-01-02,,2019-01-02,2026-09-08,1922,0.0,1907,2019-01-02,2026-08-04,1,1,1,1
162,EFX,stocks,,common,0,2019-01-02,,2019-01-02,2026-09-08,1922,0.0,1907,2019-01-02,2026-08-04,1,1,1,1
163,EG,stocks,,common,0,2019-01-02,,2019-01-02,2026-09-08,1922,0.0,1907,2019-01-02,2026-08-04,1,1,1,1
164,EIX,stocks,,common,0,2019-01-02,,2019-01-02,2026-09-08,1922,0.0,1907,2019-01-02,2026-08-04,1,1,1,1
165,EL,stocks,,common,0,2019-01-02,,2019-01-02,2026-09-08,1922,0.0,1907,2019-01-02,2026-08-04,1,1,1,1
166,ELV,stocks,,common,0,2019-01-02,,2019-01-02,2026-09-08,1930,0.0,1919,2019-01-02,2026-08-21,1,1,1,1
167,EMN,stocks,,common,0,2019-01-02,,2019-01-02,2026-09-08,1922,0.0,1907,2019-01-02,2026-08-04,1,1,1,1
168,EMR,stocks,,common,0,2019-01-02,,2019-01-02,2026-09-08,1922,0.0,1907,2019-01-02,2026-08-04,1,1,1,1
169,ENPH,stocks,,common,0,2019-01-02,,2019-01-02,2026-09-08,1922,0.0,1907,2019-01-02,2026-08-04,1,1,1,1
170,EOG,stocks,,common,0,2019-01-02,,2019-01-02,2026-09-08,1922,0.00052,1907,2019-01-02,2026-08-04,1,1,1,1
171,EPAM,stocks,,common,0,2019-01-02,,2019-01-02,2026-09-08,1922,0.0,1907,2019-01-02,2026-08-04,1,1,1,1
172,EQIX,stocks,,common,1,2019-01-02,,2019-01-02,2026-09-08,1931,0.0,1920,2019-01-02,2026-08-21,1,1,1,1
173,EQR,stocks,,common,0,2019-01-02,,2019-01-02,2026-08-04,1907,0.0,1907,2019-01-02,2026-08-04,1,1,1,1
174,EQT,stocks,,common,0,2019-01-02,,2019-01-02,2026-09-08,1922,0.0,1907,2019-01-02,2026-08-04,1,1,1,1
175,ES,stocks,,common,0,2019-01-02,,2019-01-02,2026-09-08,1922,0.0,1907,2019-01-02,2026-08-04,1,1,1,1
176,ESS,stocks,,common,0,2019-01-02,,2019-01-02,2026-09-08,1922,0.0,1907,2019-01-02,2026-08-04,1,1,1,1
177,ETN,stocks,,common,1,2019-01-02,,2019-01-02,2026-09-08,1931,0.000518,1920,2019-01-02,2026-08-21,1,1,1,1
178,ETR,stocks,,common,0,2019-01-02,,2019-01-02,2026-09-08,1922,0.0,1907,2019-01-02,2026-08-04,1,1,1,1
179,EVRG,stocks,,common,0,2019-01-02,,2019-01-02,2026-09-08,1922,0.0,1907,2019-01-02,2026-08-04,1,1,1,1
180,EW,stocks,,common,0,2019-01-02,,2019-01-02,2026-09-08,1922,0.0,1907,2019-01-02,2026-08-04,1,1,1,1
181,EXC,stocks,,common,0,2019-01-02,,2019-01-02,2026-09-08,1922,0.0,1907,2019-01-02,2026-08-04,1,1,1,1
182,EXPD,stocks,,common,0,2019-01-02,,2019-01-02,2026-09-08,1922,0.0,1907,2019-01-02,2026-08-04,1,1,1,1
183,EXPE,stocks,,common,0,2019-01-02,,2019-01-02,2026-09-08,1922,0.0,1907,2019-01-02,2026-08-04,1,1,1,1
184,EXR,stocks,,common,0,2019-01-02,,2019-01-02,2026-09-08,1922,0.0,1907,2019-01-02,2026-08-04,1,1,1,1
185,F,stocks,,common,1,2019-01-02,,2019-01-02,2026-09-08,1931,0.0,1920,2019-01-02,2026-08-21,1,1,1,1
186,FANG,stocks,,common,0,2019-01-02,,2019-01-02,2026-09-08,1922,0.0,1907,2019-01-02,2026-08-04,1,1,1,1
187,FAST,stocks,,common,0,2019-01-02,,2019-01-02,2026-09-08,1922,0.0,1907,2019-01-02,2026-08-04,1,1,1,1
188,FCX,stocks,,common,1,2019-01-02,,2019-01-02,2026-09-08,1931,0.0,1920,2019-01-02,2026-08-21,1,1,1,1
189,FDS,stocks,,common,0,2019-01-02,,2019-01-02,2026-09-08,1922,0.0,1907,2019-01-02,2026-08-04,1,1,1,1
190,FDX,stocks,,common,0,2019-01-02,,2019-01-02,2026-09-08,1928,0.0,1916,2019-01-02,2026-08-20,1,1,1,1
191,FE,stocks,,common,0,2019-01-02,,2019-01-02,2026-09-08,1922,0.0,1907,2019-01-02,2026-08-04,1,1,1,1
192,FFIV,stocks,,common,0,2019-01-02,,2019-01-02,2026-09-08,1922,0.0,1907,2019-01-02,2026-08-04,1,1,1,1
193,FI,stocks,,common,0,2019-01-02,2025-11-10,2019-01-02,2025-11-10,1304,0.0,1304,2019-01-02,2025-11-10,0,0,1,0
194,FICO,stocks,,common,0,2019-01-02,,2019-01-02,2026-09-08,1922,0.0,1907,2019-01-02,2026-08-04,1,1,1,1
195,FIS,stocks,,common,0,2019-01-02,,2019-01-02,2026-09-08,1922,0.0,1907,2019-01-02,2026-08-04,1,1,1,1
196,FITB,stocks,,common,0,2019-01-02,,2019-01-02,2026-09-08,1922,0.0,1907,2019-01-02,2026-08-04,1,1,1,1
197,FMC,stocks,,common,0,2019-01-02,,2019-01-02,2026-09-08,1931,0.0,1920,2019-01-02,2026-08-21,1,1,1,1
198,FOX,stocks,,common,0,2019-01-02,,2019-01-02,2026-09-08,1922,0.0,1907,2019-01-02,2026-08-04,1,1,1,1
199,FOXA,stocks,,common,0,2019-01-02,,2019-01-02,2026-09-08,1922,0.0,1907,2019-01-02,2026-08-04,1,1,1,1
200,FRT,stocks,,common,0,2019-01-02,,2019-01-02,2026-09-08,1922,0.0,1907,2019-01-02,2026-08-04,1,1,1,1
201,FSLR,stocks,,common,0,2019-01-02,,2019-01-02,2026-09-08,1922,0.0,1907,2019-01-02,2026-08-04,1,1,1,1
202,FTNT,stocks,,common,1,2019-01-02,,2019-01-02,2026-09-08,1931,0.0,1920,2019-01-02,2026-08-21,1,1,1,1
203,FTV,stocks,,common,0,2019-01-02,,2019-01-02,2026-09-08,1922,0.00052,1907,2019-01-02,2026-08-04,1,1,1,1
204,GD,stocks,,common,0,2019-01-02,,2019-01-02,2026-09-08,1922,0.00052,1907,2019-01-02,2026-08-04,1,1,1,1
205,GDDY,stocks,,common,0,2019-01-02,,2019-01-02,2026-09-08,1922,0.0,1907,2019-01-02,2026-08-04,1,1,1,1
206,GE,stocks,,common,1,2019-01-02,,2019-01-02,2026-09-08,1931,0.0,1920,2019-01-02,2026-08-21,1,1,1,1
207,GEHC,stocks,,common,0,2022-12-15,,2022-12-15,2026-09-08,934,0.0,923,2022-12-15,2026-08-21,1,1,1,1
208,GEN,stocks,,common,0,2019-01-02,,2019-01-02,2026-09-08,1922,0.0,1907,2019-01-02,2026-08-04,1,1,1,1
209,GEV,stocks,,common,1,2024-04-02,,2024-04-02,2026-09-08,611,0.0,600,2024-04-02,2026-08-21,1,1,1,1
210,GILD,stocks,,common,1,2019-01-02,,2019-01-02,2026-09-08,1931,0.0,1920,2019-01-02,2026-08-21,1,1,1,1
211,GIS,stocks,,common,0,2019-01-02,,2019-01-02,2026-09-08,1922,0.00052,1907,2019-01-02,2026-08-04,1,1,1,1
212,GL,stocks,,common,0,2019-01-02,,2019-01-02,2026-09-08,1922,0.00052,1907,2019-01-02,2026-08-04,1,1,1,1
213,GLW,stocks,,common,1,2019-01-02,,2019-01-02,2026-09-08,1931,0.0,1920,2019-01-02,2026-08-21,1,1,1,1
214,GM,stocks,,common,0,2019-01-02,,2019-01-02,2026-09-08,1929,0.0,1914,2019-01-02,2026-08-13,1,1,1,1
215,GNRC,stocks,,common,0,2019-01-02,,2019-01-02,2026-09-08,1922,0.0,1907,2019-01-02,2026-08-04,1,1,1,1
216,GOOG,stocks,,common,1,2019-01-02,,2019-01-02,2026-09-08,1931,0.0,1920,2019-01-02,2026-08-21,1,1,1,1
217,GOOGL,stocks,,common,1,2019-01-02,,2019-01-02,2026-09-08,1931,0.0,1920,2019-01-02,2026-08-21,1,1,1,1
218,GPC,stocks,,common,0,2019-01-02,,2019-01-02,2026-09-08,1922,0.0,1907,2019-01-02,2026-08-04,1,1,1,1
219,GPN,stocks,,common,0,2019-01-02,,2019-01-02,2026-09-08,1922,0.00052,1907,2019-01-02,2026-08-04,1,1,1,1
220,GRMN,stocks,,common,0,2019-01-02,,2019-01-02,2026-09-08,1922,0.0,1907,2019-01-02,2026-08-04,1,1,1,1
221,GS,stocks,,common,1,2019-01-02,,2019-01-02,2026-09-08,1931,0.0,1920,2019-01-02,2026-08-21,1,1,1,1
222,GWW,stocks,,common,0,2019-01-02,,2019-01-02,2026-09-08,1922,0.0,1907,2019-01-02,2026-08-04,1,1,1,1
223,HAL,stocks,,common,0,2019-01-02,,2019-01-02,2026-09-08,1922,0.0,1907,2019-01-02,2026-08-04,1,1,1,1
224,HAS,stocks,,common,0,2019-01-02,,2019-01-02,2026-09-08,1922,0.0,1907,2019-01-02,2026-08-04,1,1,1,1
225,HBAN,stocks,,common,0,2019-01-02,,2019-01-02,2026-09-08,1922,0.0,1907,2019-01-02,2026-08-04,1,1,1,1
226,HCA,stocks,,common,1,2019-01-02,,2019-01-02,2026-09-08,1931,0.0,1919,2019-01-02,2026-08-20,1,1,1,1
227,HD,stocks,,common,1,2019-01-02,,2019-01-02,2026-09-08,1931,0.0,1920,2019-01-02,2026-08-21,1,1,1,1
228,HES,stocks,HESS CORP,common,0,2019-01-02,2025-07-17,2019-01-02,2025-07-17,1644,0.0,1644,2019-01-02,2025-07-17,0,0,1,0
229,HIG,stocks,,common,0,2019-01-02,,2019-01-02,2026-09-08,1922,0.0,1907,2019-01-02,2026-08-04,1,1,1,1
230,HII,stocks,,common,0,2019-01-02,,2019-01-02,2026-09-08,1922,0.0,1907,2019-01-02,2026-08-04,1,1,1,1
231,HLT,stocks,,common,1,2019-01-02,,2019-01-02,2026-09-08,1931,0.0,1920,2019-01-02,2026-08-21,1,1,1,1
232,HOLX,stocks,HOLOGIC INC,common,0,2019-01-02,2026-04-06,2019-01-02,2026-04-06,1824,0.0,1824,2019-01-02,2026-04-06,0,0,1,0
233,HON,stocks,,common,1,2019-01-02,,2019-01-02,2026-09-08,1931,0.0,1920,2019-01-02,2026-08-21,1,1,1,1
234,HPE,stocks,,common,1,2019-01-02,,2019-01-02,2026-09-08,1931,0.0,1920,2019-01-02,2026-08-21,1,1,1,1
235,HPQ,stocks,,common,0,2019-01-02,,2019-01-02,2026-09-08,1922,0.0,1907,2019-01-02,2026-08-04,1,1,1,1
236,HRL,stocks,,common,0,2019-01-02,,2019-01-02,2026-09-08,1922,0.00052,1907,2019-01-02,2026-08-04,1,1,1,1
237,HSIC,stocks,,common,0,2019-01-02,,2019-01-02,2026-09-08,1922,0.0,1907,2019-01-02,2026-08-04,1,1,1,1
238,HST,stocks,,common,0,2019-01-02,,2019-01-02,2026-09-08,1922,0.0,1907,2019-01-02,2026-08-04,1,1,1,1
239,HSY,stocks,,common,0,2019-01-02,,2019-01-02,2026-09-08,1922,0.0,1907,2019-01-02,2026-08-04,1,1,1,1
240,HUBB,stocks,,common,0,2019-01-02,,2019-01-02,2026-09-08,1922,0.0,1907,2019-01-02,2026-08-04,1,1,1,1
241,HUM,stocks,,common,0,2019-01-02,,2019-01-02,2026-09-08,1923,0.0,1907,2019-01-02,2026-08-04,1,1,1,1
242,HWM,stocks,,common,1,2020-04-01,,2020-04-01,2026-09-08,1617,0.0,1606,2020-04-01,2026-08-21,1,1,1,1
243,IBM,stocks,,common,1,2019-01-02,,2019-01-02,2026-09-08,1931,0.0,1920,2019-01-02,2026-08-21,1,1,1,1
244,ICE,stocks,,common,0,2019-01-02,,2019-01-02,2026-09-08,1931,0.0,1920,2019-01-02,2026-08-21,1,1,1,1
245,IDXX,stocks,,common,0,2019-01-02,,2019-01-02,2026-09-08,1922,0.0,1907,2019-01-02,2026-08-04,1,1,1,1
246,IEX,stocks,,common,0,2019-01-02,,2019-01-02,2026-09-08,1922,0.0,1907,2019-01-02,2026-08-04,1,1,1,1
247,IFF,stocks,,common,0,2019-01-02,,2019-01-02,2026-09-08,1922,0.0,1907,2019-01-02,2026-08-04,1,1,1,1
248,INCY,stocks,,common,0,2019-01-02,,2019-01-02,2026-09-08,1922,0.0,1907,2019-01-02,2026-08-04,1,1,1,1
249,INTU,stocks,,common,1,2019-01-02,,2019-01-02,2026-09-08,1931,0.0,1920,2019-01-02,2026-08-21,1,1,1,1
250,INVH,stocks,,common,0,2019-01-02,,2019-01-02,2026-09-08,1922,0.0,1907,2019-01-02,2026-08-04,1,1,1,1
251,IP,stocks,,common,0,2019-01-02,,2019-01-02,2026-09-08,1922,0.00052,1907,2019-01-02,2026-08-04,1,1,1,1
252,IPG,stocks,"INTERPUBLIC GROUP OF COMPANIES, INC.",common,0,2019-01-02,2025-11-26,2019-01-02,2025-11-26,1737,0.0,1737,2019-01-02,2025-11-26,0,0,1,0
253,IQV,stocks,,common,0,2019-01-02,,2019-01-02,2026-09-08,1922,0.00052,1907,2019-01-02,2026-08-04,1,1,1,1
254,IR,stocks,,common,0,2019-01-02,,2019-01-02,2026-09-08,1922,0.0,1907,2019-01-02,2026-08-04,1,1,1,1
255,IRM,stocks,,common,0,2019-01-02,,2019-01-02,2026-09-08,1922,0.00052,1907,2019-01-02,2026-08-04,1,1,1,1
256,ISRG,stocks,,common,1,2019-01-02,,2019-01-02,2026-09-08,1931,0.0,1920,2019-01-02,2026-08-21,1,1,1,1
257,IT,stocks,,common,0,2019-01-02,,2019-01-02,2026-09-08,1922,0.0,1907,2019-01-02,2026-08-04,1,1,1,1
258,ITW,stocks,,common,0,2019-01-02,,2019-01-02,2026-09-08,1922,0.00052,1907,2019-01-02,2026-08-04,1,1,1,1
259,IVZ,stocks,,common,0,2019-01-02,,2019-01-02,2026-09-08,1922,0.0,1907,2019-01-02,2026-08-04,1,1,1,1
260,J,stocks,,common,0,2019-01-02,,2019-01-02,2026-09-08,1922,0.00052,1907,2019-01-02,2026-08-04,1,1,1,1
261,JBHT,stocks,,common,0,2019-01-02,,2019-01-02,2026-09-08,1922,0.0,1907,2019-01-02,2026-08-04,1,1,1,1
262,JBL,stocks,,common,0,2019-01-02,,2019-01-02,2026-09-08,1922,0.00052,1907,2019-01-02,2026-08-04,1,1,1,1
263,JCI,stocks,,common,0,2019-01-02,,2019-01-02,2026-09-08,1931,0.000518,1917,2019-01-02,2026-08-18,1,1,1,1
264,JKHY,stocks,,common,0,2019-01-02,,2019-01-02,2026-09-08,1922,0.0,1907,2019-01-02,2026-08-04,1,1,1,1
265,JNJ,stocks,,common,1,2019-01-02,,2019-01-02,2026-09-08,1931,0.000518,1920,2019-01-02,2026-08-21,1,1,1,1
266,JNPR,stocks,JUNIPER NETWORKS INC,common,0,2019-01-02,2025-07-01,2019-01-02,2025-07-01,1633,0.0,1633,2019-01-02,2025-07-01,0,0,1,0
267,JPM,stocks,,common,1,2019-01-02,,2019-01-02,2026-09-08,1931,0.0,1920,2019-01-02,2026-08-21,1,1,1,1
268,K,stocks,Kellanova,common,0,2019-01-02,2025-12-10,2019-01-02,2025-12-10,1746,0.000573,1746,2019-01-02,2025-12-10,0,0,1,0
269,KDP,stocks,,common,0,2019-01-02,,2019-01-02,2026-09-08,1922,0.0,1907,2019-01-02,2026-08-04,1,1,1,1
270,KEY,stocks,,common,0,2019-01-02,,2019-01-02,2026-09-08,1922,0.0,1907,2019-01-02,2026-08-04,1,1,1,1
271,KEYS,stocks,,common,0,2019-01-02,,2019-01-02,2026-09-08,1922,0.0,1907,2019-01-02,2026-08-04,1,1,1,1
272,KHC,stocks,,common,0,2019-01-02,,2019-01-02,2026-09-08,1922,0.0,1907,2019-01-02,2026-08-04,1,1,1,1
273,KIM,stocks,,common,0,2019-01-02,,2019-01-02,2026-09-08,1922,0.0,1907,2019-01-02,2026-08-04,1,1,1,1
274,KKR,stocks,,common,0,2019-01-02,,2019-01-02,2026-09-08,1922,0.0,1907,2019-01-02,2026-08-04,1,1,1,1
275,KLAC,stocks,,common,1,2019-01-02,,2019-01-02,2026-09-08,1931,0.0,1920,2019-01-02,2026-08-21,1,1,1,1
276,KMB,stocks,,common,0,2019-01-02,,2019-01-02,2026-09-08,1922,0.0,1907,2019-01-02,2026-08-04,1,1,1,1
277,KMI,stocks,,common,0,2019-01-02,,2019-01-02,2026-09-08,1922,0.00052,1907,2019-01-02,2026-08-04,1,1,1,1
278,KMX,stocks,,common,0,2019-01-02,,2019-01-02,2026-09-08,1922,0.0,1907,2019-01-02,2026-08-04,1,1,1,1
279,KO,stocks,,common,1,2019-01-02,,2019-01-02,2026-09-08,1931,0.001036,1920,2019-01-02,2026-08-21,1,1,1,1
280,KR,stocks,,common,0,2019-01-02,,2019-01-02,2026-09-08,1922,0.00052,1907,2019-01-02,2026-08-04,1,1,1,1
281,KVUE,stocks,,common,0,2023-05-04,,2023-05-04,2026-09-08,839,0.0,828,2023-05-04,2026-08-21,0,1,1,0
282,L,stocks,,common,0,2019-01-02,,2019-01-02,2026-09-08,1922,0.0,1907,2019-01-02,2026-08-04,1,1,1,1
283,LDOS,stocks,,common,0,2019-01-02,,2019-01-02,2026-09-08,1922,0.0,1907,2019-01-02,2026-08-04,1,1,1,1
284,LEN,stocks,,common,0,2019-01-02,,2019-01-02,2026-09-08,1922,0.00052,1907,2019-01-02,2026-08-04,1,1,1,1
285,LH,stocks,,common,0,2019-01-02,,2019-01-02,2026-09-08,1922,0.0,1907,2019-01-02,2026-08-04,1,1,1,1
286,LHX,stocks,,common,0,2019-01-02,,2019-01-02,2026-09-08,1922,0.0,1907,2019-01-02,2026-08-04,1,1,1,1
287,LIN,stocks,,common,1,2019-01-02,,2019-01-02,2026-09-08,1931,0.0,1920,2019-01-02,2026-08-21,1,1,1,1
288,LKQ,stocks,,common,0,2019-01-02,,2019-01-02,2026-09-08,1922,0.0,1907,2019-01-02,2026-08-04,1,1,1,1
289,LLY,stocks,,common,1,2019-01-02,,2019-01-02,2026-09-08,1931,0.0,1920,2019-01-02,2026-08-21,1,1,1,1
290,LMT,stocks,,common,1,2019-01-02,,2019-01-02,2026-09-08,1931,0.0,1920,2019-01-02,2026-08-21,1,1,1,1
291,LNT,stocks,,common,0,2019-01-02,,2019-01-02,2026-09-08,1922,0.0,1907,2019-01-02,2026-08-04,1,1,1,1
292,LOW,stocks,,common,1,2019-01-02,,2019-01-02,2026-09-08,1931,0.0,1920,2019-01-02,2026-08-21,1,1,1,1
293,LRCX,stocks,,common,1,2019-01-02,,2019-01-02,2026-09-08,1931,0.0,1920,2019-01-02,2026-08-21,1,1,1,1
294,LULU,stocks,,common,0,2019-01-02,,2019-01-02,2026-09-08,1922,0.0,1907,2019-01-02,2026-08-04,1,1,1,1
295,LUV,stocks,,common,0,2019-01-02,,2019-01-02,2026-09-08,1922,0.0,1907,2019-01-02,2026-08-04,1,1,1,1
296,LVS,stocks,,common,0,2019-01-02,,2019-01-02,2026-09-08,1922,0.00052,1907,2019-01-02,2026-08-04,1,1,1,1
297,LW,stocks,,common,0,2019-01-02,,2019-01-02,2026-09-08,1922,0.0,1907,2019-01-02,2026-08-04,1,1,1,1
298,LYB,stocks,,common,0,2019-01-02,,2019-01-02,2026-09-08,1922,0.0,1907,2019-01-02,2026-08-04,1,1,1,1
299,LYV,stocks,,common,0,2019-01-02,,2019-01-02,2026-09-08,1922,0.0,1907,2019-01-02,2026-08-04,1,1,1,1
300,MA,stocks,,common,1,2019-01-02,,2019-01-02,2026-09-08,1931,0.0,1920,2019-01-02,2026-08-21,1,1,1,1
301,MAA,stocks,,common,0,2019-01-02,,2019-01-02,2026-09-08,1922,0.0,1907,2019-01-02,2026-08-04,1,1,1,1
302,MAR,stocks,,common,0,2019-01-02,,2019-01-02,2026-09-08,1931,0.0,1920,2019-01-02,2026-08-21,1,1,1,1
303,MAS,stocks,,common,0,2019-01-02,,2019-01-02,2026-09-08,1922,0.0,1907,2019-01-02,2026-08-04,1,1,1,1
304,MCD,stocks,,common,1,2019-01-02,,2019-01-02,2026-09-08,1931,0.0,1920,2019-01-02,2026-08-21,1,1,1,1
305,MCHP,stocks,,common,1,2019-01-02,,2019-01-02,2026-09-08,1931,0.0,1920,2019-01-02,2026-08-21,1,1,1,1
306,MCK,stocks,,common,1,2019-01-02,,2019-01-02,2026-09-08,1931,0.0,1920,2019-01-02,2026-08-21,1,1,1,1
307,MCO,stocks,,common,0,2019-01-02,,2019-01-02,2026-09-08,1922,0.00052,1907,2019-01-02,2026-08-04,1,1,1,1
308,MDLZ,stocks,,common,0,2019-01-02,,2019-01-02,2026-09-08,1928,0.0,1912,2019-01-02,2026-08-11,1,1,1,1
309,MDT,stocks,,common,1,2019-01-02,,2019-01-02,2026-09-08,1931,0.000518,1920,2019-01-02,2026-08-21,1,1,1,1
310,MET,stocks,,common,0,2019-01-02,,2019-01-02,2026-09-08,1922,0.00052,1907,2019-01-02,2026-08-04,1,1,1,1
311,META,stocks,,common,1,2019-01-02,,2019-01-02,2026-09-08,1931,0.0,1920,2019-01-02,2026-08-21,1,1,1,1
312,MGM,stocks,,common,0,2019-01-02,,2019-01-02,2026-09-08,1922,0.0,1907,2019-01-02,2026-08-04,1,1,1,1
313,MHK,stocks,,common,0,2019-01-02,,2019-01-02,2026-09-08,1922,0.0,1907,2019-01-02,2026-08-04,1,1,1,1
314,MKC,stocks,,common,0,2019-01-02,,2019-01-02,2026-09-08,1922,0.00052,1907,2019-01-02,2026-08-04,1,1,1,1
315,MKTX,stocks,,common,0,2019-01-02,,2019-01-02,2026-09-08,1922,0.0,1907,2019-01-02,2026-08-04,1,1,1,1
316,MLM,stocks,,common,0,2019-01-02,,2019-01-02,2026-09-08,1922,0.00052,1907,2019-01-02,2026-08-04,1,1,1,1
317,MMC,stocks,,common,0,2019-01-02,2026-01-13,2019-01-02,2026-01-13,1768,0.000566,1768,2019-01-02,2026-01-13,0,0,1,0
318,MMM,stocks,,common,0,2019-01-02,,2019-01-02,2026-09-08,1930,0.000518,1919,2019-01-02,2026-08-21,1,1,1,1
319,MNST,stocks,,common,0,2019-01-02,,2019-01-02,2026-09-08,1931,0.0,1907,2019-01-02,2026-08-04,1,1,1,1
320,MO,stocks,,common,1,2019-01-02,,2019-01-02,2026-09-08,1922,0.0,1907,2019-01-02,2026-08-04,1,1,1,1
321,MOH,stocks,,common,0,2019-01-02,,2019-01-02,2026-09-08,1922,0.0,1907,2019-01-02,2026-08-04,1,1,1,1
322,MOS,stocks,,common,0,2019-01-02,,2019-01-02,2026-09-08,1922,0.0,1907,2019-01-02,2026-08-04,1,1,1,1
323,MPC,stocks,,common,1,2019-01-02,,2019-01-02,2026-09-08,1931,0.0,1920,2019-01-02,2026-08-21,1,1,1,1
324,MPWR,stocks,,common,1,2019-01-02,,2019-01-02,2026-09-08,1931,0.0,1920,2019-01-02,2026-08-21,1,1,1,1
325,MRK,stocks,,common,1,2019-01-02,,2019-01-02,2026-09-08,1931,0.0,1920,2019-01-02,2026-08-21,1,1,1,1
326,MRNA,stocks,,common,1,2019-01-02,,2019-01-02,2026-09-08,1922,0.0,1907,2019-01-02,2026-08-04,1,1,1,1
327,MRO,stocks,MARATHON OIL CORP,common,0,2019-01-02,2024-11-21,2019-01-02,2024-11-21,1484,0.0,1484,2019-01-02,2024-11-21,0,0,1,0
328,MS,stocks,,common,1,2019-01-02,,2019-01-02,2026-09-08,1931,0.0,1920,2019-01-02,2026-08-21,1,1,1,1
329,MSCI,stocks,,common,0,2019-01-02,,2019-01-02,2026-09-08,1922,0.0,1907,2019-01-02,2026-08-04,1,1,1,1
330,MSFT,stocks,,common,1,2019-01-02,,2019-01-02,2026-09-08,1931,0.0,1920,2019-01-02,2026-08-21,1,1,1,1
331,MSI,stocks,,common,0,2019-01-02,,2019-01-02,2026-09-08,1922,0.0,1907,2019-01-02,2026-08-04,1,1,1,1
332,MTB,stocks,,common,0,2019-01-02,,2019-01-02,2026-09-08,1922,0.00052,1907,2019-01-02,2026-08-04,1,1,1,1
333,MTCH,stocks,,common,0,2019-01-02,,2019-01-02,2026-09-08,1922,0.0,1907,2019-01-02,2026-08-04,1,1,1,1
334,MTD,stocks,,common,0,2019-01-02,,2019-01-02,2026-09-08,1922,0.0,1907,2019-01-02,2026-08-04,1,1,1,1
335,MU,stocks,,common,1,2019-01-02,,2019-01-02,2026-09-08,1931,0.0,1920,2019-01-02,2026-08-21,1,1,1,1
336,NCLH,stocks,,common,0,2019-01-02,,2019-01-02,2026-09-08,1922,0.00052,1907,2019-01-02,2026-08-04,1,1,1,1
337,NDAQ,stocks,,common,0,2019-01-02,,2019-01-02,2026-09-08,1922,0.0,1907,2019-01-02,2026-08-04,1,1,1,1
338,NDSN,stocks,,common,0,2019-01-02,,2019-01-02,2026-09-08,1922,0.0,1907,2019-01-02,2026-08-04,1,1,1,1
339,NEE,stocks,,common,1,2019-01-02,,2019-01-02,2026-09-08,1931,0.0,1920,2019-01-02,2026-08-21,1,1,1,1
340,NEM,stocks,,common,1,2019-01-02,,2019-01-02,2026-09-08,1931,0.000518,1920,2019-01-02,2026-08-21,1,1,1,1
341,NFLX,stocks,,common,1,2019-01-02,,2019-01-02,2026-09-08,1931,0.0,1920,2019-01-02,2026-08-21,1,1,1,1
342,NI,stocks,,common,0,2019-01-02,,2019-01-02,2026-09-08,1922,0.0,1907,2019-01-02,2026-08-04,1,1,1,1
343,NKE,stocks,,common,1,2019-01-02,,2019-01-02,2026-09-08,1931,0.0,1920,2019-01-02,2026-08-21,1,1,1,1
344,NOC,stocks,,common,0,2019-01-02,,2019-01-02,2026-09-08,1922,0.0,1907,2019-01-02,2026-08-04,1,1,1,1
345,NOW,stocks,,common,1,2019-01-02,,2019-01-02,2026-09-08,1931,0.0,1920,2019-01-02,2026-08-21,1,1,1,1
346,NRG,stocks,,common,0,2019-01-02,,2019-01-02,2026-09-08,1922,0.00052,1907,2019-01-02,2026-08-04,1,1,1,1
347,NSC,stocks,,common,0,2019-01-02,,2019-01-02,2026-09-08,1922,0.0,1907,2019-01-02,2026-08-04,1,1,1,1
348,NTAP,stocks,,common,0,2019-01-02,,2019-01-02,2026-09-08,1922,0.0,1907,2019-01-02,2026-08-04,1,1,1,1
349,NTRS,stocks,,common,0,2019-01-02,,2019-01-02,2026-09-08,1922,0.0,1907,2019-01-02,2026-08-04,1,1,1,1
350,NUE,stocks,,common,0,2019-01-02,,2019-01-02,2026-09-08,1922,0.0,1907,2019-01-02,2026-08-04,1,1,1,1
351,NVR,stocks,,common,0,2019-01-02,,2019-01-02,2026-09-08,1922,0.0,1907,2019-01-02,2026-08-04,1,1,1,1
352,NWS,stocks,,common,0,2019-01-02,,2019-01-02,2026-09-08,1922,0.0,1907,2019-01-02,2026-08-04,1,1,1,1
353,NWSA,stocks,,common,0,2019-01-02,,2019-01-02,2026-09-08,1922,0.0,1907,2019-01-02,2026-08-04,1,1,1,1
354,NXPI,stocks,,common,1,2019-01-02,,2019-01-02,2026-09-08,1931,0.0,1920,2019-01-02,2026-08-21,1,1,1,1
355,O,stocks,,common,0,2019-01-02,,2019-01-02,2026-09-08,1922,0.0,1907,2019-01-02,2026-08-04,1,1,1,1
356,ODFL,stocks,,common,0,2019-01-02,,2019-01-02,2026-09-08,1922,0.0,1907,2019-01-02,2026-08-04,1,1,1,1
357,OKE,stocks,,common,0,2019-01-02,,2019-01-02,2026-09-08,1922,0.00052,1907,2019-01-02,2026-08-04,1,1,1,1
358,OMC,stocks,,common,0,2019-01-02,,2019-01-02,2026-09-08,1922,0.00052,1907,2019-01-02,2026-08-04,1,1,1,1
359,ON,stocks,,common,1,2019-01-02,,2019-01-02,2026-09-08,1931,0.0,1920,2019-01-02,2026-08-21,1,1,1,1
360,ORCL,stocks,,common,1,2019-01-02,,2019-01-02,2026-09-08,1931,0.0,1920,2019-01-02,2026-08-21,1,1,1,1
361,ORLY,stocks,,common,0,2019-01-02,,2019-01-02,2026-09-08,1931,0.0,1920,2019-01-02,2026-08-21,1,1,1,1
362,OTIS,stocks,,common,0,2020-04-03,,2020-04-03,2026-09-08,1615,0.0,1604,2020-04-03,2026-08-21,1,1,1,1
363,OXY,stocks,,common,0,2019-01-02,,2019-01-02,2026-09-08,1922,0.0,1907,2019-01-02,2026-08-04,1,1,1,1
364,PANW,stocks,,common,1,2019-01-02,,2019-01-02,2026-09-08,1931,0.0,1920,2019-01-02,2026-08-21,1,1,1,1
365,PARA,stocks,,common,0,2021-02-12,,2021-02-12,2026-09-08,1398,0.219599,1387,2021-02-12,2026-08-21,1,1,0,0
366,PAYC,stocks,,common,0,2019-01-02,,2019-01-02,2026-09-08,1922,0.0,1907,2019-01-02,2026-08-04,1,1,1,1
367,PAYX,stocks,,common,0,2019-01-02,,2019-01-02,2026-09-08,1922,0.0,1907,2019-01-02,2026-08-04,1,1,1,1
368,PCAR,stocks,,common,0,2019-01-02,,2019-01-02,2026-09-08,1922,0.0,1907,2019-01-02,2026-08-04,1,1,1,1
369,PCG,stocks,,common,1,2019-01-02,,2019-01-02,2026-09-08,1922,0.00052,1907,2019-01-02,2026-08-04,1,1,1,1
370,PEG,stocks,,common,0,2019-01-02,,2019-01-02,2026-09-08,1922,0.0,1907,2019-01-02,2026-08-04,1,1,1,1
371,PEP,stocks,,common,1,2019-01-02,,2019-01-02,2026-09-08,1931,0.0,1920,2019-01-02,2026-08-21,1,1,1,1
372,PFE,stocks,,common,1,2019-01-02,,2019-01-02,2026-09-08,1931,0.000518,1920,2019-01-02,2026-08-21,1,1,1,1
373,PFG,stocks,,common,0,2019-01-02,,2019-01-02,2026-09-08,1922,0.0,1907,2019-01-02,2026-08-04,1,1,1,1
374,PG,stocks,,common,1,2019-01-02,,2019-01-02,2026-09-08,1931,0.0,1920,2019-01-02,2026-08-21,1,1,1,1
375,PGR,stocks,,common,0,2019-01-02,,2019-01-02,2026-09-08,1931,0.0,1920,2019-01-02,2026-08-21,1,1,1,1
376,PH,stocks,,common,1,2019-01-02,,2019-01-02,2026-09-08,1922,0.0,1907,2019-01-02,2026-08-04,1,1,1,1
377,PHM,stocks,,common,0,2019-01-02,,2019-01-02,2026-09-08,1922,0.00052,1907,2019-01-02,2026-08-04,1,1,1,1
378,PKG,stocks,,common,0,2019-01-02,,2019-01-02,2026-09-08,1922,0.0,1907,2019-01-02,2026-08-04,1,1,1,1
379,PLD,stocks,,common,1,2019-01-02,,2019-01-02,2026-09-08,1931,0.0,1920,2019-01-02,2026-08-21,1,1,1,1
380,PM,stocks,,common,1,2019-01-02,,2019-01-02,2026-09-08,1931,0.0,1920,2019-01-02,2026-08-21,1,1,1,1
381,PNC,stocks,,common,0,2019-01-02,,2019-01-02,2026-09-08,1922,0.00052,1907,2019-01-02,2026-08-04,1,1,1,1
382,PNR,stocks,,common,0,2019-01-02,,2019-01-02,2026-09-08,1922,0.0,1907,2019-01-02,2026-08-04,1,1,1,1
383,PNW,stocks,,common,0,2019-01-02,,2019-01-02,2026-09-08,1922,0.0,1907,2019-01-02,2026-08-04,1,1,1,1
384,PODD,stocks,,common,0,2019-01-02,,2019-01-02,2026-09-08,1922,0.0,1907,2019-01-02,2026-08-04,1,1,1,1
385,POOL,stocks,,common,0,2019-01-02,,2019-01-02,2026-09-08,1922,0.0,1907,2019-01-02,2026-08-04,1,1,1,1
386,PPG,stocks,,common,0,2019-01-02,,2019-01-02,2026-09-08,1922,0.0,1907,2019-01-02,2026-08-04,1,1,1,1
387,PPL,stocks,,common,0,2019-01-02,,2019-01-02,2026-09-08,1922,0.00052,1907,2019-01-02,2026-08-04,1,1,1,1
388,PRU,stocks,,common,0,2019-01-02,,2019-01-02,2026-09-08,1922,0.0,1907,2019-01-02,2026-08-04,1,1,1,1
389,PSA,stocks,,common,0,2019-01-02,,2019-01-02,2026-09-08,1922,0.0,1907,2019-01-02,2026-08-04,1,1,1,1
390,PSX,stocks,,common,1,2019-01-02,,2019-01-02,2026-09-08,1922,0.0,1907,2019-01-02,2026-08-04,1,1,1,1
391,PTC,stocks,,common,0,2019-01-02,,2019-01-02,2026-09-08,1922,0.0,1907,2019-01-02,2026-08-04,1,1,1,1
392,PWR,stocks,,common,1,2019-01-02,,2019-01-02,2026-09-08,1931,0.0,1920,2019-01-02,2026-08-21,1,1,1,1
393,PYPL,stocks,,common,1,2019-01-02,,2019-01-02,2026-09-08,1931,0.0,1920,2019-01-02,2026-08-21,1,1,1,1
394,QCOM,stocks,,common,1,2019-01-02,,2019-01-02,2026-09-08,1931,0.0,1920,2019-01-02,2026-08-21,1,1,1,1
395,QRVO,stocks,,common,0,2019-01-02,,2019-01-02,2026-09-08,1922,0.0,1907,2019-01-02,2026-08-04,1,1,1,1
396,RCL,stocks,,common,1,2019-01-02,,2019-01-02,2026-09-08,1931,0.0,1920,2019-01-02,2026-08-21,1,1,1,1
397,REG,stocks,,common,0,2019-01-02,,2019-01-02,2026-09-08,1922,0.0,1907,2019-01-02,2026-08-04,1,1,1,1
398,REGN,stocks,,common,0,2019-01-02,,2019-01-02,2026-09-08,1922,0.0,1907,2019-01-02,2026-08-04,1,1,1,1
399,RF,stocks,,common,0,2019-01-02,,2019-01-02,2026-09-08,1922,0.0,1907,2019-01-02,2026-08-04,1,1,1,1
400,RJF,stocks,,common,0,2019-01-02,,2019-01-02,2026-09-08,1922,0.00052,1907,2019-01-02,2026-08-04,1,1,1,1
401,RL,stocks,,common,0,2019-01-02,,2019-01-02,2026-09-08,1922,0.0,1907,2019-01-02,2026-08-04,1,1,1,1
402,RMD,stocks,,common,0,2019-01-02,,2019-01-02,2026-09-08,1922,0.0,1907,2019-01-02,2026-08-04,1,1,1,1
403,ROK,stocks,,common,0,2019-01-02,,2019-01-02,2026-09-08,1922,0.0,1907,2019-01-02,2026-08-04,1,1,1,1
404,ROL,stocks,,common,0,2019-01-02,,2019-01-02,2026-09-08,1922,0.0,1907,2019-01-02,2026-08-04,1,1,1,1
405,ROP,stocks,,common,0,2019-01-02,,2019-01-02,2026-09-08,1922,0.00052,1907,2019-01-02,2026-08-04,1,1,1,1
406,ROST,stocks,,common,1,2019-01-02,,2019-01-02,2026-09-08,1931,0.0,1920,2019-01-02,2026-08-21,1,1,1,1
407,RSG,stocks,,common,0,2019-01-02,,2019-01-02,2026-09-08,1922,0.0,1907,2019-01-02,2026-08-04,1,1,1,1
408,RTX,stocks,,common,1,2019-01-02,,2019-01-02,2026-09-08,1931,0.000518,1920,2019-01-02,2026-08-21,1,1,1,1
409,RVTY,stocks,,common,0,2019-01-02,,2019-01-02,2026-09-08,1922,0.0,1907,2019-01-02,2026-08-04,1,1,1,1
410,SBAC,stocks,,common,0,2019-01-02,,2019-01-02,2026-09-08,1922,0.0,1907,2019-01-02,2026-08-04,1,1,1,1
411,SBUX,stocks,,common,1,2019-01-02,,2019-01-02,2026-09-08,1931,0.0,1920,2019-01-02,2026-08-21,1,1,1,1
412,SCHW,stocks,,common,1,2019-01-02,,2019-01-02,2026-09-08,1931,0.0,1920,2019-01-02,2026-08-21,1,1,1,1
413,SHW,stocks,,common,1,2019-01-02,,2019-01-02,2026-09-08,1931,0.0,1920,2019-01-02,2026-08-21,1,1,1,1
414,SJM,stocks,,common,0,2019-01-02,,2019-01-02,2026-09-08,1922,0.00052,1907,2019-01-02,2026-08-04,1,1,1,1
415,SLB,stocks,,common,1,2019-01-02,,2019-01-02,2026-09-08,1931,0.0,1920,2019-01-02,2026-08-21,1,1,1,1
416,SMCI,stocks,,common,1,2020-01-14,,2020-01-14,2026-09-08,1671,0.0,1660,2020-01-14,2026-08-21,1,1,1,1
417,SNA,stocks,,common,0,2019-01-02,,2019-01-02,2026-09-08,1922,0.0,1907,2019-01-02,2026-08-04,1,1,1,1
418,SNPS,stocks,,common,1,2019-01-02,,2019-01-02,2026-09-08,1931,0.0,1920,2019-01-02,2026-08-21,1,1,1,1
419,SO,stocks,,common,0,2019-01-02,,2019-01-02,2026-09-08,1922,0.0,1907,2019-01-02,2026-08-04,1,1,1,1
420,SOLV,stocks,,common,0,2024-04-01,,2024-04-01,2026-09-08,612,0.0,601,2024-04-01,2026-08-21,1,1,1,1
421,SPG,stocks,,common,0,2019-01-02,,2019-01-02,2026-09-08,1922,0.0,1907,2019-01-02,2026-08-04,1,1,1,1
422,SPGI,stocks,,common,1,2019-01-02,,2019-01-02,2026-09-08,1931,0.000518,1920,2019-01-02,2026-08-21,1,1,1,1
423,SRE,stocks,,common,0,2019-01-02,,2019-01-02,2026-09-08,1922,0.0,1907,2019-01-02,2026-08-04,1,1,1,1
424,STE,stocks,,common,0,2019-01-02,,2019-01-02,2026-09-08,1922,0.00052,1907,2019-01-02,2026-08-04,1,1,1,1
425,STLD,stocks,,common,0,2019-01-02,,2019-01-02,2026-09-08,1922,0.0,1907,2019-01-02,2026-08-04,1,1,1,1
426,STT,stocks,,common,0,2019-01-02,,2019-01-02,2026-09-08,1922,0.0,1907,2019-01-02,2026-08-04,1,1,1,1
427,STX,stocks,,common,1,2019-01-02,,2019-01-02,2026-09-08,1931,0.0,1920,2019-01-02,2026-08-21,1,1,1,1
428,STZ,stocks,,common,0,2019-01-02,,2019-01-02,2026-09-08,1922,0.00052,1907,2019-01-02,2026-08-04,1,1,1,1
429,SWK,stocks,,common,0,2019-01-02,,2019-01-02,2026-09-08,1922,0.0,1907,2019-01-02,2026-08-04,1,1,1,1
430,SWKS,stocks,,common,0,2019-01-02,,2019-01-02,2026-09-08,1922,0.0,1907,2019-01-02,2026-08-04,1,1,1,1
431,SYF,stocks,,common,0,2019-01-02,,2019-01-02,2026-09-08,1922,0.0,1907,2019-01-02,2026-08-04,1,1,1,1
432,SYK,stocks,,common,1,2019-01-02,,2019-01-02,2026-09-08,1931,0.0,1920,2019-01-02,2026-08-21,1,1,1,1
433,SYY,stocks,,common,0,2019-01-02,,2019-01-02,2026-09-08,1922,0.00052,1907,2019-01-02,2026-08-04,1,1,1,1
434,T,stocks,AT&T Inc.,common,1,2019-01-02,,2019-01-02,2026-09-08,1931,0.0,1920,2019-01-02,2026-08-21,1,1,1,1
435,TAP,stocks,,common,0,2019-01-02,,2019-01-02,2026-09-08,1922,0.00052,1907,2019-01-02,2026-08-04,1,1,1,1
436,TDG,stocks,,common,0,2019-01-02,,2019-01-02,2026-09-08,1922,0.0,1907,2019-01-02,2026-08-04,1,1,1,1
437,TDY,stocks,,common,0,2019-01-02,,2019-01-02,2026-09-08,1922,0.0,1907,2019-01-02,2026-08-04,1,1,1,1
438,TECH,stocks,,common,0,2019-01-02,,2019-01-02,2026-09-08,1922,0.0,1907,2019-01-02,2026-08-04,1,1,1,1
439,TEL,stocks,,common,0,2019-01-02,,2019-01-02,2026-09-08,1922,0.00052,1907,2019-01-02,2026-08-04,1,1,1,1
440,TER,stocks,,common,1,2019-01-02,,2019-01-02,2026-09-08,1931,0.0,1920,2019-01-02,2026-08-21,1,1,1,1
441,TFC,stocks,,common,0,2019-01-02,,2019-01-02,2026-09-08,1922,0.0,1907,2019-01-02,2026-08-04,1,1,1,1
442,TFX,stocks,,common,0,2019-01-02,,2019-01-02,2026-09-08,1922,0.00052,1907,2019-01-02,2026-08-04,1,1,1,1
443,TGT,stocks,,common,1,2019-01-02,,2019-01-02,2026-09-08,1922,0.0,1907,2019-01-02,2026-08-04,1,1,1,1
444,TJX,stocks,,common,1,2019-01-02,,2019-01-02,2026-09-08,1931,0.0,1920,2019-01-02,2026-08-21,1,1,1,1
445,TMO,stocks,,common,1,2019-01-02,,2019-01-02,2026-09-08,1931,0.0,1920,2019-01-02,2026-08-21,1,1,1,1
446,TMUS,stocks,,common,1,2019-01-02,,2019-01-02,2026-09-08,1931,0.0,1920,2019-01-02,2026-08-21,1,1,1,1
447,TPR,stocks,,common,0,2019-01-02,,2019-01-02,2026-09-08,1922,0.0,1907,2019-01-02,2026-08-04,1,1,1,1
448,TRGP,stocks,,common,0,2019-01-02,,2019-01-02,2026-09-08,1922,0.0,1907,2019-01-02,2026-08-04,1,1,1,1
449,TRMB,stocks,,common,0,2019-01-02,,2019-01-02,2026-09-08,1922,0.0,1907,2019-01-02,2026-08-04,1,1,1,1
450,TROW,stocks,,common,0,2019-01-02,,2019-01-02,2026-09-08,1922,0.0,1907,2019-01-02,2026-08-04,1,1,1,1
451,TRV,stocks,,common,1,2019-01-02,,2019-01-02,2026-09-08,1931,0.000518,1920,2019-01-02,2026-08-21,1,1,1,1
452,TSCO,stocks,,common,0,2019-01-02,,2019-01-02,2026-09-08,1922,0.0,1907,2019-01-02,2026-08-04,1,1,1,1
453,TSN,stocks,,common,0,2019-01-02,,2019-01-02,2026-09-08,1922,0.0,1907,2019-01-02,2026-08-04,1,1,1,1
454,TT,stocks,,common,0,2019-01-02,,2019-01-02,2026-09-08,1931,0.0,1916,2019-01-02,2026-08-17,1,1,1,1
455,TTWO,stocks,,common,0,2019-01-02,,2019-01-02,2026-09-08,1922,0.0,1907,2019-01-02,2026-08-04,1,1,1,1
456,TXN,stocks,,common,1,2019-01-02,,2019-01-02,2026-09-08,1931,0.0,1920,2019-01-02,2026-08-21,1,1,1,1
457,TXT,stocks,,common,0,2019-01-02,,2019-01-02,2026-09-08,1922,0.00052,1907,2019-01-02,2026-08-04,1,1,1,1
458,TYL,stocks,,common,0,2019-01-02,,2019-01-02,2026-09-08,1922,0.0,1907,2019-01-02,2026-08-04,1,1,1,1
459,UAL,stocks,,common,0,2019-01-02,,2019-01-02,2026-09-08,1926,0.0,1911,2019-01-02,2026-08-10,1,1,1,1
460,UBER,stocks,,common,1,2019-05-10,,2019-05-10,2026-09-08,1842,0.0,1831,2019-05-10,2026-08-21,1,1,1,1
461,UDR,stocks,,common,0,2019-01-02,,2019-01-02,2026-09-08,1922,0.00052,1907,2019-01-02,2026-08-04,1,1,1,1
462,UHS,stocks,,common,0,2019-01-02,,2019-01-02,2026-09-08,1922,0.0,1907,2019-01-02,2026-08-04,1,1,1,1
463,ULTA,stocks,,common,0,2019-01-02,,2019-01-02,2026-09-08,1922,0.0,1907,2019-01-02,2026-08-04,1,1,1,1
464,UNH,stocks,,common,1,2019-01-02,,2019-01-02,2026-09-08,1931,0.0,1920,2019-01-02,2026-08-21,1,1,1,1
465,UNP,stocks,,common,1,2019-01-02,,2019-01-02,2026-09-08,1931,0.0,1920,2019-01-02,2026-08-21,1,1,1,1
466,UPS,stocks,,common,0,2019-01-02,,2019-01-02,2026-09-08,1922,0.0,1907,2019-01-02,2026-08-04,1,1,1,1
467,URI,stocks,,common,0,2019-01-02,,2019-01-02,2026-09-08,1922,0.0,1907,2019-01-02,2026-08-04,1,1,1,1
468,USB,stocks,,common,0,2019-01-02,,2019-01-02,2026-09-08,1922,0.0,1907,2019-01-02,2026-08-04,1,1,1,1
469,V,stocks,,common,1,2019-01-02,,2019-01-02,2026-09-08,1931,0.000518,1920,2019-01-02,2026-08-21,1,1,1,1
470,VICI,stocks,,common,0,2019-01-02,,2019-01-02,2026-09-08,1922,0.0,1907,2019-01-02,2026-08-04,1,1,1,1
471,VLO,stocks,,common,1,2019-01-02,,2019-01-02,2026-09-08,1931,0.000518,1920,2019-01-02,2026-08-21,1,1,1,1
472,VLTO,stocks,,common,0,2023-10-02,,2023-10-02,2026-09-08,736,0.0,725,2023-10-02,2026-08-21,0,1,1,0
473,VMC,stocks,,common,0,2019-01-02,,2019-01-02,2026-09-08,1922,0.00052,1907,2019-01-02,2026-08-04,1,1,1,1
474,VRSK,stocks,,common,0,2019-01-02,,2019-01-02,2026-09-08,1922,0.0,1907,2019-01-02,2026-08-04,1,1,1,1
475,VRSN,stocks,,common,0,2019-01-02,,2019-01-02,2026-09-08,1922,0.0,1907,2019-01-02,2026-08-04,1,1,1,1
476,VRTX,stocks,,common,1,2019-01-02,,2019-01-02,2026-09-08,1931,0.0,1920,2019-01-02,2026-08-21,1,1,1,1
477,VST,stocks,,common,1,2019-01-02,,2019-01-02,2026-09-08,1931,0.0,1920,2019-01-02,2026-08-21,1,1,1,1
478,VTR,stocks,,common,0,2019-01-02,,2019-01-02,2026-09-08,1922,0.0,1907,2019-01-02,2026-08-04,1,1,1,1
479,VTRS,stocks,,common,0,2020-11-12,,2020-11-12,2026-09-08,1460,0.0,1449,2020-11-12,2026-08-21,1,1,1,1
480,VZ,stocks,,common,1,2019-01-02,,2019-01-02,2026-09-08,1931,0.0,1920,2019-01-02,2026-08-21,1,1,1,1
481,WAB,stocks,,common,0,2019-01-02,,2019-01-02,2026-09-08,1922,0.00052,1907,2019-01-02,2026-08-04,1,1,1,1
482,WAT,stocks,,common,0,2019-01-02,,2019-01-02,2026-09-08,1922,0.00052,1907,2019-01-02,2026-08-04,1,1,1,1
483,WBA,stocks,"Walgreens Boots Alliance, Inc.",common,0,2019-01-02,2025-08-27,2019-01-02,2025-08-27,1673,0.0,1673,2019-01-02,2025-08-27,0,0,1,0
484,WBD,stocks,,common,1,2022-04-04,,2022-04-04,2026-09-08,1111,0.0,1100,2022-04-04,2026-08-21,1,1,1,1
485,WDC,stocks,,common,1,2019-01-02,,2019-01-02,2026-09-08,1931,0.0,1920,2019-01-02,2026-08-21,1,1,1,1
486,WEC,stocks,,common,0,2019-01-02,,2019-01-02,2026-09-08,1922,0.00052,1907,2019-01-02,2026-08-04,1,1,1,1
487,WELL,stocks,,common,1,2019-01-02,,2019-01-02,2026-09-08,1931,0.0,1920,2019-01-02,2026-08-21,1,1,1,1
488,WFC,stocks,,common,1,2019-01-02,,2019-01-02,2026-09-08,1931,0.0,1920,2019-01-02,2026-08-21,1,1,1,1
489,WM,stocks,,common,0,2019-01-02,,2019-01-02,2026-09-08,1922,0.0,1907,2019-01-02,2026-08-04,1,1,1,1
490,WMB,stocks,,common,0,2019-01-02,,2019-01-02,2026-09-08,1922,0.0,1907,2019-01-02,2026-08-04,1,1,1,1
491,WMT,stocks,,common,1,2019-01-02,,2019-01-02,2026-09-08,1931,0.0,1920,2019-01-02,2026-08-21,1,1,1,1
492,WRB,stocks,,common,0,2019-01-02,,2019-01-02,2026-09-08,1922,0.0,1907,2019-01-02,2026-08-04,1,1,1,1
493,WST,stocks,,common,0,2019-01-02,,2019-01-02,2026-09-08,1922,0.0,1907,2019-01-02,2026-08-04,1,1,1,1
494,WTW,stocks,,common,0,2019-01-02,,2019-01-02,2026-09-08,1922,0.0,1907,2019-01-02,2026-08-04,1,1,1,1
495,WY,stocks,,common,0,2019-01-02,,2019-01-02,2026-09-08,1922,0.0,1907,2019-01-02,2026-08-04,1,1,1,1
496,WYNN,stocks,,common,0,2019-01-02,,2019-01-02,2026-09-08,1922,0.0,1907,2019-01-02,2026-08-04,1,1,1,1
497,XEL,stocks,,common,0,2019-01-02,,2019-01-02,2026-09-08,1922,0.0,1907,2019-01-02,2026-08-04,1,1,1,1
498,XOM,stocks,,common,1,2019-01-02,,2019-01-02,2026-09-08,1931,0.0,1920,2019-01-02,2026-08-21,1,1,1,1
499,XYL,stocks,,common,0,2019-01-02,,2019-01-02,2026-09-08,1922,0.0,1907,2019-01-02,2026-08-04,1,1,1,1
500,YUM,stocks,,common,0,2019-01-02,,2019-01-02,2026-09-08,1922,0.0,1907,2019-01-02,2026-08-04,1,1,1,1
501,ZBH,stocks,,common,0,2019-01-02,,2019-01-02,2026-09-08,1922,0.0,1907,2019-01-02,2026-08-04,1,1,1,1
502,ZBRA,stocks,,common,0,2019-01-02,,2019-01-02,2026-09-08,1922,0.0,1907,2019-01-02,2026-08-04,1,1,1,1
503,ZTS,stocks,,common,0,2019-01-02,,2019-01-02,2026-09-08,1922,0.0,1907,2019-01-02,2026-08-04,1,1,1,1
504,DRAM,stocks,Roundhill Memory ETF,fund,1,2026-04-02,,2026-04-02,2026-09-08,109,0.0,98,2026-04-02,2026-08-21,0,0,0,0
505,SOXS,stocks,Direxion Daily Semiconductor Bear 3X ETF,fund,1,2019-01-02,,2019-01-02,2026-09-08,1931,0.0,1920,2019-01-02,2026-08-21,0,0,1,0
506,DIA,stocks,SPDR Dow Jones Industrial Average ETF,fund,1,2019-01-02,,2019-01-02,2026-09-08,1931,0.0,1920,2019-01-02,2026-08-21,0,1,1,0
507,IWM,stocks,iShares Russell 2000 ETF,fund,1,2019-01-02,,2019-01-02,2026-09-08,1931,0.0,1920,2019-01-02,2026-08-21,0,0,1,0
508,XLK,stocks,Technology Select Sector SPDR,fund,1,2019-01-02,,2019-01-02,2026-09-08,1931,0.0,1920,2019-01-02,2026-08-21,0,0,1,0
509,XLF,stocks,Financial Select Sector SPDR,fund,1,2019-01-02,,2019-01-02,2026-09-08,1931,0.0,1920,2019-01-02,2026-08-21,0,0,1,0
510,XLE,stocks,Energy Select Sector SPDR,fund,1,2019-01-02,,2019-01-02,2026-09-08,1931,0.0,1920,2019-01-02,2026-08-21,0,0,1,0
511,XLV,stocks,Health Care Select Sector SPDR,fund,1,2019-01-02,,2019-01-02,2026-09-08,1931,0.0,1920,2019-01-02,2026-08-21,0,0,1,0
512,AAL,stocks,American Airlines Group Inc. Common Stock,common,1,2019-01-02,,2019-01-02,2026-09-08,1931,0.0,1920,2019-01-02,2026-08-21,1,1,1,1
513,BITO,stocks,ProShares Bitcoin ETF,fund,1,2021-10-19,,2021-10-19,2026-09-08,1226,0.0,1215,2021-10-19,2026-08-21,0,0,1,0
514,SNXX,stocks,Tradr 2X Long SNDK Daily ETF,fund,1,2026-01-27,,2026-01-27,2026-09-08,155,0.0,144,2026-01-27,2026-08-21,0,0,0,0
515,SPCX,stocks,Space Exploration Technologies Corp. Class A Common Stock,common,1,2026-06-12,,2026-06-12,2026-09-08,60,0.0,49,2026-06-12,2026-08-21,1,1,0,0
516,WULF,stocks,TeraWulf Inc. Common Stock,common,1,2019-01-02,,2019-01-02,2026-09-08,1931,0.089591,1920,2019-01-02,2026-08-21,1,1,0,0
517,CRNX,stocks,"Crinetics Pharmaceuticals, Inc. Common Stock",common,1,2019-01-02,,2019-01-02,2026-08-31,1926,0.0,1920,2019-01-02,2026-08-21,1,1,1,1
518,SOFI,stocks,"SoFi Technologies, Inc. Common Stock",common,1,2020-11-30,,2020-11-30,2026-09-08,1449,0.0,1438,2020-11-30,2026-08-21,1,1,1,1
519,TQQQ,stocks,ProShares UltraPro QQQ,fund,1,2019-01-02,,2019-01-02,2026-09-08,1931,0.0,1920,2019-01-02,2026-08-21,0,0,1,0
520,RIVN,stocks,"Rivian Automotive, Inc. Class A Common Stock",common,1,2021-11-10,,2021-11-10,2026-09-08,1210,0.0,1199,2021-11-10,2026-08-21,1,1,1,1
521,PSKY,stocks,Paramount Skydance,common,0,2025-08-07,,2025-08-07,2026-09-08,273,0.0,262,2025-08-07,2026-08-21,0,1,0,0
522,BNY,stocks,BNY Mellon,common,0,2019-01-02,,2019-01-02,2026-09-08,1929,0.0,1914,2019-01-02,2026-08-13,1,1,1,1
523,NU,stocks,Nu Holdings Ltd.,common,1,2021-12-09,,2021-12-09,2026-09-08,1190,0.0,1179,2021-12-09,2026-08-21,1,1,1,1
524,NOK,stocks,Nokia Corporation,common,1,2019-01-02,,2019-01-02,2026-09-08,1931,0.0,1920,2019-01-02,2026-08-21,1,1,1,1
525,TSLL,stocks,Direxion Shares ETF Trust Direxion Daily TSLA Bull 2X ETF,fund,1,2022-08-09,,2022-08-09,2026-09-08,1024,0.0,1013,2022-08-09,2026-08-21,0,0,1,0
526,CLRO,stocks,"ClearOne, Inc. Common Stock",common,1,2019-01-02,,2019-01-02,2026-09-08,1931,0.016054,1920,2019-01-02,2026-08-21,1,1,0,0
527,ETH/USD,crypto,,crypto,1,2024-07-21,,2024-07-21,2026-09-09,781,0.0,763,2024-07-21,2026-08-22,0,0,1,0
528,SOL/USD,crypto,,crypto,1,2024-07-21,,2024-07-21,2026-09-09,781,0.0,763,2024-07-21,2026-08-22,0,0,1,0
529,XRP/USD,crypto,,crypto,1,2024-07-21,,2024-07-21,2026-09-09,781,0.0,763,2024-07-21,2026-08-22,0,0,1,0
530,DOGE/USD,crypto,,crypto,1,2024-07-21,,2024-07-21,2026-09-09,781,0.0,763,2024-07-21,2026-08-22,0,0,1,0
531,ADA/USD,crypto,,crypto,1,2024-07-21,,2024-07-21,2026-09-09,781,0.0,763,2024-07-21,2026-08-22,0,0,1,0
532,LINK/USD,crypto,,crypto,1,2024-07-21,,2024-07-21,2026-09-09,781,0.0,763,2024-07-21,2026-08-22,0,0,1,0
533,SNDK,stocks,Sandisk Corporation Common Stock,common,1,2025-02-13,,2025-02-13,2026-09-08,393,0.0,382,2025-02-13,2026-08-21,1,1,0,0
534,APP,stocks,Applovin Corporation Class A Common Stock,common,1,2021-04-15,,2021-04-15,2026-09-08,1356,0.0,1345,2021-04-15,2026-08-21,1,1,1,1
535,LQD,stocks,iShares iBoxx $ Investment Grade Corporate Bond ETF,fund,1,2019-01-02,,2019-01-02,2026-09-08,1931,0.0,1920,2019-01-02,2026-08-21,0,0,1,0
536,HOOD,stocks,"Robinhood Markets, Inc. Class A Common Stock",common,1,2021-07-29,,2021-07-29,2026-09-08,1283,0.0,1272,2021-07-29,2026-08-21,1,1,1,1
537,HYG,stocks,iShares iBoxx $ High Yield Corporate Bond ETF,fund,1,2019-01-02,,2019-01-02,2026-09-08,1931,0.0,1920,2019-01-02,2026-08-21,0,0,1,0
538,MRVL,stocks,"Marvell Technology, Inc. Common Stock",common,1,2019-01-02,,2019-01-02,2026-09-08,1931,0.0,1920,2019-01-02,2026-08-21,1,1,1,1
539,PLTR,stocks,Palantir Technologies Inc. Class A Common Stock,common,1,2020-09-30,,2020-09-30,2026-09-08,1491,0.000671,1480,2020-09-30,2026-08-21,1,1,1,1
540,SKHY,stocks,SK hynix Inc. American Depositary Shares,common,1,2026-07-10,,2026-07-10,2026-09-08,42,0.0,31,2026-07-10,2026-08-21,1,1,0,0
541,EWY,stocks,iShares MSCI South Korea ETF,fund,1,2019-01-02,,2019-01-02,2026-09-08,1931,0.0,1920,2019-01-02,2026-08-21,0,0,1,0
542,CRCL,stocks,"Circle Internet Group, Inc.",common,1,2025-06-05,,2025-06-05,2026-09-08,316,0.0,305,2025-06-05,2026-08-21,1,1,0,0
543,ALAB,stocks,"Astera Labs, Inc. Common Stock",common,1,2024-03-20,,2024-03-20,2026-09-08,619,0.0,608,2024-03-20,2026-08-21,1,1,1,1
544,SQQQ,stocks,ProShares UltraPro Short QQQ,fund,1,2019-01-02,,2019-01-02,2026-09-08,1931,0.0,1920,2019-01-02,2026-08-21,0,0,1,0
545,VEEE,stocks,Twin Vee PowerCats Co. Common Stock,common,1,2021-07-21,,2021-07-21,2026-09-08,1289,0.002327,1278,2021-07-21,2026-08-21,1,1,1,1
546,EEM,stocks,iShares MSCI Emerging Markets ETF,fund,1,2019-01-02,,2019-01-02,2026-09-08,1931,0.0,1920,2019-01-02,2026-08-21,0,0,1,0
547,CRDO,stocks,Credo Technology Group Holding Ltd Ordinary Shares,common,1,2022-01-27,,2022-01-27,2026-09-08,1157,0.0,1146,2022-01-27,2026-08-21,1,1,1,1
548,USO,stocks,"United States Oil Fund, LP",fund,1,2019-01-02,,2019-01-02,2026-09-08,1931,0.0,1920,2019-01-02,2026-08-21,1,1,1,1
549,IREN,stocks,IREN Limited Ordinary Shares,common,1,2021-11-17,,2021-11-17,2026-09-08,1205,0.0,1194,2021-11-17,2026-08-21,1,1,1,1
550,IBIT,stocks,iShares Bitcoin Trust ETF Shares,fund,1,2024-01-11,,2024-01-11,2026-09-08,666,0.0,655,2024-01-11,2026-08-21,1,1,1,1
551,MUU,stocks,Direxion Shares ETF Trust Direxion Daily MU Bull 2X ETF,fund,1,2024-10-10,,2024-10-10,2026-09-08,478,0.0,467,2024-10-10,2026-08-21,0,0,0,0
552,CBRS,stocks,Cerebras Systems Inc. Class A Common Stock,common,1,2026-05-14,,2026-05-14,2026-09-08,80,0.0,69,2026-05-14,2026-08-21,1,1,0,0
553,PATH,stocks,"UiPath, Inc.",common,1,2021-04-21,,2021-04-21,2026-09-08,1352,0.00074,1341,2021-04-21,2026-08-21,1,1,1,1
554,AGEN,stocks,Agenus Inc. Common Stock,common,1,2019-01-02,,2019-01-02,2026-09-08,1931,0.0,1920,2019-01-02,2026-08-21,1,1,1,1
555,ARM,stocks,Arm Holdings plc American Depositary Shares,common,1,2023-09-14,,2023-09-14,2026-09-08,748,0.0,737,2023-09-14,2026-08-21,1,1,1,1
556,IONQ,stocks,"IonQ, Inc.",common,1,2021-01-04,,2021-01-04,2026-09-08,1426,0.000701,1415,2021-01-04,2026-08-21,1,1,1,1
557,KORU,stocks,Direxion Daily MSCI South Korea Bull 3X ETF,fund,1,2019-01-02,,2019-01-02,2026-09-08,1931,0.0,1920,2019-01-02,2026-08-21,0,0,1,0
558,FINA,stocks,Fidelity MSCI North American Subset Index ETF,fund,1,2026-07-09,,2026-07-09,2026-09-08,43,0.325581,32,2026-07-09,2026-08-21,0,0,0,0
559,EWZ,stocks,iShares MSCI Brazil ETF,fund,1,2019-01-02,,2019-01-02,2026-09-08,1931,0.0,1920,2019-01-02,2026-08-21,0,0,1,0
560,TZA,stocks,Direxion Daily Small Cap Bear 3x ETF,fund,1,2019-01-02,,2019-01-02,2026-09-08,1931,0.0,1920,2019-01-02,2026-08-21,0,0,1,0
561,ONDS,stocks,Ondas Inc. Common Stock,common,1,2020-12-04,,2020-12-04,2026-09-08,1445,0.0,1434,2020-12-04,2026-08-21,1,1,1,1
562,FIG,stocks,"Figma, Inc.",common,1,2025-07-31,,2025-07-31,2026-09-08,278,0.0,267,2025-07-31,2026-08-21,1,1,0,0
563,SNOW,stocks,Snowflake Inc.,common,1,2020-09-16,,2020-09-16,2026-09-08,1501,0.000666,1490,2020-09-16,2026-08-21,1,1,1,1
564,LHSW,stocks,Lianhe Sowell International Group Ltd Class A Ordinary Shares,common,1,2025-04-03,,2025-04-03,2026-09-08,359,0.0,348,2025-04-03,2026-08-21,1,1,0,0
565,IONS,stocks,"Ionis Pharmaceuticals, Inc. Common Stock",common,1,2019-01-02,,2019-01-02,2026-09-08,1931,0.0,1920,2019-01-02,2026-08-21,1,1,1,1
566,AXTI,stocks,AXT Inc Common Stock,common,1,2019-01-02,,2019-01-02,2026-09-08,1931,0.0,1920,2019-01-02,2026-08-21,1,1,1,1
567,QTTB,stocks,Q32 Bio Inc. Common Stock,common,1,2019-01-02,,2019-01-02,2026-09-08,1931,0.0,1920,2019-01-02,2026-08-21,1,1,1,1
568,NVDL,stocks,GraniteShares ETF Trust GraniteShares 2x Long NVDA Daily ETF,fund,1,2022-12-13,,2022-12-13,2026-09-08,936,0.003205,925,2022-12-13,2026-08-21,0,0,1,0
569,SNDQ,stocks,Tradr 2X Short SNDK Daily ETF,fund,1,2026-04-23,,2026-04-23,2026-09-08,95,0.0,84,2026-04-23,2026-08-21,0,0,0,0
570,ZS,stocks,"Zscaler, Inc. Common Stock",common,1,2019-01-02,,2019-01-02,2026-09-08,1931,0.0,1920,2019-01-02,2026-08-21,1,1,1,1
571,TEAM,stocks,Atlassian Corporation Class A Common Stock,common,1,2019-01-02,,2019-01-02,2026-09-08,1931,0.0,1920,2019-01-02,2026-08-21,1,1,1,1
572,ASTS,stocks,"AST SpaceMobile, Inc. Class A Common Stock",common,1,2019-11-01,,2019-11-01,2026-09-08,1720,0.075,1709,2019-11-01,2026-08-21,1,1,0,0
573,UMC,stocks,United Microelectronic Corp.,common,1,2019-01-02,,2019-01-02,2026-09-08,1931,0.000518,1920,2019-01-02,2026-08-21,1,1,1,1
574,MDB,stocks,"MongoDB, Inc. Class A Common Stock",common,1,2019-01-02,,2019-01-02,2026-09-08,1931,0.0,1920,2019-01-02,2026-08-21,1,1,1,1
575,LEU,stocks,Centrus Energy Corp.,common,1,2019-01-02,,2019-01-02,2026-09-08,1931,0.002071,1920,2019-01-02,2026-08-21,1,1,1,1
576,OKTA,stocks,"Okta, Inc. Class A Common Stock",common,1,2019-01-02,,2019-01-02,2026-09-08,1931,0.0,1920,2019-01-02,2026-08-21,1,1,1,1
577,PLTD,stocks,Direxion Shares ETF Trust Direxion Daily PLTR Bear 1X ETF,fund,1,2024-12-11,,2024-12-11,2026-09-08,435,0.002299,424,2024-12-11,2026-08-21,0,0,0,0
578,CPNG,stocks,"Coupang, Inc.",common,1,2021-03-11,,2021-03-11,2026-09-08,1380,0.0,1369,2021-03-11,2026-08-21,1,1,1,1
579,MARA,stocks,"MARA Holdings, Inc. Common Stock",common,1,2019-01-02,,2019-01-02,2026-09-08,1931,0.0,1920,2019-01-02,2026-08-21,1,1,1,1
580,SCHD,stocks,Schwab US Dividend Equity ETF,fund,1,2019-01-02,,2019-01-02,2026-09-08,1931,0.0,1920,2019-01-02,2026-08-21,0,0,1,0
581,CWD,stocks,CaliberCos Inc. Class A Common Stock,common,1,2023-05-17,,2023-05-17,2026-09-08,830,0.001205,819,2023-05-17,2026-08-21,1,1,1,1
582,AAOI,stocks,"Applied Optoelectronics, Inc. Common Stock",common,1,2019-01-02,,2019-01-02,2026-09-08,1931,0.0,1920,2019-01-02,2026-08-21,1,1,1,1
583,METU,stocks,Direxion Shares ETF Trust Direxion Daily META Bull 2X ETF,fund,1,2024-06-05,,2024-06-05,2026-09-08,566,0.0,555,2024-06-05,2026-08-21,0,0,1,0
584,QXO,stocks,"QXO, Inc.",common,1,2019-01-02,,2019-01-02,2026-09-08,1931,0.027965,1920,2019-01-02,2026-08-21,1,1,0,0
585,RGTI,stocks,"Rigetti Computing, Inc. Common Stock",common,1,2021-04-22,,2021-04-22,2026-09-08,1351,0.021466,1340,2021-04-22,2026-08-21,1,1,0,0
586,SPDN,stocks,Direxion Daily S&P 500 Bear 1X ETF,fund,1,2019-01-02,,2019-01-02,2026-09-08,1931,0.0,1920,2019-01-02,2026-08-21,0,0,1,0
587,HL,stocks,Hecla Mining Company,common,1,2019-01-02,,2019-01-02,2026-09-08,1931,0.0,1920,2019-01-02,2026-08-21,1,1,1,1
588,NXT,stocks,Nextpower Inc. Class A Common Stock,common,1,2023-02-09,,2023-02-09,2026-09-08,897,0.0,886,2023-02-09,2026-08-21,1,1,1,1
589,BMNR,stocks,"BitMine Immersion Technologies, Inc.",common,1,2025-06-05,,2025-06-05,2026-09-08,316,0.0,305,2025-06-05,2026-08-21,1,1,0,0
590,ERIC,stocks,Ericsson American Depositary Shares,common,1,2019-01-02,,2019-01-02,2026-09-08,1931,0.0,1920,2019-01-02,2026-08-21,1,1,1,1
591,CIFR,stocks,Cipher Digital Inc. Common Stock,common,1,2020-12-07,,2020-12-07,2026-09-08,1444,0.0,1433,2020-12-07,2026-08-21,1,1,1,1
592,JOBY,stocks,"Joby Aviation, Inc.",common,1,2020-11-09,,2020-11-09,2026-09-08,1463,0.000684,1452,2020-11-09,2026-08-21,1,1,1,1
593,ETHA,stocks,iShares Ethereum Trust ETF Shares,fund,1,2024-07-23,,2024-07-23,2026-09-08,534,0.0,523,2024-07-23,2026-08-21,1,1,1,1
594,NVD,stocks,GraniteShares ETF Trust GraniteShares 2x Short NVDA Daily ETF,fund,1,2023-08-22,,2023-08-22,2026-09-08,764,0.001309,753,2023-08-22,2026-08-21,0,0,1,0
595,RKT,stocks,"Rocket Companies, Inc.",common,1,2020-08-06,,2020-08-06,2026-09-08,1529,0.0,1518,2020-08-06,2026-08-21,1,1,1,1
596,SMR,stocks,NuScale Power Corporation,common,1,2020-12-09,,2020-12-09,2026-09-08,1442,0.0,1431,2020-12-09,2026-08-21,1,1,1,1
597,SOBR,stocks,"SOBR Safe, Inc. Common Stock",common,1,2022-05-16,,2022-05-16,2026-09-08,1082,0.0,1071,2022-05-16,2026-08-21,1,1,1,1
598,JZXN,stocks,"Jiuzi Holdings, Inc. Ordinary Shares",common,1,2021-05-18,,2021-05-18,2026-09-08,1333,0.0,1322,2021-05-18,2026-08-21,1,1,1,1
599,WDFC,stocks,WD-40 Company Common Stock,common,1,2019-01-02,,2019-01-02,2026-09-08,1931,0.0,1920,2019-01-02,2026-08-21,1,1,1,1
600,DOCN,stocks,"DigitalOcean Holdings, Inc.",common,1,2021-03-24,,2021-03-24,2026-09-08,1371,0.0,1360,2021-03-24,2026-08-21,1,1,1,1
601,INFY,stocks,Infosys Limited American Depositary Shares,common,1,2019-01-02,,2019-01-02,2026-09-08,1931,0.0,1920,2019-01-02,2026-08-21,1,1,1,1
602,RMBS,stocks,Rambus Inc. Common Stock,common,1,2019-01-02,,2019-01-02,2026-09-08,1931,0.0,1920,2019-01-02,2026-08-21,1,1,1,1
603,RAM,stocks,Roundhill T-REX 2X Long DRAM Daily Target ETF,fund,1,2021-07-09,,2021-07-09,2026-09-08,481,0.022869,470,2021-07-09,2026-08-21,0,0,0,0
604,QBTS,stocks,D-Wave Quantum Inc.,common,1,2020-12-11,,2020-12-11,2026-09-08,1440,0.001389,1429,2020-12-11,2026-08-21,1,1,1,1
605,VG,stocks,"Venture Global, Inc.",common,1,2019-01-02,,2019-01-02,2026-09-08,1301,0.0,1290,2019-01-02,2026-08-21,1,1,1,1
606,OPEN,stocks,Opendoor Technologies Inc Common Stock,common,1,2020-06-18,,2020-06-18,2026-09-08,1563,0.0,1552,2020-06-18,2026-08-21,1,1,1,1
607,BB,stocks,BlackBerry Limited,common,1,2019-01-02,,2019-01-02,2026-09-08,1931,0.000518,1920,2019-01-02,2026-08-21,1,1,1,1
608,APLD,stocks,Applied Digital Corporation Common Stock,common,1,2022-04-13,,2022-04-13,2026-09-08,1104,0.0,1093,2022-04-13,2026-08-21,1,1,1,1
609,RIG,stocks,Transocean LTD.,common,1,2019-01-02,,2019-01-02,2026-09-08,1931,0.0,1920,2019-01-02,2026-08-21,1,1,1,1
610,SEI,stocks,"Solaris Energy Infrastructure, Inc.",common,1,2019-01-02,,2019-01-02,2026-09-08,1931,0.0,1920,2019-01-02,2026-08-21,1,1,1,1
611,XOMA,stocks,XOMA Royalty Corp,common,0,2019-01-02,2026-07-13,2019-01-02,2026-07-13,1891,0.115283,1891,2019-01-02,2026-07-13,1,1,0,0
612,VTAK,stocks,"Catheter Precision, Inc.",common,1,2019-01-02,,2019-01-02,2026-09-08,1931,0.000518,1920,2019-01-02,2026-08-21,1,1,1,1
613,TRI,stocks,Thomson Reuters Corporation Common Shares,common,1,2019-01-02,,2019-01-02,2026-09-08,1931,0.0,1920,2019-01-02,2026-08-21,1,1,1,1
614,VALE,stocks,VALE S.A.,common,1,2019-01-02,,2019-01-02,2026-09-08,1931,0.000518,1920,2019-01-02,2026-08-21,1,1,1,1
615,TEM,stocks,"Tempus AI, Inc. Class A Common Stock",common,0,2024-06-14,,2024-06-14,2026-09-08,559,0.0,548,2024-06-14,2026-08-21,0,1,1,0
616,JBLU,stocks,JetBlue Airways Corporation Common Stock,common,0,2019-01-02,,2019-01-02,2026-09-08,1922,0.0,1907,2019-01-02,2026-08-04,1,1,1,1
617,UCO,stocks,ProShares Ultra Bloomberg Crude Oil,fund,0,2019-01-02,,2019-01-02,2026-09-08,1922,0.0,1907,2019-01-02,2026-08-04,1,1,1,1
618,BP,stocks,BP p.l.c.,common,1,2019-01-02,,2019-01-02,2026-09-08,1931,0.0,1920,2019-01-02,2026-08-21,1,1,1,1
619,CLF,stocks,Cleveland-Cliffs Inc.,common,0,2019-01-02,,2019-01-02,2026-09-08,1922,0.00052,1907,2019-01-02,2026-08-04,1,1,1,1
620,BATL,stocks,Battalion Oil Corporation,common,0,2020-02-20,,2020-02-20,2026-09-08,1646,0.004253,1635,2020-02-20,2026-08-21,1,1,1,1
621,LUCY,stocks,"Innovative Eyewear, Inc. Common Stock",common,0,2022-08-15,,2022-08-15,2026-09-08,1020,0.0,1009,2022-08-15,2026-08-21,0,1,1,0
622,OKLO,stocks,Oklo Inc.,common,1,2021-07-08,,2021-07-08,2026-09-08,1298,0.062404,1287,2021-07-08,2026-08-21,1,1,0,0
623,SCO,stocks,ProShares UltraShort Bloomberg Crude Oil,fund,0,2019-01-02,,2019-01-02,2026-09-08,1922,0.0,1907,2019-01-02,2026-08-04,1,1,1,1
624,ARWR,stocks,"Arrowhead Pharmaceuticals, Inc. Common Stock",common,0,2019-01-02,,2019-01-02,2026-09-08,1922,0.0,1907,2019-01-02,2026-08-04,1,1,1,1
625,WDAY,stocks,"Workday, Inc. Class A Common Stock",common,1,2019-01-02,,2019-01-02,2026-09-08,1931,0.0,1920,2019-01-02,2026-08-21,1,1,1,1
626,ONON,stocks,On Holding AG,common,0,2021-09-15,,2021-09-15,2026-09-08,1250,0.0,1239,2021-09-15,2026-08-21,0,1,1,0
627,SNDU,stocks,T-REX 2X Long SNDK Daily Target ETF,fund,0,2026-03-12,,2026-03-12,2026-09-08,124,0.0,113,2026-03-12,2026-08-21,0,0,0,0
628,EQNR,stocks,"Equinor ASA American Depositary Shares (Each Representing One Ordinary Share, nominal value NOK 2.50 per share)",common,1,2019-01-02,,2019-01-02,2026-09-08,1931,0.0,1920,2019-01-02,2026-08-21,1,1,1,1
629,CROX,stocks,"Crocs, Inc. Common Stock",common,0,2019-01-02,,2019-01-02,2026-09-08,1922,0.0,1907,2019-01-02,2026-08-04,1,1,1,1
630,KIDZ,stocks,KIDZ AI Inc. Class B Common Stock,common,0,2025-04-07,,2025-04-07,2026-09-08,357,0.0,346,2025-04-07,2026-08-21,0,1,0,0
631,TSLG,stocks,Themes ETF Trust Leverage Shares 2X Long TSLA Daily ETF,fund,0,2024-12-13,,2024-12-13,2026-09-08,433,0.0,422,2024-12-13,2026-08-21,0,0,0,0
632,ETSY,stocks,"Etsy, Inc.",common,0,2019-01-02,,2019-01-02,2026-09-08,1922,0.0,1907,2019-01-02,2026-08-04,1,1,1,1
633,CAVA,stocks,"CAVA Group, Inc.",common,0,2023-06-15,,2023-06-15,2026-09-08,810,0.0,799,2023-06-15,2026-08-21,1,1,1,1
634,SOUN,stocks,"SoundHound AI, Inc Class A Common Stock",common,0,2022-04-28,,2022-04-28,2026-09-08,1094,0.0,1083,2022-04-28,2026-08-21,1,1,1,1
635,ITUB,stocks,Itau Unibanco Holding S.A. American Depositary Shares,common,0,2019-01-02,,2019-01-02,2026-09-08,1922,0.0,1907,2019-01-02,2026-08-04,1,1,1,1
636,QS,stocks,QuantumScape Corporation Class A Common Stock,common,0,2020-08-17,,2020-08-17,2026-09-08,1522,0.0,1511,2020-08-17,2026-08-21,1,1,1,1
637,TCBK,stocks,TriCo Bancshares Common Stock,common,0,2019-01-02,,2019-01-02,2026-09-08,1922,0.0,1907,2019-01-02,2026-08-04,1,1,1,1
638,CAKE,stocks,Cheesecake Factory Incorporated (The) Common Stock,common,0,2019-01-02,,2019-01-02,2026-09-08,1922,0.0,1907,2019-01-02,2026-08-04,1,1,1,1
639,AMDL,stocks,GraniteShares ETF Trust GraniteShares 2x Long AMD Daily ETF,fund,1,2024-03-18,,2024-03-18,2026-09-08,621,0.0,610,2024-03-18,2026-08-21,0,0,1,0
640,FCEL,stocks,"FuelCell Energy, Inc. Common Stock",common,0,2019-01-02,,2019-01-02,2026-09-08,1922,0.0,1907,2019-01-02,2026-08-04,1,1,1,1
641,BKD,stocks,"Brookdale Senior Living, Inc.",common,0,2019-01-02,,2019-01-02,2026-09-08,1922,0.0,1907,2019-01-02,2026-08-04,1,1,1,1
642,VSAT,stocks,"ViaSat, Inc. Common Stock",common,1,2019-01-02,,2019-01-02,2026-09-08,1931,0.0,1920,2019-01-02,2026-08-21,1,1,1,1
643,MULL,stocks,GraniteShares ETF Trust GraniteShares 2x Long MU Daily ETF,fund,1,2024-11-12,,2024-11-12,2026-09-08,455,0.0,444,2024-11-12,2026-08-21,0,0,0,0
644,PBF,stocks,PBF ENERGY INC.,common,0,2019-01-02,,2019-01-02,2026-09-08,1922,0.0,1907,2019-01-02,2026-08-04,1,1,1,1
645,WHR,stocks,Whirlpool Corp.,common,1,2019-01-02,,2019-01-02,2026-09-08,1931,0.0,1920,2019-01-02,2026-08-21,1,1,1,1
646,LABD,stocks,Direxion Daily S&P Biotech Bear 3X ETF,fund,0,2019-01-02,,2019-01-02,2026-09-08,1922,0.0,1907,2019-01-02,2026-08-04,0,0,1,0
647,JXN,stocks,Jackson Financial Inc.,common,0,2021-09-20,,2021-09-20,2026-09-08,1247,0.0,1236,2021-09-20,2026-08-21,1,1,1,1
648,SHAZ,stocks,"SharonAI Holdings, Inc. Class A Common Stock",common,0,2026-02-18,,2026-02-18,2026-09-08,140,0.0,129,2026-02-18,2026-08-21,1,1,0,0
649,S,stocks,"SentinelOne, Inc.",common,0,2021-06-30,,2021-06-30,2026-09-08,1303,0.0,1292,2021-06-30,2026-08-21,1,1,1,1
650,FWONK,stocks,Liberty Media Corporation Series C Liberty Formula One Common Stock,common,0,2019-01-02,,2019-01-02,2026-09-08,1922,0.0,1907,2019-01-02,2026-08-04,1,1,1,1
651,PSNL,stocks,"Personalis, Inc. Common Stock",common,0,2019-06-20,,2019-06-20,2026-09-08,1814,0.0,1803,2019-06-20,2026-08-21,1,1,1,1
652,SHAK,stocks,Shake Shack Inc.,common,0,2019-01-02,,2019-01-02,2026-09-08,1922,0.0,1907,2019-01-02,2026-08-04,1,1,1,1
653,NVDX,stocks,T-Rex 2X Long NVIDIA Daily Target ETF,fund,1,2023-10-19,,2023-10-19,2026-09-08,723,0.0,712,2023-10-19,2026-08-21,0,0,1,0
654,TE,stocks,T1 Energy Inc.,common,0,2020-01-10,,2020-01-10,2026-09-08,1673,0.025702,1662,2020-01-10,2026-08-21,0,1,0,0
655,LQDA,stocks,Liquidia Corporation Common Stock,common,0,2019-01-02,,2019-01-02,2026-09-08,1922,0.0,1907,2019-01-02,2026-08-04,1,1,1,1
656,DRIP,stocks,Direxion Daily S&P Oil & Gas Exp. & Prod. Bear 2X ETF,fund,0,2019-01-02,,2019-01-02,2026-09-08,1922,0.0,1907,2019-01-02,2026-08-04,0,0,1,0
657,TSDD,stocks,GraniteShares ETF Trust GraniteShares 2x Short TSLA Daily ETF,fund,0,2023-08-23,,2023-08-23,2026-09-08,763,0.002621,752,2023-08-23,2026-08-21,0,0,1,0
658,SSPC,stocks,Leverage Shares 2X Short SPCX Daily ETF,fund,0,2026-06-15,,2026-06-15,2026-09-08,59,0.0,48,2026-06-15,2026-08-21,0,0,0,0
659,GRAB,stocks,Grab Holdings Limited Class A Ordinary Shares,common,0,2020-12-01,,2020-12-01,2026-09-08,1448,0.000691,1437,2020-12-01,2026-08-21,1,1,1,1
660,BNO,stocks,"United States Brent Oil Fund, LP",fund,0,2019-01-02,,2019-01-02,2026-09-08,1922,0.0,1907,2019-01-02,2026-08-04,1,1,1,1
661,AMC,stocks,"AMC ENTERTAINMENT HOLDINGS, INC.",common,0,2019-01-02,,2019-01-02,2026-09-08,1931,0.0,1920,2019-01-02,2026-08-21,1,1,1,1
662,NIO,stocks,"NIO Inc. American depositary shares, each representing one Class A ordinary share",common,0,2019-01-02,,2019-01-02,2026-09-08,1922,0.0,1907,2019-01-02,2026-08-04,1,1,1,1
663,FBRX,stocks,"Forte Biosciences, Inc. Common Stock",common,0,2019-01-02,,2019-01-02,2026-08-26,1914,0.0,1907,2019-01-02,2026-08-04,1,1,1,1
664,MSTU,stocks,T-Rex 2X Long MSTR Daily Target ETF,fund,0,2024-09-18,,2024-09-18,2026-09-08,494,0.0,483,2024-09-18,2026-08-21,0,0,0,0
665,FRMI,stocks,Fermi Inc. Common Stock,common,0,2025-10-01,,2025-10-01,2026-09-08,235,0.0,224,2025-10-01,2026-08-21,0,1,0,0
666,TARS,stocks,"Tarsus Pharmaceuticals, Inc. Common Stock",common,0,2020-10-16,,2020-10-16,2026-09-08,1479,0.0,1468,2020-10-16,2026-08-21,1,1,1,1
667,ZBAO,stocks,Zhibao Technology Inc. Class A Ordinary Shares,common,0,2024-04-02,,2024-04-02,2026-09-08,611,0.0,600,2024-04-02,2026-08-21,1,1,1,1
668,VOD,stocks,Vodafone Group Plc American Depositary Shares,common,0,2019-01-02,,2019-01-02,2026-09-08,1922,0.0,1907,2019-01-02,2026-08-04,1,1,1,1
669,AUR,stocks,"Aurora Innovation, Inc. Class A Common Stock",common,1,2021-05-10,,2021-05-10,2026-09-08,1339,0.0,1328,2021-05-10,2026-08-21,1,1,1,1
670,BJDX,stocks,"Bluejay Diagnostics, Inc. Common Stock",common,0,2021-11-11,,2021-11-11,2026-09-08,1209,0.001654,1198,2021-11-11,2026-08-21,1,1,1,1
671,EOSE,stocks,"Eos Energy Enterprises, Inc. Class A Common Stock",common,0,2020-06-03,,2020-06-03,2026-09-08,1574,0.005718,1563,2020-06-03,2026-08-21,1,1,1,1
672,DNN,stocks,Denison Mines Corp,common,1,2019-01-02,,2019-01-02,2026-09-08,1931,0.0,1920,2019-01-02,2026-08-21,1,1,1,1
673,RKTO,stocks,Rocket One Inc. Common Stock,common,0,2019-02-15,,2019-02-15,2026-09-08,1900,0.002632,1889,2019-02-15,2026-08-21,1,1,1,1
674,MT,stocks,ArcelorMittal,common,0,2019-01-02,,2019-01-02,2026-09-08,1922,0.0,1907,2019-01-02,2026-08-04,1,1,1,1
675,SM,stocks,SM Energy Company,common,0,2019-01-02,,2019-01-02,2026-09-08,1922,0.0,1907,2019-01-02,2026-08-04,1,1,1,1
676,FBIN,stocks,"Fortune Brands Innovations, Inc.",common,0,2019-01-02,,2019-01-02,2026-09-08,1922,0.0,1907,2019-01-02,2026-08-04,1,1,1,1
677,MBGL,stocks,Mobility Global Inc.,common,0,2026-07-01,,2026-07-01,2026-09-08,48,0.0,37,2026-07-01,2026-08-21,1,1,0,0
678,SNAP,stocks,Snap Inc.,common,1,2019-01-02,,2019-01-02,2026-09-08,1931,0.0,1920,2019-01-02,2026-08-21,1,1,1,1
679,TSLQ,stocks,Investment Managers Series Trust II Tradr 2X Short TSLA Daily ETF,fund,0,2022-07-14,,2022-07-14,2026-09-08,1042,0.0,1031,2022-07-14,2026-08-21,0,0,1,0
680,ACHR,stocks,Archer Aviation Inc.,common,0,2020-12-18,,2020-12-18,2026-09-08,1435,0.000697,1424,2020-12-18,2026-08-21,1,1,1,1
681,RHI,stocks,Robert Half Inc.,common,0,2019-01-02,,2019-01-02,2026-09-08,1922,0.00052,1907,2019-01-02,2026-08-04,1,1,1,1
682,SPCH,stocks,Leverage Shares 2X Long SPCX Daily ETF,fund,1,2026-06-15,,2026-06-15,2026-09-08,59,0.0,48,2026-06-15,2026-08-21,0,0,0,0
683,ANF,stocks,Abercrombie & Fitch Co.,common,0,2019-01-02,,2019-01-02,2026-09-08,1931,0.0,1920,2019-01-02,2026-08-21,1,1,1,1
684,MSTZ,stocks,T-Rex 2X Inverse MSTR Daily Target ETF,fund,0,2024-09-18,,2024-09-18,2026-09-08,494,0.0,483,2024-09-18,2026-08-21,0,0,0,0
685,INFQ,stocks,"Infleqtion, Inc.",common,0,2025-07-07,,2025-07-07,2026-09-08,296,0.013514,285,2025-07-07,2026-08-21,0,1,0,0
686,KOLD,stocks,ProShares UltraShort Bloomberg Natural Gas,fund,0,2019-01-02,,2019-01-02,2026-09-08,1922,0.0,1907,2019-01-02,2026-08-04,1,1,1,1
687,CRSP,stocks,CRISPR Therapeutics AG Common Shares,common,0,2019-01-02,,2019-01-02,2026-09-08,1922,0.00052,1907,2019-01-02,2026-08-04,1,1,1,1
688,REZI,stocks,"Resideo Technologies, Inc. Common Stock",common,0,2019-01-02,,2019-01-02,2026-09-08,1922,0.0,1907,2019-01-02,2026-08-04,1,1,1,1
689,RXT,stocks,"Rackspace Technology, Inc. Common Stock",common,0,2020-08-05,,2020-08-05,2026-09-08,1530,0.0,1519,2020-08-05,2026-08-21,1,1,1,1
690,IBRX,stocks,"ImmunityBio, Inc. Common Stock",common,0,2019-01-02,,2019-01-02,2026-09-08,1922,0.0,1907,2019-01-02,2026-08-04,1,1,1,1
691,BTCZ,stocks,T-Rex 2X Inverse Bitcoin Daily Target ETF,fund,0,2024-07-10,,2024-07-10,2026-09-08,543,0.0,532,2024-07-10,2026-08-21,0,0,1,0
692,AGQ,stocks,ProShares Ultra Silver,fund,0,2019-01-02,,2019-01-02,2026-09-08,1931,0.0,1920,2019-01-02,2026-08-21,1,1,1,1
693,CNMD,stocks,CONMED Corporation,common,0,2019-01-02,,2019-01-02,2026-09-08,1922,0.0,1907,2019-01-02,2026-08-04,1,1,1,1
694,AAP,stocks,ADVANCE AUTO PARTS INC,common,0,2019-01-02,,2019-01-02,2026-09-08,1931,0.0,1920,2019-01-02,2026-08-21,1,1,1,1
695,BBAI,stocks,"BigBear.ai Holdings, Inc.",fund,0,2021-04-05,,2021-04-05,2026-09-08,1364,0.002933,1353,2021-04-05,2026-08-21,1,1,1,1
696,TMDX,stocks,"TransMedics Group, Inc. Common Stock",common,0,2019-05-02,,2019-05-02,2026-09-08,1848,0.001082,1837,2019-05-02,2026-08-21,1,1,1,1
697,QNT,stocks,Quantinuum Inc. Class A Common Stock,common,0,2026-06-04,,2026-06-04,2026-09-08,66,0.0,55,2026-06-04,2026-08-21,0,1,0,0
698,KEEL,stocks,Keel Infrastructure Corp. Common Stock,common,0,2021-06-21,,2021-06-21,2026-09-08,1310,0.0,1299,2021-06-21,2026-08-21,0,1,1,0
699,MUZ,stocks,Defiance Daily Target 2X Short MU ETF,fund,0,2026-06-09,,2026-06-09,2026-09-08,63,0.0,52,2026-06-09,2026-08-21,0,0,0,0
700,FBL,stocks,GraniteShares ETF Trust GraniteShares 2x Long META Daily ETF,fund,0,2022-12-13,,2022-12-13,2026-09-08,936,0.026709,925,2022-12-13,2026-08-21,0,0,0,0
701,SKIN,stocks,SkinHealth Systems Inc. Class A Common Stock,common,0,2020-11-24,,2020-11-24,2026-09-08,1452,0.0,1441,2020-11-24,2026-08-21,1,1,1,1
702,SURG,stocks,"SurgePays, Inc. Common Stock",common,0,2021-11-02,,2021-11-02,2026-09-08,1216,0.0,1205,2021-11-02,2026-08-21,1,1,1,1
703,FRSH,stocks,Freshworks Inc. Class A Common Stock,common,0,2021-09-22,,2021-09-22,2026-09-08,1245,0.0,1234,2021-09-22,2026-08-21,1,1,1,1
704,BBD,stocks,Banco Bradesco S.A. American Depositary Shares (Each representing one Preferred Shares),common,0,2019-01-02,,2019-01-02,2026-09-08,1922,0.0,1907,2019-01-02,2026-08-04,1,1,1,1
705,MSFU,stocks,Direxion Shares ETF Trust Direxion Daily MSFT Bull 2X ETF,fund,0,2022-09-07,,2022-09-07,2026-09-08,1004,0.001992,993,2022-09-07,2026-08-21,0,0,1,0
706,DINO,stocks,HF Sinclair Corporation,common,0,2019-01-02,,2019-01-02,2026-09-08,1922,0.0,1907,2019-01-02,2026-08-04,1,1,1,1
707,ETHU,stocks,2x Ether ETF,fund,1,2024-06-04,,2024-06-04,2026-09-08,567,0.0,556,2024-06-04,2026-08-21,0,0,1,0
708,CCC,stocks,CCC Intelligent Solutions Holdings Inc. Common Stock,common,0,2020-10-05,,2020-10-05,2026-09-08,1488,0.0,1477,2020-10-05,2026-08-21,1,1,1,1
709,NTLA,stocks,"Intellia Therapeutics, Inc. Common Stock",common,0,2019-01-02,,2019-01-02,2026-09-08,1922,0.0,1907,2019-01-02,2026-08-04,1,1,1,1
710,GGAL,stocks,Grupo Financiero Galicia S.A. American Depositary Shares,common,0,2019-01-02,,2019-01-02,2026-09-08,1922,0.0,1907,2019-01-02,2026-08-04,1,1,1,1
711,CVE,stocks,Cenovus Energy Inc.,common,0,2019-01-02,,2019-01-02,2026-09-08,1922,0.0,1907,2019-01-02,2026-08-04,1,1,1,1
712,BTDR,stocks,Bitdeer Technologies Group Class A Ordinary Shares,common,0,2021-07-28,,2021-07-28,2026-09-08,1284,0.144081,1273,2021-07-28,2026-08-21,1,1,0,0
713,LAC,stocks,Lithium Americas Corp.,common,0,2019-01-02,,2019-01-02,2026-09-08,1931,0.0,1920,2019-01-02,2026-08-21,0,1,1,0
714,WOLF,stocks,"Wolfspeed, Inc.",common,0,2019-01-02,,2019-01-02,2026-09-08,1931,0.0,1920,2019-01-02,2026-08-21,1,1,1,1
715,MUD,stocks,Direxion Shares ETF Trust Direxion Daily MU Bear 1X ETF,fund,1,2024-10-10,,2024-10-10,2026-09-08,478,0.083682,467,2024-10-10,2026-08-21,0,0,0,0
716,ALM,stocks,Almonty Industries Inc. Common Shares,common,0,2025-07-14,,2025-07-14,2026-09-08,291,0.0,280,2025-07-14,2026-08-21,1,1,0,0
717,CONL,stocks,GraniteShares ETF Trust GraniteShares 2x Long COIN Daily ETF,fund,0,2022-08-09,,2022-08-09,2026-09-08,1024,0.0,1013,2022-08-09,2026-08-21,0,0,1,0
718,BEAM,stocks,Beam Therapeutics Inc. Common Stock,common,0,2020-02-06,,2020-02-06,2026-09-08,1655,0.0,1644,2020-02-06,2026-08-21,1,1,1,1
719,BTG,stocks,B2Gold Corp.,common,0,2019-01-02,,2019-01-02,2026-09-08,1922,0.0,1907,2019-01-02,2026-08-04,1,1,1,1
720,UVIX,stocks,2x Long VIX Futures ETF,fund,0,2022-03-30,,2022-03-30,2026-09-08,1114,0.0,1103,2022-03-30,2026-08-21,1,1,1,1
721,FTRK,stocks,FAST TRACK GROUP Ordinary shares,common,0,2025-05-23,,2025-05-23,2026-08-17,309,0.003236,309,2025-05-23,2026-08-17,0,1,0,0
722,BRZE,stocks,"Braze, Inc. Class A Common Stock",common,0,2021-11-17,,2021-11-17,2026-09-08,1205,0.0,1194,2021-11-17,2026-08-21,1,1,1,1
723,PTCT,stocks,"PTC Therapeutics, Inc. Common Stock",common,0,2019-01-02,,2019-01-02,2026-09-08,1922,0.0,1907,2019-01-02,2026-08-04,1,1,1,1
724,ORCX,stocks,Tidal Trust II Defiance Daily Target 2X Long ORCL ETF,fund,1,2025-02-07,,2025-02-07,2026-09-08,397,0.0,386,2025-02-07,2026-08-21,0,0,0,0
725,VSH,stocks,"Vishay Intertechnology, Inc.",common,0,2019-01-02,,2019-01-02,2026-09-08,1922,0.0,1907,2019-01-02,2026-08-04,1,1,1,1
726,BTE,stocks,Baytex Energy Corp.,common,0,2023-02-23,,2023-02-23,2026-09-08,888,0.0,877,2023-02-23,2026-08-21,1,1,1,1
727,PLSM,stocks,Pulsenmore Ltd. Ordinary Shares,common,1,2026-01-21,,2026-01-21,2026-09-08,159,0.08805,148,2026-01-21,2026-08-21,1,1,0,0
728,NOG,stocks,"Northern Oil and Gas, Inc.",common,0,2019-01-02,,2019-01-02,2026-09-08,1922,0.0,1907,2019-01-02,2026-08-04,1,1,1,1
729,AAOX,stocks,Tradr 2X Long AAOI Daily ETF,fund,0,2026-03-24,,2026-03-24,2026-09-08,116,0.0,105,2026-03-24,2026-08-21,0,0,0,0
730,MVLL,stocks,GraniteShares ETF Trust GraniteShares 2x Long MRVL Daily ETF,fund,0,2025-03-07,,2025-03-07,2026-09-08,378,0.0,367,2025-03-07,2026-08-21,0,0,0,0
731,AXGN,stocks,"Axogen, Inc. Common Stock",common,0,2019-01-02,,2019-01-02,2026-09-08,1922,0.0,1907,2019-01-02,2026-08-04,1,1,1,1
732,PLTU,stocks,Direxion Shares ETF Trust Direxion Daily PLTR Bull 2X ETF,fund,0,2024-12-11,,2024-12-11,2026-09-08,435,0.0,424,2024-12-11,2026-08-21,0,0,0,0
733,SBEV,stocks,"Splash Beverage Group, Inc.",common,0,2021-06-11,,2021-06-11,2026-08-21,1305,0.011494,1305,2021-06-11,2026-08-21,1,1,0,0
734,LGPS,stocks,LogProstyle Inc.,common,1,2025-03-25,,2025-03-25,2026-09-08,366,0.008197,355,2025-03-25,2026-08-21,1,1,0,0
735,VKTX,stocks,"Viking Therapeutics, Inc. Common Stock",common,0,2019-01-02,,2019-01-02,2026-09-08,1922,0.0,1907,2019-01-02,2026-08-04,1,1,1,1
736,IRE,stocks,Defiance Daily Target 2X Long IREN ETF,fund,0,2025-10-21,,2025-10-21,2026-09-08,221,0.0,210,2025-10-21,2026-08-21,0,0,0,0
737,SLS,stocks,"SELLAS Life Sciences Group, Inc. Common Stock",common,0,2019-01-02,,2019-01-02,2026-09-08,1922,0.0,1907,2019-01-02,2026-08-04,1,1,1,1
738,GDXU,stocks,MicroSectors Gold Miners 3x Leveraged ETN,fund,1,2020-12-03,,2020-12-03,2026-09-08,1446,0.0,1435,2020-12-03,2026-08-21,1,1,1,1
739,RXRX,stocks,"Recursion Pharmaceuticals, Inc. Class A Common Stock",common,0,2021-04-16,,2021-04-16,2026-09-08,1355,0.0,1344,2021-04-16,2026-08-21,1,1,1,1
740,OUST,stocks,"Ouster, Inc. Common Stock",common,1,2020-10-09,,2020-10-09,2026-09-08,1484,0.006739,1473,2020-10-09,2026-08-21,1,1,1,1
741,MFP,stocks,"Midera Food Processing, Inc. Common Stock",common,0,2026-06-29,,2026-06-29,2026-09-08,50,0.04,39,2026-06-29,2026-08-21,1,1,0,0
742,ALHC,stocks,"Alignment Healthcare, Inc. Common Stock",common,0,2021-03-26,,2021-03-26,2026-09-08,1369,0.0,1358,2021-03-26,2026-08-21,1,1,1,1
743,KXIAY,stocks,KIOXIA HLDGS CORP ADR - Unsponsored (Japan),common,0,2026-07-14,,,,0,0.0,0,,,0,1,0,0
744,SKYQ,stocks,Sky Quarry Inc. Common Stock,common,0,2024-10-10,,2024-10-10,2026-09-08,478,0.0,467,2024-10-10,2026-08-21,1,1,0,0
745,NOWL,stocks,GraniteShares ETF Trust GraniteShares 2x Long NOW Daily ETF,fund,1,2025-07-15,,2025-07-15,2026-09-08,290,0.0,279,2025-07-15,2026-08-21,0,0,0,0
746,CIRC,stocks,"Circle8 Group, Inc. Common Stock",common,1,2024-12-11,,2024-12-11,2026-09-08,435,0.002299,424,2024-12-11,2026-08-21,1,1,0,0
747,LYG,stocks,Lloyds Banking Group PLC,common,0,2019-01-02,,2019-01-02,2026-09-08,1922,0.00052,1907,2019-01-02,2026-08-04,1,1,1,1
748,INTW,stocks,GraniteShares ETF Trust GraniteShares 2x Long INTC Daily ETF,fund,1,2025-02-13,,2025-02-13,2026-09-08,393,0.0,382,2025-02-13,2026-08-21,0,0,0,0
749,STLA,stocks,Stellantis N.V.,common,0,2019-01-02,,2019-01-02,2026-09-08,1922,0.0,1907,2019-01-02,2026-08-04,1,1,1,1
750,PTIR,stocks,GraniteShares ETF Trust GraniteShares 2x Long PLTR Daily ETF,fund,0,2024-09-04,,2024-09-04,2026-09-08,504,0.001984,493,2024-09-04,2026-08-21,0,0,0,0
751,ZSL,stocks,ProShares UltraShort Silver,fund,1,2019-01-02,,2019-01-02,2026-09-08,1931,0.0,1920,2019-01-02,2026-08-21,1,1,1,1
752,TECS,stocks,Direxion Daily Technology Bear 3x ETF,fund,0,2019-01-02,,2019-01-02,2026-09-08,1922,0.0,1907,2019-01-02,2026-08-04,0,0,1,0
753,KRMN,stocks,Karman Holdings Inc.,common,0,2025-02-13,,2025-02-13,2026-09-08,393,0.0,382,2025-02-13,2026-08-21,0,1,0,0
754,QUBT,stocks,Quantum Computing Inc. Common Stock,common,0,2021-07-15,,2021-07-15,2026-09-08,1293,0.0,1282,2021-07-15,2026-08-21,1,1,1,1
755,FRO,stocks,Frontline Plc,common,0,2019-01-02,,2019-01-02,2026-09-08,1922,0.0,1907,2019-01-02,2026-08-04,1,1,1,1
756,UMAC,stocks,"Unusual Machines, Inc.",common,0,2024-02-14,,2024-02-14,2026-09-08,643,0.0,632,2024-02-14,2026-08-21,1,1,1,1
757,LIMN,stocks,"Liminatus Pharma, Inc. Class A Common Stock",common,0,2025-05-01,,2025-05-01,2026-09-08,340,0.0,329,2025-05-01,2026-08-21,0,1,0,0
758,AUGO,stocks,Aura Minerals Inc. Common Shares,common,1,2025-07-16,,2025-07-16,2026-09-08,289,0.0,278,2025-07-16,2026-08-21,1,1,0,0
759,TNGX,stocks,"Tango Therapeutics, Inc.",common,0,2020-09-03,,2020-09-03,2026-09-08,1509,0.004639,1498,2020-09-03,2026-08-21,1,1,1,1
760,TRAX,stocks,"First Tracks Biotherapeutics, Inc. Ordinary Shares",common,0,2026-04-06,,2026-04-06,2026-09-08,108,0.018519,97,2026-04-06,2026-08-21,1,1,0,0
761,CMC,stocks,Commercial Metals Company,common,0,2019-01-02,,2019-01-02,2026-09-08,1922,0.0,1907,2019-01-02,2026-08-04,1,1,1,1
762,ESTC,stocks,Elastic N.V.,common,0,2019-01-02,,2019-01-02,2026-09-08,1922,0.0,1907,2019-01-02,2026-08-04,1,1,1,1
763,EQPT,stocks,EquipmentShare.com Inc Class A Common Stock,common,0,2026-01-23,,2026-01-23,2026-09-08,157,0.0,146,2026-01-23,2026-08-21,0,1,0,0
764,ASTX,stocks,Tradr 2X Long ASTS Daily ETF,fund,0,2025-07-11,,2025-07-11,2026-09-08,292,0.0,281,2025-07-11,2026-08-21,0,0,0,0
765,SUGP,stocks,SU Group Holdings Limited Class A Ordinary Shares,common,0,2024-01-24,,2024-01-24,2026-09-08,658,0.00304,647,2024-01-24,2026-08-21,1,1,1,1
766,GRPN,stocks,"Groupon, Inc. Common Stock",common,1,2019-01-02,,2019-01-02,2026-09-08,1931,0.0,1920,2019-01-02,2026-08-21,1,1,1,1
767,IONZ,stocks,Tidal Trust II Defiance Daily Target 2x Short IONQ ETF,fund,0,2025-06-24,,2025-06-24,2026-09-08,304,0.0,293,2025-06-24,2026-08-21,0,0,0,0
768,SOC,stocks,Sable Offshore Corp.,common,0,2021-04-20,,2021-04-20,2026-09-08,1353,0.115299,1342,2021-04-20,2026-08-21,1,1,0,0
769,FSLY,stocks,"Fastly, Inc. Class A Common Stock",common,0,2019-05-17,,2019-05-17,2026-09-08,1837,0.0,1826,2019-05-17,2026-08-21,1,1,1,1
770,NSP,stocks,"Insperity, Inc",common,0,2019-01-02,,2019-01-02,2026-09-08,1922,0.0,1907,2019-01-02,2026-08-04,1,1,1,1
771,GLL,stocks,ProShares UltraShort Gold,fund,0,2019-01-02,,2019-01-02,2026-09-08,1922,0.0,1907,2019-01-02,2026-08-04,1,1,1,1
772,ANRO,stocks,Alto Neuroscience Inc.,common,0,2024-02-02,,2024-02-02,2026-09-08,651,0.0,640,2024-02-02,2026-08-21,1,1,1,1
773,CRGY,stocks,Crescent Energy Company,common,0,2021-12-08,,2021-12-08,2026-09-08,1191,0.0,1180,2021-12-08,2026-08-21,1,1,1,1
774,SRPT,stocks,"Sarepta Therapeutics, Inc. Common Stock (DE)",common,0,2019-01-02,,2019-01-02,2026-09-08,1931,0.000518,1920,2019-01-02,2026-08-21,1,1,1,1
775,BRAI,stocks,Braiin Limited Common Stock,common,0,2026-02-12,,2026-02-12,2026-09-08,143,0.0,132,2026-02-12,2026-08-21,0,1,0,0
776,MDA,stocks,MDA Space Ltd.,common,0,2026-03-12,,2026-03-12,2026-09-08,124,0.0,113,2026-03-12,2026-08-21,1,1,0,0
777,ELPW,stocks,Elong Power Holding Limited Class A Ordinary Shares,common,0,2023-05-01,,2023-05-01,2026-09-08,842,0.286223,831,2023-05-01,2026-08-21,0,1,0,0
778,BEX,stocks,Tradr 2X Long BE Daily ETF,fund,0,2025-11-13,,2025-11-13,2026-09-08,204,0.0,193,2025-11-13,2026-08-21,0,0,0,0
779,SFTBY,stocks,Softbank Group American Depositary Receipts - Unsponsored,common,0,2026-07-14,,,,0,0.0,0,,,0,0,0,0
780,GUSH,stocks,Direxion Daily S&P Oil & Gas Exp. & Prod. Bull 2X ETF,fund,0,2019-01-02,,2019-01-02,2026-09-08,1922,0.0,1907,2019-01-02,2026-08-04,0,0,1,0
781,RKLX,stocks,Tidal Trust II Defiance Daily Target 2X Long RKLB ETF,fund,1,2025-03-13,,2025-03-13,2026-09-08,374,0.0,363,2025-03-13,2026-08-21,0,0,0,0
782,GLOB,stocks,GLOBANT S.A.,common,0,2019-01-02,,2019-01-02,2026-09-08,1922,0.0,1907,2019-01-02,2026-08-04,1,1,1,1
783,CCHH,stocks,CCH Holdings Ltd Class A Ordinary Shares,common,0,2025-10-03,,2025-10-03,2026-09-08,233,0.0,222,2025-10-03,2026-08-21,0,1,0,0
784,MAT,stocks,"Mattel, Inc. Common Stock",common,0,2019-01-02,,2019-01-02,2026-09-08,1922,0.0,1907,2019-01-02,2026-08-04,1,1,1,1
785,CNXC,stocks,Concentrix Corporation Common Stock,common,0,2020-11-24,,2020-11-24,2026-09-08,1449,0.00069,1438,2020-11-24,2026-08-21,1,1,1,1
786,ABSI,stocks,Absci Corporation Common Stock,common,1,2021-07-22,,2021-07-22,2026-09-08,1288,0.0,1277,2021-07-22,2026-08-21,1,1,1,1
787,SNK,stocks,GraniteShares 2x Short SpaceX Daily ETF,fund,0,2026-06-15,,2026-06-15,2026-09-08,59,0.0,48,2026-06-15,2026-08-21,0,0,0,0
788,ABCL,stocks,AbCellera Biologics Inc. Common Shares,common,1,2020-12-11,,2020-12-11,2026-09-08,1440,0.0,1429,2020-12-11,2026-08-21,1,1,1,1
789,ORCU,stocks,Direxion Shares ETF Trust Direxion Daily ORCL Bull 2X ETF,fund,0,2025-11-19,,2025-11-19,2026-09-08,200,0.0,189,2025-11-19,2026-08-21,0,0,0,0
790,VRRM,stocks,Verra Mobility Corporation Class A Common Stock,common,0,2019-01-02,,2019-01-02,2026-09-08,1922,0.0,1907,2019-01-02,2026-08-04,1,1,1,1
791,GTLB,stocks,GitLab Inc. Class A Common Stock,common,0,2021-10-14,,2021-10-14,2026-09-08,1229,0.0,1218,2021-10-14,2026-08-21,1,1,1,1
792,BRUN,stocks,Boost Run Inc. Class A Common Stock,common,0,2024-12-30,,2024-12-30,2026-09-08,423,0.219858,412,2024-12-30,2026-08-21,1,1,0,0
793,ULCC,stocks,"Frontier Group Holdings, Inc. Common Stock",common,0,2021-04-01,,2021-04-01,2026-09-08,1365,0.0,1354,2021-04-01,2026-08-21,1,1,1,1
794,SAIL,stocks,"SailPoint, Inc. Common Stock",common,0,2019-01-02,,2019-01-02,2026-09-08,1305,0.0,1294,2019-01-02,2026-08-21,1,1,1,1
795,AXTX,stocks,Tradr 2X Long AXTI Daily ETF,fund,0,2026-04-24,,2026-04-24,2026-09-08,94,0.0,83,2026-04-24,2026-08-21,0,0,0,0
796,FUN,stocks,Six Flags Entertainment Corporation,common,0,2019-01-02,,2019-01-02,2026-09-08,1922,0.0,1907,2019-01-02,2026-08-04,0,1,1,0
797,QFIN,stocks,"Qfin Holdings, Inc. American Depositary Shares",common,0,2019-01-02,,2019-01-02,2026-09-08,1922,0.0,1907,2019-01-02,2026-08-04,1,1,1,1
798,RDY,stocks,Dr. Reddy's Laboratories Limited American Depositary Shares,common,0,2019-01-02,,2019-01-02,2026-09-08,1922,0.00052,1907,2019-01-02,2026-08-04,1,1,1,1
799,PRCH,stocks,"Porch Group, Inc. Common Stock",common,0,2020-01-13,,2020-01-13,2026-09-08,1672,0.046053,1661,2020-01-13,2026-08-21,1,1,0,0
800,EWTX,stocks,"Edgewise Therapeutics, Inc. Common Stock",common,0,2021-03-26,,2021-03-26,2026-09-08,1369,0.0,1358,2021-03-26,2026-08-21,1,1,1,1
801,RKLZ,stocks,Tidal Trust II Defiance Daily Target 2x Short RKLB ETF,fund,1,2025-11-18,,2025-11-18,2026-09-08,201,0.0,190,2025-11-18,2026-08-21,0,0,0,0
802,CRK,stocks,"Comstock Resources, Inc.",common,0,2019-01-02,,2019-01-02,2026-09-08,1922,0.0,1907,2019-01-02,2026-08-04,1,1,1,1
803,EPAC,stocks,Enerpac Tool Group Corp.,common,0,2019-01-02,,2019-01-02,2026-09-08,1922,0.00052,1907,2019-01-02,2026-08-04,1,1,1,1
804,LITX,stocks,Tradr 2X Long LITE Daily ETF,fund,0,2026-01-27,,2026-01-27,2026-09-08,155,0.0,144,2026-01-27,2026-08-21,0,0,0,0
805,DLO,stocks,DLocal Limited Class A Common Shares,common,0,2021-06-03,,2021-06-03,2026-09-08,1322,0.0,1311,2021-06-03,2026-08-21,1,1,1,1
806,DHT,stocks,"DHT HOLDINGS, INC.",common,0,2019-01-02,,2019-01-02,2026-09-08,1922,0.0,1907,2019-01-02,2026-08-04,1,1,1,1
807,IONX,stocks,Tidal Trust II Defiance Daily Target 2X Long IONQ ETF,fund,0,2025-03-12,,2025-03-12,2026-09-08,375,0.0,364,2025-03-12,2026-08-21,0,0,0,0
808,AMN,stocks,AMN Healthcare Services,common,0,2019-01-02,,2019-01-02,2026-09-08,1931,0.0,1920,2019-01-02,2026-08-21,1,1,1,1
809,ABEV,stocks,AMBEV S.A.,common,0,2019-01-02,,2019-01-02,2026-09-08,1931,0.0,1920,2019-01-02,2026-08-21,1,1,1,1
810,RPD,stocks,"Rapid7, Inc. Common Stock",common,0,2019-01-02,,2019-01-02,2026-09-08,1922,0.0,1907,2019-01-02,2026-08-04,1,1,1,1
811,OKLL,stocks,Tidal Trust II Defiance Daily Target 2x Long OKLO ETF,fund,0,2025-06-24,,2025-06-24,2026-09-08,304,0.0,293,2025-06-24,2026-08-21,0,0,0,0
812,GLUE,stocks,"Monte Rosa Therapeutics, Inc. Common Stock",common,0,2021-06-24,,2021-06-24,2026-09-08,1307,0.0,1296,2021-06-24,2026-08-21,1,1,1,1
813,TALO,stocks,"Talos Energy, Inc. Common Stock",common,1,2019-01-02,,2019-01-02,2026-09-08,1931,0.0,1920,2019-01-02,2026-08-21,1,1,1,1
814,NBIL,stocks,GraniteShares ETF Trust GraniteShares 2x Long NBIS Daily ETF,fund,0,2025-10-07,,2025-10-07,2026-09-08,231,0.0,220,2025-10-07,2026-08-21,0,0,0,0
815,BIYA,stocks,Baiya International Group Inc. Ordinary Shares,common,0,2025-03-21,,2025-03-21,2026-09-08,368,0.0,357,2025-03-21,2026-08-21,1,1,0,0
816,ONFO,stocks,Onfolio Holdings Inc. Common Stock,common,0,2022-08-26,,2022-08-26,2026-09-08,1011,0.002967,1000,2022-08-26,2026-08-21,0,1,1,0
817,ROBN,stocks,T-Rex 2X Long HOOD Daily Target ETF,fund,0,2025-01-31,,2025-01-31,2026-09-08,402,0.0,391,2025-01-31,2026-08-21,0,0,0,0
818,DLLL,stocks,GraniteShares ETF Trust GraniteShares 2x Long DELL Daily ETF,fund,1,2025-02-13,,2025-02-13,2026-09-08,393,0.002545,382,2025-02-13,2026-08-21,0,0,0,0
819,CRCG,stocks,Themes ETF Trust Leverage Shares 2X Long CRCL Daily ETF,fund,0,2025-08-11,,2025-08-11,2026-09-08,271,0.0,260,2025-08-11,2026-08-21,0,0,0,0
820,TRIP,stocks,"TripAdvisor, Inc. Common Stock",common,0,2019-01-02,,2019-01-02,2026-09-08,1922,0.0,1907,2019-01-02,2026-08-04,1,1,1,1
821,FLY,stocks,Firefly Aerospace Inc. Common Stock,common,0,2019-01-02,,2019-01-02,2026-09-08,915,0.0,900,2019-01-02,2026-08-04,0,1,1,0
822,IREZ,stocks,Tradr 2X Short IREN Daily ETF,fund,0,2026-01-22,,2026-01-22,2026-09-08,158,0.0,147,2026-01-22,2026-08-21,0,0,0,0
823,METD,stocks,Direxion Shares ETF Trust Direxion Daily META Bear 1X ETF,fund,0,2024-06-05,,2024-06-05,2026-09-08,566,0.003534,555,2024-06-05,2026-08-21,0,0,1,0
824,DNLI,stocks,Denali Therapeutics Inc. Common Stock,common,1,2019-01-02,,2019-01-02,2026-09-08,1931,0.0,1920,2019-01-02,2026-08-21,1,1,1,1
825,NRIX,stocks,"Nurix Therapeutics, Inc. Common stock",common,0,2020-07-24,,2020-07-24,2026-09-08,1538,0.0,1527,2020-07-24,2026-08-21,1,1,1,1
826,GENI,stocks,Genius Sports Limited,common,0,2020-10-05,,2020-10-05,2026-09-08,1488,0.002016,1477,2020-10-05,2026-08-21,1,1,1,1
827,FIZZ,stocks,National Beverage Corp. Common Stock,common,0,2019-01-02,,2019-01-02,2026-09-08,1922,0.0,1907,2019-01-02,2026-08-04,1,1,1,1
828,CRML,stocks,Critical Metals Corp. Ordinary Shares,common,1,2022-02-07,,2022-02-07,2026-09-08,1150,0.256522,1139,2022-02-07,2026-08-21,1,1,0,0
829,TSHA,stocks,"Taysha Gene Therapies, Inc. Common Stock",common,0,2020-09-24,,2020-09-24,2026-09-08,1495,0.0,1484,2020-09-24,2026-08-21,1,1,1,1
830,KVYO,stocks,"Klaviyo, Inc.",common,0,2023-09-20,,2023-09-20,2026-09-08,744,0.0,733,2023-09-20,2026-08-21,0,1,1,0
831,CVI,stocks,"CVR ENERGY, INC.",common,0,2019-01-02,,2019-01-02,2026-09-08,1922,0.0,1907,2019-01-02,2026-08-04,1,1,1,1
832,DFNS,stocks,T3 Defense Inc. Common Stock,common,1,2020-07-22,,2020-07-22,2026-09-08,1540,0.287662,1529,2020-07-22,2026-08-21,1,1,0,0
833,GTM,stocks,ZoomInfo Technologies Inc Common Stock,common,0,2020-06-04,,2020-06-04,2026-09-08,1573,0.0,1562,2020-06-04,2026-08-21,1,1,1,1
834,PCT,stocks,"PureCycle Technologies, Inc. Common stock",common,1,2020-07-14,,2020-07-14,2026-09-08,1546,0.029754,1535,2020-07-14,2026-08-21,1,1,0,0
835,CBRG,stocks,Leverage Shares 2X Long CBRS Daily ETF,fund,0,2022-01-04,,2022-01-04,2026-09-08,802,0.587282,791,2022-01-04,2026-08-21,0,0,0,0
836,HAO,stocks,Haoxi Health Technology Limited Class A Ordinary Shares,common,0,2019-01-02,,2019-01-02,2026-09-08,939,0.00639,928,2019-01-02,2026-08-21,0,1,1,0
837,BHVN,stocks,Biohaven Ltd.,common,0,2019-01-02,,2019-01-02,2026-09-08,1922,0.0,1907,2019-01-02,2026-08-04,1,1,1,1
838,CRMG,stocks,Themes ETF Trust Leverage Shares 2X Long CRM Daily ETF,fund,0,2025-04-04,,2025-04-04,2026-09-08,358,0.002793,347,2025-04-04,2026-08-21,0,0,0,0
839,FA,stocks,First Advantage Corporation Common Stock,common,0,2021-06-23,,2021-06-23,2026-09-08,1308,0.0,1297,2021-06-23,2026-08-21,1,1,1,1
840,LPTH,stocks,"LightPath Technologies, Inc. Class A Common Stock",common,0,2019-01-02,,2019-01-02,2026-09-08,1922,0.0,1907,2019-01-02,2026-08-04,1,1,1,1
841,WDCX,stocks,Tradr 2X Long WDC Daily ETF,fund,0,2026-01-27,,2026-01-27,2026-09-08,155,0.0,144,2026-01-27,2026-08-21,0,0,0,0
842,NVCR,stocks,NovoCure Limited Ordinary Shares,common,0,2019-01-02,,2019-01-02,2026-09-08,1922,0.0,1907,2019-01-02,2026-08-04,1,1,1,1
843,NFXL,stocks,Direxion Shares ETF Trust Direxion Daily NFLX Bull 2X ETF,fund,0,2024-10-03,,2024-10-03,2026-09-08,483,0.0,472,2024-10-03,2026-08-21,0,0,0,0
844,AEVA,stocks,"Aeva Technologies, Inc. Common Stock",common,0,2020-02-27,,2020-02-27,2026-09-08,1616,0.028465,1605,2020-02-27,2026-08-21,1,1,0,0
845,CRCD,stocks,T-REX 2X Inverse CRCL Daily Target ETF,fund,0,2025-09-26,,2025-09-26,2026-09-08,238,0.0,227,2025-09-26,2026-08-21,0,0,0,0
846,AARD,stocks,"Aardvark Therapeutics, Inc. Common Stock",common,0,2025-02-13,,2025-02-13,2026-09-08,393,0.0,382,2025-02-13,2026-08-21,1,1,0,0
847,LGHL,stocks,Lion Group Holding Ltd. American Depositary Share,common,0,2020-06-17,,2020-06-17,2026-09-08,1564,0.0,1553,2020-06-17,2026-08-21,1,1,1,1
848,TNDM,stocks,"Tandem Diabetes Care, Inc. Common Stock",common,0,2019-01-02,,2019-01-02,2026-09-08,1922,0.0,1907,2019-01-02,2026-08-04,1,1,1,1
849,TGB,stocks,Trekor Metals Limited,common,1,2019-01-02,,2019-01-02,2026-09-08,1931,0.0,1920,2019-01-02,2026-08-21,1,1,1,1
850,ADBG,stocks,Themes ETF Trust Leverage Shares 2X Long ADBE Daily ETF,fund,0,2025-03-21,,2025-03-21,2026-09-08,368,0.0,357,2025-03-21,2026-08-21,0,0,0,0
851,JBIO,stocks,"Jade Biosciences, Inc. Common Stock",common,0,2021-06-30,,2021-06-30,2026-09-08,1303,0.0,1292,2021-06-30,2026-08-21,1,1,1,1
852,NVDQ,stocks,T-Rex 2X Inverse NVIDIA Daily Target ETF,fund,0,2023-10-19,,2023-10-19,2026-09-08,723,0.0,712,2023-10-19,2026-08-21,0,0,1,0
853,NVVE,stocks,Nuvve Holding Corp. Common Stock,common,0,2020-05-01,,2020-05-01,2026-08-18,1582,0.053097,1582,2020-05-01,2026-08-18,1,1,0,0
854,SPCG,stocks,Tradr 2X Short SpaceX Daily ETF,fund,0,2026-06-15,,2026-06-15,2026-09-08,59,0.0,48,2026-06-15,2026-08-21,0,0,0,0
855,SNAL,stocks,"Snail, Inc. Class A Common Stock",common,0,2022-11-10,,2022-11-10,2026-09-08,958,0.008351,947,2022-11-10,2026-08-21,1,1,1,1
856,REPL,stocks,"Replimune Group, Inc. Common Stock",common,1,2019-01-02,,2019-01-02,2026-09-08,1931,0.000518,1920,2019-01-02,2026-08-21,1,1,1,1
857,NBIG,stocks,Themes ETF Trust Leverage Shares 2X Long NBIS Daily ETF,fund,0,2025-10-27,,2025-10-27,2026-09-08,217,0.0,206,2025-10-27,2026-08-21,0,0,0,0
858,RGNX,stocks,REGENXBIO Inc. Common Stock,common,0,2019-01-02,,2019-01-02,2026-09-08,1922,0.0,1907,2019-01-02,2026-08-04,1,1,1,1
859,LZ,stocks,"LegalZoom.com, Inc. Common Stock",common,0,2021-06-30,,2021-06-30,2026-09-08,1303,0.0,1292,2021-06-30,2026-08-21,1,1,1,1
860,NBIZ,stocks,Tradr 2X Short NBIS Daily ETF,fund,0,2026-01-22,,2026-01-22,2026-09-08,158,0.0,147,2026-01-22,2026-08-21,0,0,0,0
861,CLOV,stocks,"Clover Health Investments, Corp. Class A Common Stock",common,0,2020-06-12,,2020-06-12,2026-09-08,1567,0.0,1556,2020-06-12,2026-08-21,1,1,1,1
862,SNDG,stocks,Leverage Shares 2X Long SNDK Daily ETF,fund,0,2026-05-12,,2026-05-12,2026-09-08,82,0.0,71,2026-05-12,2026-08-21,0,0,0,0
863,TDIC,stocks,Dreamland Limited Class A Ordinary Shares,common,0,2025-07-23,,2025-07-23,2026-09-08,284,0.0,273,2025-07-23,2026-08-21,0,1,0,0
864,NN,stocks,NextNav Inc. Common Stock,common,0,2020-11-02,,2020-11-02,2026-09-08,1468,0.004087,1457,2020-11-02,2026-08-21,1,1,1,1
865,PRCT,stocks,PROCEPT BioRobotics Corporation Common Stock,common,0,2021-09-15,,2021-09-15,2026-09-08,1250,0.0,1239,2021-09-15,2026-08-21,1,1,1,1
866,ALOY,stocks,REalloys Inc. Common Stock,common,0,2021-11-10,,2021-11-10,2026-09-08,1210,0.018182,1199,2021-11-10,2026-08-21,1,1,0,0
867,PRME,stocks,"Prime Medicine, Inc. Common Stock",common,0,2019-01-02,,2019-01-02,2026-09-08,1141,0.135846,1126,2019-01-02,2026-08-04,0,1,0,0
868,FAC,stocks,Factorial Energy Inc. Class A Common Stock,common,1,2025-06-24,,2025-06-24,2026-09-08,304,0.243421,293,2025-06-24,2026-08-21,1,1,0,0
869,JLHL,stocks,Julong Holding Limited Class A Ordinary Shares,common,0,2025-06-26,,2025-06-26,2026-09-08,302,0.003311,291,2025-06-26,2026-08-21,0,1,0,0
870,QDEL,stocks,QuidelOrtho Corporation Common Stock,common,0,2019-01-02,,2019-01-02,2026-09-08,1922,0.0,1907,2019-01-02,2026-08-04,0,1,1,0
871,TSLZ,stocks,T-Rex 2X Inverse Tesla Daily Target ETF,fund,0,2023-10-19,,2023-10-19,2026-09-08,723,0.0,712,2023-10-19,2026-08-21,0,0,1,0
872,ASAN,stocks,"Asana, Inc. Class A Common Stock",common,0,2020-09-30,,2020-09-30,2026-09-08,1491,0.0,1480,2020-09-30,2026-08-21,1,1,1,1
873,MMED,stocks,"MiniMed Group, Inc. Common Stock",common,0,2026-03-06,,2026-03-06,2026-09-08,128,0.0,117,2026-03-06,2026-08-21,0,1,0,0
874,APPS,stocks,"Digital Turbine, Inc. Common Stock",common,0,2019-01-02,,2019-01-02,2026-09-08,1931,0.0,1920,2019-01-02,2026-08-21,1,1,1,1
875,BEZ,stocks,Tradr 2X Short BE Daily ETF,fund,0,2026-02-11,,2026-02-11,2026-09-08,144,0.0,133,2026-02-11,2026-08-21,0,0,0,0
876,RLAY,stocks,"Relay Therapeutics, Inc. Common Stock",common,0,2020-07-16,,2020-07-16,2026-09-08,1544,0.0,1533,2020-07-16,2026-08-21,1,1,1,1
877,BETA,stocks,"Beta Technologies, Inc.",common,0,2025-11-04,,2025-11-04,2026-09-08,211,0.0,200,2025-11-04,2026-08-21,1,1,0,0
878,VELO,stocks,"Velo3D, Inc. Common Stock",common,0,2025-08-19,,2025-08-19,2026-09-08,265,0.0,254,2025-08-19,2026-08-21,1,1,0,0
879,EDBL,stocks,Edible Garden AG Incorporated Common Stock,common,1,2022-05-05,,2022-05-05,2026-09-08,1089,0.0,1078,2022-05-05,2026-08-21,1,1,1,1
880,BBAR,stocks,Banco BBVA Argentina S.A.,common,0,2019-01-02,,2019-01-02,2026-09-08,1922,0.0,1907,2019-01-02,2026-08-04,1,1,1,1
881,UPBD,stocks,"Upbound Group, Inc. Common Stock",common,0,2019-01-02,,2019-01-02,2026-09-08,1922,0.0,1907,2019-01-02,2026-08-04,1,1,1,1
882,ASPI,stocks,ASP Isotopes Inc. Common Stock,common,0,2022-11-10,,2022-11-10,2026-09-08,958,0.001044,947,2022-11-10,2026-08-21,1,1,1,1
883,RGTZ,stocks,Tidal Trust II Defiance Daily Target 2x Short RGTI ETF,fund,0,2025-10-09,,2025-10-09,2026-09-08,229,0.0,218,2025-10-09,2026-08-21,0,0,0,0
884,TENX,stocks,"Tenax Therapeutics, Inc. Common Stock",common,1,2019-01-02,,2019-01-02,2026-09-08,1931,0.0,1920,2019-01-02,2026-08-21,1,1,1,1
885,CORD,stocks,T-REX 2X Inverse CRWV Daily Target ETF,fund,0,2025-09-26,,2025-09-26,2026-09-08,238,0.0,227,2025-09-26,2026-08-21,0,0,0,0
886,FUBO,stocks,FuboTV Inc.,common,0,2020-10-08,,2020-10-08,2026-09-08,1485,0.0,1474,2020-10-08,2026-08-21,1,1,1,1
887,PHAT,stocks,"Phathom Pharmaceuticals, Inc. Common Stock",common,0,2019-10-25,,2019-10-25,2026-09-08,1725,0.0,1714,2019-10-25,2026-08-21,1,1,1,1
888,GRRR,stocks,Gorilla Technology Group Inc. Ordinary shares,common,0,2022-07-14,,2022-07-14,2026-09-08,1042,0.02975,1031,2022-07-14,2026-08-21,1,1,0,0
889,NAT,stocks,Nordic American Tanker,common,0,2019-01-02,,2019-01-02,2026-09-08,1922,0.00052,1907,2019-01-02,2026-08-04,1,1,1,1
890,TRVI,stocks,"Trevi Therapeutics, Inc. Common Stock",common,0,2019-05-07,,2019-05-07,2026-09-08,1845,0.003252,1834,2019-05-07,2026-08-21,1,1,1,1
891,SPCF,stocks,ProShares Ultra SpaceX,fund,1,2026-06-15,,2026-06-15,2026-09-08,59,0.0,48,2026-06-15,2026-08-21,0,0,0,0
892,SBH,stocks,"Sally Beauty Holdings, Inc.",common,0,2019-01-02,,2019-01-02,2026-09-08,1922,0.0,1907,2019-01-02,2026-08-04,1,1,1,1
893,NUAI,stocks,"New Era Energy & Digital, Inc. Common Stock",common,0,2022-01-06,,2022-01-06,2026-09-08,1150,0.393913,1139,2022-01-06,2026-08-21,0,1,0,0
894,MLCO,stocks,Melco Resorts & Entertainment Limited American Depositary Shares,common,0,2019-01-02,,2019-01-02,2026-09-08,1922,0.0,1907,2019-01-02,2026-08-04,1,1,1,1
895,SPCQ,stocks,Defiance Daily Target 2X Short SPCX ETF,fund,0,2026-06-15,,2026-06-15,2026-09-08,59,0.0,48,2026-06-15,2026-08-21,0,0,0,0
896,IREX,stocks,Tradr 2X Long IREN Daily ETF,fund,0,2025-10-23,,2025-10-23,2026-09-08,219,0.0,208,2025-10-23,2026-08-21,0,0,0,0
897,TOI,stocks,"The Oncology Institute, Inc. Common Stock",common,0,2020-06-04,,2020-06-04,2026-08-03,1548,0.052326,1548,2020-06-04,2026-08-03,1,1,0,0
898,OI,stocks,"O-I Glass, Inc.",common,0,2019-01-02,,2019-01-02,2026-09-08,1922,0.0,1907,2019-01-02,2026-08-04,1,1,1,1
899,CRCA,stocks,ProShares Ultra CRCL,fund,0,2025-08-07,,2025-08-07,2026-09-08,273,0.0,262,2025-08-07,2026-08-21,0,0,0,0
900,XPRO,stocks,Expro Group Holdings N.V.,common,0,2019-01-02,,2019-01-02,2026-09-08,1922,0.0,1907,2019-01-02,2026-08-04,1,1,1,1
901,LOFF,stocks,Direxion Daily SpaceX Bull 2X ETF,fund,0,2026-06-15,,2026-06-15,2026-09-08,59,0.0,48,2026-06-15,2026-08-21,0,0,0,0
902,WTI,stocks,"W&T Offshore, Inc.",common,0,2019-01-02,,2019-01-02,2026-09-08,1922,0.0,1907,2019-01-02,2026-08-04,1,1,1,1
903,EROC,stocks,"ERock, Inc.",common,0,2026-06-10,,2026-06-10,2026-09-08,62,0.0,51,2026-06-10,2026-08-21,0,1,0,0
904,SPIR,stocks,"Spire Global, Inc.",common,0,2020-11-03,,2020-11-03,2026-09-08,1467,0.00409,1456,2020-11-03,2026-08-21,1,1,1,1
905,ARX,stocks,Accelerant Holdings,common,0,2025-07-24,,2025-07-24,2026-09-08,283,0.0,272,2025-07-24,2026-08-21,1,1,0,0
906,SMPL,stocks,The Simply Good Foods Company Common Stock,common,0,2019-01-02,,2019-01-02,2026-09-08,1922,0.0,1907,2019-01-02,2026-08-04,1,1,1,1
907,UPWK,stocks,Upwork Inc. Common Stock,common,0,2019-01-02,,2019-01-02,2026-09-08,1922,0.0,1907,2019-01-02,2026-08-04,1,1,1,1
908,PD,stocks,"PagerDuty, Inc.",common,0,2019-04-11,,2019-04-11,2026-09-08,1862,0.0,1851,2019-04-11,2026-08-21,1,1,1,1
909,KC,stocks,Kingsoft Cloud Holdings Limited American Depositary Shares,common,0,2020-05-08,,2020-05-08,2026-09-08,1591,0.0,1580,2020-05-08,2026-08-21,1,1,1,1
910,AMIX,stocks,"Autonomix Medical, Inc. Common Stock",common,0,2024-01-29,,2024-01-29,2026-09-08,655,0.0,644,2024-01-29,2026-08-21,1,1,1,1
911,CMBT,stocks,CMB.TECH NV,common,0,2019-01-02,,2019-01-02,2026-09-08,1922,0.0,1907,2019-01-02,2026-08-04,1,1,1,1
912,QBTX,stocks,Tradr 2X Long QBTS Daily ETF,fund,0,2025-04-25,,2025-04-25,2026-09-08,344,0.0,333,2025-04-25,2026-08-21,0,0,0,0
913,NRGV,stocks,"Energy Vault Holdings, Inc.",common,0,2021-03-29,,2021-03-29,2026-09-08,1368,0.006579,1357,2021-03-29,2026-08-21,1,1,1,1
914,SLDB,stocks,Solid Biosciences Inc. Common Stock,common,1,2019-01-02,,2019-01-02,2026-09-08,1931,0.0,1920,2019-01-02,2026-08-21,1,1,1,1
915,KURA,stocks,"Kura Oncology, Inc. Common Stock",common,0,2019-01-02,,2019-01-02,2026-09-08,1922,0.0,1907,2019-01-02,2026-08-04,1,1,1,1
916,KYTX,stocks,"Kyverna Therapeutics, Inc. Common Stock",common,0,2024-02-08,,2024-02-08,2026-09-08,647,0.0,636,2024-02-08,2026-08-21,0,1,1,0
917,INDI,stocks,"indie Semiconductor, Inc. Class A Common Stock",common,0,2019-10-04,,2019-10-04,2026-09-08,1740,0.059195,1729,2019-10-04,2026-08-21,1,1,0,0
918,APLX,stocks,Tradr 2X Long APLD Daily ETF,fund,0,2025-09-09,,2025-09-09,2026-09-08,251,0.0,240,2025-09-09,2026-08-21,0,0,0,0
919,ABUS,stocks,Arbutus Biopharma Corporation Common Stock,common,1,2019-01-02,,2019-01-02,2026-09-08,1931,0.0,1920,2019-01-02,2026-08-21,1,1,1,1
920,IMSR,stocks,Terrestrial Energy Inc. Common Stock,common,0,2024-10-10,,2024-10-10,2026-09-08,478,0.08159,467,2024-10-10,2026-08-21,1,1,0,0
921,SSG,stocks,ProShares UltraShort Semiconductors,fund,0,2019-05-24,,2019-05-24,2026-09-08,1832,0.003275,1821,2019-05-24,2026-08-21,0,0,1,0
922,SPAX,stocks,T-REX 2X Long SPCX Daily Target ETF,fund,0,2021-06-23,,2021-06-23,2026-09-08,1011,0.292779,1000,2021-06-23,2026-08-21,0,0,0,0
923,GNW,stocks,"Genworth Financial, Inc.",common,0,2019-01-02,,2019-01-02,2026-09-08,1922,0.001041,1907,2019-01-02,2026-08-04,1,1,1,1
924,GPUS,stocks,"Hyperscale Data, Inc.",common,1,2023-01-03,,2023-01-03,2026-09-08,920,0.003261,910,2023-01-03,2026-08-19,1,1,1,1
925,ETHT,stocks,ProShares Ultra Ether ETF,fund,0,2024-06-07,,2024-06-07,2026-09-08,564,0.0,553,2024-06-07,2026-08-21,0,0,1,0
926,SIVEF,stocks,SIVERS SEMICONDUCTORS AB SHS (Sweden),common,0,2026-07-14,,,,0,0.0,0,,,0,0,0,0
927,SECZ,stocks,Securitize Corp.,common,0,2025-05-02,,2025-05-02,2026-09-08,339,0.0,328,2025-05-02,2026-08-21,1,1,0,0
928,PLBL,stocks,Polibeli Group Ltd Class A Ordinary Shares,common,0,2024-07-30,,2024-07-30,2026-09-08,529,0.249527,518,2024-07-30,2026-08-21,0,1,0,0
929,BSBR,stocks,BANCO SANTANDER (BRASIL) SA,common,1,2019-01-02,,2019-01-02,2026-09-08,1931,0.0,1920,2019-01-02,2026-08-21,1,1,1,1
930,AMPG,stocks,"Amplitech Group, Inc. Common Stock",common,0,2021-02-17,,2021-02-17,2026-09-08,1396,0.0,1385,2021-02-17,2026-08-21,1,1,1,1
931,CRE,stocks,Cre8 Enterprise Limited Class A Ordinary Shares,common,0,2025-07-23,,2025-07-23,2026-09-08,284,0.0,273,2025-07-23,2026-08-21,1,1,0,0
932,BMNU,stocks,T-REX 2X Long BMNR Daily Target ETF,fund,0,2025-09-26,,2025-09-26,2026-09-08,238,0.0,227,2025-09-26,2026-08-21,0,0,0,0
933,STTK,stocks,"Shattuck Labs, Inc. Common Stock",common,0,2020-10-09,,2020-10-09,2026-09-08,1484,0.0,1473,2020-10-09,2026-08-21,1,1,1,1
934,CDZI,stocks,"CADIZ, Inc. Common Stock",common,0,2019-01-02,,2019-01-02,2026-09-08,1922,0.0,1907,2019-01-02,2026-08-04,1,1,1,1
935,ACDC,stocks,ProFrac Holding Corp. Class A Common Stock,common,0,2022-05-13,,2022-05-13,2026-09-08,1083,0.0,1072,2022-05-13,2026-08-21,0,1,1,0
936,ABTC,stocks,American Bitcoin Corp. Class A Common Stock,common,0,2019-01-02,,2019-01-02,2026-09-08,1931,0.000518,1920,2019-01-02,2026-08-21,1,1,1,1
937,SMWB,stocks,Similarweb Ltd.,common,0,2021-05-12,,2021-05-12,2026-09-08,1337,0.0,1326,2021-05-12,2026-08-21,1,1,1,1
938,ASTN,stocks,Defiance Daily Target 2X Short ASTS ETF,fund,1,2026-02-06,,2026-02-06,2026-09-08,147,0.0,136,2026-02-06,2026-08-21,0,0,0,0
939,SMU,stocks,Tradr 2X Long SMR Daily ETF,fund,0,2025-07-11,,2025-07-11,2026-09-08,292,0.0,281,2025-07-11,2026-08-21,0,0,0,0
940,SUNE,stocks,"SUNation Energy, Inc. Common Stock",common,0,2019-01-02,,2019-01-02,2026-09-08,1931,0.001036,1920,2019-01-02,2026-08-21,1,1,1,1
941,RZLT,stocks,"Rezolute, Inc. Common Stock (NV)",common,0,2020-11-09,,2020-11-09,2026-09-08,1463,0.005468,1452,2020-11-09,2026-08-21,1,1,1,1
942,CCCC,stocks,"C4 Therapeutics, Inc. Common Stock",common,0,2020-10-02,,2020-10-02,2026-09-08,1489,0.0,1478,2020-10-02,2026-08-21,1,1,1,1
943,OBE,stocks,Obsidian Energy Ltd.,common,1,2019-01-02,,2019-01-02,2026-09-08,1470,0.0,1459,2019-01-02,2026-08-21,1,1,1,1
944,CRWU,stocks,T-REX 2X Long CRWV Daily Target ETF,fund,0,2025-07-25,,2025-07-25,2026-09-08,282,0.0,271,2025-07-25,2026-08-21,0,0,0,0
945,PLTK,stocks,Playtika Holding Corp. Common Stock,common,0,2021-01-15,,2021-01-15,2026-09-08,1417,0.0,1406,2021-01-15,2026-08-21,1,1,1,1
946,DNA,stocks,"Ginkgo Bioworks Holdings, Inc.",common,0,2021-04-19,,2021-04-19,2026-09-08,1354,0.0,1343,2021-04-19,2026-08-21,1,1,1,1
947,DXC,stocks,DXC Technology Company,common,0,2019-01-02,,2019-01-02,2026-09-08,1922,0.0,1907,2019-01-02,2026-08-04,1,1,1,1
948,PYPG,stocks,Themes ETF Trust Leverage Shares 2X Long PYPL Daily ETF,fund,1,2025-04-04,,2025-04-04,2026-09-08,358,0.002793,347,2025-04-04,2026-08-21,0,0,0,0
949,CXM,stocks,"Sprinklr, Inc.",common,0,2021-06-23,,2021-06-23,2026-09-08,1308,0.0,1297,2021-06-23,2026-08-21,1,1,1,1
950,GMM,stocks,Global Mofy AI Limited Class A Ordinary Shares,common,0,2023-10-10,,2023-10-10,2026-09-08,730,0.00137,719,2023-10-10,2026-08-21,1,1,1,1
951,WEAV,stocks,"Weave Communications, Inc.",common,0,2021-11-11,,2021-11-11,2026-09-08,1209,0.0,1198,2021-11-11,2026-08-21,1,1,1,1
952,TVRD,stocks,"Tvardi Therapeutics, Inc. Common Stock",common,0,2019-01-02,,2019-01-02,2026-09-08,1931,0.0,1920,2019-01-02,2026-08-21,1,1,1,1
953,EVH,stocks,"Evolent Health, Inc Class A Common Stock",common,0,2019-01-02,,2019-01-02,2026-09-08,1922,0.0,1907,2019-01-02,2026-08-04,1,1,1,1
954,QBTZ,stocks,Tidal Trust II Defiance Daily Target 2x Short QBTS ETF,fund,1,2025-10-07,,2025-10-07,2026-09-08,231,0.0,220,2025-10-07,2026-08-21,0,0,0,0
955,LRMR,stocks,"Larimar Therapeutics, Inc. Common Stock",common,0,2019-01-02,,2019-01-02,2026-09-08,1931,0.000518,1920,2019-01-02,2026-08-21,1,1,1,1
956,CATX,stocks,"Perspective Therapeutics, Inc.",common,0,2019-01-02,,2019-01-02,2026-09-08,1922,0.0,1907,2019-01-02,2026-08-04,1,1,1,1
957,GLOO,stocks,"Gloo Holdings, Inc. Class A Common Stock",common,0,2025-11-19,,2025-11-19,2026-09-08,200,0.0,189,2025-11-19,2026-08-21,1,1,0,0
958,AIIO,stocks,Robo.ai Inc. Class B Ordinary Shares,common,0,2020-03-20,,2020-03-20,2026-09-08,1625,0.048615,1614,2020-03-20,2026-08-21,1,1,0,0
959,USOY,stocks,Tidal Trust II Defiance Oil Enhanced Options Income ETF,fund,0,2024-05-10,,2024-05-10,2026-09-08,583,0.0,572,2024-05-10,2026-08-21,0,0,1,0
960,MRVI,stocks,"Maravai LifeSciences Holdings, Inc. Class A Common Stock",common,1,2020-11-20,,2020-11-20,2026-09-08,1454,0.0,1443,2020-11-20,2026-08-21,1,1,1,1
961,RCKT,stocks,"Rocket Pharmaceuticals, Inc. Common Stock",common,0,2019-01-02,,2019-01-02,2026-09-08,1922,0.0,1907,2019-01-02,2026-08-04,1,1,1,1
962,ONDL,stocks,Defiance Daily Target 2X Long ONDS ETF,fund,0,2025-12-30,,2025-12-30,2026-09-08,173,0.0,162,2025-12-30,2026-08-21,0,0,0,0
963,DGXX,stocks,Digi Power X Inc. Subordinate Voting Shares,common,0,2021-11-15,,2021-11-15,2026-09-08,1207,0.0,1196,2021-11-15,2026-08-21,1,1,1,1
964,BURU,stocks,"Nuburu, Inc.",common,0,2023-02-01,2026-07-17,2023-02-01,2026-07-17,834,0.010791,834,2023-02-01,2026-07-17,1,1,0,0
965,LWLG,stocks,"Lightwave Logic, Inc. Common Stock",common,0,2021-09-01,,2021-09-01,2026-09-08,1259,0.0,1248,2021-09-01,2026-08-21,1,1,1,1
966,VRAX,stocks,Virax Biolabs Group Limited Ordinary Shares,common,0,2022-07-21,,2022-07-21,2026-09-08,1037,0.000964,1026,2022-07-21,2026-08-21,0,1,1,0
967,NB,stocks,NioCorp Developments Ltd. Common Stock,common,0,2023-03-21,,2023-03-21,2026-09-08,870,0.0,859,2023-03-21,2026-08-21,1,1,1,1
968,KOPN,stocks,Kopin Corporation Common Stock,common,0,2019-01-02,,2019-01-02,2026-09-08,1922,0.0,1907,2019-01-02,2026-08-04,1,1,1,1
969,ZNTL,stocks,"Zentalis Pharmaceuticals, Inc. Common Stock",common,0,2020-04-03,,2020-04-03,2026-09-08,1615,0.0,1604,2020-04-03,2026-08-21,1,1,1,1
970,OPRT,stocks,Oportun Financial Corporation Common Stock,common,0,2019-09-26,,2019-09-26,2026-09-08,1746,0.0,1735,2019-09-26,2026-08-21,1,1,1,1
971,ZURA,stocks,Zura Bio Limited Class A Ordinary Shares,common,0,2023-03-21,,2023-03-21,2026-09-08,870,0.0,859,2023-03-21,2026-08-21,1,1,1,1
972,GALT,stocks,Galectin Therapeutics Inc. Common Stock,common,0,2019-01-02,,2019-01-02,2026-09-08,1922,0.0,1907,2019-01-02,2026-08-04,1,1,1,1
973,HYLN,stocks,Hyliion Holdings Corp.,common,0,2019-04-22,,2019-04-22,2026-09-08,1856,0.094289,1845,2019-04-22,2026-08-21,1,1,0,0
974,VIVO,stocks,VivoPower PLC Class A Ordinary Shares,common,0,2019-01-02,,2019-01-02,2026-09-08,1922,0.001041,1907,2019-01-02,2026-08-04,1,1,1,1
975,DWSN,stocks,Dawson Geophysical Company Common Stock,common,0,2019-01-02,,2019-01-02,2026-09-08,1922,0.039542,1907,2019-01-02,2026-08-04,1,1,0,0
976,CPOP,stocks,"Pop Culture Group Co., Ltd Class A Ordinary Shares",common,1,2021-06-30,,2021-06-30,2026-09-08,1303,0.000767,1292,2021-06-30,2026-08-21,1,1,1,1
977,SHMD,stocks,SCHMID Group N.V. Class A Ordinary Shares,common,0,2021-12-13,,2021-12-13,2026-09-08,1188,0.315657,1177,2021-12-13,2026-08-21,1,1,0,0
978,BTQ,stocks,BTQ Technologies Corp. Common Stock,common,0,2025-09-26,,2025-09-26,2026-09-08,238,0.0,227,2025-09-26,2026-08-21,0,1,0,0
979,ELDN,stocks,"Eledon Pharmaceuticals, Inc. Common Stock",common,0,2019-01-02,,2019-01-02,2026-09-08,1931,0.000518,1920,2019-01-02,2026-08-21,1,1,1,1
980,INLF,stocks,INLIF LIMITED Class A Ordinary Shares,common,0,2025-01-02,,2025-01-02,2026-09-08,421,0.002375,410,2025-01-02,2026-08-21,0,1,0,0
981,EOSER,stocks,"Eos Energy Enterprises, Inc. Right",suffix-R,0,2026-07-06,2026-07-20,2026-07-06,2026-07-20,11,0.0,11,2026-07-06,2026-07-20,1,1,0,0
982,INV,stocks,"Innventure, Inc. Common Stock",common,0,2021-11-29,,2021-11-29,2026-09-08,1198,0.373122,1187,2021-11-29,2026-08-21,0,1,0,0
983,CSAN,stocks,Cosan S.A. American Depositary Shares (each representing four Common Shares),common,0,2021-03-11,,2021-03-11,2026-09-08,1380,0.0,1369,2021-03-11,2026-08-21,1,1,1,1
984,AGNT,stocks,"AGNT, Inc. Common Stock",common,0,2019-01-02,,2019-01-02,2026-09-08,1931,0.0,1920,2019-01-02,2026-08-21,1,1,1,1
985,FWDI,stocks,"Forward Industries, Inc. Common Stock",common,0,2019-01-02,,2019-01-02,2026-09-08,1922,0.00052,1907,2019-01-02,2026-08-04,1,1,1,1
986,YHC,stocks,LQR House Inc. Common Stock,common,1,2023-08-10,,2023-08-10,2026-09-08,772,0.0,761,2023-08-10,2026-08-21,1,1,1,1
987,AACIW,stocks,Armada Acquisition Corp. III Warrant,suffix-W,0,2021-11-11,,2021-11-11,2026-09-08,888,0.43018,881,2021-11-11,2026-08-18,1,1,0,0
988,ASTLW,stocks,Algoma Steel Group Inc. Warrant,suffix-W,0,2021-03-04,,2021-03-04,2026-09-08,1385,0.048375,1374,2021-03-04,2026-08-21,1,1,0,0
989,BNBX,stocks,BNB Plus Corp. Common Stock,common,0,2019-01-02,,2019-01-02,2026-08-03,1906,0.00787,1906,2019-01-02,2026-08-03,1,1,1,1
990,CELUW,stocks,Celularity Inc. Warrant,suffix-W,0,2019-07-19,2026-07-21,2019-07-19,2026-07-21,1760,0.278977,1760,2019-07-19,2026-07-21,1,1,0,0
991,DFSCW,stocks,DEFSEC Technologies Inc. Warrant,suffix-W,0,2022-12-07,,2022-12-07,2026-09-08,934,0.589936,929,2022-12-07,2026-08-21,1,1,0,0
992,FACWW,stocks,Factorial Energy Inc. Warrant,suffix-W,0,2025-06-24,,2025-06-24,2026-09-08,303,0.207921,293,2025-06-24,2026-08-21,0,1,0,0
993,GIBOW,stocks,GIBO Holdings Limited Warrants,suffix-W,0,2023-08-21,,2023-08-21,2026-09-08,712,0.671348,710,2023-08-21,2026-08-21,1,1,0,0
994,HDRNW,stocks,"Hadron Energy, Inc. Warrant",suffix-W,0,2021-04-01,,2021-04-01,2026-09-08,672,0.215774,662,2021-04-01,2026-08-21,0,1,0,0
995,MIMI,stocks,Mint Incorporation Limited Class A Ordinary Shares,common,0,2025-01-10,,2025-01-10,2026-09-08,416,0.0,405,2025-01-10,2026-08-21,0,1,0,0
996,MRNOW,stocks,Murano Global Investments PLC Warrants,suffix-W,0,2022-03-14,,2022-03-14,2026-09-08,1125,0.434667,1115,2022-03-14,2026-08-21,0,1,0,0
997,MVSTW,stocks,"Microvast Holdings, Inc. Warrants",suffix-W,0,2019-03-27,2026-07-22,2019-03-27,2026-07-22,1840,0.080435,1840,2019-03-27,2026-07-22,1,1,0,0
998,NRSNW,stocks,NeuroSense Therapeutics Ltd. Warrant,suffix-W,0,2021-12-09,,2021-12-09,2026-09-02,1183,0.478445,1177,2021-12-09,2026-08-21,0,1,0,0
999,QTEXW,stocks,QTREX Quantum Ltd. Warrant,suffix-W,0,2021-07-14,2026-07-15,2021-07-14,2026-07-15,1256,0.386943,1256,2021-07-14,2026-07-15,1,1,0,0
1000,VLN.WS,stocks,"Valens Semiconductor Ltd. Warrants, each warrant to purchase one-half of one Ordinary Share",common,0,2021-09-30,2026-07-24,2021-09-30,2026-07-24,1208,0.154801,1208,2021-09-30,2026-07-24,0,0,0,0
1001,GGROW,stocks,Gogoro Inc. Warrant,suffix-W,0,2021-03-01,,2021-03-01,2026-08-27,1378,0.17344,1375,2021-03-01,2026-08-21,1,1,0,0
1002,MTNB,stocks,"Matinas BioPharma Holdings, Inc.",common,0,2019-01-02,,2019-01-02,2026-09-08,1922,0.001561,1907,2019-01-02,2026-08-04,1,1,1,1
1003,RQI.RT,stocks,"Cohen & Steers Quality Income Realty Fund, Inc. Rights (expiring July 15, 2026)",fund,0,2020-01-21,2026-07-14,2020-01-21,2026-07-14,33,0.0,33,2020-01-21,2026-07-14,0,0,0,0
1004,ALPXW,stocks,Alpex Acquisition Corporation Warrants,suffix-W,1,2026-07-07,,2026-07-07,2026-09-04,34,0.705882,32,2026-07-07,2026-08-19,1,1,0,0
1005,DAICW,stocks,"CID HoldCo, Inc. Warrants",suffix-W,0,2025-06-23,,2025-06-23,2026-09-08,305,0.193443,294,2025-06-23,2026-08-21,1,1,0,0
1006,EVLVW,stocks,"Evolv Technologies Holdings, Inc. Warrant",suffix-W,0,2020-09-22,2026-07-16,2020-09-22,2026-07-16,1460,0.05,1460,2020-09-22,2026-07-16,1,1,0,0
1007,FFAIW,stocks,Faraday Future Intelligent Electric Inc. Warrant,suffix-W,0,2020-08-28,2026-07-20,2020-08-28,2026-07-20,1478,0.011502,1478,2020-08-28,2026-07-20,1,1,0,0
1008,HSCSW,stocks,HeartSciences Inc. Warrant,suffix-W,0,2022-06-15,,2022-06-15,2026-09-08,1004,0.625498,998,2022-06-15,2026-08-20,0,1,0,0
1009,JEM,stocks,707 Cayman Holdings Limited Ordinary Shares,common,0,2025-06-09,,2025-06-09,2026-09-08,314,0.0,303,2025-06-09,2026-08-21,0,1,0,0
1010,MDCXW,stocks,Medicus Pharma Ltd. Warrant,suffix-W,0,2024-11-14,,2024-11-14,2026-09-04,443,0.325056,439,2024-11-14,2026-08-18,1,1,0,0
1011,NVA.WS,stocks,Nova Minerals Corp Warrants to Purchase Common Stock,common,0,2026-06-18,,2026-06-18,2026-09-08,54,0.111111,44,2026-06-18,2026-08-20,0,0,0,0
1012,OPFI.WS,stocks,"OppFi Inc. Warrants, each whole warrant exercisable for one share of Class A common stock at an exercise price of $11.50 per share",common,0,2021-07-21,2026-07-17,2021-07-21,2026-07-17,1253,0.109338,1253,2021-07-21,2026-07-17,0,0,0,0
1013,RVSNW,stocks,Rail Vision Ltd. Warrant,suffix-W,0,2022-03-31,,2022-03-31,2026-09-08,1107,0.431798,1100,2022-03-31,2026-08-19,1,1,0,0
1014,CDIOW,stocks,Cardio Diagnostics Holdings Inc. Warrant,suffix-W,0,2022-01-14,,2022-01-14,2026-09-04,1160,0.369828,1152,2022-01-14,2026-08-20,0,1,0,0
1015,RDACR,stocks,Rising Dragon Acquisition Corp. Rights,suffix-R,0,2024-12-02,,2024-12-02,2026-09-08,413,0.694915,408,2024-12-02,2026-08-21,1,1,0,0
1016,AENTW,stocks,Alliance Entertainment Holding Corporation Warrant,suffix-W,0,2023-06-30,,2023-06-30,2026-09-08,795,0.340881,788,2023-06-30,2026-08-20,1,1,0,0
1017,AFJK,stocks,"Aimei Health Technology Co., Ltd Ordinary Share",common,0,2024-01-22,,2024-01-22,2026-09-08,659,0.473445,649,2024-01-22,2026-08-21,1,1,0,0
1018,AFJKR,stocks,"Aimei Health Technology Co., Ltd Right",suffix-R,0,2024-01-22,,2024-01-22,2026-09-04,561,0.586453,555,2024-01-22,2026-08-21,1,1,0,0
1019,BYRN,stocks,"Byrna Technologies, Inc. Common Stock",common,0,2021-05-05,,2021-05-05,2026-09-08,1342,0.0,1331,2021-05-05,2026-08-21,1,1,1,1
1020,FGIWW,stocks,FGI Industries Ltd. Warrant,suffix-W,0,2022-01-25,,2022-01-25,2026-09-01,1037,0.634523,1031,2022-01-25,2026-08-21,0,1,0,0
1021,LASC,stocks,Corgi LASR 2x Daily ETF,fund,0,2026-06-24,,2026-06-24,2026-09-08,53,0.018868,42,2026-06-24,2026-08-21,0,0,0,0
1022,NXGLW,stocks,"NexGel, Inc Warrant",suffix-W,1,2021-12-22,,2021-12-22,2026-09-04,1174,0.505963,1169,2021-12-22,2026-08-21,1,1,0,0
1023,RNWWW,stocks,ReNew Energy Global plc Warrant,suffix-W,0,2021-02-01,,2021-02-01,2026-08-21,1396,0.200573,1396,2021-02-01,2026-08-21,1,1,0,0
1024,WGSWW,stocks,GeneDx Holdings Corp. Warrant,suffix-W,0,2020-10-29,2026-07-21,2020-10-29,2026-07-21,1436,0.056407,1436,2020-10-29,2026-07-21,1,1,0,0
1025,WRAP,stocks,"Wrap Technologies, Inc. Common Stock",common,0,2019-01-02,,2019-01-02,2026-09-08,1922,0.0,1907,2019-01-02,2026-08-04,1,1,1,1
1026,LUCYW,stocks,"Innovative Eyewear, Inc. Series A Warrants 8/16/27",suffix-W,0,2022-08-15,,2022-08-15,2026-09-08,1019,0.418057,1008,2022-08-15,2026-08-21,0,1,0,0
1027,QSEAR,stocks,Quartzsea Acquisition Corporation Rights,suffix-R,0,2025-05-12,,2025-05-12,2026-09-03,325,0.769231,320,2025-05-12,2026-08-19,1,1,0,0
1028,APLMW,stocks,Apollomics Inc. Warrant,suffix-W,0,2021-11-26,,2021-11-26,2026-09-04,1197,0.371763,1188,2021-11-26,2026-08-21,1,1,0,0
1029,BKYI,stocks,"BIO-key International, Inc. Common Stock",common,1,2026-07-08,,2026-07-08,2026-09-08,44,0.0,33,2026-07-08,2026-08-21,1,1,0,0
1030,BZFDW,stocks,"BuzzFeed, Inc. Warrant",suffix-W,0,2021-03-05,,2021-03-05,2026-09-08,1381,0.222303,1372,2021-03-05,2026-08-20,1,1,0,0
1031,ERNAW,stocks,Ernexa Therapeutics Inc. Warrants,suffix-W,0,2026-02-06,,2026-02-06,2026-09-08,147,0.29932,136,2026-02-06,2026-08-21,1,1,0,0
1032,ONFOW,stocks,Onfolio Holdings Inc. Warrant,suffix-W,0,2022-08-26,,2022-08-26,2026-09-08,1011,0.46093,1000,2022-08-26,2026-08-21,0,1,0,0
1033,RSVRW,stocks,"Reservoir Media, Inc. Warrant",suffix-W,0,2021-01-07,2026-07-27,2021-01-07,2026-07-27,1393,0.377602,1393,2021-01-07,2026-07-27,1,1,0,0
1034,SDOT,stocks,Sadot Group Inc. Common Stock,common,0,2020-02-13,,2020-02-13,2026-09-08,1650,0.000606,1639,2020-02-13,2026-08-21,1,1,1,1
1035,SRZNW,stocks,"Surrozen, Inc. Warrant",suffix-W,0,2021-08-12,,2021-08-12,2026-08-07,1252,0.572684,1252,2021-08-12,2026-08-07,1,1,0,0
1036,VEEAW,stocks,Veea Inc. Warrant,suffix-W,0,2021-05-06,,2021-05-06,2026-09-08,1334,0.456522,1327,2021-05-06,2026-08-18,1,1,0,0
1037,ANSCW,stocks,Agriculture & Natural Solutions Acquisition Corporation Warrant,suffix-W,0,2024-01-03,,2024-01-03,2026-08-12,654,0.506116,654,2024-01-03,2026-08-12,1,1,0,0
1038,APMI,stocks,Corgi AMAT 2x Daily ETF,fund,0,2021-10-06,,2021-10-06,2026-09-08,514,0.605058,503,2021-10-06,2026-08-21,0,0,0,0
1039,BRKL,stocks,Corgi BRKB 2x Daily ETF,fund,0,2019-01-02,,2019-01-02,2026-09-08,1711,0.012274,1696,2019-01-02,2026-08-04,0,0,0,0
1040,CGTL,stocks,Creative Global Technology Holdings Limited Class A Ordinary Shares,common,0,2024-11-26,,2024-11-26,2026-09-08,445,0.002247,434,2024-11-26,2026-08-21,1,1,0,0
1041,CIR,stocks,Corgi CRCL 2x Daily ETF,fund,0,2019-01-02,,2019-01-02,2026-09-08,1252,0.007987,1241,2019-01-02,2026-08-21,0,0,1,0
1042,NVNIW,stocks,Nvni Group Limited Warrants,suffix-W,0,2021-12-29,,2021-12-29,2026-09-04,1168,0.464041,1165,2021-12-29,2026-08-20,0,1,0,0
1043,OXBRW,stocks,Oxbridge Re Holdings Limited Warrant expiring 3/26/2029,suffix-W,0,2019-01-02,,2019-01-02,2026-09-08,1913,0.435442,1909,2019-01-02,2026-08-06,1,1,0,0
1044,SABSW,stocks,"SAB Biotherapeutics, Inc. Warrant",suffix-W,0,2021-02-09,,2021-02-09,2026-09-08,1400,0.292143,1390,2021-02-09,2026-08-21,1,1,0,0
1045,TEUP,stocks,T-REX 2X Long TE Daily Target ETF,fund,0,2026-05-29,,2026-05-29,2026-09-08,70,0.0,59,2026-05-29,2026-08-21,0,0,0,0
1046,WLDSW,stocks,Wearable Devices Ltd. Warrant,suffix-W,0,2022-09-13,,2022-09-13,2026-09-04,987,0.483283,986,2022-09-13,2026-08-18,1,1,0,0
1047,BGLWW,stocks,Blue Gold Limited Warrant,suffix-W,0,2025-06-26,,2025-06-26,2026-09-08,302,0.05298,291,2025-06-26,2026-08-21,1,1,0,0
1048,IVDAW,stocks,"Iveda Solutions, Inc. Warrant",suffix-W,0,2022-04-01,,2022-04-01,2026-08-31,1084,0.546125,1081,2022-04-01,2026-08-21,1,1,0,0
1049,ALAR,stocks,Alarum Technologies Ltd. American Depositary Share,common,0,2019-01-02,,2019-01-02,2026-09-08,1931,0.0,1920,2019-01-02,2026-08-21,1,1,1,1
1050,BRLSW,stocks,Borealis Foods Inc. Warrant,suffix-W,0,2021-10-06,,2021-10-06,2026-09-08,1231,0.351747,1224,2021-10-06,2026-08-21,1,1,0,0
1051,FXHO,stocks,UTime Limited Class A Ordinary Shares,common,0,2021-04-06,,2021-04-06,2026-09-08,1363,0.0,1352,2021-04-06,2026-08-21,1,1,1,1
1052,LIDRW,stocks,"AEye, Inc. Warrant",suffix-W,0,2021-01-06,,2021-01-06,2026-08-13,1407,0.115849,1407,2021-01-06,2026-08-13,1,1,0,0
1053,MVO,stocks,MV Oil Trust,common,1,2019-01-02,2026-07-24,2019-01-02,2026-07-24,1900,0.000526,1900,2019-01-02,2026-07-24,0,1,1,0
1054,PEW.WS,stocks,"GrabAGun Digital Holdings Inc. Warrants, each whole warrant exercisable to purchase one share of Common Stock at an exercise price of $11.50 per share",common,0,2025-07-16,,2025-07-16,2026-09-08,287,0.076655,278,2025-07-16,2026-08-21,0,0,0,0
1055,SAIHW,stocks,SAIHEAT Limited Warrant,suffix-W,0,2021-06-28,,2021-06-28,2026-09-02,1295,0.643243,1288,2021-06-28,2026-08-21,1,1,0,0
1056,SRXH,stocks,SRX Global Inc,common,0,2021-06-29,,2021-06-29,2026-09-08,1304,0.006135,1293,2021-06-29,2026-08-21,1,1,1,1
1057,ZCMD,stocks,Zhongchao Inc. Class A Ordinary Shares,common,1,2020-02-24,,2020-02-24,2026-09-08,1644,0.023114,1633,2020-02-24,2026-08-21,1,1,0,0
1058,KTTAW,stocks,Pasithea Therapeutics Corp. Warrant,suffix-W,0,2021-09-15,,2021-09-15,2026-09-02,1240,0.587903,1236,2021-09-15,2026-08-18,1,1,0,0
1059,NIVFW,stocks,NewGenIvf Group Limited Warrants,suffix-W,0,2022-03-17,,2022-03-17,2026-09-04,1111,0.579658,1109,2022-03-17,2026-08-18,0,1,0,0
1060,ACLZ,stocks,Corgi ACLS 2x Daily ETF,fund,0,2026-06-24,,2026-06-24,2026-09-08,53,0.509434,42,2026-06-24,2026-08-21,0,0,0,0
1061,AMPGR,stocks,"Amplitech Group, Inc. Series A Right",suffix-R,0,2026-02-03,2026-07-20,2026-02-03,2026-07-20,115,0.217391,115,2026-02-03,2026-07-20,1,1,0,0
1062,BNCWZ,stocks,CEA Industries Inc. Warrant,common,0,2026-04-15,,2026-04-15,2026-09-08,98,0.336735,89,2026-04-15,2026-08-21,1,1,0,0
1063,ELTX,stocks,"Elicio Therapeutics, Inc. Common Stock",common,0,2021-02-05,,2021-02-05,2026-09-08,1403,0.0,1392,2021-02-05,2026-08-21,1,1,1,1
1064,HUBCZ,stocks,Hub Cyber Security Ltd. Warrant,common,0,2023-03-03,,2023-03-03,2026-09-08,880,0.451136,871,2023-03-03,2026-08-21,0,1,0,0
1065,RCKTW,stocks,"Rocket Pharmaceuticals, Inc. Warrant",suffix-W,0,2023-02-27,,2023-02-27,2026-09-02,883,0.342016,875,2023-02-27,2026-08-21,1,1,0,0
1066,TC,stocks,Token Cat Limited American Depositary Shares,common,0,2019-01-02,,2019-01-02,2026-09-08,1922,0.020812,1907,2019-01-02,2026-08-04,1,1,0,0
1067,UCTX,stocks,Corgi UCTT 2x Daily ETF,fund,0,2026-06-26,,2026-06-26,2026-09-08,51,0.0,40,2026-06-26,2026-08-21,0,0,0,0
1068,USDEW,stocks,StablecoinX Inc. Warrants,suffix-W,0,2026-06-26,,2026-06-26,2026-09-08,51,0.039216,40,2026-06-26,2026-08-21,0,1,0,0
1069,YRD,stocks,Yiren Digital Ltd.,common,0,2019-01-02,,2019-01-02,2026-09-08,1922,0.0,1907,2019-01-02,2026-08-04,1,1,1,1
1070,SMH,stocks,VanEck Semiconductor ETF,fund,1,2019-01-02,,2019-01-02,2026-09-08,1931,0.0,1920,2019-01-02,2026-08-21,0,0,1,0
1071,TSM,stocks,Taiwan Semiconductor Manufacturing Company Ltd.,common,1,2019-01-02,,2019-01-02,2026-09-08,1931,0.0,1920,2019-01-02,2026-08-21,1,1,1,1
1072,XLI,stocks,Industrial Select Sector SPDR,fund,1,2019-01-02,,2019-01-02,2026-09-08,1931,0.0,1920,2019-01-02,2026-08-21,0,0,1,0
1073,XLY,stocks,Consumer Discretionary Select Sector SPDR,fund,1,2019-01-02,,2019-01-02,2026-09-08,1931,0.0,1920,2019-01-02,2026-08-21,0,0,1,0
1074,XLB,stocks,Materials Select Sector SPDR,fund,1,2019-01-02,,2019-01-02,2026-09-08,1931,0.0,1920,2019-01-02,2026-08-21,0,0,1,0
1075,XLC,stocks,Communication Services Select Sector SPDR,fund,1,2019-01-02,,2019-01-02,2026-09-08,1931,0.0,1920,2019-01-02,2026-08-21,0,0,1,0
1076,GLD,stocks,"SPDR Gold Trust, SPDR Gold Shares",fund,1,2019-01-02,,2019-01-02,2026-09-08,1931,0.0,1920,2019-01-02,2026-08-21,1,1,1,1
1077,TLT,stocks,iShares 20 Year Treasury Bond ETF,fund,1,2019-01-02,,2019-01-02,2026-09-08,1931,0.0,1920,2019-01-02,2026-08-21,0,0,1,0
1078,XLP,stocks,Consumer Staples Select Sector SPDR,fund,1,2019-01-02,,2019-01-02,2026-09-08,1931,0.0,1920,2019-01-02,2026-08-21,0,0,1,0
1079,XLU,stocks,Utilities Select Sector SPDR,fund,1,2019-01-02,,2019-01-02,2026-09-08,1931,0.0,1920,2019-01-02,2026-08-21,0,0,1,0
1080,XLRE,stocks,Real Estate Select Sector SPDR,fund,1,2019-01-02,,2019-01-02,2026-09-08,1931,0.0,1920,2019-01-02,2026-08-21,0,0,1,0
1081,AACQU,stocks,Artius Acquisition Inc. Unit,suffix-U,0,2020-07-28,2021-06-24,2020-07-28,2021-06-24,229,0.021834,229,2020-07-28,2021-06-24,0,0,0,0
1082,ACACU,stocks,Acri Capital Acquisition Corporation Unit,suffix-U,0,2020-10-23,2024-09-26,2020-10-23,2024-09-26,318,0.216981,318,2020-10-23,2024-09-26,0,0,0,0
1083,ACBI,stocks,"Atlantic Capital Bancshares, Inc. Common Stock",common,0,2020-07-27,2022-02-28,2020-07-27,2022-02-28,402,0.0,402,2020-07-27,2022-02-28,0,0,0,0
1084,ACC,stocks,"American Campus Communities, Inc.",common,0,2020-07-27,2022-08-09,2020-07-27,2022-08-09,514,0.0,514,2020-07-27,2022-08-09,0,0,0,0
1085,ACGLP,stocks,Arch Capital Group Ltd. Depositary Shares Representing Interest in 5.25% Non-Cumulative Preferred Series E Shrs,suffix-P,0,2020-07-27,2021-09-29,2020-07-27,2021-09-29,298,0.0,298,2020-07-27,2021-09-29,0,0,0,0
1086,ACIA,stocks,"Acacia Communications, Inc. Common Stock",common,0,2020-07-27,2021-02-26,2020-07-27,2021-02-26,149,0.0,149,2020-07-27,2021-02-26,0,0,0,0
1087,ACKIT,stocks,Ackrell SPAC Partners I Co. Subunits,common,0,2021-02-04,2022-08-31,2021-02-04,2022-08-31,325,0.329231,325,2021-02-04,2022-08-31,0,0,0,0
1088,ACKIU,stocks,Ackrell SPAC Partners I Co. Units,suffix-U,0,2020-12-21,2022-08-31,2020-12-21,2022-08-31,308,0.233766,308,2020-12-21,2022-08-31,0,0,0,0
1089,ACTCU,stocks,ArcLight Clean Transition Corp. Unit,suffix-U,0,2020-09-23,2021-06-14,2020-09-23,2021-06-14,180,0.005556,180,2020-09-23,2021-06-14,0,0,0,0
1090,ACTDU,stocks,ArcLight Clean Transition Corp. II Unit,suffix-U,0,2021-03-23,2022-07-21,2021-03-23,2022-07-21,234,0.264957,234,2021-03-23,2022-07-21,0,0,0,0
1091,ADMS,stocks,"Adamas Pharmaceuticals, Inc. Common Stock",common,0,2020-07-27,2021-11-23,2020-07-27,2021-11-23,337,0.0,337,2020-07-27,2021-11-23,0,0,0,0
1092,ADSW,stocks,"Advanced Disposal Services, Inc.",common,0,2020-07-27,2020-10-29,2020-07-27,2020-10-29,68,0.0,68,2020-07-27,2020-10-29,0,0,0,0
1093,AEB,stocks,AEGON N.V. 5.29964% Floating Rate Perpetual Capital Securities,common,0,2020-07-27,2021-09-14,2020-07-27,2021-09-14,287,0.0,287,2020-07-27,2021-09-14,0,0,0,0
1094,AEGN,stocks,Aegion Corp Common Stock,common,0,2020-07-27,2021-05-14,2020-07-27,2021-05-14,203,0.0,203,2020-07-27,2021-05-14,0,0,0,0
1095,AEPPL,stocks,"American Electric Power Company, Inc. Corporate Unit",common,0,2020-10-02,2022-03-14,2020-10-02,2022-03-14,364,0.0,364,2020-10-02,2022-03-14,0,0,0,0
1096,AFC,stocks,Allied Capital Corporation,common,0,2020-07-28,2021-03-24,2020-07-28,2021-03-24,166,0.0,166,2020-07-28,2021-03-24,0,0,0,0
1097,AGC,stocks,Altimeter Growth Corp. Class A Ordinary Shares,common,0,2020-12-07,2021-12-01,2020-12-07,2021-12-01,249,0.0,249,2020-12-07,2021-12-01,0,0,0,0
1098,AGCUU,stocks,Altimeter Growth Corp. Unit,suffix-U,0,2020-10-01,2021-12-01,2020-10-01,2021-12-01,295,0.0,295,2020-10-01,2021-12-01,0,0,0,0
1099,AGT,stocks,iShares MSCI Argentina and Global Exposure ETF,fund,0,2020-08-05,2022-08-22,2020-08-05,2022-08-22,479,0.173278,479,2020-08-05,2022-08-22,0,0,0,0
1100,AHL,stocks,Aspen Insurance Holdings Limited,common,0,2025-05-08,2026-02-23,2025-05-08,2026-02-23,199,0.0,199,2025-05-08,2026-02-23,0,0,0,0
1101,ALAC,stocks,Alberton Acquisition Corporation Ordinary Shares,common,0,2020-10-13,2022-04-25,2020-10-13,2022-04-25,375,0.064,375,2020-10-13,2022-04-25,0,0,0,0
1102,ALACR,stocks,"Alberton Acquisition Corporation Rights exp April 26, 2021",suffix-R,0,2020-10-22,2022-04-25,2020-10-22,2022-04-25,359,0.075209,359,2020-10-22,2022-04-25,0,0,0,0
1103,ALSK,stocks,"Alaska Communications Systems Group, Inc. Common Stock",common,0,2020-07-27,2021-07-22,2020-07-27,2021-07-22,250,0.0,250,2020-07-27,2021-07-22,0,0,0,0
1104,ALTA,stocks,Altabancorp Common Stock,common,0,2020-07-27,2021-09-30,2020-07-27,2021-09-30,299,0.0,299,2020-07-27,2021-09-30,0,0,0,0
1105,ALTS,stocks,ALT5 Sigma Corporation Common Stock,common,0,2020-09-02,2026-04-28,2020-09-02,2026-04-28,796,0.154523,796,2020-09-02,2026-04-28,0,0,0,0
1106,ALXN,stocks,Alexion Pharmaceuticals,common,0,2020-07-27,2021-07-20,2020-07-27,2021-07-20,248,0.0,248,2020-07-27,2021-07-20,0,0,0,0
1107,AMAG,stocks,"AMAG Pharmaceuticals, Inc. Common Stock",common,0,2020-07-27,2020-11-13,2020-07-27,2020-11-13,79,0.0,79,2020-07-27,2020-11-13,0,0,0,0
1108,AMRB,stocks,American River Bankshares Common Stock,common,0,2020-07-28,2021-08-06,2020-07-28,2021-08-06,253,0.075099,253,2020-07-28,2021-08-06,0,0,0,0
1109,AMTBB,stocks,Amerant Bancorp Inc. Class B Common Stock,common,0,2020-07-27,2021-11-17,2020-07-27,2021-11-17,320,0.046875,320,2020-07-27,2021-11-17,0,0,0,0
1110,ANAT,stocks,"American National Group, Inc. Common Stock",common,0,2020-07-27,2022-05-24,2020-07-27,2022-05-24,462,0.0,462,2020-07-27,2022-05-24,0,0,0,0
1111,ANH,stocks,Anworth Mortgage Asset Corporation,common,0,2020-07-27,2021-03-19,2020-07-27,2021-03-19,164,0.0,164,2020-07-27,2021-03-19,0,0,0,0
1112,APHA,stocks,Aphria Inc. Common Shares,common,0,2020-07-27,2021-04-30,2020-07-27,2021-04-30,193,0.0,193,2020-07-27,2021-04-30,0,0,0,0
1113,APR,stocks,"Apria, Inc. Common Stock",common,0,2021-02-11,2022-03-28,2021-02-11,2022-03-28,284,0.0,284,2021-02-11,2022-03-28,0,0,0,0
1114,APTS,stocks,"Preferred Apartment Communities, Inc.",common,0,2020-07-27,2022-06-23,2020-07-27,2022-06-23,482,0.002075,482,2020-07-27,2022-06-23,0,0,0,0
1115,ARA,stocks,"American Renal Associates Holdings, Inc",common,0,2020-07-27,2021-01-25,2020-07-27,2021-01-25,126,0.0,126,2020-07-27,2021-01-25,0,0,0,0
1116,ARD,stocks,Ardagh Group S.A. Class A Common Shares,common,0,2020-07-27,2021-10-05,2020-07-27,2021-10-05,302,0.0,302,2020-07-27,2021-10-05,0,0,0,0
1117,ARNA,stocks,"Arena Pharmaceuticals, Inc. Common Stock",common,0,2020-07-27,2022-03-10,2020-07-27,2022-03-10,410,0.0,410,2020-07-27,2022-03-10,0,0,0,0
1118,ARTA,stocks,Artisan Acquisition Corp. Class A Ordinary Shares,common,0,2021-07-22,2022-05-17,2021-07-22,2022-05-17,192,0.015625,192,2021-07-22,2022-05-17,0,0,0,0
1119,ARTAU,stocks,Artisan Acquisition Corp. Units,suffix-U,0,2021-05-14,2022-05-17,2021-05-14,2022-05-17,232,0.099138,232,2021-05-14,2022-05-17,0,0,0,0
1120,ARYA,stocks,ARYA Sciences Acquisition Corp III Class A Ordinary Shares,common,0,2020-08-07,2021-06-09,2020-08-07,2021-06-09,208,0.004808,208,2020-08-07,2021-06-09,0,0,0,0
1121,AT,stocks,Atlantic Power Corporation,common,0,2020-07-27,2021-05-14,2020-07-27,2021-05-14,203,0.004926,203,2020-07-27,2021-05-14,0,0,0,0
1122,ATC,stocks,GraniteShares ETF Trust GraniteShares Autocallable COIN ETF,fund,0,2021-02-04,,2021-02-04,2026-09-08,468,0.108974,457,2021-02-04,2026-08-21,0,0,0,0
1123,ATH,stocks,Athene Holding Ltd. Class A Common Shares,common,0,2020-07-27,2021-12-31,2020-07-27,2021-12-31,363,0.0,363,2020-07-27,2021-12-31,0,0,0,0
1124,ATHN,stocks,Athena Technology Acquisition Corp.,common,0,2021-05-10,2021-12-30,2021-05-10,2021-12-30,164,0.036585,164,2021-05-10,2021-12-30,0,0,0,0
1125,ATRS,stocks,"Antares Pharma, Inc. Common Stock",common,0,2020-07-27,2022-05-23,2020-07-27,2022-05-23,461,0.0,461,2020-07-27,2022-05-23,0,0,0,0
1126,AUTO,stocks,"AutoWeb, Inc. Common Stock",common,0,2020-07-27,2022-08-31,2020-07-27,2022-08-31,530,0.0,530,2020-07-27,2022-08-31,0,0,1,0
1127,AWTM,stocks,AWTM Ultra-Short Duration Enhanced Income ETF,fund,0,2020-11-11,2022-07-15,2020-11-11,2022-07-15,367,0.46049,367,2020-11-11,2022-07-15,0,0,0,0
1128,AXU,stocks,Alexco Resource Corp.,common,0,2020-07-27,2022-09-06,2020-07-27,2022-09-06,533,0.0,533,2020-07-27,2022-09-06,0,0,1,0
1129,AZPN,stocks,"Aspen Technology, Inc.",common,0,2020-07-27,2025-03-11,2020-07-27,2025-03-11,1162,0.0,1162,2020-07-27,2025-03-11,0,0,1,0
1130,BAF,stocks,BLACKROCK MUNICIPAL INCOME INVESTMENT QUALITY TRUST,closed-end,0,2020-07-27,2021-03-05,2020-07-27,2021-03-05,154,0.0,154,2020-07-27,2021-03-05,0,0,0,0
1131,BBF,stocks,BlackRock Municipal Income Investment Trust,closed-end,0,2020-07-27,2021-04-09,2020-07-27,2021-04-09,178,0.0,178,2020-07-27,2021-04-09,0,0,0,0
1132,BBK,stocks,Blackrock Municipal Bond Trust,closed-end,0,2020-07-30,2021-03-05,2020-07-30,2021-03-05,151,0.0,151,2020-07-30,2021-03-05,0,0,0,0
1133,BBL,stocks,BHP Group Plc American Depositary Shares (Each representing two Ordinary Shares),common,0,2020-07-27,2022-01-28,2020-07-27,2022-01-28,382,0.0,382,2020-07-27,2022-01-28,0,0,0,0
1134,BCACU,stocks,Brookline Capital Acquisition Corp II Units,suffix-U,0,2021-01-29,2022-07-29,2021-01-29,2022-07-29,354,0.132768,354,2021-01-29,2022-07-29,0,0,0,0
1135,BDSI,stocks,"BioDelivery Sciences International, Inc. Common Stock",common,0,2020-07-27,2022-03-22,2020-07-27,2022-03-22,418,0.0,418,2020-07-27,2022-03-22,0,0,0,0
1136,BFY,stocks,BlackRock New York Municipal Income Trust II,closed-end,0,2020-07-31,2021-04-09,2020-07-31,2021-04-09,174,0.0,174,2020-07-31,2021-04-09,0,0,0,0
1137,BGIO,stocks,BlackRock 2022 Global Income Opportunity Trust,common,0,2020-07-27,2021-12-13,2020-07-27,2021-12-13,349,0.0,349,2020-07-27,2021-12-13,0,0,0,0
1138,BIOS,stocks,BioPlus Acquisition Corp. Class A Ordinary Shares,common,0,2022-01-31,2023-10-06,2022-01-31,2023-10-06,299,0.324415,299,2022-01-31,2023-10-06,0,0,0,0
1139,BKEP,stocks,Blueknight Energy Partners L.P. Common Units,common,0,2020-08-04,2022-08-17,2020-08-04,2022-08-17,514,0.0,514,2020-08-04,2022-08-17,0,0,0,0
1140,BKEPP,stocks,Blueknight Energy Partners L.P. Series A Preferred Units,suffix-P,0,2020-07-31,2022-08-17,2020-07-31,2022-08-17,516,0.003876,516,2020-07-31,2022-08-17,0,0,0,0
1141,BLCT,stocks,BlueCity Holdings Limited American Depositary Shares,common,0,2020-07-27,2022-08-12,2020-07-27,2022-08-12,517,0.0,517,2020-07-27,2022-08-12,0,0,0,0
1142,BMCH,stocks,"BMC Stock Holdings, Inc. Common Stock",common,0,2020-07-27,2020-12-31,2020-07-27,2020-12-31,111,0.0,111,2020-07-27,2020-12-31,0,0,0,0
1143,BMTC,stocks,Bryn Mawr Bank Corporation Common Stock,common,0,2020-07-27,2021-12-31,2020-07-27,2021-12-31,363,0.0,363,2020-07-27,2021-12-31,0,0,0,0
1144,BOCH,stocks,Bank of Commerce Holdings (CA) Common Stock,common,0,2020-07-28,2021-09-30,2020-07-28,2021-09-30,298,0.0,298,2020-07-28,2021-09-30,0,0,0,0
1145,BOKFL,stocks,BOK Financial Corporation 5.375% Subordinated Notes due 2056,common,0,2020-07-28,2021-08-20,2020-07-28,2021-08-20,270,0.011111,270,2020-07-28,2021-08-20,0,0,0,0
1146,BOWXU,stocks,BowX Acquisition Corp. Unit,suffix-U,0,2020-08-05,2021-10-20,2020-08-05,2021-10-20,267,0.067416,267,2020-08-05,2021-10-20,0,0,0,0
1147,BPFH,stocks,"Boston Private Financial Holdings, Inc. Common Stock",common,0,2020-07-27,2021-06-30,2020-07-27,2021-06-30,235,0.0,235,2020-07-27,2021-06-30,0,0,0,0
1148,BPMP,stocks,BP Midstream Partners LP Common Units representing Limited Partner Interests,common,0,2020-07-27,2022-04-04,2020-07-27,2022-04-04,427,0.0,427,2020-07-27,2022-04-04,0,0,0,0
1149,BPOPN,stocks,"Popular, Inc. 6.70% Cumulative Monthly Income Trust Preferred Securities",closed-end,0,2020-07-30,2021-10-29,2020-07-30,2021-10-29,306,0.065359,306,2020-07-30,2021-10-29,0,0,0,0
1150,BPY,stocks,Brookfield Property Partners L.P. Limited Partnership Units,common,0,2020-07-27,2021-07-26,2020-07-27,2021-07-26,252,0.0,252,2020-07-27,2021-07-26,0,0,0,0
1151,BPYU,stocks,Brookfield Property REIT Inc. Class A Common Stock,common,0,2020-07-27,2021-07-26,2020-07-27,2021-07-26,252,0.0,252,2020-07-27,2021-07-26,0,0,0,0
1152,BPYUP,stocks,Brookfield Property REIT Inc. 6.375% Series A Preferred Stock,suffix-P,0,2020-07-28,2021-08-18,2020-07-28,2021-08-18,268,0.0,268,2020-07-28,2021-08-18,0,0,0,0
1153,BRACU,stocks,Broad Capital Acquisition Corp Unit,suffix-U,0,2022-01-11,2025-01-22,2022-01-11,2025-01-22,175,0.474286,175,2022-01-11,2025-01-22,0,0,0,0
1154,BRPAR,stocks,Big Rock Partners Acquisition Corp. Right,suffix-R,0,2020-11-18,2021-05-24,2020-11-18,2021-05-24,127,0.007874,127,2020-11-18,2021-05-24,0,0,0,0
1155,BRPM,stocks,B. Riley Principal 150 Merger Corp. Class A Common Stock,common,0,2021-04-15,2022-07-19,2021-04-15,2022-07-19,305,0.065574,305,2021-04-15,2022-07-19,0,0,0,0
1156,BRPMU,stocks,B. Riley Principal 150 Merger Corp. Unit,suffix-U,0,2021-02-19,2022-07-19,2021-02-19,2022-07-19,248,0.21371,248,2021-02-19,2022-07-19,0,0,0,0
1157,BSA,stocks,BrightSphere Investment Group Inc. 5.125% Notes due 2031,common,0,2020-07-27,2022-01-14,2020-07-27,2022-01-14,373,0.002681,373,2020-07-27,2022-01-14,0,0,0,0
1158,BSCK,stocks,Invesco BulletShares 2020 Corporate Bond ETF,fund,0,2020-07-27,2020-12-15,2020-07-27,2020-12-15,100,0.0,100,2020-07-27,2020-12-15,0,0,0,0
1159,BSD,stocks,The BlackRock Strategic Municipal Trust,closed-end,0,2020-07-30,2021-04-09,2020-07-30,2021-04-09,175,0.0,175,2020-07-30,2021-04-09,0,0,0,0
1160,BSE,stocks,BLACKROCK NEW YORK MUNICIPAL INCOME QUALITY TRUST,closed-end,0,2020-07-27,2021-04-09,2020-07-27,2021-04-09,178,0.005618,178,2020-07-27,2021-04-09,0,0,0,0
1161,BSJL,stocks,Invesco BulletShares 2021 High Yield Corporate Bond ETF,fund,0,2020-07-27,2021-12-15,2020-07-27,2021-12-15,352,0.0,352,2020-07-27,2021-12-15,0,0,0,0
1162,BSML,stocks,Invesco Exchange-Traded Self-Indexed Fund Trust Invesco BulletShares 2021 Municipal Bond ETF,closed-end,0,2020-07-27,2021-12-15,2020-07-27,2021-12-15,314,0.073248,314,2020-07-27,2021-12-15,0,0,0,0
1163,BSTC,stocks,BioSpecifics Technologies Corp. Common Stock,common,0,2020-07-27,2020-12-01,2020-07-27,2020-12-01,90,0.0,90,2020-07-27,2020-12-01,0,0,0,0
1164,BTAQ,stocks,Burgundy Technology Acquisition Corporation Class A Ordinary shares,common,0,2020-10-15,2022-03-01,2020-10-15,2022-03-01,341,0.008798,341,2020-10-15,2022-03-01,0,0,0,0
1165,BTAQU,stocks,Burgundy Technology Acquisition Corporation Unit,suffix-U,0,2020-08-27,2022-02-24,2020-08-27,2022-02-24,304,0.1875,304,2020-08-27,2022-02-24,0,0,0,0
1166,BXG,stocks,Bluegreen Vacations Corporation Common Stock,common,0,2020-07-27,2021-05-05,2020-07-27,2021-05-05,196,0.0,196,2020-07-27,2021-05-05,0,0,0,0
1167,CADE,stocks,Cadence Bank,common,0,2020-07-27,2026-01-30,2020-07-27,2026-01-30,1386,0.0,1386,2020-07-27,2026-01-30,0,0,1,0
1168,CAHCU,stocks,CA Healthcare Acquisition Corp. Unit,suffix-U,0,2021-01-27,2021-09-24,2021-01-27,2021-09-24,157,0.082803,157,2021-01-27,2021-09-24,0,0,0,0
1169,CATM,stocks,Cardtronics plc Class A Ordinary Shares (UK),common,0,2020-07-27,2021-06-18,2020-07-27,2021-06-18,227,0.0,227,2020-07-27,2021-06-18,0,0,0,0
1170,CBB,stocks,Cincinnati Bell Inc.,common,0,2020-07-27,2021-09-03,2020-07-27,2021-09-03,281,0.003559,281,2020-07-27,2021-09-03,0,0,0,0
1171,CBMG,stocks,"Cellular Biomedicine Group, Inc. Common Stock",common,0,2020-07-27,2021-02-19,2020-07-27,2021-02-19,144,0.0,144,2020-07-27,2021-02-19,0,0,0,0
1172,CBPO,stocks,"China Biologic Products Holdings, Inc. Ordinary Shares",common,0,2020-07-27,2021-04-20,2020-07-27,2021-04-20,185,0.0,185,2020-07-27,2021-04-20,0,0,0,0
1173,CCMP,stocks,"CMC Materials, Inc. Common Stock",common,0,2020-07-27,2022-07-05,2020-07-27,2022-07-05,489,0.0,489,2020-07-27,2022-07-05,0,0,0,0
1174,CCRC,stocks,"China Customer Relations Centers, Inc. Ordinary Shares",common,0,2020-07-27,2021-07-06,2020-07-27,2021-07-06,237,0.021097,237,2020-07-27,2021-07-06,0,0,0,0
1175,CDK,stocks,"CDK Global, Inc. Common Stock",common,0,2020-07-27,2022-07-05,2020-07-27,2022-07-05,489,0.0,489,2020-07-27,2022-07-05,0,0,0,0
1176,CDOR,stocks,"Condor Hospitality Trust, Inc. Common Stock",common,0,2020-07-27,2021-12-30,2020-07-27,2021-12-30,362,0.0,362,2020-07-27,2021-12-30,0,0,0,0
1177,CDR,stocks,"Cedar Realty Trust, Inc",common,0,2020-07-27,2022-08-22,2020-07-27,2022-08-22,523,0.0,523,2020-07-27,2022-08-22,0,0,0,0
1178,CENHU,stocks,Centricus Acquisition Corp. Unit,suffix-U,0,2021-02-04,2021-09-03,2021-02-04,2021-09-03,142,0.077465,142,2021-02-04,2021-09-03,0,0,0,0
1179,CEO,stocks,CNOOC Limited,common,0,2020-07-27,2021-03-08,2020-07-27,2021-03-08,155,0.0,155,2020-07-27,2021-03-08,0,0,0,0
1180,CERN,stocks,Cerner,common,0,2020-07-27,2022-06-07,2020-07-27,2022-06-07,471,0.0,471,2020-07-27,2022-06-07,0,0,0,0
1181,CFFVU,stocks,CF Acquisition Corp. V Unit,suffix-U,0,2021-01-29,2022-01-25,2021-01-29,2022-01-25,206,0.121359,206,2021-01-29,2022-01-25,0,0,0,0
1182,CFVIU,stocks,CF Acquisition Corp. VI Unit,suffix-U,0,2021-02-19,2022-09-15,2021-02-19,2022-09-15,351,0.136752,351,2021-02-19,2022-09-15,0,0,0,0
1183,CFXA,stocks,Colfax Corporation 5.75% Tangible Equity Units,common,0,2020-07-30,2022-01-14,2020-07-30,2022-01-14,336,0.095238,336,2020-07-30,2022-01-14,0,0,0,0
1184,CHAC,stocks,Crane Harbor Acquisition Corp. Class A Ordinary Shares,common,0,2025-05-19,2026-03-26,2025-05-19,2026-03-26,208,0.024038,208,2025-05-19,2026-03-26,0,0,0,0
1185,CHL,stocks,China Mobile Limited,common,0,2020-07-27,2021-01-08,2020-07-27,2021-01-08,116,0.0,116,2020-07-27,2021-01-08,0,0,0,0
1186,CHMA,stocks,"Chiasma, Inc. Common Stock",common,0,2020-07-27,2021-08-05,2020-07-27,2021-08-05,260,0.0,260,2020-07-27,2021-08-05,0,0,0,0
1187,CHNGU,stocks,Change Healthcare Inc. Tangible Equity Units,suffix-U,0,2020-08-04,2022-06-29,2020-08-04,2022-06-29,426,0.176056,426,2020-08-04,2022-06-29,0,0,0,0
1188,CHPM,stocks,CHP Merger Corp. Class A Common Stock,common,0,2020-07-30,2022-04-22,2020-07-30,2022-04-22,406,0.152709,406,2020-07-30,2022-04-22,0,0,0,0
1189,CHU,stocks,China Unicom (HONG KONG) Limited,common,0,2020-07-27,2021-01-08,2020-07-27,2021-01-08,116,0.0,116,2020-07-27,2021-01-08,0,0,0,0
1190,CIT,stocks,CIT Group Inc.,common,0,2020-07-27,2022-01-03,2020-07-27,2022-01-03,364,0.002747,364,2020-07-27,2022-01-03,0,0,0,0
1191,CIVI,stocks,"CIVITAS RESOURCES, INC.",common,0,2021-11-02,2026-01-29,2021-11-02,2026-01-29,1064,0.0,1064,2021-11-02,2026-01-29,0,0,1,0
1192,CKH,stocks,Seacor Holdings Inc.,common,0,2020-07-27,2021-04-15,2020-07-27,2021-04-15,182,0.0,182,2020-07-27,2021-04-15,0,0,0,0
1193,CLCT,stocks,"Collectors Universe, Inc.",common,0,2020-07-27,2021-02-05,2020-07-27,2021-02-05,135,0.0,135,2020-07-27,2021-02-05,0,0,0,0
1194,CLDB,stocks,Cortland Bancorp Common Stock,common,0,2020-08-03,2021-10-29,2020-08-03,2021-10-29,270,0.12963,270,2020-08-03,2021-10-29,0,0,0,0
1195,CLDR,stocks,"Cloudera, Inc.",common,0,2020-07-27,2021-10-07,2020-07-27,2021-10-07,304,0.0,304,2020-07-27,2021-10-07,0,0,0,0
1196,CLDS,stocks,Direxion Daily Cloud Computing Bear 2X Shares,fund,0,2021-03-10,2022-09-23,2021-03-10,2022-09-23,378,0.153439,378,2021-03-10,2022-09-23,0,0,0,0
1197,CLGX,stocks,"Corelogic, Inc.",common,0,2020-07-27,2021-06-03,2020-07-27,2021-06-03,216,0.0,216,2020-07-27,2021-06-03,0,0,0,0
1198,CMD,stocks,Cantel Medical Corporation,common,0,2020-07-27,2021-06-01,2020-07-27,2021-06-01,214,0.0,214,2020-07-27,2021-06-01,0,0,0,0
1199,CMLFU,stocks,"CM Life Sciences, Inc. Unit",suffix-U,0,2020-09-02,2021-07-22,2020-09-02,2021-07-22,219,0.004566,219,2020-09-02,2021-07-22,0,0,0,0
1200,CMLTU,stocks,CM Life Sciences III Inc. Unit,suffix-U,0,2021-04-07,2021-12-17,2021-04-07,2021-12-17,179,0.0,179,2021-04-07,2021-12-17,0,0,0,0
1201,CMO,stocks,Capstead Mortgage Corp.,common,0,2020-07-27,2021-10-18,2020-07-27,2021-10-18,311,0.0,311,2020-07-27,2021-10-18,0,0,0,0
1202,CMPI,stocks,"Checkmate Pharmaceuticals, Inc. Common Stock",common,0,2020-08-07,2022-05-27,2020-08-07,2022-05-27,456,0.0,456,2020-08-07,2022-05-27,0,0,0,0
1203,CNBKA,stocks,"Century Bancorp, Inc. Class A Common Stock",common,0,2020-07-31,2021-11-12,2020-07-31,2021-11-12,326,0.0,326,2020-07-31,2021-11-12,0,0,0,0
1204,CNST,stocks,"Constellation Pharmaceuticals, Inc. Common Stock",common,0,2020-07-27,2021-07-14,2020-07-27,2021-07-14,244,0.0,244,2020-07-27,2021-07-14,0,0,0,0
1205,COEP,stocks,Coeptis Therapeutics Holdings Inc. Common Stock,common,0,2022-10-31,2026-04-24,2022-10-31,2026-04-24,873,0.0,873,2022-10-31,2026-04-24,0,0,1,0
1206,CONE,stocks,CyrusOne Inc Common Stock,common,0,2020-07-27,2022-03-24,2020-07-27,2022-03-24,420,0.0,420,2020-07-27,2022-03-24,0,1,0,0
1207,CORE,stocks,Core Mark Holding Co Inc Common Stock,common,0,2020-07-27,2021-09-01,2020-07-27,2021-09-01,279,0.0,279,2020-07-27,2021-09-01,0,0,0,0
1208,CPAAU,stocks,Conyers Park III Acquisition Corp.,suffix-U,0,2020-08-31,2023-08-11,2020-08-31,2023-08-10,204,0.328431,204,2020-08-31,2023-08-10,0,0,0,0
1209,CPAH,stocks,CounterPath Corporation Common Stock,common,0,2020-08-03,2021-02-26,2020-08-03,2021-02-26,144,0.0,144,2020-08-03,2021-02-26,0,0,0,0
1210,CPLG,stocks,CorePoint Lodging Inc. Common Stock,common,0,2020-07-27,2022-03-02,2020-07-27,2022-03-02,404,0.0,404,2020-07-27,2022-03-02,0,0,0,0
1211,CPTAG,stocks,Capitala Finance Corp. 5.75% Convertible Notes Due 2022,common,0,2020-07-28,2022-05-27,2020-07-28,2022-05-27,418,0.102871,418,2020-07-28,2022-05-27,0,0,0,0
1212,CPTAL,stocks,Capitala Finance Corp. 6% Notes Due 2022,common,0,2020-07-31,2022-05-27,2020-07-31,2022-05-27,434,0.052995,434,2020-07-31,2022-05-27,0,0,0,0
1213,CRHM,stocks,CRH Medical Corporation,common,0,2020-07-27,2021-04-22,2020-07-27,2021-04-22,187,0.0,187,2020-07-27,2021-04-22,0,0,0,0
1214,CSLT,stocks,"CASTLIGHT HEALTH, INC.",common,0,2020-07-27,2022-02-16,2020-07-27,2022-02-16,395,0.0,395,2020-07-27,2022-02-16,0,0,0,0
1215,CSOD,stocks,"Cornerstone OnDemand, Inc. Common Stock",common,0,2020-07-27,2021-10-14,2020-07-27,2021-10-14,309,0.0,309,2020-07-27,2021-10-14,0,0,0,0
1216,CSPR,stocks,Casper Sleep Inc.,common,0,2020-07-27,2022-01-24,2020-07-27,2022-01-24,378,0.0,378,2020-07-27,2022-01-24,0,0,0,0
1217,CTB,stocks,Cooper Tire & Rubber Co.,common,0,2020-07-27,2021-06-04,2020-07-27,2021-06-04,217,0.0,217,2020-07-27,2021-06-04,0,0,0,0
1218,CTEK,stocks,"CynergisTek, Inc.",common,0,2020-07-27,2022-08-31,2020-07-27,2022-08-31,530,0.0,530,2020-07-27,2022-08-31,0,0,1,0
1219,CTT,stocks,"CATCHMARK TIMBER TRUST, INC.",common,0,2020-07-27,2022-09-14,2020-07-27,2022-09-14,539,0.0,539,2020-07-27,2022-09-14,0,0,1,0
1220,CTV,stocks,Innovid Corp.,common,0,2020-07-28,2025-02-12,2020-07-28,2025-02-12,811,0.0,811,2020-07-28,2025-02-12,0,0,1,0
1221,CTY,stocks,QWEST CORPORATION 6.125%  NOTES DUE 2053,common,0,2020-07-28,2020-12-11,2020-07-28,2020-12-11,97,0.0,97,2020-07-28,2020-12-11,0,0,0,0
1222,CULL,stocks,"Cullman Bancorp, Inc. /MD/",common,0,2021-07-15,2024-07-19,2021-07-15,2024-07-19,608,0.246711,608,2021-07-15,2024-07-19,1,1,0,0
1223,CVA,stocks,Covanta Holding Corporation,common,0,2020-07-27,2021-11-29,2020-07-27,2021-11-29,340,0.0,340,2020-07-27,2021-11-29,0,0,0,0
1224,CXO,stocks,Concho Resources,common,0,2020-07-27,2021-01-15,2020-07-27,2021-01-15,121,0.0,121,2020-07-27,2021-01-15,0,0,0,0
1225,CXP,stocks,"COLUMBIA PROPERTY TRUST, INC.",common,0,2020-07-27,2021-12-07,2020-07-27,2021-12-07,346,0.0,346,2020-07-27,2021-12-07,0,0,0,0
1226,CZZ,stocks,Cosan Limited,common,0,2020-07-27,2021-03-05,2020-07-27,2021-03-05,154,0.0,154,2020-07-27,2021-03-05,0,0,0,0
1227,DBDRU,stocks,Roman DBDR Tech Acquisition Corp. Unit,suffix-U,0,2020-11-06,2021-12-27,2020-11-06,2021-12-27,191,0.256545,191,2020-11-06,2021-12-27,0,0,0,0
1228,DCRBU,stocks,Decarbonization Plus Acquisition Corporation Unit,suffix-U,0,2020-10-20,2021-07-16,2020-10-20,2021-07-16,186,0.05914,186,2020-10-20,2021-07-16,0,0,0,0
1229,DCRCU,stocks,Decarbonization Plus Acquisition Corporation III Unit,suffix-U,0,2021-03-24,2021-12-08,2021-03-24,2021-12-08,177,0.056497,177,2021-03-24,2021-12-08,0,0,0,0
1230,DCRNU,stocks,Decarbonization Plus Acquisition Corporation II Unit,suffix-U,0,2021-02-04,2022-01-13,2021-02-04,2022-01-13,236,0.025424,236,2021-02-04,2022-01-13,0,0,0,0
1231,DCT,stocks,"DUCK CREEK TECHNOLOGIES, INC.",common,0,2020-08-14,2023-03-29,2020-08-14,2023-03-29,660,0.0,660,2020-08-14,2023-03-29,0,0,1,0
1232,DCUE,stocks,"Dominion Energy, Inc. 2019 Series A Corporate Units",common,0,2020-07-30,2022-05-31,2020-07-30,2022-05-31,463,0.0,463,2020-07-30,2022-05-31,0,0,0,0
1233,DDMX,stocks,DD3 Acquisition Corp. II Class A Common Stock,common,0,2021-01-27,2021-11-30,2021-01-27,2021-11-30,205,0.082927,205,2021-01-27,2021-11-30,0,0,0,0
1234,DDMXU,stocks,DD3 Acquisition Corp. II Unit,suffix-U,0,2020-12-08,2021-11-30,2020-12-08,2021-11-30,168,0.160714,168,2020-12-08,2021-11-30,0,0,0,0
1235,DISCK,stocks,"Discovery, Inc.",common,0,2020-07-27,2022-04-08,2020-07-27,2022-04-08,431,0.0,431,2020-07-27,2022-04-08,0,0,0,0
1236,DL,stocks,China Distance Education Holdings Limited,common,0,2020-07-28,2021-03-18,2020-07-28,2021-03-18,162,0.0,162,2020-07-28,2021-03-18,0,0,0,0
1237,DM,stocks,"Desktop Metal, Inc.",common,0,2020-12-10,2025-04-01,2020-12-10,2025-04-01,1081,0.0,1081,2020-12-10,2025-04-01,0,0,1,0
1238,DNB,stocks,"Dun & Bradstreet Holdings, Inc.",common,0,2020-07-27,2025-08-25,2020-07-27,2025-08-25,1277,0.0,1277,2020-07-27,2025-08-25,0,0,1,0
1239,DNK,stocks,"Phoenix Tree Holdings Limited American Depositary Shares, each representing ten (10) Class A ordinar",common,0,2020-08-04,2021-03-15,2020-08-04,2021-03-15,154,0.0,154,2020-08-04,2021-03-15,0,0,0,0
1240,DNKN,stocks,"Dunkin' Brands Group, Inc. Common Stock",common,0,2020-07-27,2020-12-14,2020-07-27,2020-12-14,99,0.0,99,2020-07-27,2020-12-14,0,0,0,0
1241,DRNA,stocks,"Dicerna Pharmaceuticals, Inc. Common Stock",common,0,2020-07-27,2021-12-27,2020-07-27,2021-12-27,359,0.0,359,2020-07-27,2021-12-27,0,0,0,0
1242,DRUA,stocks,"Dominion Energy, Inc 2016 Series A 5.25% Enhanced Junior Subordinated Notes due 2076",common,0,2020-07-27,2021-08-30,2020-07-27,2021-08-30,277,0.0,277,2020-07-27,2021-08-30,0,0,0,0
1243,DSE,stocks,Duff & Phelps Select MLP and Midstream Energy Fund Inc.,fund,0,2020-07-27,2021-06-21,2020-07-27,2021-06-21,228,0.0,228,2020-07-27,2021-06-21,0,0,0,0
1244,DSPG,stocks,"DSP Group, Inc. Common Stock",common,0,2020-07-27,2021-12-02,2020-07-27,2021-12-02,343,0.0,343,2020-07-27,2021-12-02,0,0,0,0
1245,DSSI,stocks,Diamond S Shipping Inc. Common Shares,common,0,2020-07-27,2021-07-15,2020-07-27,2021-07-15,245,0.0,245,2020-07-27,2021-07-15,0,0,0,0
1246,DTJ,stocks,DTE Energy Company 2016 Series B 5.375% Junior Subordinated Debentures due 2076,common,0,2020-07-27,2021-06-29,2020-07-27,2021-06-29,234,0.0,234,2020-07-27,2021-06-29,0,0,0,0
1247,DTY,stocks,DTE Energy Company 2016 Series F 6.00% Junior Subordinated Debentures due 2076,common,0,2020-07-31,2021-12-14,2020-07-31,2021-12-14,346,0.00289,346,2020-07-31,2021-12-14,0,0,0,0
1248,DUC,stocks,Duff & Phelps Utility & Corporate Bond Trust,closed-end,0,2020-07-28,2021-03-05,2020-07-28,2021-03-05,153,0.0,153,2020-07-28,2021-03-05,0,0,0,0
1249,DVD,stocks,Dover Motorsports,common,0,2020-08-03,2021-12-21,2020-08-03,2021-12-21,351,0.0,351,2020-08-03,2021-12-21,0,0,0,0
1250,DWIN,stocks,Delwinds Insurance Acquisition Corp.,common,0,2021-01-29,2022-09-15,2021-01-29,2022-09-15,375,0.149333,375,2021-01-29,2022-09-15,0,0,0,0
1251,DYFN,stocks,Angel Oak Dynamic Financial Strategies Income Term Trust,closed-end,0,2020-07-29,2022-07-29,2020-07-29,2022-07-29,504,0.001984,504,2020-07-29,2022-07-29,0,0,0,0
1252,EBAYL,stocks,eBay Inc. 6.0% Notes Due 2056,common,0,2020-07-28,2021-02-26,2020-07-28,2021-02-26,148,0.0,148,2020-07-28,2021-02-26,0,0,0,0
1253,EBSB,stocks,"Meridian Bancorp, Inc. Common Stock",common,0,2020-07-27,2021-11-12,2020-07-27,2021-11-12,330,0.0,330,2020-07-27,2021-11-12,0,0,0,0
1254,ECCB,stocks,Eagle Point Credit Company Inc. 7.75% Series B Term Preferred Stock due 2026,common,0,2020-07-31,2022-02-25,2020-07-31,2022-02-25,395,0.007595,395,2020-07-31,2022-02-25,0,0,0,0
1255,ECOL,stocks,"US Ecology, Inc Common Stock",common,0,2020-07-27,2022-04-29,2020-07-27,2022-04-29,445,0.0,445,2020-07-27,2022-04-29,0,0,0,0
1256,EDR,stocks,"Endeavor Group Holdings, Inc.",common,0,2021-04-29,2025-03-21,2021-04-29,2025-03-21,979,0.0,979,2021-04-29,2025-03-21,0,0,1,0
1257,EDTXU,stocks,EdtechX Holdings Acquisition Corp. II Unit,suffix-U,0,2020-12-11,2023-08-31,2020-12-11,2023-07-14,226,0.261062,226,2020-12-11,2023-07-14,0,0,0,0
1258,EFF,stocks,EATON VANCE FLOATING-RATE INCOME PLUS FUND,fund,0,2020-07-27,2021-06-18,2020-07-27,2021-06-18,227,0.0,227,2020-07-27,2021-06-18,0,0,0,0
1259,EGOV,stocks,NIC Inc Common Stock,common,0,2020-07-27,2021-04-20,2020-07-27,2021-04-20,185,0.0,185,2020-07-27,2021-04-20,0,0,0,0
1260,EHT,stocks,Eaton Vance 2021 Target Term Trust,closed-end,0,2020-07-28,2021-06-25,2020-07-28,2021-06-25,231,0.004329,231,2020-07-28,2021-06-25,0,0,0,0
1261,EIDX,stocks,"Eidos Therapeutics, Inc. Common Stock",common,0,2020-07-27,2021-01-25,2020-07-27,2021-01-25,126,0.0,126,2020-07-27,2021-01-25,0,0,0,0
1262,EIGI,stocks,"Endurance International Group Holdings, Inc. Common Stock",common,0,2020-07-27,2021-02-10,2020-07-27,2021-02-10,138,0.0,138,2020-07-27,2021-02-10,0,0,0,0
1263,EJFAU,stocks,EJF Acquisition Corp. Unit,suffix-U,0,2021-02-25,2022-06-22,2021-02-25,2022-06-22,250,0.192,250,2021-02-25,2022-06-22,0,0,0,0
1264,ELON,stocks,BattleShares TSLA vs F ETF,fund,0,2025-02-13,2025-10-06,2025-02-13,2025-10-06,162,0.037037,162,2025-02-13,2025-10-06,0,0,0,0
1265,EMBH,stocks,iShares Interest Rate Hedged Emerging Markets Bond ETF,fund,0,2020-08-19,2022-08-22,2020-08-19,2022-08-22,416,0.264423,416,2020-08-19,2022-08-22,0,0,0,0
1266,EMBKW,stocks,"Embark Technology, Inc. Warrants",suffix-W,0,2021-11-11,2023-08-01,2021-11-11,2023-08-01,428,0.011682,428,2021-11-11,2023-08-01,0,0,0,0
1267,EMCG,stocks,Embrace Change Acquisition Corp Ordinary Shares,common,0,2022-10-03,2025-08-20,2022-10-03,2025-08-20,406,0.366995,406,2022-10-03,2025-08-20,0,0,0,0
1268,ENBL,stocks,"ENABLE MIDSTREAM PARTNERS, LP",common,0,2020-07-27,2021-12-02,2020-07-27,2021-12-02,343,0.0,343,2020-07-27,2021-12-02,0,0,0,0
1269,ENFAU,stocks,"890 5th Avenue Partners, Inc. Unit",suffix-U,0,2021-01-12,2021-12-03,2021-01-12,2021-12-03,201,0.144279,201,2021-01-12,2021-12-03,0,0,0,0
1270,ENNVU,stocks,ECP Environmental Growth Opportunities Corp. Unit,suffix-U,0,2021-02-09,2022-02-03,2021-02-09,2022-02-03,203,0.157635,203,2021-02-09,2022-02-03,0,0,0,0
1271,ENVIU,stocks,Environmental Impact Acquisition Corp. Unit,suffix-U,0,2021-01-14,2022-02-02,2021-01-14,2022-02-02,255,0.090196,255,2021-01-14,2022-02-02,0,0,0,0
1272,EPAY,stocks,"Bottomline Technologies, Inc. Common Stock",common,0,2020-07-27,2022-05-12,2020-07-27,2022-05-12,454,0.0,454,2020-07-27,2022-05-12,0,0,0,0
1273,EPZM,stocks,"Epizyme, Inc. Common Stock",common,0,2020-07-27,2022-08-11,2020-07-27,2022-08-11,516,0.0,516,2020-07-27,2022-08-11,0,0,0,0
1274,EQD,stocks,Equity Distribution Acquisition Corp.,common,0,2020-11-13,2022-09-16,2020-11-13,2022-09-16,462,0.012987,462,2020-11-13,2022-09-16,0,0,0,0
1275,ERUS,stocks,iShares MSCI Russia ETF,fund,0,2020-07-27,2022-03-03,2020-07-27,2022-03-03,405,0.0,405,2020-07-27,2022-03-03,0,0,0,0
1276,ESBK,stocks,Elmira Savings Bank Elmira NY Common Stock,common,0,2020-08-20,2022-05-13,2020-08-20,2022-05-13,415,0.127711,415,2020-08-20,2022-05-13,0,0,0,0
1277,ESGL,stocks,ESGL Holdings Limited Ordinary Shares,common,0,2023-08-04,2026-03-09,2023-08-04,2026-03-09,639,0.020344,639,2023-08-04,2026-03-09,0,0,0,0
1278,ESXB,stocks,Community Bankers Trust Corporation Common Stock (VA),common,0,2020-07-27,2021-12-03,2020-07-27,2021-12-03,344,0.0,344,2020-07-27,2021-12-03,0,0,0,0
1279,ETAC,stocks,E.Merge Technology Acquisition Corp. Class A Common Stock,common,0,2020-09-21,2022-09-02,2020-09-21,2022-09-02,491,0.01833,491,2020-09-21,2022-09-02,0,0,0,0
1280,ETACU,stocks,E.Merge Technology Acquisition Corp. Unit,suffix-U,0,2020-07-31,2022-09-02,2020-07-31,2022-09-02,412,0.199029,412,2020-07-31,2022-09-02,0,0,0,0
1281,ETTX,stocks,Entasis Therapeutics Holdings Inc. Common Stock,common,0,2020-07-29,2022-07-08,2020-07-29,2022-07-08,490,0.0,490,2020-07-29,2022-07-08,0,0,0,0
1282,EUSGU,stocks,European Sustainable Growth Acquisition Corp. Unit,suffix-U,0,2021-01-22,2021-12-22,2021-01-22,2021-12-22,196,0.122449,196,2021-01-22,2021-12-22,0,0,0,0
1283,EV,stocks,Mast Global Battery Recycling & Production ETF,fund,0,2020-07-27,2025-04-17,2020-07-27,2025-04-17,478,0.384937,478,2020-07-27,2025-04-17,0,0,0,0
1284,EVY,stocks,Eaton Vance New York Municipal Income Trust,closed-end,0,2020-07-27,2021-08-20,2020-07-27,2021-08-20,271,0.00738,271,2020-07-27,2021-08-20,0,0,0,0
1285,EXFO,stocks,EXFO Inc,common,0,2020-07-28,2021-08-27,2020-07-28,2021-08-27,275,0.0,275,2020-07-28,2021-08-27,0,0,0,0
1286,FBM,stocks,"Foundation Building Materials, Inc. Common Stock",common,0,2020-07-27,2021-01-28,2020-07-27,2021-01-28,129,0.0,129,2020-07-27,2021-01-28,0,0,0,0
1287,FCACU,stocks,Falcon Capital Acquisition Corp. Unit,suffix-U,0,2020-09-22,2021-07-01,2020-09-22,2021-07-01,193,0.051813,193,2020-09-22,2021-07-01,0,0,0,0
1288,FCBP,stocks,First Choice Bancorp Common Stock,common,0,2020-07-28,2021-07-21,2020-07-28,2021-07-21,248,0.0,248,2020-07-28,2021-07-21,0,0,0,0
1289,FCCY,stocks,1st Constitution Bancorp (NJ) Common Stock,common,0,2020-07-31,2022-01-06,2020-07-31,2022-01-06,363,0.002755,363,2020-07-31,2022-01-06,0,0,0,0
1290,FFG,stocks,FBL Financial Group,common,0,2020-07-27,2021-05-25,2020-07-27,2021-05-25,210,0.0,210,2020-07-27,2021-05-25,0,0,0,0
1291,FIIIU,stocks,Forum Merger III Corporation Units,suffix-U,0,2020-08-19,2021-06-25,2020-08-19,2021-06-25,208,0.033654,208,2020-08-19,2021-06-25,0,0,0,0
1292,FIT,stocks,"Fitbit, Inc. Class A common stock",common,0,2020-07-27,2021-01-13,2020-07-27,2021-01-13,119,0.0,119,2020-07-27,2021-01-13,0,0,0,0
1293,FIV,stocks,First Trust Senior Floating Rate 2022 Target Term Fund Common Shares of Beneficial Interest,fund,0,2020-07-27,2021-12-09,2020-07-27,2021-12-09,348,0.002874,348,2020-07-27,2021-12-09,0,0,0,0
1294,FLIR,stocks,FLIR Systems,common,0,2020-07-27,2021-05-13,2020-07-27,2021-05-13,202,0.0,202,2020-07-27,2021-05-13,0,0,0,0
1295,FMBI,stocks,"First Midwest Bancorp, Inc. Common Stock",common,0,2020-07-27,2022-02-15,2020-07-27,2022-02-15,394,0.0,394,2020-07-27,2022-02-15,0,0,0,0
1296,FMO,stocks,Fiduciary/Claymore Energy Infrastructure Fund,fund,0,2020-07-27,2022-03-04,2020-07-27,2022-03-04,406,0.0,406,2020-07-27,2022-03-04,0,0,0,0
1297,FOE,stocks,Ferro Corporation,common,0,2020-07-27,2022-04-21,2020-07-27,2022-04-21,439,0.0,439,2020-07-27,2022-04-21,0,0,0,0
1298,FOREU,stocks,Foresight Acquisition Corp. Units,suffix-U,0,2021-02-10,2021-12-01,2021-02-10,2021-12-01,182,0.186813,182,2021-02-10,2021-12-01,0,0,0,0
1299,FOUNU,stocks,Founder SPAC Units,suffix-U,0,2021-10-15,2022-08-15,2021-10-15,2022-08-15,185,0.221622,185,2021-10-15,2022-08-15,0,0,0,0
1300,FPRX,stocks,"Five Prime Therapeutics, Inc. Common Stock",common,0,2020-07-27,2021-04-15,2020-07-27,2021-04-15,182,0.0,182,2020-07-27,2021-04-15,0,0,0,0
1301,FRTA,stocks,"Forterra, Inc. Common Stock",common,0,2020-07-27,2022-03-17,2020-07-27,2022-03-17,415,0.0,415,2020-07-27,2022-03-17,0,0,0,0
1302,FSKR,stocks,FS KKR Capital Corp. II,common,0,2020-07-27,2021-06-16,2020-07-27,2021-06-16,225,0.0,225,2020-07-27,2021-06-16,0,0,0,0
1303,FSLF,stocks,First Eagle Senior Loan Fund,closed-end,0,2020-07-27,2021-06-28,2020-07-27,2021-06-28,233,0.0,233,2020-07-27,2021-06-28,0,0,0,0
1304,FST,stocks,FAST Acquisition Corp.,common,0,2020-10-13,2022-08-25,2020-10-13,2022-08-25,471,0.0,471,2020-10-13,2022-08-25,0,0,0,0
1305,FTOCU,stocks,FTAC Olympus Acquisition Corp. Unit,suffix-U,0,2020-08-26,2021-06-25,2020-08-26,2021-06-25,209,0.009569,209,2020-08-26,2021-06-25,0,0,0,0
1306,FTSI,stocks,"FTS International, Inc. Common Stock",common,0,2020-07-27,2022-03-04,2020-07-27,2022-03-04,406,0.0,406,2020-07-27,2022-03-04,0,0,0,0
1307,GAINL,stocks,Gladstone Investment Corporation 8.00% Notes due 2028,common,0,2020-08-04,2025-12-15,2020-08-04,2025-12-15,892,0.020179,892,2020-08-04,2025-12-15,0,0,0,0
1308,GBUY,stocks,Goldman Sachs Future Consumer Equity ETF,fund,0,2020-07-28,2025-07-18,2020-07-28,2025-07-18,992,0.110887,992,2020-07-28,2025-07-18,0,0,0,0
1309,GCACU,stocks,Growth Capital Acquisition Corp. Unit,suffix-U,0,2021-01-29,2022-02-10,2021-01-29,2022-02-10,208,0.192308,208,2021-01-29,2022-02-10,0,0,0,0
1310,GCP,stocks,GCP Applied Technologies Inc.,common,0,2020-07-27,2022-09-26,2020-07-27,2022-09-26,547,0.001828,547,2020-07-27,2022-09-26,0,0,1,0
1311,GDP,stocks,Goodrich Petroleum Corporation Common Stock,common,0,2020-07-27,2021-12-22,2020-07-27,2021-12-22,357,0.0,357,2020-07-27,2021-12-22,0,0,0,0
1312,GDVD,stocks,Copper Place Global Dividend Growth ETF,fund,0,2020-08-03,2024-08-28,2020-08-03,2024-08-28,691,0.125904,691,2020-08-03,2024-08-28,0,0,0,0
1313,GFED,stocks,"Guaranty Federal Bancshares, Inc. Common Stock",common,0,2020-08-04,2022-03-31,2020-08-04,2022-03-31,363,0.151515,363,2020-08-04,2022-03-31,0,0,0,0
1314,GFN,stocks,General Finance Corporation General Finance Corporation Common Stock,common,0,2020-07-27,2021-05-25,2020-07-27,2021-05-25,210,0.0,210,2020-07-27,2021-05-25,0,0,0,0
1315,GFNSZ,stocks,General Finance Corporation 7.875% Senior Notes due 2025,common,0,2020-11-02,2021-06-23,2020-11-02,2021-06-23,157,0.012739,157,2020-11-02,2021-06-23,0,0,0,0
1316,GGPIU,stocks,"Gores Guggenheim, Inc. Unit",suffix-U,0,2021-03-23,2022-06-23,2021-03-23,2022-06-23,313,0.031949,313,2021-03-23,2022-06-23,0,0,0,0
1317,GHIV,stocks,"Gores Holdings IV, Inc. Class A Common Stock",common,0,2020-07-27,2021-01-21,2020-07-27,2021-01-21,122,0.0,122,2020-07-27,2021-01-21,0,0,0,0
1318,GHVIU,stocks,"Gores Holdings VI, Inc. Unit",suffix-U,0,2020-12-11,2021-07-22,2020-12-11,2021-07-22,152,0.013158,152,2020-12-11,2021-07-22,0,0,0,0
1319,GIGGU,stocks,GigCapital7 Corp. Unit,suffix-U,0,2021-02-09,2026-05-22,2021-02-09,2026-05-22,341,0.202346,341,2021-02-09,2026-05-22,0,0,0,0
1320,GLACU,stocks,Global Lights Acquisition Corp Unit,suffix-U,0,2023-11-14,2025-04-04,2023-11-14,2025-02-26,143,0.699301,143,2023-11-14,2025-02-26,0,0,0,0
1321,GLOG,stocks,GasLog Ltd.,common,0,2020-07-27,2021-06-08,2020-07-27,2021-06-08,219,0.0,219,2020-07-27,2021-06-08,0,0,0,0
1322,GLUU,stocks,Glu Mobile Inc. Common Stock,common,0,2020-07-27,2021-04-28,2020-07-27,2021-04-28,191,0.0,191,2020-07-27,2021-04-28,0,0,0,0
1323,GMBTU,stocks,Pivotal Holdings Corp Unit,suffix-U,0,2021-01-20,2022-03-31,2021-01-20,2022-03-31,295,0.030508,295,2021-01-20,2022-03-31,0,0,0,0
1324,GMIIU,stocks,"Gores Metropoulos II, Inc. Unit",suffix-U,0,2021-01-20,2022-01-18,2021-01-20,2022-01-18,252,0.003968,252,2021-01-20,2022-01-18,0,0,0,0
1325,GMLP,stocks,Golar LNG Partners LP Common Units Representing Limited Partnership,common,0,2020-07-27,2021-04-15,2020-07-27,2021-04-15,182,0.0,182,2020-07-27,2021-04-15,0,0,0,0
1326,GMTA,stocks,GATX Corporation 5.625% Senior Notes 5/30/2066,common,0,2020-07-29,2021-05-28,2020-07-29,2021-05-28,211,0.0,211,2020-07-29,2021-05-28,0,0,0,0
1327,GNMK,stocks,"GenMark Diagnostics, Inc. Common Stock",common,0,2020-07-27,2021-04-21,2020-07-27,2021-04-21,186,0.0,186,2020-07-27,2021-04-21,0,0,0,0
1328,GNOG,stocks,"Golden Nugget Online Gaming, Inc. Class A Common Stock",common,0,2020-12-30,2022-05-04,2020-12-30,2022-05-04,339,0.0,339,2020-12-30,2022-05-04,0,0,0,0
1329,GOAC,stocks,GO Acquisition Corp. Class A Common Stock,common,0,2020-09-25,2022-08-16,2020-09-25,2022-08-16,474,0.042194,474,2020-09-25,2022-08-16,0,0,0,0
1330,GOODM,stocks,Gladstone Commercial Corporation Series D Cumulative Redeemable Preferred Stock,common,0,2020-07-30,2021-06-29,2020-07-30,2021-06-29,231,0.012987,231,2020-07-30,2021-06-29,0,0,0,0
1331,GPM,stocks,Guggenheim Enhanced Equity Income Fund,fund,0,2020-07-27,2021-10-22,2020-07-27,2021-10-22,315,0.0,315,2020-07-27,2021-10-22,0,0,0,0
1332,GPX,stocks,GP Strategies Corp.,common,0,2020-07-27,2021-10-14,2020-07-27,2021-10-14,309,0.0,309,2020-07-27,2021-10-14,0,0,0,0
1333,GRA,stocks,WR Grace,common,0,2020-07-27,2021-09-21,2020-07-27,2021-09-21,292,0.0,292,2020-07-27,2021-09-21,0,0,0,0
1334,GRNVR,stocks,GreenVision Acquisition Corp Rights,suffix-R,0,2020-08-26,2021-08-13,2020-08-26,2021-08-13,231,0.056277,231,2020-08-26,2021-08-13,0,0,0,0
1335,GRSVU,stocks,"Gores Holdings V, Inc. Unit",suffix-U,0,2020-08-06,2021-08-04,2020-08-06,2021-08-04,239,0.075314,239,2020-08-06,2021-08-04,0,0,0,0
1336,GRUB,stocks,Just Eat Takeaway.com N.V. American Depositary Shares,common,0,2021-06-15,2022-03-11,2021-06-15,2022-03-11,188,0.0,188,2021-06-15,2022-03-11,0,0,0,0
1337,GSAQ,stocks,Global Synergy Acquisition Corp. Class A Ordinary Shares,common,0,2021-03-02,2022-07-26,2021-03-02,2022-07-26,302,0.258278,302,2021-03-02,2022-07-26,0,0,0,0
1338,GSAQU,stocks,Global Synergy Acquisition Corp. Units,suffix-U,0,2021-01-08,2022-07-22,2021-01-08,2022-07-22,261,0.283525,261,2021-01-08,2022-07-22,0,0,0,0
1339,GSD,stocks,Global Systems Dynamics Inc. Class A Common Stock,common,0,2021-10-04,2024-01-23,2021-10-04,2024-01-23,427,0.348946,427,2021-10-04,2024-01-23,0,0,0,0
1340,GSKY,stocks,"GreenSky, Inc. Class A Common Stock",common,0,2020-07-27,2022-03-29,2020-07-27,2022-03-29,423,0.0,423,2020-07-27,2022-03-29,0,0,0,0
1341,GSLD,stocks,"Global Ship Lease, Inc. 8.00% Senior Notes due 2024",common,0,2020-07-28,2022-07-15,2020-07-28,2022-07-15,496,0.0,496,2020-07-28,2022-07-15,0,0,0,0
1342,GSS,stocks,Golden Star Resources Ltd.,common,0,2020-07-27,2022-01-27,2020-07-27,2022-01-27,381,0.0,381,2020-07-27,2022-01-27,0,0,0,0
1343,GSUM,stocks,Gridsum Holding Inc. American Depositary Shares,common,0,2020-07-30,2021-03-25,2020-07-30,2021-03-25,165,0.0,165,2020-07-30,2021-03-25,0,0,0,0
1344,GSV,stocks,Gold Standard Ventures Corp.,common,0,2020-07-27,2022-08-11,2020-07-27,2022-08-11,516,0.0,516,2020-07-27,2022-08-11,0,0,0,0
1345,GTS,stocks,Triple-S Management Corporation,common,0,2020-07-27,2022-01-31,2020-07-27,2022-01-31,383,0.0,383,2020-07-27,2022-01-31,0,0,0,0
1346,GTYH,stocks,GTY Technology Holdings Inc. Common Stock,common,0,2020-07-27,2022-07-06,2020-07-27,2022-07-06,490,0.0,490,2020-07-27,2022-07-06,0,0,0,0
1347,GWB,stocks,"Great Western Bancorp, Inc.",common,0,2020-07-27,2022-01-31,2020-07-27,2022-01-31,383,0.0,383,2020-07-27,2022-01-31,0,0,0,0
1348,GWPH,stocks,GW Pharmaceuticals Plc American Depositary Shares,common,0,2020-07-27,2021-05-04,2020-07-27,2021-05-04,195,0.0,195,2020-07-27,2021-05-04,0,0,0,0
1349,HBANO,stocks,Huntington Bancshares Incorporated Depositary Shares,common,0,2020-07-27,2021-07-15,2020-07-27,2021-07-15,245,0.0,245,2020-07-27,2021-07-15,0,0,0,0
1350,HBMD,stocks,"Howard Bancorp, Inc. Common Stock",common,0,2020-07-27,2022-01-21,2020-07-27,2022-01-21,377,0.002653,377,2020-07-27,2022-01-21,0,0,0,0
1351,HBP,stocks,"Huttig Building Products, Inc. Common Stock",common,0,2020-07-27,2022-05-02,2020-07-27,2022-05-02,446,0.0,446,2020-07-27,2022-05-02,0,0,0,0
1352,HCAP,stocks,Harvest Capital Credit Corporation Common Stock,common,0,2020-07-28,2021-06-08,2020-07-28,2021-06-08,218,0.0,218,2020-07-28,2021-06-08,0,0,0,0
1353,HCCCU,stocks,Healthcare Capital Corp. Unit,suffix-U,0,2021-01-15,2022-03-07,2021-01-15,2022-03-07,216,0.194444,216,2021-01-15,2022-03-07,0,0,0,0
1354,HCCH,stocks,HL Acquisitions Corp. Ordinary Shares,common,0,2020-07-27,2020-12-09,2020-07-27,2020-12-09,96,0.0,96,2020-07-27,2020-12-09,0,0,0,0
1355,HDS,stocks,"HD Supply Holdings, Inc. Common Stock",common,0,2020-07-27,2020-12-23,2020-07-27,2020-12-23,106,0.0,106,2020-07-27,2020-12-23,0,0,0,0
1356,HECCU,stocks,Hudson Executive Investment Corp. Units,suffix-U,0,2020-07-29,2021-06-22,2020-07-29,2021-06-22,214,0.079439,214,2020-07-29,2021-06-22,0,0,0,0
1357,HGH,stocks,"THE HARTFORD FINANCIAL SERVICES GROUP, INC.  7.875% FIXED-TO-FLOATING RATE JR SUB DEBENTURE DUE 2042",common,0,2020-07-27,2022-04-18,2020-07-27,2022-04-18,436,0.0,436,2020-07-27,2022-04-18,0,0,0,0
1358,HHRSW,stocks,Hammerhead Energy Inc. Warrant,suffix-W,0,2023-02-27,2023-09-15,2023-02-27,2023-09-15,135,0.0,135,2023-02-27,2023-09-15,0,0,0,0
1359,HLG,stocks,Hailiang Education Group Inc. American Depositary Shares,common,0,2020-07-29,2022-09-15,2020-07-29,2022-09-15,522,0.045977,522,2020-07-29,2022-09-15,0,0,0,0
1360,HMHC,stocks,Houghton Mifflin Harcourt Company Common Stock,common,0,2020-07-27,2022-04-06,2020-07-27,2022-04-06,429,0.0,429,2020-07-27,2022-04-06,0,0,0,0
1361,HMLP,stocks,HOEGH LNG PARTNERS LP,common,0,2020-07-27,2022-09-23,2020-07-27,2022-09-23,546,0.001832,546,2020-07-27,2022-09-23,0,0,1,0
1362,HMSY,stocks,HMS Holdings Corp (DE),common,0,2020-07-27,2021-03-31,2020-07-27,2021-03-31,172,0.0,172,2020-07-27,2021-03-31,0,0,0,0
1363,HMTV,stocks,"Hemisphere Media Group, Inc. Class A Common Stock",common,0,2020-07-27,2022-09-12,2020-07-27,2022-09-12,537,0.0,537,2020-07-27,2022-09-12,0,0,1,0
1364,HOLUU,stocks,Holicity Inc. Unit,suffix-U,0,2020-08-05,2021-06-30,2020-08-05,2021-06-30,217,0.059908,217,2020-08-05,2021-06-30,0,0,0,0
1365,HOME,stocks,At Home Group Inc.,common,0,2020-07-27,2021-07-22,2020-07-27,2021-07-22,250,0.0,250,2020-07-27,2021-07-22,0,0,0,0
1366,HPR,stocks,HighPoint Resources Corporation,common,0,2020-07-27,2021-04-01,2020-07-27,2021-04-01,173,0.0,173,2020-07-27,2021-04-01,0,0,0,0
1367,HRC,stocks,"HILL-ROM HOLDINGS, INC.",common,0,2020-07-27,2021-12-10,2020-07-27,2021-12-10,349,0.0,349,2020-07-27,2021-12-10,0,0,0,0
1368,HUD,stocks,Hudson Ltd. Class A Common Shares,common,0,2020-07-27,2020-11-30,2020-07-27,2020-11-30,89,0.0,89,2020-07-27,2020-11-30,0,0,0,0
1369,HWCC,stocks,Houston Wire & Cable Company Common Stock,common,0,2020-07-27,2021-06-15,2020-07-27,2021-06-15,224,0.0,224,2020-07-27,2021-06-15,0,0,0,0
1370,HYACU,stocks,Haymaker Acquisition Corp. 4,suffix-U,0,2020-08-12,2022-05-20,2020-08-12,2022-05-20,235,0.251064,235,2020-08-12,2022-05-20,0,0,0,0
1371,IAC,stocks,IAC Inc. Common Stock,common,0,2020-07-27,2026-06-03,2020-07-27,2026-06-03,1471,0.0,1471,2020-07-27,2026-06-03,0,1,1,0
1372,IBDM,stocks,iShares iBonds Dec 2021 Term Corporate ETF,fund,0,2020-07-27,2021-12-15,2020-07-27,2021-12-15,352,0.0,352,2020-07-27,2021-12-15,0,0,0,0
1373,IBHA,stocks,iShares iBonds 2021 Term High Yield and Income ETF,fund,0,2020-10-19,2021-12-15,2020-10-19,2021-12-15,288,0.059028,288,2020-10-19,2021-12-15,0,0,0,0
1374,IBMJ,stocks,iShares iBonds Dec 2021 Term Muni Bond ETF,closed-end,0,2020-07-29,2021-12-01,2020-07-29,2021-12-01,340,0.0,340,2020-07-29,2021-12-01,0,0,0,0
1375,ICBK,stocks,"County Bancorp, Inc. Common Stock",common,0,2020-07-28,2021-12-03,2020-07-28,2021-12-03,334,0.01497,334,2020-07-28,2021-12-03,0,0,0,0
1376,ICOL,stocks,iShares MSCI Colombia ETF,fund,0,2020-07-29,2022-08-22,2020-07-29,2022-08-22,521,0.007678,521,2020-07-29,2022-08-22,0,0,0,0
1377,IEC,stocks,IEC Electronics Corp. Common Stock,common,0,2020-07-28,2021-10-04,2020-07-28,2021-10-04,300,0.0,300,2020-07-28,2021-10-04,0,0,0,0
1378,IFFT,stocks,International Flavors & Fragrances Inc. 6.00% Tangible Equity Units,common,0,2020-07-31,2021-09-14,2020-07-31,2021-09-14,283,0.0,283,2020-07-31,2021-09-14,0,0,0,0
1379,IHC,stocks,Independence Holding Company,common,0,2020-07-30,2022-02-15,2020-07-30,2022-02-15,390,0.002564,390,2020-07-30,2022-02-15,0,0,0,0
1380,IID,stocks,VOYA INTERNATIONAL HIGH DIVIDEND EQUITY INCOME FUND,fund,0,2020-07-27,2021-03-31,2020-07-27,2021-03-31,172,0.0,172,2020-07-27,2021-03-31,0,0,0,0
1381,IIN,stocks,Intricon Corporation Common Stock,common,0,2020-07-27,2022-05-24,2020-07-27,2022-05-24,462,0.0,462,2020-07-27,2022-05-24,0,0,0,0
1382,IMAQ,stocks,International Media Acquisition Corp.,common,0,2021-08-19,2024-08-07,2021-08-19,2024-08-07,678,0.154867,678,2021-08-19,2024-08-07,1,1,0,0
1383,IMMU,stocks,"Immunomedics, Inc. Common Stock",common,0,2020-07-27,2020-10-22,2020-07-27,2020-10-22,63,0.0,63,2020-07-27,2020-10-22,0,0,0,0
1384,INAQU,stocks,Insight Acquisition Corp. Units,suffix-U,0,2020-09-03,2024-12-13,2020-09-03,2024-12-13,174,0.235632,174,2020-09-03,2024-12-13,0,0,0,0
1385,INDF,stocks,Range India Financials ETF,fund,0,2020-10-22,2025-08-26,2020-10-22,2025-08-26,1206,0.180763,1206,2020-10-22,2025-08-26,0,0,0,0
1386,INFR,stocks,Franklin Templeton ETF Trust ClearBridge Sustainable Infrastructure ETF,fund,0,2020-08-03,2026-01-22,2020-08-03,2026-01-22,979,0.468846,979,2020-08-03,2026-01-22,0,0,0,0
1387,INST,stocks,"INSTRUCTURE HOLDINGS, INC.",common,0,2021-07-22,2024-11-12,2021-07-22,2024-11-12,834,0.0,834,2021-07-22,2024-11-12,0,0,1,0
1388,IPFF,stocks,iShares International Preferred Stock ETF,fund,0,2020-07-27,2021-08-23,2020-07-27,2021-08-23,272,0.003676,272,2020-07-27,2021-08-23,0,0,0,0
1389,IPHI,stocks,Inphi Corporation Common Stock,common,0,2020-07-27,2021-04-20,2020-07-27,2021-04-20,185,0.0,185,2020-07-27,2021-04-20,0,0,0,0
1390,IPLDP,stocks,Interstate Power & Light Company Perp Prd Ser D,suffix-P,0,2020-07-28,2021-12-14,2020-07-28,2021-12-14,347,0.011527,347,2020-07-28,2021-12-14,0,0,0,0
1391,IRCP,stocks,IRSA Propiedades Comerciales S.A. American Depositary Shares,common,0,2020-07-27,2022-05-27,2020-07-27,2022-05-27,462,0.010823,462,2020-07-27,2022-05-27,0,0,0,0
1392,IRR,stocks,VOYA NATURAL RESOURCES EQUITY INCOME FUND,fund,0,2020-07-27,2021-06-11,2020-07-27,2021-06-11,222,0.0,222,2020-07-27,2021-06-11,0,0,0,0
1393,ISBC,stocks,"Investors Bancorp, Inc. Common Stock",common,0,2020-07-27,2022-04-06,2020-07-27,2022-04-06,429,0.0,429,2020-07-27,2022-04-06,0,0,0,0
1394,ISLE,stocks,Isleworth Healthcare Acquisition Corporation Common stock,common,0,2021-03-30,2022-08-26,2021-03-30,2022-08-26,344,0.084302,344,2021-03-30,2022-08-26,0,0,0,0
1395,ISRL,stocks,Israel Acquisitions Corp Class A Ordinary Shares,common,0,2023-03-01,,2019-01-02,2026-09-08,690,0.305797,536,2023-03-01,2025-12-03,0,1,0,0
1396,ITHXU,stocks,ITHAX Acquisition Corp. Unit,suffix-U,0,2021-01-28,2022-07-18,2021-01-28,2022-07-18,222,0.279279,222,2021-01-28,2022-07-18,0,0,0,0
1397,ITMR,stocks,Itamar Medical Ltd. American Depository Shares,common,0,2020-07-27,2021-12-15,2020-07-27,2021-12-15,352,0.002841,352,2020-07-27,2021-12-15,0,0,0,0
1398,JAX,stocks,"J. Alexander's Holdings, Inc.",common,0,2020-07-27,2021-09-29,2020-07-27,2021-09-29,298,0.0,298,2020-07-27,2021-09-29,0,0,0,0
1399,JCO,stocks,Nuveen Credit Opportunities 2022 Target Term Fund,fund,0,2020-07-27,2022-05-25,2020-07-27,2022-05-25,463,0.00216,463,2020-07-27,2022-05-25,0,0,0,0
1400,JDD,stocks,Nuveen Diversified Dividend and Income Fund,fund,0,2020-07-28,2021-11-19,2020-07-28,2021-11-19,334,0.0,334,2020-07-28,2021-11-19,0,0,0,0
1401,JHB,stocks,Nuveen Corporate Income November 2021 Target Term Fund,fund,0,2020-07-27,2021-10-26,2020-07-27,2021-10-26,317,0.006309,317,2020-07-27,2021-10-26,0,0,0,0
1402,JMIN,stocks,JPMorgan U.S. Minimum Volatility ETF,fund,0,2020-07-27,2022-09-06,2020-07-27,2022-09-06,518,0.096525,518,2020-07-27,2022-09-06,0,0,0,0
1403,JMP,stocks,JMP Group LLC,common,0,2020-08-17,2021-11-15,2020-08-17,2021-11-15,315,0.0,315,2020-08-17,2021-11-15,0,0,0,0
1404,JOBS,stocks,"51job, Inc. American Depositary Shares",common,0,2020-07-27,2022-05-06,2020-07-27,2022-05-06,450,0.0,450,2020-07-27,2022-05-06,0,0,0,0
1405,JPN,stocks,Xtrackers Japan JPX-Nikkei 400 Equity ETF,fund,0,2020-08-04,2022-03-07,2020-08-04,2022-03-07,396,0.05303,396,2020-08-04,2022-03-07,0,0,0,0
1406,JTA,stocks,Nuveen Tax-Advantaged Total Return Strategy Fund,fund,0,2020-07-29,2021-11-19,2020-07-29,2021-11-19,333,0.0,333,2020-07-29,2021-11-19,0,0,0,0
1407,JTD,stocks,NUVEEN TAX-ADVANTAGE DIVIDEND GROWTH FUND,fund,0,2020-07-27,2021-11-19,2020-07-27,2021-11-19,335,0.0,335,2020-07-27,2021-11-19,0,0,0,0
1408,KDFI,stocks,KFA Dynamic Fixed Income ETF,fund,0,2020-07-29,2021-12-03,2020-07-29,2021-12-03,338,0.08284,338,2020-07-29,2021-12-03,0,0,0,0
1409,KDMN,stocks,"Kadmon Holdings, Inc. Common Stock",common,0,2020-07-27,2021-11-08,2020-07-27,2021-11-08,326,0.0,326,2020-07-27,2021-11-08,0,0,0,0
1410,KEM,stocks,KraneShares Dynamic Emerging Markets Strategy ETF,fund,0,2024-01-04,2025-05-20,2024-01-04,2025-05-20,323,0.331269,323,2024-01-04,2025-05-20,0,0,0,0
1411,KIN,stocks,"Kindred Biosciences, Inc. Common Stock",common,0,2020-07-27,2021-08-27,2020-07-27,2021-08-27,276,0.0,276,2020-07-27,2021-08-27,0,0,0,0
1412,KIND,stocks,"Nextdoor Holdings, Inc.",common,0,2021-11-08,2025-07-18,2021-11-08,2025-07-18,926,0.0,926,2021-11-08,2025-07-18,0,0,1,0
1413,KL,stocks,Kirkland Lake Gold Ltd Ordinary,common,0,2020-07-27,2022-02-08,2020-07-27,2022-02-08,389,0.0,389,2020-07-27,2022-02-08,0,0,0,0
1414,KLDW,stocks,Knowledge Leaders Developed World ETF,fund,0,2020-08-19,2024-07-19,2020-08-19,2024-07-19,984,0.004065,984,2020-08-19,2024-07-19,0,0,1,0
1415,KNL,stocks,"Knoll, Inc.",common,0,2020-07-27,2021-07-19,2020-07-27,2021-07-19,247,0.0,247,2020-07-27,2021-07-19,0,0,0,0
1416,KOR,stocks,Corvus Gold Inc. Common Shares,common,0,2020-08-13,2022-01-14,2020-08-13,2022-01-14,360,0.0,360,2020-08-13,2022-01-14,0,0,0,0
1417,KRA,stocks,Kraton Corporation,common,0,2020-07-27,2022-03-14,2020-07-27,2022-03-14,412,0.0,412,2020-07-27,2022-03-14,0,0,0,0
1418,KSU,stocks,Kansas City Southern,common,0,2020-07-27,2021-12-13,2020-07-27,2021-12-13,350,0.0,350,2020-07-27,2021-12-13,0,0,0,0
1419,KURIU,stocks,Alkuri Global Acquisition Corp. Unit,suffix-U,0,2021-03-08,2021-10-21,2021-03-08,2021-10-21,155,0.025806,155,2021-03-08,2021-10-21,0,0,0,0
1420,KVSB,stocks,Khosla Ventures Acquisition Co. II Class A Common Stock,common,0,2021-03-24,2021-11-05,2021-03-24,2021-11-05,157,0.006369,157,2021-03-24,2021-11-05,0,0,0,0
1421,LBJ,stocks,Direxion Daily Latin America Bull 2X Shares,fund,0,2020-07-29,2022-01-14,2020-07-29,2022-01-14,371,0.010782,371,2020-07-29,2022-01-14,0,0,0,0
1422,LBPS,stocks,4D pharma plc American Depositary Shares,common,0,2021-03-22,2022-06-24,2021-03-22,2022-06-24,319,0.003135,319,2021-03-22,2022-06-24,0,0,0,0
1423,LCAHU,stocks,"Landcadia Holdings IV, Inc. Units",suffix-U,0,2020-08-06,2024-02-27,2020-08-06,2024-02-27,434,0.288018,434,2020-08-06,2024-02-27,0,0,0,0
1424,LCAPU,stocks,Lionheart Acquisition Corp. II Unit,suffix-U,0,2020-08-14,2022-05-20,2020-08-14,2022-05-20,294,0.248299,294,2020-08-14,2022-05-20,0,0,0,0
1425,LCYAU,stocks,"Landcadia Holdings III, Inc. Unit",suffix-U,0,2020-10-09,2021-07-13,2020-10-09,2021-07-13,179,0.067039,179,2020-10-09,2021-07-13,0,0,0,0
1426,LDL,stocks,"Lydall, Inc.",common,0,2020-07-27,2021-09-30,2020-07-27,2021-09-30,299,0.0,299,2020-07-27,2021-09-30,0,0,0,0
1427,LEAF,stocks,Leaf Group Ltd.,common,0,2020-07-27,2021-06-11,2020-07-27,2021-06-11,222,0.0,222,2020-07-27,2021-06-11,0,0,0,0
1428,LEAP,stocks,"Ribbit LEAP, Ltd.",common,0,2020-11-13,2022-08-12,2020-11-13,2022-08-12,438,0.006849,438,2020-11-13,2022-08-12,0,0,0,0
1429,LEGOU,stocks,Legato Merger Corp. Units,suffix-U,0,2021-01-20,2021-10-19,2021-01-20,2021-10-19,180,0.05,180,2021-01-20,2021-10-19,0,0,0,0
1430,LEVL,stocks,"Level One Bancorp, Inc. Common Stock",common,0,2020-08-06,2022-03-31,2020-08-06,2022-03-31,417,0.002398,417,2020-08-06,2022-03-31,0,0,0,0
1431,LINX,stocks,Linx S.A.,common,0,2020-07-27,2021-06-25,2020-07-27,2021-06-25,232,0.0,232,2020-07-27,2021-06-25,0,0,0,0
1432,LJPC,stocks,La Jolla Pharmaceutical Company Common Stock (DE),common,0,2020-07-27,2022-08-19,2020-07-27,2022-08-19,522,0.0,522,2020-07-27,2022-08-19,0,0,0,0
1433,LMRK,stocks,Landmark Infrastructure Partners LP Common Units,common,0,2020-07-27,2021-12-21,2020-07-27,2021-12-21,356,0.0,356,2020-07-27,2021-12-21,0,0,0,0
1434,LMRKN,stocks,Landmark Infrastructure Partners LP 7% Series C Fltg/Fxd Perpetual Conv Preferred Stock,common,0,2020-07-31,2021-12-21,2020-07-31,2021-12-21,337,0.103858,337,2020-07-31,2021-12-21,0,0,0,0
1435,LMRKO,stocks,Landmark Infrastructure Partners LP Perpetual Preferred Units Series B 7.90%,common,0,2020-07-28,2021-12-21,2020-07-28,2021-12-21,350,0.025714,350,2020-07-28,2021-12-21,0,0,0,0
1436,LMRKP,stocks,Landmark Infrastructure Partners LP 8.00% Series A Cumulative Redeemable Perpetual Preferred Units,suffix-P,0,2020-08-03,2021-12-21,2020-08-03,2021-12-21,345,0.031884,345,2020-08-03,2021-12-21,0,0,0,0
1437,LN,stocks,LINE Corporation,common,0,2020-07-27,2020-12-24,2020-07-27,2020-12-24,107,0.0,107,2020-07-27,2020-12-24,0,0,0,0
1438,LOAC,stocks,Longevity Acquisition Corporation Ordinary Shares,common,0,2020-10-22,2021-03-19,2020-10-22,2021-03-19,99,0.040404,99,2020-10-22,2021-03-19,0,0,0,0
1439,LORL,stocks,"Loral Space and Communications, Inc. Common Stock",common,0,2020-07-27,2021-11-18,2020-07-27,2021-11-18,334,0.0,334,2020-07-27,2021-11-18,0,0,0,0
1440,LUB,stocks,Luby's Inc.,common,0,2020-08-03,2022-05-27,2020-08-03,2022-05-27,460,0.0,460,2020-08-03,2022-05-27,0,0,0,0
1441,LVGO,stocks,"Livongo Health, Inc. Common Stock",common,0,2020-07-27,2020-10-29,2020-07-27,2020-10-29,68,0.0,68,2020-07-27,2020-10-29,0,0,0,0
1442,MAACU,stocks,Montes Archimedes Acquisition Corp. Unit,suffix-U,0,2020-10-07,2021-09-23,2020-10-07,2021-09-23,217,0.119816,217,2020-10-07,2021-09-23,0,0,0,0
1443,MACQ,stocks,MCAP Acquisition Corporation Class A Common Stock,common,0,2021-04-30,2021-12-22,2021-04-30,2021-12-22,154,0.038961,154,2021-04-30,2021-12-22,0,0,0,0
1444,MACQU,stocks,MCAP Acquisition Corporation Unit,suffix-U,0,2021-02-26,2021-12-22,2021-02-26,2021-12-22,181,0.149171,181,2021-02-26,2021-12-22,0,0,0,0
1445,MANT,stocks,ManTech International Corporation Common Stock $0.01 Par Value,common,0,2020-07-27,2022-09-13,2020-07-27,2022-09-13,538,0.0,538,2020-07-27,2022-09-13,0,0,1,0
1446,MBII,stocks,"Marrone Bio Innovations, Inc. Common Stock",common,0,2020-07-27,2022-07-12,2020-07-27,2022-07-12,494,0.0,494,2020-07-27,2022-07-12,0,0,0,0
1447,MBT,stocks,Mobile TeleSystems Public Joint Stock Company American Depositary Shares (Each representing 2 Shares,common,0,2020-07-27,2022-02-25,2020-07-27,2022-02-25,401,0.0,401,2020-07-27,2022-02-25,0,0,0,0
1448,MCA,stocks,"BLACKROCK MUNIYIELD CALIFORNIA QUALITY FUND, INC",fund,0,2020-07-27,2022-04-08,2020-07-27,2022-04-08,431,0.0,431,2020-07-27,2022-04-08,0,0,0,0
1449,MCACR,stocks,Monterey Capital Acquisition Corporation Rights,suffix-R,0,2020-09-02,2024-07-12,2020-09-02,2024-07-12,303,0.227723,303,2020-09-02,2024-07-12,0,0,0,0
1450,MCACU,stocks,Monterey Capital Acquisition Corporation Unit,suffix-U,0,2020-07-30,2024-07-12,2020-07-30,2024-07-12,166,0.253012,166,2020-07-30,2024-07-12,0,0,0,0
1451,MCEP,stocks,"Mid-Con Energy Partners, LP Common Units",common,0,2020-07-28,2021-01-20,2020-07-28,2021-01-20,122,0.0,122,2020-07-28,2021-01-20,0,0,0,0
1452,MCF,stocks,Contango Oil & Gas Co.,common,0,2020-07-27,2021-12-07,2020-07-27,2021-12-07,346,0.0,346,2020-07-27,2021-12-07,0,0,0,0
1453,MCFE,stocks,McAfee Corp. Class A Common Stock,common,0,2020-10-22,2022-02-28,2020-10-22,2022-02-28,340,0.0,340,2020-10-22,2022-02-28,0,0,0,0
1454,MDLA,stocks,"Medallia, Inc.",common,0,2020-07-27,2021-10-28,2020-07-27,2021-10-28,319,0.0,319,2020-07-27,2021-10-28,0,0,0,0
1455,MDP,stocks,Meredith Corp,common,0,2020-07-27,2021-12-01,2020-07-27,2021-12-01,342,0.0,342,2020-07-27,2021-12-01,0,0,0,0
1456,MEN,stocks,"Blackrock Muni Enhanced Fund, Inc.",closed-end,0,2020-07-27,2021-04-16,2020-07-27,2021-04-16,183,0.0,183,2020-07-27,2021-04-16,0,0,0,0
1457,MFL,stocks,BLACKROCK MUNIHOLDINGS INVESTMENT QUALITY FUND,fund,0,2020-07-27,2022-04-08,2020-07-27,2022-04-08,431,0.00232,431,2020-07-27,2022-04-08,0,0,0,0
1458,MFNC,stocks,Mackinac Financial Corporation Common Stock,common,0,2020-07-28,2021-09-03,2020-07-28,2021-09-03,280,0.0,280,2020-07-28,2021-09-03,0,0,0,0
1459,MFT,stocks,BLACKROCK MUNIYIELD INVESTMENT QUALITY FUND,fund,0,2020-08-17,2021-04-09,2020-08-17,2021-04-09,163,0.0,163,2020-08-17,2021-04-09,0,0,0,0
1460,MGLN,stocks,"Magellan Health, Inc. Common Stock",common,0,2020-07-27,2022-01-03,2020-07-27,2022-01-03,364,0.0,364,2020-07-27,2022-01-03,0,0,0,0
1461,MGP,stocks,MGM Growth Properties LLC  Class A common shares representing limited liability company interests,common,0,2020-07-27,2022-04-28,2020-07-27,2022-04-28,444,0.0,444,2020-07-27,2022-04-28,0,0,0,0
1462,MIE,stocks,"COHEN & STEERS MLP INCOME AND ENERGY OPPORTUNITY FUND, INC.",fund,0,2020-07-27,2021-08-02,2020-07-27,2021-08-02,257,0.0,257,2020-07-27,2021-08-02,0,0,0,0
1463,MIK,stocks,"The Michaels Companies, Inc. Common Stock",common,0,2020-07-27,2021-04-14,2020-07-27,2021-04-14,181,0.0,181,2020-07-27,2021-04-14,0,0,0,0
1464,MILE,stocks,"Metromile, Inc. Common Stock",common,0,2021-02-10,2022-07-27,2021-02-10,2022-07-27,368,0.0,368,2021-02-10,2022-07-27,0,0,0,0
1465,MIME,stocks,Mimecast Limited Ordinary Shares,common,0,2020-07-27,2022-05-18,2020-07-27,2022-05-18,458,0.0,458,2020-07-27,2022-05-18,0,0,0,0
1466,MMAC,stocks,"MMA Capital Holdings, Inc. Common Stock",common,0,2020-07-28,2021-08-12,2020-07-28,2021-08-12,264,0.0,264,2020-07-28,2021-08-12,0,0,0,0
1467,MMV,stocks,MultiMetaVerse Holdings Ltd,common,0,2021-06-11,2025-01-08,2021-06-11,2025-01-08,828,0.102657,828,2021-06-11,2025-01-08,0,0,0,0
1468,MNDT,stocks,"Mandiant, Inc. Common Stock",common,0,2021-10-05,2022-09-09,2021-10-05,2022-09-09,235,0.0,235,2021-10-05,2022-09-09,0,0,0,0
1469,MOBL,stocks,"MobileIron, Inc. Common Stock",common,0,2020-07-27,2020-11-30,2020-07-27,2020-11-30,89,0.0,89,2020-07-27,2020-11-30,0,0,0,0
1470,MR,stocks,Montage Resources Corporation Common Stock,common,0,2020-07-27,2020-11-12,2020-07-27,2020-11-12,78,0.0,78,2020-07-27,2020-11-12,0,0,0,0
1471,MRACU,stocks,Marquee Raine Acquisition Corp. Unit,suffix-U,0,2020-12-15,2021-10-15,2020-12-15,2021-10-15,186,0.150538,186,2020-12-15,2021-10-15,0,0,0,0
1472,MSGN,stocks,MSG Networks Inc.,common,0,2020-07-27,2021-07-08,2020-07-27,2021-07-08,240,0.0,240,2020-07-27,2021-07-08,0,0,0,0
1473,MSON,stocks,"MISONIX, Inc. Common Stock (DE)",common,0,2020-07-27,2021-10-28,2020-07-27,2021-10-28,319,0.0,319,2020-07-27,2021-10-28,0,0,0,0
1474,MSP,stocks,Datto Holding Corp.,common,0,2020-10-21,2022-06-22,2020-10-21,2022-06-22,420,0.0,420,2020-10-21,2022-06-22,0,0,0,0
1475,MTOR,stocks,"MERITOR, Inc.",common,0,2020-07-27,2022-08-02,2020-07-27,2022-08-02,509,0.0,509,2020-07-27,2022-08-02,0,0,0,0
1476,MTSC,stocks,MTS Systems Corporation Common Stock,common,0,2020-07-27,2021-04-06,2020-07-27,2021-04-06,175,0.0,175,2020-07-27,2021-04-06,0,0,0,0
1477,MTT,stocks,Western Asset Municipal Defined Opportunity Trust Inc.,closed-end,0,2020-07-28,2021-04-30,2020-07-28,2021-04-30,192,0.0,192,2020-07-28,2021-04-30,0,0,0,0
1478,MUDS,stocks,Mudrick Capital Acquisition Corporation II Class A Common Stock,common,0,2021-02-01,2022-09-12,2021-02-01,2022-09-12,407,0.002457,407,2021-02-01,2022-09-12,0,0,0,0
1479,MUDSU,stocks,Mudrick Capital Acquisition Corporation II Unit,suffix-U,0,2020-12-08,2022-09-06,2020-12-08,2022-09-06,263,0.220532,263,2020-12-08,2022-09-06,0,0,0,0
1480,MUH,stocks,"Blackrock Muniholdings Fund II, Inc.",fund,0,2020-07-29,2021-03-05,2020-07-29,2021-03-05,152,0.0,152,2020-07-29,2021-03-05,0,0,0,0
1481,MUS,stocks,"BLACKROCK MUNIHOLDINGS QUALITY FUND, INC.",fund,0,2020-07-27,2021-03-05,2020-07-27,2021-03-05,154,0.0,154,2020-07-27,2021-03-05,0,0,0,0
1482,MVC,stocks,"MVC Capital, Inc.",common,0,2020-07-27,2020-12-23,2020-07-27,2020-12-23,106,0.0,106,2020-07-27,2020-12-23,0,0,0,0
1483,MXIM,stocks,Maxim Integrated,common,0,2020-07-27,2021-08-25,2020-07-27,2021-08-25,274,0.0,274,2020-07-27,2021-08-25,0,0,0,0
1484,MYC,stocks,"Blackrock Muni Yield California Fund, Inc.",closed-end,0,2020-07-30,2022-04-08,2020-07-30,2022-04-08,428,0.0,428,2020-07-30,2022-04-08,0,0,0,0
1485,MYF,stocks,"Blackrock Muni Yield Investment Fund, Inc.",closed-end,0,2020-07-27,2021-04-16,2020-07-27,2021-04-16,183,0.0,183,2020-07-27,2021-04-16,0,0,0,0
1486,MYJ,stocks,"Blackrock Muni Yield New Jersey Fund, Inc.",closed-end,0,2020-07-27,2022-04-08,2020-07-27,2022-04-08,430,0.0,430,2020-07-27,2022-04-08,0,0,0,0
1487,MYL,stocks,Mylan N.V. Ordinary Shares,common,0,2020-07-27,2020-11-16,2020-07-27,2020-11-16,80,0.0,80,2020-07-27,2020-11-16,0,0,0,0
1488,MYOK,stocks,"MyoKardia, Inc. Common Stock",common,0,2020-07-27,2020-11-16,2020-07-27,2020-11-16,80,0.0,80,2020-07-27,2020-11-16,0,0,0,0
1489,NAV,stocks,Navistar International,common,0,2020-07-27,2021-06-30,2020-07-27,2021-06-30,235,0.0,235,2020-07-27,2021-06-30,0,0,0,0
1490,NBACR,stocks,Newborn Acquisition Corp. Right,suffix-R,0,2020-10-23,2021-03-22,2020-10-23,2021-03-22,96,0.020833,96,2020-10-23,2021-03-22,0,0,0,0
1491,NBLX,stocks,Noble Midstream Partners LP Common Units Representing Limited Partner Interests,common,0,2020-07-27,2021-05-10,2020-07-27,2021-05-10,199,0.0,199,2020-07-27,2021-05-10,0,0,0,0
1492,NEBCU,stocks,Nebula Caravel Acquisition Corp. Unit,suffix-U,0,2020-12-09,2021-07-30,2020-12-09,2021-07-30,146,0.075342,146,2020-12-09,2021-07-30,0,0,0,0
1493,NEOS,stocks,"Neos Therapeutics, Inc. Common Stock",common,0,2020-07-27,2021-03-19,2020-07-27,2021-03-19,164,0.0,164,2020-07-27,2021-03-19,0,0,0,0
1494,NES,stocks,"Nuverra Environmental Solutions, Inc. Common Stock",common,0,2020-07-29,2022-02-23,2020-07-29,2022-02-23,396,0.0,396,2020-07-29,2022-02-23,0,0,0,0
1495,NEV,stocks,NUVEEN ENHANCED MUNICIPAL VALUE FUND,closed-end,0,2020-07-30,2022-06-03,2020-07-30,2022-06-03,466,0.0,466,2020-07-30,2022-06-03,0,0,0,0
1496,NEWA,stocks,"Newater Technology, Inc. Ordinary Shares",common,0,2020-07-27,2021-07-12,2020-07-27,2021-07-12,233,0.004292,233,2020-07-27,2021-07-12,0,0,0,0
1497,NFH,stocks,New Frontier Health Corporation Ordinary Shares,common,0,2020-07-27,2022-01-26,2020-07-27,2022-01-26,380,0.002632,380,2020-07-27,2022-01-26,0,0,0,0
1498,NGACU,stocks,NextGen Acquisition Corporation Units,suffix-U,0,2020-10-07,2021-08-19,2020-10-07,2021-08-19,201,0.084577,201,2020-10-07,2021-08-19,0,0,0,0
1499,NGCAU,stocks,NextGen Acquisition Corp. II Units,suffix-U,0,2021-03-23,2021-12-29,2021-03-23,2021-12-29,184,0.157609,184,2021-03-23,2021-12-29,0,0,0,0
1500,NGHC,stocks,National General Holdings Corp Common Stock,common,0,2020-07-27,2020-12-31,2020-07-27,2020-12-31,111,0.0,111,2020-07-27,2020-12-31,0,0,0,0
1501,NHLD,stocks,National Holdings Corporation Common Stock,common,0,2020-07-28,2021-02-25,2020-07-28,2021-02-25,144,0.055556,144,2020-07-28,2021-02-25,0,0,0,0
1502,NMCI,stocks,Navios Maritime Containers L.P. Common Units,common,0,2020-07-29,2021-03-31,2020-07-29,2021-03-31,170,0.0,170,2020-07-29,2021-03-31,0,0,0,0
1503,NMY,stocks,Nuveen Maryland Quality Municipal Income Fund,closed-end,0,2020-07-29,2021-04-09,2020-07-29,2021-04-09,176,0.0,176,2020-07-29,2021-04-09,0,0,0,0
1504,NNA,stocks,Navios Maritime Acquisition Corporation,common,0,2020-07-27,2021-10-14,2020-07-27,2021-10-14,309,0.0,309,2020-07-27,2021-10-14,0,0,0,0
1505,NPTN,stocks,NEOPHOTONICS CORP,common,0,2020-07-27,2022-08-02,2020-07-27,2022-08-02,509,0.0,509,2020-07-27,2022-08-02,0,0,0,0
1506,NSR,stocks,Nomad Royalty Company Ltd.,common,0,2021-09-14,2022-08-12,2021-09-14,2022-08-12,231,0.0,231,2021-09-14,2022-08-12,0,0,0,0
1507,NTUS,stocks,Natus Medical Incorporated Common Stock,common,0,2020-07-27,2022-07-20,2020-07-27,2022-07-20,500,0.0,500,2020-07-27,2022-07-20,0,0,0,0
1508,NUAN,stocks,"Nuance Communications, Inc. Common Stock",common,0,2020-07-27,2022-03-03,2020-07-27,2022-03-03,405,0.0,405,2020-07-27,2022-03-03,0,0,0,0
1509,NUM,stocks,Nuveen Michigan Quality Municipal Income Fund,closed-end,0,2020-07-29,2021-02-05,2020-07-29,2021-02-05,133,0.0,133,2020-07-29,2021-02-05,0,0,0,0
1510,NUVO,stocks,Holdco Nuvo Group D.G Ltd.,common,0,2022-01-11,2024-08-30,2022-01-11,2024-08-30,481,0.272349,481,2022-01-11,2024-08-30,0,0,0,0
1511,NWHM,stocks,THE NEW HOME COMPANY INC.,common,0,2020-07-29,2021-09-07,2020-07-29,2021-09-07,280,0.0,280,2020-07-29,2021-09-07,0,0,0,0
1512,NXQ,stocks,NUVEEN ELECT TAX-FREE INC 2,common,0,2020-07-27,2021-12-03,2020-07-27,2021-12-03,344,0.002907,344,2020-07-27,2021-12-03,0,0,0,0
1513,NXR,stocks,NUVEEN ELECT TAX-FREE INC 3,common,0,2020-07-27,2021-12-03,2020-07-27,2021-12-03,344,0.0,344,2020-07-27,2021-12-03,0,0,0,0
1514,NYMTO,stocks,"New York Mortgage Trust, Inc. 7.875% Series C Cumulative Redeemable Preferred Stock",common,0,2020-07-28,2021-07-29,2020-07-28,2021-07-29,254,0.0,254,2020-07-28,2021-07-29,0,0,0,0
1515,NYMTP,stocks,"New York Mortgage Trust, Inc. 7.75% Series B Cumulative Redeemable Preferred Stock",suffix-P,0,2020-07-29,2021-12-17,2020-07-29,2021-12-17,349,0.0,349,2020-07-29,2021-12-17,0,0,0,0
1516,OBCI,stocks,"Ocean Bio-Chem, Inc. Common Stock",common,0,2020-07-27,2022-08-08,2020-07-27,2022-08-08,512,0.001953,512,2020-07-27,2022-08-08,0,0,0,0
1517,OCA,stocks,Omnichannel Acquisition Corp.,common,0,2021-01-13,2022-05-31,2021-01-13,2022-05-31,347,0.037464,347,2021-01-13,2022-05-31,0,0,0,0
1518,OCDX,stocks,Ortho Clinical Diagnostics Holdings plc Ordinary Shares,common,0,2021-01-28,2022-05-26,2021-01-28,2022-05-26,336,0.0,336,2021-01-28,2022-05-26,0,0,0,0
1519,OCSI,stocks,Oaktree Strategic Income Corporation Common Stock,common,0,2020-07-27,2021-03-18,2020-07-27,2021-03-18,163,0.0,163,2020-07-27,2021-03-18,0,0,0,0
1520,OFSSI,stocks,OFS Capital Corporation 5.95% Notes due 2026,common,0,2020-07-27,2021-11-19,2020-07-27,2021-11-19,291,0.147766,291,2020-07-27,2021-11-19,0,0,0,0
1521,OIL,stocks,iPath Pure Beta Crude Oil ETN,fund,0,2020-08-04,2023-06-08,2020-08-04,2023-06-08,717,0.0,717,2020-08-04,2023-06-08,0,0,1,0
1522,OLD,stocks,Janus Detroit Street Trust The Long-Term Care ETF,fund,0,2020-07-27,2021-10-11,2020-07-27,2021-10-11,306,0.019608,306,2020-07-27,2021-10-11,0,0,0,0
1523,OMP,stocks,Oasis Midstream Partners LP Common Units Representing Limited Partner Interests,common,0,2020-07-27,2022-01-31,2020-07-27,2022-01-31,383,0.0,383,2020-07-27,2022-01-31,0,0,0,0
1524,OPINI,stocks,Office Properties Income Trust 5.875% Senior Notes due 2046,closed-end,0,2020-07-29,2021-06-11,2020-07-29,2021-06-11,220,0.0,220,2020-07-29,2021-06-11,0,0,0,0
1525,ORBC,stocks,ORBCOMM Inc. Common Stock,common,0,2020-07-27,2021-08-31,2020-07-27,2021-08-31,278,0.0,278,2020-07-27,2021-08-31,0,0,0,0
1526,OSB,stocks,Norbord Inc.,common,0,2020-07-27,2021-01-29,2020-07-27,2021-01-29,130,0.0,130,2020-07-27,2021-01-29,0,0,0,0
1527,OSN,stocks,"Ossen Innovation Co., Ltd. American Depositary Shares",common,0,2020-07-27,2021-09-09,2020-07-27,2021-09-09,283,0.0,283,2020-07-27,2021-09-09,0,0,0,0
1528,OXFD,stocks,Oxford Immunotec Global PLC Ordinary Shares,common,0,2020-07-27,2021-03-05,2020-07-27,2021-03-05,154,0.0,154,2020-07-27,2021-03-05,0,0,0,0
1529,PAE,stocks,PAE Incorporated Class A Common Stock,common,0,2020-07-27,2022-02-14,2020-07-27,2022-02-14,393,0.0,393,2020-07-27,2022-02-14,0,0,0,0
1530,PAND,stocks,Pandion Therapeutics Inc. Common Stock,common,0,2020-07-27,2021-03-31,2020-07-27,2021-03-31,172,0.0,172,2020-07-27,2021-03-31,0,0,0,0
1531,PBC,stocks,Prospect Capital Corporation 6.875% Notes due 2029,common,0,2020-07-29,2021-12-29,2020-07-29,2021-12-29,356,0.014045,356,2020-07-29,2021-12-29,0,0,0,0
1532,PBCT,stocks,People's United Financial,common,0,2020-07-27,2022-04-01,2020-07-27,2022-04-01,426,0.0,426,2020-07-27,2022-04-01,0,0,0,0
1533,PBIP,stocks,"Prudential Bancorp, Inc. Common Stock",common,0,2020-08-06,2022-06-30,2020-08-06,2022-06-30,479,0.004175,479,2020-08-06,2022-06-30,0,0,0,0
1534,PCOM,stocks,Points.com Inc. Common Shares,common,0,2020-07-27,2022-06-30,2020-07-27,2022-06-30,486,0.002058,486,2020-07-27,2022-06-30,0,0,0,0
1535,PDLI,stocks,"PDL BioPharma, Inc. Common Stock",common,0,2020-07-27,2020-12-30,2020-07-27,2020-12-30,110,0.0,110,2020-07-27,2020-12-30,0,0,0,0
1536,PE,stocks,PARSLEY ENERGY INC,common,0,2020-07-27,2021-01-12,2020-07-27,2021-01-12,118,0.0,118,2020-07-27,2021-01-12,0,0,0,0
1537,PFBI,stocks,"Premier Financial Bancorp, Inc. Common Stock",common,0,2020-07-27,2021-09-17,2020-07-27,2021-09-17,290,0.0,290,2020-07-27,2021-09-17,0,0,0,0
1538,PFPT,stocks,"Proofpoint, Inc. Common Stock",common,0,2020-07-27,2021-08-30,2020-07-27,2021-08-30,277,0.0,277,2020-07-27,2021-08-30,0,0,0,0
1539,PHH,stocks,"Park Ha Biological Technology Co., Ltd. Ordinary Shares",common,0,2024-12-27,2025-10-27,2024-12-27,2025-10-27,208,0.0,208,2024-12-27,2025-10-27,0,0,0,0
1540,PKO,stocks,Pimco Income Opportunity Fund,fund,0,2020-07-27,2021-12-10,2020-07-27,2021-12-10,349,0.0,349,2020-07-27,2021-12-10,0,0,0,0
1541,PLAN,stocks,"Anaplan, Inc.",common,0,2020-07-27,2022-06-21,2020-07-27,2022-06-21,480,0.0,480,2020-07-27,2022-06-21,0,0,0,0
1542,PLTI,stocks,REX PLTR Growth & Income ETF,fund,0,2025-11-04,2026-06-09,2025-11-04,2026-06-09,149,0.013423,149,2025-11-04,2026-06-09,0,0,0,0
1543,PMBC,stocks,Pacific Mercantile Bancorp Common Stock,common,0,2020-07-27,2021-10-18,2020-07-27,2021-10-18,311,0.003215,311,2020-07-27,2021-10-18,0,0,0,0
1544,PNNTG,stocks,PennantPark Investment Corporation 5.50% Notes Due 2024,common,0,2020-08-21,2021-11-12,2020-08-21,2021-11-12,286,0.087413,286,2020-08-21,2021-11-12,0,0,0,0
1545,POLY,stocks,"Plantronics, Inc.",common,0,2020-07-27,2022-08-26,2020-07-27,2022-08-26,527,0.001898,527,2020-07-27,2022-08-26,0,0,0,0
1546,PPD,stocks,"PPD, Inc. Common Stock",common,0,2020-07-27,2021-12-07,2020-07-27,2021-12-07,346,0.0,346,2020-07-27,2021-12-07,0,0,0,0
1547,PPEM,stocks,Putnam PanAgora ESG Emerging Markets Equity ETF,fund,0,2023-03-31,2026-06-09,2023-03-31,2026-06-09,777,0.106821,777,2023-03-31,2026-06-09,0,0,0,0
1548,PPGHU,stocks,Poema Global Holdings Corp. Unit,suffix-U,0,2021-01-06,2022-04-04,2021-01-06,2022-04-04,274,0.167883,274,2021-01-06,2022-04-04,0,0,0,0
1549,PPX,stocks,"PPL CAPITAL FUNDING, INC. 2013 Series B Junior Subordinated Notes due 2073",fund,0,2020-07-31,2021-07-16,2020-07-31,2021-07-16,241,0.0,241,2020-07-31,2021-07-16,0,0,0,0
1550,PRAH,stocks,"PRA Health Sciences, Inc. Common Stock",common,0,2020-07-27,2021-06-30,2020-07-27,2021-06-30,235,0.0,235,2020-07-27,2021-06-30,0,0,0,0
1551,PRCP,stocks,"Perceptron, Inc. Common Stock",common,0,2020-07-27,2020-12-18,2020-07-27,2020-12-18,103,0.0,103,2020-07-27,2020-12-18,0,0,0,0
1552,PRGX,stocks,"PRGX Global, Inc. Common Stock",common,0,2020-07-27,2021-03-03,2020-07-27,2021-03-03,152,0.0,152,2020-07-27,2021-03-03,0,0,0,0
1553,PRMW,stocks,Primo Water Corp /CN/,common,0,2020-07-27,2024-11-08,2020-07-27,2024-11-08,1081,0.0,1081,2020-07-27,2024-11-08,0,0,1,0
1554,PROS,stocks,"ProSight Global, Inc.",common,0,2020-07-27,2021-08-03,2020-07-27,2021-08-03,257,0.0,257,2020-07-27,2021-08-03,0,0,0,0
1555,PRSP,stocks,Perspecta Inc. Common Stock,common,0,2020-07-27,2021-05-06,2020-07-27,2021-05-06,197,0.0,197,2020-07-27,2021-05-06,0,0,0,0
1556,PRVL,stocks,Prevail Therapeutics Inc. Common Stock,common,0,2020-07-27,2021-01-21,2020-07-27,2021-01-21,124,0.0,124,2020-07-27,2021-01-21,0,0,0,0
1557,PSB,stocks,"PS Business Parks, Inc.",common,0,2020-07-27,2022-07-19,2020-07-27,2022-07-19,499,0.0,499,2020-07-27,2022-07-19,0,0,0,0
1558,PSTH,stocks,"Pershing Square Tontine Holdings, Ltd.",common,0,2020-09-11,2022-07-25,2020-09-11,2022-07-25,470,0.002128,470,2020-09-11,2022-07-25,0,0,0,0
1559,PSXP,stocks,PHILLIPS 66 PARTNERS LP,common,0,2020-07-27,2022-03-08,2020-07-27,2022-03-08,408,0.0,408,2020-07-27,2022-03-08,0,0,0,0
1560,PSY,stocks,Defiance Next Gen Altered Experience ETF,fund,0,2021-06-21,2022-08-29,2021-06-21,2022-08-29,301,0.0,301,2021-06-21,2022-08-29,0,0,0,0
1561,PTVCB,stocks,Protective Insurance Corporation Class B Common Stock,common,0,2020-07-28,2021-05-28,2020-07-28,2021-05-28,212,0.004717,212,2020-07-28,2021-05-28,0,0,0,0
1562,PVG,stocks,PRETIUM RESOURCES INC.,common,0,2020-07-27,2022-03-08,2020-07-27,2022-03-08,408,0.0,408,2020-07-27,2022-03-08,0,0,0,0
1563,PXUS,stocks,Principal International Adaptive Multi-Factor ETF,fund,0,2022-01-10,2023-10-13,2022-01-10,2023-10-12,321,0.370717,321,2022-01-10,2023-10-12,0,0,0,0
1564,QADA,stocks,QAD Inc. Class A Common Stock,common,0,2020-07-27,2021-11-04,2020-07-27,2021-11-04,324,0.0,324,2020-07-27,2021-11-04,0,0,0,0
1565,QELLU,stocks,Qell Acquisition Corp. Unit,suffix-U,0,2020-09-30,2021-09-14,2020-09-30,2021-09-14,241,0.016598,241,2020-09-30,2021-09-14,0,0,0,0
1566,QEP,stocks,QEP Resources,common,0,2020-07-27,2021-03-16,2020-07-27,2021-03-16,161,0.0,161,2020-07-27,2021-03-16,0,0,0,0
1567,QTS,stocks,"QTS REALTY TRUST, INC.",common,0,2020-07-27,2021-08-31,2020-07-27,2021-08-31,278,0.0,278,2020-07-27,2021-08-31,0,0,0,0
1568,RAACU,stocks,Revolution Acceleration Acquisition Corp Unit,suffix-U,0,2020-12-08,2021-07-21,2020-12-08,2021-07-21,149,0.087248,149,2020-12-08,2021-07-21,0,0,0,0
1569,RAVN,stocks,"Raven Industries, Inc. Common Stock",common,0,2020-07-27,2021-11-29,2020-07-27,2021-11-29,340,0.0,340,2020-07-27,2021-11-29,0,0,0,0
1570,RBAC,stocks,RedBall Acquisition Corp.,common,0,2020-10-07,2022-08-16,2020-10-07,2022-08-16,468,0.002137,468,2020-10-07,2022-08-16,0,0,0,0
1571,RBNC,stocks,"Reliant Bancorp, Inc. Common Stock",common,0,2020-07-27,2021-12-31,2020-07-27,2021-12-31,363,0.0,363,2020-07-27,2021-12-31,0,0,0,0
1572,RDBX,stocks,Redbox Entertainment Inc. Class A Common Stock,common,0,2021-10-25,2022-08-10,2021-10-25,2022-08-10,200,0.0,200,2021-10-25,2022-08-10,0,0,0,0
1573,RDUS,stocks,"Radius Recycling, Inc. Class A Common Stock",common,0,2020-07-27,2025-07-10,2020-07-27,2025-07-10,981,0.0,981,2020-07-27,2025-07-10,0,0,1,0
1574,REGI,stocks,"Renewable Energy Group, Inc. Common Stock",common,0,2020-07-27,2022-06-10,2020-07-27,2022-06-10,474,0.0,474,2020-07-27,2022-06-10,0,0,0,0
1575,REML,stocks,Credit Suisse X-Links Monthly Pay 2xLeveraged Mortgage REIT ETN,fund,0,2020-07-27,2021-12-23,2020-07-27,2021-12-23,358,0.0,358,2020-07-27,2021-12-23,0,0,0,0
1576,RENW,stocks,Harbor Energy Transition Strategy ETF,fund,0,2022-08-29,2024-12-13,2022-08-29,2024-12-12,528,0.399621,528,2022-08-29,2024-12-12,0,0,0,0
1577,RESI,stocks,Kelly Residential & Apartment Real Estate ETF,fund,0,2020-07-27,2023-11-30,2020-07-27,2023-11-30,589,0.164686,589,2020-07-27,2023-11-30,0,0,0,0
1578,RESN,stocks,Resonant Inc. Common Stock,common,0,2020-07-27,2022-03-25,2020-07-27,2022-03-25,421,0.0,421,2020-07-27,2022-03-25,0,0,0,0
1579,RILYH,stocks,"B. Riley Financial, Inc. 7.375% Senior Notes due 2023",common,0,2020-07-27,2021-09-03,2020-07-27,2021-09-03,281,0.003559,281,2020-07-27,2021-09-03,0,0,0,0
1580,RILYI,stocks,"B. Riley Financial, Inc. 6.875% Senior Notes due 2023",common,0,2020-07-28,2021-10-21,2020-07-28,2021-10-21,303,0.069307,303,2020-07-28,2021-10-21,0,0,0,0
1581,RIVE,stocks,Riverview Financial Corporation Common Stock,common,0,2020-07-30,2021-11-30,2020-07-30,2021-11-30,322,0.068323,322,2020-07-30,2021-11-30,0,0,0,0
1582,RLH,stocks,Red Lions Hotel Corporation,common,0,2020-07-27,2021-03-17,2020-07-27,2021-03-17,162,0.0,162,2020-07-27,2021-03-17,0,0,0,0
1583,RMGBU,stocks,RMG Acquisition Corp. II Unit,suffix-U,0,2020-12-10,2021-08-23,2020-12-10,2021-08-23,173,0.034682,173,2020-12-10,2021-08-23,0,0,0,0
1584,RNET,stocks,"RigNet, Inc. Common Stock",common,0,2020-07-27,2021-04-30,2020-07-27,2021-04-30,193,0.0,193,2020-07-27,2021-04-30,0,0,0,0
1585,ROCCU,stocks,Roth CH Acquisition II Co. Unit,suffix-U,0,2020-12-11,2021-07-28,2020-12-11,2021-07-28,144,0.090278,144,2020-12-11,2021-07-28,0,0,0,0
1586,RP,stocks,"RealPage, Inc. Common Stock",common,0,2020-07-27,2021-04-21,2020-07-27,2021-04-21,186,0.0,186,2020-07-27,2021-04-21,0,0,0,0
1587,RPAI,stocks,"RETAIL PROPERTIES OF AMERICA, INC.",common,0,2020-07-27,2021-10-21,2020-07-27,2021-10-21,314,0.0,314,2020-07-27,2021-10-21,0,0,0,0
1588,RRD,stocks,RR Donnelley,common,0,2020-07-27,2022-02-25,2020-07-27,2022-02-25,401,0.0,401,2020-07-27,2022-02-25,0,0,0,0
1589,RSLS,stocks,"ReShape Lifesciences, Inc. Common Stock",common,0,2021-06-16,2025-08-14,2021-06-16,2025-08-14,1046,0.0,1046,2021-06-16,2025-08-14,0,0,1,0
1590,RSVAU,stocks,Rodgers Silicon Valley Acquisition Corp. Unit,suffix-U,0,2020-12-02,2021-07-14,2020-12-02,2021-07-14,154,0.0,154,2020-12-02,2021-07-14,0,0,0,0
1591,RTL,stocks,"Necessity Retail REIT, Inc.",common,0,2022-02-15,2023-09-12,2022-02-15,2023-09-11,394,0.0,394,2022-02-15,2023-09-11,0,0,0,0
1592,RTLR,stocks,Rattler Midstream LP Common Units,common,0,2020-07-27,2022-08-23,2020-07-27,2022-08-23,524,0.0,524,2020-07-27,2022-08-23,0,0,0,0
1593,RTPYU,stocks,Reinvent Technology Partners Y Unit,suffix-U,0,2021-03-16,2021-11-03,2021-03-16,2021-11-03,163,0.0,163,2021-03-16,2021-11-03,0,0,0,0
1594,RUHN,stocks,Ruhnn Holding Limited American Depositary Shares,common,0,2020-07-29,2021-04-19,2020-07-29,2021-04-19,182,0.0,182,2020-07-29,2021-04-19,0,0,0,0
1595,RUSL,stocks,Direxion Daily Russia Bull 2X Shares,fund,0,2020-07-28,2022-03-03,2020-07-28,2022-03-03,404,0.0,404,2020-07-28,2022-03-03,0,0,0,0
1596,RVACU,stocks,Riverview Acquisition Corp. Unit,suffix-U,0,2021-08-06,2022-08-26,2021-08-06,2022-08-26,157,0.248408,157,2021-08-06,2022-08-26,0,0,0,0
1597,RWVG,stocks,Direxion Russell 1000 Value Over Growth ETF,fund,0,2020-08-13,2022-09-23,2020-08-13,2022-09-23,505,0.085149,505,2020-08-13,2022-09-23,0,0,0,0
1598,SAFM,stocks,"Sanderson Farms, Inc. Common Stock",common,0,2020-07-27,2022-07-21,2020-07-27,2022-07-21,501,0.0,501,2020-07-27,2022-07-21,0,0,0,0
1599,SAK,stocks,Saratoga Investment Corp. 7.25% Notes due 2025,common,0,2020-07-29,2022-07-13,2020-07-29,2022-07-13,456,0.070175,456,2020-07-29,2022-07-13,0,0,0,0
1600,SAMA,stocks,Schultze Special Purpose Acquisition Corp. II Class A Common Stock,common,0,2020-07-27,2023-10-11,2020-07-27,2023-10-11,381,0.28084,381,2020-07-27,2023-10-11,0,0,0,0
1601,SAMAU,stocks,Schultze Special Purpose Acquisition Corp. II Units,suffix-U,0,2021-10-08,2023-10-11,2021-10-08,2023-10-03,232,0.400862,232,2021-10-08,2023-10-03,0,0,0,0
1602,SBBP,stocks,Strongbridge Biopharma plc Ordinary Shares,common,0,2020-07-27,2021-10-05,2020-07-27,2021-10-05,302,0.0,302,2020-07-27,2021-10-05,0,0,0,0
1603,SBEAU,stocks,SilverBox Engaged Merger Corp I Units,suffix-U,0,2021-02-26,2022-02-09,2021-02-26,2022-02-09,198,0.10101,198,2021-02-26,2022-02-09,0,0,0,0
1604,SC,stocks,SANTANDER CONSUMER USA HOLDINGS INC,common,0,2020-07-27,2022-01-28,2020-07-27,2022-01-28,382,0.0,382,2020-07-27,2022-01-28,0,0,0,0
1605,SCR,stocks,Score Media and Gaming Inc. Class A Subordinate Voting Shares,common,0,2021-02-25,2021-10-18,2021-02-25,2021-10-18,164,0.0,164,2021-02-25,2021-10-18,0,0,0,0
1606,SHSP,stocks,"SharpSpring, Inc. Common Stock",common,0,2020-07-27,2021-09-01,2020-07-27,2021-09-01,279,0.0,279,2020-07-27,2021-09-01,0,0,0,0
1607,SIC,stocks,"Select Interior Concepts, Inc. Class A Common Stock",common,0,2019-01-02,,2019-01-02,2026-08-25,714,0.002801,311,2020-07-27,2021-10-20,0,0,1,0
1608,SINA,stocks,SINA Corporation Ordinary Shares,common,0,2020-07-27,2021-03-22,2020-07-27,2021-03-22,165,0.0,165,2020-07-27,2021-03-22,0,0,0,0
1609,SLCT,stocks,"Select Bancorp, Inc. Common Stock",common,0,2020-07-27,2021-10-15,2020-07-27,2021-10-15,310,0.0,310,2020-07-27,2021-10-15,0,0,0,0
1610,SLGCW,stocks,"SomaLogic, Inc. Warrant",suffix-W,0,2021-09-02,2024-01-05,2021-09-02,2024-01-05,498,0.14257,498,2021-09-02,2024-01-05,0,0,0,0
1611,SMED,stocks,Sharps Compliance Corp. Common Stock,common,0,2020-07-27,2022-08-22,2020-07-27,2022-08-22,523,0.0,523,2020-07-27,2022-08-22,0,0,0,0
1612,SMM,stocks,Salient Midstream & MLP Fund,fund,0,2020-07-27,2022-09-08,2020-07-27,2022-09-08,535,0.0,535,2020-07-27,2022-09-08,0,0,1,0
1613,SMTX,stocks,SMTC Corporation Common Stock,common,0,2020-07-30,2021-04-01,2020-07-30,2021-04-01,170,0.0,170,2020-07-30,2021-04-01,0,0,0,0
1614,SNR,stocks,NEW SENIOR INVESTMENT GROUP INC.,common,0,2020-07-27,2021-09-20,2020-07-27,2021-09-20,291,0.0,291,2020-07-27,2021-09-20,0,0,0,0
1615,SOGO,stocks,"Sogou Inc. American Depositary Shares, each representing one Class A Ordinary Share",common,0,2020-07-27,2021-09-23,2020-07-27,2021-09-23,294,0.0,294,2020-07-27,2021-09-23,0,0,0,0
1616,SOJB,stocks,"The Southern Company Series 2016A 5.25% Junior Subordinated Notes due October 1, 2076",common,0,2020-07-27,2021-10-15,2020-07-27,2021-10-15,310,0.0,310,2020-07-27,2021-10-15,0,0,0,0
1617,SOLN,stocks,The Southern Company,common,0,2020-07-28,2022-07-29,2020-07-28,2022-07-29,506,0.001976,506,2020-07-28,2022-07-29,0,0,0,0
1618,SOLY,stocks,"Soliton, Inc. Common Stock",common,0,2020-07-27,2021-12-15,2020-07-27,2021-12-15,352,0.0,352,2020-07-27,2021-12-15,0,0,0,0
1619,SPAK,stocks,Defiance Next Gen SPAC Derived ETF,fund,0,2020-12-02,2022-08-29,2020-12-02,2022-08-29,438,0.002283,438,2020-12-02,2022-08-29,0,0,0,0
1620,SPRT,stocks,"Support.com, Inc. Common Stock",common,0,2020-07-27,2021-09-14,2020-07-27,2021-09-14,287,0.0,287,2020-07-27,2021-09-14,0,0,0,0
1621,SPXZ,stocks,Morgan Creek - Exos SPAC Originated ETF,fund,0,2021-03-10,2022-08-17,2021-03-10,2022-08-17,364,0.0,364,2021-03-10,2022-08-17,0,0,0,0
1622,SPYB,stocks,Investment Managers Series Trust II Tradr 2X Long SPY Weekly ETF,fund,0,2024-09-03,2025-02-21,2024-09-03,2025-02-21,118,0.09322,118,2024-09-03,2025-02-21,0,0,0,0
1623,SREV,stocks,"ServiceSource International, Inc. Common Stock",common,0,2020-07-27,2022-07-20,2020-07-27,2022-07-20,500,0.0,500,2020-07-27,2022-07-20,0,0,0,0
1624,SRNGU,stocks,Soaring Eagle Acquisition Corp. Unit,suffix-U,0,2021-02-24,2021-09-16,2021-02-24,2021-09-16,143,0.0,143,2021-02-24,2021-09-16,0,0,0,0
1625,SRRA,stocks,"Sierra Oncology, Inc. Common Stock",common,0,2020-07-27,2022-06-30,2020-07-27,2022-06-30,487,0.0,487,2020-07-27,2022-06-30,0,0,0,0
1626,STAY,stocks,"Extended Stay America, Inc. Paired Shares",common,0,2020-07-27,2021-06-15,2020-07-27,2021-06-15,224,0.0,224,2020-07-27,2021-06-15,0,0,0,0
1627,STFC,stocks,State Auto Financial Corporation Common Stock,common,0,2020-07-27,2022-02-28,2020-07-27,2022-02-28,402,0.0,402,2020-07-27,2022-02-28,0,0,0,0
1628,STL,stocks,Sterling Bancorp,common,0,2020-07-27,2022-01-31,2020-07-27,2022-01-31,383,0.0,383,2020-07-27,2022-01-31,0,0,0,0
1629,STMP,stocks,Stamps.com Inc.  Common Stock ($0.001 Par Value),common,0,2020-07-27,2021-10-04,2020-07-27,2021-10-04,301,0.0,301,2020-07-27,2021-10-04,0,0,0,0
1630,STND,stocks,Standard AVB Financial Corp. Common Stock,common,0,2020-07-27,2021-05-28,2020-07-27,2021-05-28,213,0.042254,213,2020-07-27,2021-05-28,0,0,0,0
1631,STWOU,stocks,ACON S2 Acquisition Corp. Unit,suffix-U,0,2020-09-17,2021-10-08,2020-09-17,2021-10-08,210,0.2,210,2020-09-17,2021-10-08,0,0,0,0
1632,STXB,stocks,"Spirit of Texas Bancshares, Inc. Common Stock",common,0,2020-07-27,2022-04-08,2020-07-27,2022-04-08,431,0.0,431,2020-07-27,2022-04-08,0,0,0,0
1633,SUBZ,stocks,Roundhill Streaming Services & Technology ETF,fund,0,2021-03-10,2022-04-06,2021-03-10,2022-04-06,273,0.0,273,2021-03-10,2022-04-06,0,0,0,0
1634,SUMR,stocks,"Summer Infant, Inc. Common Stock",common,0,2020-07-27,2022-06-21,2020-07-27,2022-06-21,472,0.014831,472,2020-07-27,2022-06-21,0,0,0,0
1635,SVBI,stocks,Severn Bancorp Inc,common,0,2020-07-29,2021-10-29,2020-07-29,2021-10-29,314,0.019108,314,2020-07-29,2021-10-29,0,0,0,0
1636,SVOKU,stocks,Seven Oaks Acquisition Corp. Unit,suffix-U,0,2020-12-18,2021-12-08,2020-12-18,2021-12-08,231,0.077922,231,2020-12-18,2021-12-08,0,0,0,0
1637,SVSVU,stocks,Spring Valley Acquisition Corp. Unit,suffix-U,0,2020-11-24,2022-05-02,2020-11-24,2022-05-02,314,0.156051,314,2020-11-24,2022-05-02,0,0,0,0
1638,SWIN,stocks,Solowin Holdings Class A Ordinary Share,common,0,2023-09-07,2025-10-09,2023-09-07,2025-10-09,525,0.0,525,2023-09-07,2025-10-09,0,0,0,0
1639,SYKE,stocks,"Sykes Enterprises, Incorporated Common Stock",common,0,2020-07-27,2021-08-26,2020-07-27,2021-08-26,275,0.0,275,2020-07-27,2021-08-26,0,0,0,0
1640,SYNC,stocks,"Synacor, Inc. Common Stock",common,0,2020-07-27,2021-03-31,2020-07-27,2021-03-31,172,0.0,172,2020-07-27,2021-03-31,0,0,0,0
1641,TACA,stocks,Trepont Acquisition Corp I,common,0,2021-01-22,2022-06-09,2021-01-22,2022-06-09,331,0.114804,331,2021-01-22,2022-06-09,0,0,0,0
1642,TAT,stocks,TransAtlantic Petroleum LTD.,common,0,2020-07-27,2020-12-17,2020-07-27,2020-12-17,102,0.0,102,2020-07-27,2020-12-17,0,0,0,0
1643,TBCPU,stocks,Thunder Bridge Capital Partners III Inc. Units,suffix-U,0,2021-02-05,2023-12-11,2021-02-05,2023-12-11,448,0.207589,448,2021-02-05,2023-12-11,0,0,0,0
1644,TCAC,stocks,Tuatara Capital Acquisition Corporation Class A Ordinary Shares,common,0,2021-04-07,2022-06-14,2021-04-07,2022-06-14,265,0.139623,265,2021-04-07,2022-06-14,0,0,0,0
1645,TCACU,stocks,Tuatara Capital Acquisition Corporation Unit,suffix-U,0,2021-02-12,2022-06-14,2021-02-12,2022-06-14,245,0.191837,245,2021-02-12,2022-06-14,0,0,0,0
1646,TCBIP,stocks,"Texas Capital Bancshares, Inc. Non Cumulative Preferred Perpetual Stock Series A",suffix-P,0,2020-07-27,2021-06-14,2020-07-27,2021-06-14,223,0.008969,223,2020-07-27,2021-06-14,0,0,0,0
1647,TCF,stocks,TCF Financial Corporation Common Stock,common,0,2020-07-27,2021-06-08,2020-07-27,2021-06-08,219,0.0,219,2020-07-27,2021-06-08,0,0,0,0
1648,TCO,stocks,Taubman Centers Inc.,common,0,2020-07-27,2020-12-28,2020-07-27,2020-12-28,108,0.0,108,2020-07-27,2020-12-28,0,0,0,0
1649,TCP,stocks,TC Pipelines LP,common,0,2020-07-27,2021-03-02,2020-07-27,2021-03-02,151,0.0,151,2020-07-27,2021-03-02,0,0,0,0
1650,TCTL,stocks,Premise Capital Diversified Tactical ETF,fund,0,2020-07-28,2022-09-06,2020-07-28,2022-09-06,496,0.191532,496,2020-07-28,2022-09-06,0,0,0,0
1651,TDA,stocks,"TELEPHONE AND DATA SYSTEMS, INC. 5.875% Senior Notes due 2061",common,0,2020-07-28,2021-10-13,2020-07-28,2021-10-13,306,0.0,306,2020-07-28,2021-10-13,0,0,0,0
1652,TDE,stocks,"TELEPHONE AND DATA SYSTEMS, INC. 6.875% SER NTS DUE 2059",common,0,2020-08-03,2021-05-11,2020-08-03,2021-05-11,195,0.0,195,2020-08-03,2021-05-11,0,0,0,0
1653,TDJ,stocks,"TELEPHONE AND DATA SYSTEMS, INC. 7% Senior Notes due 2060,",common,0,2020-07-27,2021-05-11,2020-07-27,2021-05-11,199,0.0,199,2020-07-27,2021-05-11,0,0,0,0
1654,TERM,stocks,EquityCompass Tactical Risk Manager ETF,fund,0,2020-07-27,2021-10-15,2020-07-27,2021-10-15,275,0.352727,275,2020-07-27,2021-10-15,0,0,0,0
1655,TGP,stocks,Teekay LNG Partners L.P.,common,0,2020-07-27,2022-01-12,2020-07-27,2022-01-12,371,0.002695,371,2020-07-27,2022-01-12,0,0,0,0
1656,THMAU,stocks,Thimble Point Acquisition Corp. Unit,suffix-U,0,2021-02-02,2021-11-30,2021-02-02,2021-11-30,172,0.151163,172,2021-02-02,2021-11-30,0,0,0,0
1657,TIF,stocks,Tiffany & Co,common,0,2020-07-27,2021-01-06,2020-07-27,2021-01-06,114,0.0,114,2020-07-27,2021-01-06,0,0,0,0
1658,TIG,stocks,"Trean Insurance Group, Inc.",common,0,2020-07-27,2023-04-20,2020-07-27,2023-04-20,689,0.0,689,2020-07-27,2023-04-20,0,0,1,0
1659,TLC,stocks,"Taiwan Liposome Company, Ltd. American Depository Shares",common,0,2020-07-29,2021-09-28,2020-07-29,2021-09-28,295,0.0,295,2020-07-29,2021-09-28,0,0,0,0
1660,TLMD,stocks,"SOC Telemed, Inc. Class A Common Stock",common,0,2020-11-02,2022-04-05,2020-11-02,2022-04-05,359,0.0,359,2020-11-02,2022-04-05,0,0,0,0
1661,TLND,stocks,Talend S.A. American Depositary Shares,common,0,2020-07-27,2021-07-29,2020-07-27,2021-07-29,255,0.0,255,2020-07-27,2021-07-29,0,0,0,0
1662,TNAV,stocks,"Telenav, Inc. Common Stock",common,0,2020-07-27,2021-02-16,2020-07-27,2021-02-16,141,0.0,141,2020-07-27,2021-02-16,0,0,0,0
1663,TPCO,stocks,Tribune Publishing Company Common Stock,common,0,2020-07-27,2021-05-24,2020-07-27,2021-05-24,209,0.0,209,2020-07-27,2021-05-24,0,0,0,0
1664,TPTX,stocks,"Turning Point Therapeutics, Inc. Common Stock",common,0,2020-07-27,2022-08-16,2020-07-27,2022-08-16,519,0.0,519,2020-07-27,2022-08-16,0,0,0,0
1665,TREC,stocks,Trecora Resources,common,0,2020-07-27,2022-06-24,2020-07-27,2022-06-24,483,0.00207,483,2020-07-27,2022-06-24,0,0,0,0
1666,TRIL,stocks,Tidal Trust II Defiance Trillion Dollar Club Index ETF,fund,0,2020-07-27,2026-01-26,2020-07-27,2026-01-26,413,0.004843,413,2020-07-27,2026-01-26,0,0,0,0
1667,TRMT,stocks,Tremont Mortgage Trust Common Shares of Beneficial Interest,common,0,2020-07-27,2021-09-30,2020-07-27,2021-09-30,299,0.0,299,2020-07-27,2021-09-30,0,0,0,0
1668,TRYP,stocks,"SonicShares Airlines, Hotels, Cruise Lines ETF",fund,0,2021-06-22,2022-07-22,2021-06-22,2022-07-22,274,0.0,274,2021-06-22,2022-07-22,0,0,0,0
1669,TSC,stocks,"TriState Capital Holdings, Inc. Common Stock",common,0,2020-07-27,2022-05-31,2020-07-27,2022-05-31,466,0.0,466,2020-07-27,2022-05-31,0,0,0,0
1670,TUFN,stocks,Tufin Software Technologies Ltd.,common,0,2020-07-27,2022-08-24,2020-07-27,2022-08-24,525,0.0,525,2020-07-27,2022-08-24,0,0,0,0
1671,TVTY,stocks,"Tivity Health, Inc. Common Stock",common,0,2020-07-27,2022-06-27,2020-07-27,2022-06-27,484,0.0,484,2020-07-27,2022-06-27,0,0,0,0
1672,TWCTU,stocks,TWC Tech Holdings II Corp. Unit,suffix-U,0,2020-09-11,2021-08-30,2020-09-11,2021-08-30,229,0.061135,229,2020-09-11,2021-08-30,0,0,0,0
1673,TYME,stocks,"Tyme Technologies, Inc. Common Stock",common,0,2020-07-27,2022-09-16,2020-07-27,2022-09-16,541,0.0,541,2020-07-27,2022-09-16,0,0,1,0
1674,UFS,stocks,DOMTAR CORPORATION (New),common,0,2020-07-27,2021-11-29,2020-07-27,2021-11-29,340,0.0,340,2020-07-27,2021-11-29,0,0,0,0
1675,UROV,stocks,Urovant Sciences Ltd. Common Shares,common,0,2020-07-27,2021-03-26,2020-07-27,2021-03-26,169,0.0,169,2020-07-27,2021-03-26,0,0,0,0
1676,USAK,stocks,"USA Truck, Inc. Common Stock",common,0,2020-07-27,2022-09-14,2020-07-27,2022-09-14,539,0.0,539,2020-07-27,2022-09-14,0,0,1,0
1677,USCR,stocks,"U.S. Concrete, Inc. Common Stock",common,0,2020-07-27,2021-08-25,2020-07-27,2021-08-25,274,0.0,274,2020-07-27,2021-08-25,0,0,0,0
1678,UZA,stocks,United States Cellular Corp. 6.95% Senior Notes due 2060,common,0,2020-07-27,2021-08-31,2020-07-27,2021-08-31,278,0.0,278,2020-07-27,2021-08-31,0,0,0,0
1679,UZB,stocks,United States Cellular Corporation 7.25% Senior Notes due 2063,common,0,2020-07-27,2021-05-11,2020-07-27,2021-05-11,200,0.0,200,2020-07-27,2021-05-11,0,0,0,0
1680,UZC,stocks,United States Cellular Corporation 7.25% Senior Notes due 2064,common,0,2020-07-27,2021-06-15,2020-07-27,2021-06-15,224,0.0,224,2020-07-27,2021-06-15,0,0,0,0
1681,VACQU,stocks,Vector Acquisition Corporation Unit,suffix-U,0,2020-09-25,2021-08-24,2020-09-25,2021-08-24,228,0.02193,228,2020-09-25,2021-08-24,0,0,0,0
1682,VAR,stocks,Varian Medical Systems,common,0,2020-07-27,2021-04-14,2020-07-27,2021-04-14,181,0.0,181,2020-07-27,2021-04-14,0,0,0,0
1683,VCF,stocks,Delaware Investments Colorado  Municipal Income Fund,closed-end,0,2020-08-03,2022-02-11,2020-08-03,2022-02-11,378,0.058201,378,2020-08-03,2022-02-11,0,0,0,0
1684,VCRA,stocks,"VOCERA COMMUNICATIONS,  INC.",common,0,2020-07-27,2022-02-22,2020-07-27,2022-02-22,398,0.0,398,2020-07-27,2022-02-22,0,0,0,0
1685,VCVCU,stocks,10X Capital Venture Acquisition Corp Unit,suffix-U,0,2020-11-24,2021-07-22,2020-11-24,2021-07-22,158,0.101266,158,2020-11-24,2021-07-22,0,0,0,0
1686,VEDL,stocks,Vedanta Limited  American Depostary Shares (Each representing four equity shares),common,0,2020-07-27,2021-11-08,2020-07-27,2021-11-08,326,0.0,326,2020-07-27,2021-11-08,0,0,0,0
1687,VEI,stocks,Vine Energy Inc.,common,0,2021-03-18,2021-11-01,2021-03-18,2021-11-01,159,0.0,159,2021-03-18,2021-11-01,0,0,0,0
1688,VER,stocks,"VEREIT, Inc.",common,0,2020-07-27,2021-10-29,2020-07-27,2021-10-29,320,0.0,320,2020-07-27,2021-10-29,0,0,0,0
1689,VIE,stocks,"Viela Bio, Inc. Common Stock",common,0,2020-07-27,2021-03-12,2020-07-27,2021-03-12,159,0.0,159,2020-07-27,2021-03-12,0,0,0,0
1690,VMM,stocks,Delaware Investments Minnesota Municipal Income Fund II,closed-end,0,2020-07-27,2022-02-11,2020-07-27,2022-02-11,389,0.015424,389,2020-07-27,2022-02-11,0,0,0,0
1691,VNE,stocks,"Veoneer, Inc.",common,0,2020-07-27,2022-03-31,2020-07-27,2022-03-31,425,0.0,425,2020-07-27,2022-03-31,0,0,0,0
1692,VOSOU,stocks,Virtuoso Acquisition Corp. Unit,suffix-U,0,2021-01-22,2021-11-18,2021-01-22,2021-11-18,182,0.115385,182,2021-01-22,2021-11-18,0,0,0,0
1693,VRS,stocks,Verso Corporation,common,0,2020-07-27,2022-03-30,2020-07-27,2022-03-30,424,0.002358,424,2020-07-27,2022-03-30,0,0,0,0
1694,VRTU,stocks,Virtusa Corporation Common Stock,common,0,2020-07-27,2021-02-10,2020-07-27,2021-02-10,138,0.0,138,2020-07-27,2021-02-10,0,0,0,0
1695,VSPRU,stocks,Vesper Healthcare Acquisition Corp. Unit,suffix-U,0,2020-09-30,2021-05-05,2020-09-30,2021-05-05,149,0.006711,149,2020-09-30,2021-05-05,0,0,0,0
1696,VTA,stocks,INVESCO DYNAMIC CREDIT OPPORTUNITIES FUND,fund,0,2020-07-27,2021-10-28,2020-07-27,2021-10-28,319,0.0,319,2020-07-27,2021-10-28,0,0,0,0
1697,VTAQR,stocks,Ventoux CCM Acquisition Corp. Right,suffix-R,0,2021-02-08,2022-09-21,2021-02-08,2022-09-21,368,0.103261,368,2021-02-08,2022-09-21,0,0,0,0
1698,VTAQU,stocks,Ventoux CCM Acquisition Corp. Unit,suffix-U,0,2020-12-24,2022-09-21,2020-12-24,2022-09-21,237,0.274262,237,2020-12-24,2022-09-21,0,0,0,0
1699,VTIQU,stocks,VectoIQ Acquisition Corp. II Unit,suffix-U,0,2021-01-07,2022-12-09,2021-01-07,2022-12-09,431,0.12761,431,2021-01-07,2022-12-09,0,0,0,0
1700,VWTR,stocks,"Vidler Water Resources, Inc. Common Stock",common,0,2021-03-09,2022-05-24,2021-03-09,2022-05-24,307,0.0,307,2021-03-09,2022-05-24,0,0,0,0
1701,WALA,stocks,Western Alliance Bancorporation,common,0,2020-07-29,2021-11-15,2020-07-29,2021-11-15,328,0.015244,328,2020-07-29,2021-11-15,0,0,0,0
1702,WALDU,stocks,Waldencast Acquisition Corp. Units,suffix-U,0,2021-03-16,2022-07-27,2021-03-16,2022-07-27,253,0.177866,253,2021-03-16,2022-07-27,0,0,0,0
1703,WARR,stocks,Warrior Technologies Acquisition Company,common,0,2021-04-23,2022-09-02,2021-04-23,2022-09-02,311,0.151125,311,2021-04-23,2022-09-02,0,0,0,0
1704,WBK,stocks,Westpac Banking Corporation,common,0,2020-07-27,2022-01-28,2020-07-27,2022-01-28,382,0.0,382,2020-07-27,2022-01-28,0,0,0,0
1705,WBT,stocks,"Welbilt, Inc.",common,0,2020-07-27,2022-07-28,2020-07-27,2022-07-28,506,0.001976,506,2020-07-27,2022-07-28,0,0,0,0
1706,WDR,stocks,"Waddell & Reed Financial, Inc.",common,0,2020-07-27,2021-04-30,2020-07-27,2021-04-30,193,0.005181,193,2020-07-27,2021-04-30,0,0,0,0
1707,WIFI,stocks,"Boingo Wireless, Inc. Common Stock",common,0,2020-07-27,2021-06-01,2020-07-27,2021-06-01,214,0.0,214,2020-07-27,2021-06-01,0,0,0,0
1708,WLL,stocks,Whiting Petroleum Corporation,common,0,2020-07-27,2022-06-30,2020-07-27,2022-06-30,487,0.0,487,2020-07-27,2022-06-30,0,0,0,0
1709,WMGI,stocks,Wright Medical Group N.V. Ordinary Shares,common,0,2020-07-27,2020-11-10,2020-07-27,2020-11-10,76,0.0,76,2020-07-27,2020-11-10,0,0,0,0
1710,WORK,stocks,"Slack Technologies, Inc.",common,0,2020-07-27,2021-07-20,2020-07-27,2021-07-20,248,0.0,248,2020-07-27,2021-07-20,0,0,0,0
1711,WPX,stocks,WPX Energy,common,0,2020-07-27,2021-01-06,2020-07-27,2021-01-06,114,0.0,114,2020-07-27,2021-01-06,0,0,0,0
1712,WRI,stocks,Weingarten Realty Investors,common,0,2020-07-27,2021-08-03,2020-07-27,2021-08-03,258,0.0,258,2020-07-27,2021-08-03,0,0,0,0
1713,WSG,stocks,Wanda Sports Group Company Limited American Depositary Shares,common,0,2020-07-27,2021-01-29,2020-07-27,2021-01-29,130,0.0,130,2020-07-27,2021-01-29,0,0,0,0
1714,WTRU,stocks,"Essential Utilities, Inc.6.00% Tangible Equity Units",common,0,2020-07-27,2022-04-29,2020-07-27,2022-04-29,444,0.002252,444,2020-07-27,2022-04-29,0,0,0,0
1715,XEC,stocks,Cimarex Energy,common,0,2020-07-27,2021-09-30,2020-07-27,2021-09-30,299,0.0,299,2020-07-27,2021-09-30,0,0,0,0
1716,XENT,stocks,"Intersect ENT, Inc. Common Stock",common,0,2020-07-27,2022-05-12,2020-07-27,2022-05-12,454,0.0,454,2020-07-27,2022-05-12,0,0,0,0
1717,XL,stocks,XL Group,common,0,2020-12-22,2022-11-11,2020-12-22,2022-11-11,477,0.0,477,2020-12-22,2022-11-11,0,0,0,0
1718,XLNX,stocks,Xilinx,common,0,2020-07-27,2022-02-11,2020-07-27,2022-02-11,392,0.0,392,2020-07-27,2022-02-11,0,0,0,0
1719,XLRN,stocks,Acceleron Pharma Inc. Common Stock,common,0,2020-07-27,2021-11-19,2020-07-27,2021-11-19,335,0.0,335,2020-07-27,2021-11-19,0,0,0,0
1720,XOG,stocks,"Extraction Oil & Gas, Inc. Common Stock",common,0,2021-01-21,2021-11-01,2021-01-21,2021-11-01,198,0.0,198,2021-01-21,2021-11-01,0,0,0,0
1721,XPDIU,stocks,Power & Digital Infrastructure Acquisition Corp. Unit,suffix-U,0,2021-02-10,2022-01-19,2021-02-10,2022-01-19,230,0.056522,230,2021-02-10,2022-01-19,0,0,0,0
1722,XPOA,stocks,"DPCM Capital, Inc.",common,0,2020-12-14,2022-08-05,2020-12-14,2022-08-05,414,0.004831,414,2020-12-14,2022-08-05,0,0,0,0
1723,ZAGG,stocks,ZAGG Inc Common Stock (Delaware),common,0,2020-07-27,2021-02-22,2020-07-27,2021-02-22,145,0.0,145,2020-07-27,2021-02-22,0,0,0,0
1724,ZGNX,stocks,"Zogenix, Inc. Common Stock",common,0,2020-07-27,2022-03-04,2020-07-27,2022-03-04,406,0.0,406,2020-07-27,2022-03-04,0,0,0,0
1725,ZGYH,stocks,Yunhong International Class A Ordinary Shares,common,0,2020-07-31,2021-11-19,2020-07-31,2021-11-19,304,0.134868,304,2020-07-31,2021-11-19,0,0,0,0
1726,ZGYHR,stocks,Yunhong International Right,suffix-R,0,2020-09-22,2021-11-19,2020-09-22,2021-11-19,257,0.198444,257,2020-09-22,2021-11-19,0,0,0,0
1727,ZIXI,stocks,Zix Corporation Common Stock,common,0,2020-07-27,2021-12-22,2020-07-27,2021-12-22,357,0.0,357,2020-07-27,2021-12-22,0,0,0,0
1728,ZNGA,stocks,Zynga Inc. Class A Common Stock,common,0,2020-07-27,2022-05-20,2020-07-27,2022-05-20,460,0.0,460,2020-07-27,2022-05-20,0,0,0,0
1729,ZNTEU,stocks,Zanite Acquisition Corp. Unit,suffix-U,0,2020-11-17,2022-05-09,2020-11-17,2022-05-09,276,0.231884,276,2020-11-17,2022-05-09,0,0,0,0
1730,ahpaw,stocks,Avista Public Acquisition Corp. II Warrant,common,0,2021-10-04,2022-11-01,2021-10-04,2022-11-01,191,0.162304,191,2021-10-04,2022-11-01,0,0,0,0
1731,ABMD,stocks,Abiomed,common,0,2020-07-27,2022-12-21,2020-07-27,2022-12-21,608,0.0,608,2020-07-27,2022-12-21,0,0,1,0
1732,ADS,stocks,Alliance Data Systems,common,0,2020-07-27,2022-04-01,2020-07-27,2022-04-01,424,0.0,424,2020-07-27,2022-04-01,0,0,0,0
1733,ALTR,stocks,Altair Engineering Inc.,common,0,2020-07-27,2025-03-25,2020-07-27,2025-03-25,1172,0.0,1172,2020-07-27,2025-03-25,0,0,1,0
1734,ARNC,stocks,Arconic Corp,common,0,2020-07-27,2023-08-17,2020-07-27,2023-08-17,768,0.0,768,2020-07-27,2023-08-17,0,0,1,0
1735,ATVI,stocks,"Activision Blizzard, Inc.",common,0,2020-07-27,2023-10-13,2020-07-27,2023-10-13,811,0.001233,811,2020-07-27,2023-10-13,0,0,1,0
1736,BIG,stocks,BIG LOTS INC,common,0,2020-07-27,2024-09-06,2020-07-27,2024-09-06,1033,0.0,1033,2020-07-27,2024-09-06,0,0,1,0
1737,CA,stocks,CA Technologies,common,0,2024-01-05,2026-05-07,2024-01-05,2026-05-07,491,0.370672,491,2024-01-05,2026-05-07,0,0,0,0
1738,CDAY,stocks,Ceridian,common,0,2020-07-27,2024-01-31,2020-07-27,2024-01-31,882,0.0,882,2020-07-27,2024-01-31,0,0,1,0
1739,CHK,stocks,Chesapeake Energy,common,0,2021-02-10,2024-10-01,2021-02-10,2024-10-01,916,0.0,916,2021-02-10,2024-10-01,0,0,1,0
1740,CMA,stocks,COMERICA INC,common,0,2020-07-27,2026-01-30,2020-07-27,2026-01-30,1383,0.0,1383,2020-07-27,2026-01-30,0,0,1,0
1741,CTXS,stocks,Citrix Systems,common,0,2020-07-27,2022-09-29,2020-07-27,2022-09-29,550,0.0,550,2020-07-27,2022-09-29,0,0,1,0
1742,DISCA,stocks,"Discovery, Inc.",common,0,2019-06-20,2022-04-08,2019-06-20,2022-04-08,432,0.002315,432,2019-06-20,2022-04-08,0,0,0,0
1743,DISH,stocks,DISH Network CORP,common,0,2020-07-27,2023-12-29,2020-07-27,2023-12-29,864,0.0,864,2020-07-27,2023-12-29,0,0,1,0
1744,DO,stocks,"DIAMOND OFFSHORE DRILLING, INC.",common,0,2022-03-30,2024-09-03,2022-03-30,2024-09-03,610,0.0,610,2022-03-30,2024-09-03,0,0,1,0
1745,DRE,stocks,Duke Realty,common,0,2020-07-27,2022-09-30,2020-07-27,2022-09-30,548,0.0,548,2020-07-27,2022-09-30,0,0,1,0
1746,ENDP,stocks,Endo International,common,0,2020-07-27,2022-08-25,2020-07-27,2022-08-25,526,0.0,526,2020-07-27,2022-08-25,0,0,0,0
1747,FBHS,stocks,Fortune Brands Home & Security,common,0,2020-07-27,2022-12-14,2020-07-27,2022-12-14,600,0.0,600,2020-07-27,2022-12-14,0,0,1,0
1748,FL,stocks,"FOOT LOCKER, INC.",common,0,2020-07-27,2025-09-05,2020-07-27,2025-09-05,1282,0.0,1282,2020-07-27,2025-09-05,0,0,1,0
1749,FLT,stocks,FLEETCOR Technologies,common,0,2020-07-27,2024-03-22,2020-07-27,2024-03-22,918,0.0,918,2020-07-27,2024-03-22,0,0,1,0
1750,FRC,stocks,First Republic Bank,common,0,2020-07-27,2023-04-28,2020-07-27,2023-04-28,692,0.0,692,2020-07-27,2023-04-28,0,0,1,0
1751,FRX,stocks,Forest Laboratories,common,0,2021-01-15,2021-06-25,2021-01-15,2021-06-25,111,0.009009,111,2021-01-15,2021-06-25,0,0,0,0
1752,GPS,stocks,Gap,common,0,2020-07-27,2024-08-21,2020-07-27,2024-08-21,1022,0.0,1022,2020-07-27,2024-08-21,0,0,1,0
1753,HBI,stocks,Hanesbrands Inc.,common,0,2020-07-27,2025-11-28,2020-07-27,2025-11-28,1341,0.0,1341,2020-07-27,2025-11-28,0,0,1,0
1754,HFC,stocks,HollyFrontier,common,0,2020-07-27,2022-03-14,2020-07-27,2022-03-14,409,0.0,409,2020-07-27,2022-03-14,0,0,0,0
1755,HPH,stocks,Harnischfeger Industries,common,0,2024-03-18,2025-05-02,2024-03-18,2025-05-02,261,0.191571,261,2024-03-18,2025-05-02,0,0,0,0
1756,IGT,stocks,International Game Technology,common,0,2020-07-27,2025-07-01,2020-07-27,2025-07-01,1236,0.0,1236,2020-07-27,2025-07-01,0,0,1,0
1757,JWN,stocks,NORDSTROM INC,common,0,2020-07-27,2025-05-20,2020-07-27,2025-05-20,1208,0.0,1208,2020-07-27,2025-05-20,0,0,1,0
1758,LLL,stocks,L3 Technologies,common,0,2021-10-13,2022-10-06,2021-10-13,2022-10-06,191,0.303665,191,2021-10-13,2022-10-06,0,0,0,0
1759,LSI,stocks,"LIFE STORAGE, INC.",common,0,2020-07-27,2023-07-19,2020-07-27,2023-07-19,747,0.0,747,2020-07-27,2023-07-19,0,0,1,0
1760,MNK,stocks,Mallinckrodt,common,0,2020-07-27,2023-08-28,2020-07-27,2023-08-28,262,0.206107,262,2020-07-27,2023-08-28,0,0,0,0
1761,MON,stocks,Monsanto,common,0,2021-03-18,2022-12-23,2021-03-18,2022-12-23,197,0.837563,197,2021-03-18,2022-12-23,0,0,0,0
1762,NCR,stocks,NCR Corporation,common,0,2020-07-27,2023-10-16,2020-07-27,2023-10-16,809,0.0,809,2020-07-27,2023-10-16,0,0,1,0
1763,NLSN,stocks,Nielsen Holdings,common,0,2020-07-27,2022-10-11,2020-07-27,2022-10-11,555,0.0,555,2020-07-27,2022-10-11,0,0,1,0
1764,ODP,stocks,ODP Corp,common,0,2020-07-27,2025-12-09,2020-07-27,2025-12-09,1351,0.0,1351,2020-07-27,2025-12-09,0,0,1,0
1765,PDCO,stocks,"PATTERSON COMPANIES, INC.",common,0,2020-07-27,2025-04-17,2020-07-27,2025-04-17,1189,0.000841,1189,2020-07-27,2025-04-17,0,0,1,0
1766,PLL,stocks,Piedmont Lithium Inc.,common,0,2020-07-27,2025-08-29,2020-07-27,2025-08-29,1269,0.00394,1269,2020-07-27,2025-08-29,0,0,1,0
1767,PXD,stocks,PIONEER NATURAL RESOURCES CO,common,0,2020-07-27,2024-05-02,2020-07-27,2024-05-02,946,0.0,946,2020-07-27,2024-05-02,0,0,1,0
1768,RAD,stocks,RITE AID CORP,common,0,2020-07-27,2023-10-16,2020-07-27,2023-10-16,809,0.001236,809,2020-07-27,2023-10-16,0,0,1,0
1769,RE,stocks,Everest Re Group,common,0,2020-07-27,2023-07-07,2020-07-27,2023-07-07,739,0.0,739,2020-07-27,2023-07-07,0,0,1,0
1770,SAI,stocks,SAIC,common,0,2022-05-02,2024-09-10,2022-05-02,2024-09-10,585,0.54188,585,2022-05-02,2024-09-10,0,0,0,0
1771,SBNY,stocks,Signature Bank,common,0,2020-07-27,2025-03-21,2020-07-27,2023-03-10,661,0.0,661,2020-07-27,2023-03-10,0,0,1,0
1772,SEE,stocks,SEALED AIR CORP/DE,common,0,2020-07-27,2026-04-08,2020-07-27,2026-04-08,1430,0.0,1430,2020-07-27,2026-04-08,0,0,1,0
1773,SIVB,stocks,SVB FINANCIAL GROUP,common,0,2020-07-27,2023-03-09,2020-07-27,2023-03-09,660,0.0,660,2020-07-27,2023-03-09,0,0,1,0
1774,SRCL,stocks,STERICYCLE INC,common,0,2020-07-27,2024-11-01,2020-07-27,2024-11-01,1076,0.0,1076,2020-07-27,2024-11-01,0,0,1,0
1775,STR,stocks,Questar,common,0,2022-06-06,2025-08-18,2022-06-06,2025-08-18,803,0.0,803,2022-06-06,2025-08-18,0,0,1,0
1776,SWN,stocks,SOUTHWESTERN ENERGY CO,common,0,2020-07-27,2024-09-30,2020-07-27,2024-09-30,1049,0.0,1049,2020-07-27,2024-09-30,0,0,1,0
1777,TGNA,stocks,TEGNA INC,common,0,2020-07-27,2026-03-20,2020-07-27,2026-03-20,1417,0.000706,1417,2020-07-27,2026-03-20,0,0,1,0
1778,TWTR,stocks,Twitter,common,0,2020-07-27,2022-10-27,2020-07-27,2022-10-27,567,0.0,567,2020-07-27,2022-10-27,0,0,1,0
1779,WLTW,stocks,Willis Towers Watson,common,0,2020-07-27,2022-01-07,2020-07-27,2022-01-07,368,0.0,368,2020-07-27,2022-01-07,0,0,0,0
1780,X,stocks,UNITED STATES STEEL CORP,common,0,2020-07-27,2025-06-17,2020-07-27,2025-06-17,1227,0.0,1227,2020-07-27,2025-06-17,0,0,1,0
1781,ATC.220816,stocks,ATC pre-2022-08-16 listing (delisted; ticker later reused),common,0,2021-02-04,2022-08-16,2021-02-04,2022-08-16,383,0.0,383,2021-02-04,2022-08-16,0,0,0,0
1782,AAIC,stocks,Arlington Asset Investment Corp.,common,0,2020-10-27,2023-12-13,2020-10-27,2023-12-13,700,0.128571,700,2020-10-27,2023-12-13,0,0,0,0
1783,AAMC,stocks,Altisource Asset Management Corp,common,0,2020-07-28,2024-09-16,2020-07-28,2024-09-16,518,0.397683,518,2020-07-28,2024-09-16,0,0,0,0
1784,AAN,stocks,"Aaron's Company, Inc.",common,0,2020-07-27,2024-10-03,2020-07-27,2024-10-03,1053,0.0,1053,2020-07-27,2024-10-03,0,0,1,0
1785,AAWW,stocks,ATLAS AIR WORLDWIDE HOLDINGS INC,common,0,2020-07-27,2023-03-17,2020-07-27,2023-03-17,666,0.0,666,2020-07-27,2023-03-17,0,0,1,0
1786,ABCM,stocks,Abcam plc,common,0,2020-10-22,2023-12-05,2020-10-22,2023-12-05,783,0.015326,783,2020-10-22,2023-12-05,0,0,0,0
1787,ABGI,stocks,ABG Acquisition Corp. I,common,0,2021-02-17,2023-02-10,2021-02-17,2023-02-10,141,0.673759,141,2021-02-17,2023-02-10,0,0,0,0
1788,ABST,stocks,ABSOLUTE SOFTWARE CORP,common,0,2020-10-28,2023-07-26,2020-10-28,2023-07-26,681,0.032305,681,2020-10-28,2023-07-26,0,0,0,0
1789,ACAHU,stocks,Atlantic Coastal Acquisition Corp.,suffix-U,0,2021-03-04,2024-01-23,2021-03-04,2024-01-23,96,0.583333,96,2021-03-04,2024-01-23,0,0,0,0
1790,ACCD,stocks,"Accolade, Inc.",common,0,2020-07-27,2025-04-07,2020-07-27,2025-04-07,1181,0.0,1181,2020-07-27,2025-04-07,0,0,1,0
1791,ACER,stocks,Acer Therapeutics Inc.,common,0,2020-07-27,2023-11-08,2020-07-27,2023-11-08,705,0.174468,705,2020-07-27,2023-11-08,0,0,0,0
1792,ACGN,stocks,"Aceragen, Inc.",common,0,2020-07-27,2023-08-21,2020-07-27,2023-08-21,609,0.18555,609,2020-07-27,2023-08-21,0,0,0,0
1793,ACHL,stocks,Achilles Therapeutics plc,common,0,2021-03-31,2025-03-20,2021-03-31,2025-03-20,854,0.167447,854,2021-03-31,2025-03-20,0,0,0,0
1794,ACLX,stocks,"Arcellx, Inc.",common,0,2022-02-04,2026-04-27,2022-02-04,2026-04-27,1056,0.001894,1056,2022-02-04,2026-04-27,0,0,1,0
1795,ACQR,stocks,Independence Holdings Corp.,common,0,2021-05-26,2023-02-24,2021-05-26,2023-02-24,142,0.739437,142,2021-05-26,2023-02-24,0,0,0,0
1796,ADERU,stocks,26 Capital Acquisition Corp.,suffix-U,0,2021-01-15,2023-07-18,2021-01-15,2023-07-18,132,0.454545,132,2021-01-15,2023-07-18,0,0,0,0
1797,ADOC,stocks,Edoc Acquisition Corp.,common,0,2020-12-10,2024-03-21,2020-12-10,2024-03-21,125,0.704,125,2020-12-10,2024-03-21,0,0,0,0
1798,ADTH,stocks,"AdTheorent Holding Company, Inc.",common,0,2021-12-23,2024-06-20,2021-12-23,2024-06-20,617,0.040519,617,2021-12-23,2024-06-20,0,0,0,0
1799,ADVM,stocks,"Adverum Biotechnologies, Inc.",common,0,2020-07-27,2025-12-08,2020-07-27,2025-12-08,1345,0.008922,1345,2020-07-27,2025-12-08,0,0,1,0
1800,AE,stocks,"ADAMS RESOURCES & ENERGY, INC.",common,0,2020-07-29,2025-02-04,2020-07-29,2025-02-04,688,0.351744,688,2020-07-29,2025-02-04,0,0,0,0
1801,AEAC,stocks,Authentic Equity Acquisition Corp.,common,0,2021-03-09,2023-01-18,2021-03-09,2023-01-18,144,0.611111,144,2021-03-09,2023-01-18,0,0,0,0
1802,AENZ,stocks,AENZA S.A.A.,common,0,2020-11-12,2023-12-06,2020-11-12,2023-12-06,243,0.54321,243,2020-11-12,2023-12-06,0,0,0,0
1803,AEY,stocks,ADDVANTAGE TECHNOLOGIES GROUP INC,common,0,2020-07-27,2024-02-12,2020-07-27,2024-02-12,481,0.363825,481,2020-07-27,2024-02-12,0,0,0,0
1804,AFARU,stocks,Aura Fat Projects Acquisition Corp,suffix-U,0,2022-04-13,2024-07-16,2022-04-13,2024-07-16,60,0.916667,60,2022-04-13,2024-07-16,0,0,0,0
1805,AFIB,stocks,"Acutus Medical, Inc.",common,0,2020-08-06,2024-05-08,2020-08-06,2024-05-08,888,0.086712,888,2020-08-06,2024-05-08,0,0,0,0
1806,AFMD,stocks,Affimed N.V.,common,0,2020-07-27,2025-05-19,2020-07-27,2025-05-19,1207,0.009942,1207,2020-07-27,2025-05-19,0,0,1,0
1807,AGFS,stocks,"AgroFresh Solutions, Inc.",common,0,2020-07-27,2023-03-30,2020-07-27,2023-03-30,516,0.232558,516,2020-07-27,2023-03-30,0,0,0,0
1808,AGGRU,stocks,Agile Growth Corp.,suffix-U,0,2021-03-10,2023-01-10,2021-03-10,2023-01-10,65,0.753846,65,2021-03-10,2023-01-10,0,0,0,0
1809,AGIL,stocks,"AgileThought, Inc.",common,0,2020-07-30,2023-11-22,2020-07-30,2023-11-22,545,0.20367,545,2020-07-30,2023-11-22,0,0,0,0
1810,AGR,stocks,"Avangrid, Inc.",common,0,2020-07-27,2024-12-20,2020-07-27,2024-12-20,1107,0.0,1107,2020-07-27,2024-12-20,0,0,1,0
1811,AGRX,stocks,AGILE THERAPEUTICS INC,common,0,2020-07-27,2024-03-25,2020-07-27,2024-03-25,784,0.104592,784,2020-07-27,2024-03-25,0,0,0,0
1812,AGS,stocks,"PlayAGS, Inc.",common,0,2020-07-27,2025-06-30,2020-07-27,2025-06-30,1234,0.00081,1234,2020-07-27,2025-06-30,0,0,1,0
1813,AGTI,stocks,"AGILITI, INC. \DE",common,0,2021-04-23,2024-05-06,2021-04-23,2024-05-06,762,0.0,762,2021-04-23,2024-05-06,0,0,1,0
1814,AHI,stocks,Advanced Health Intelligence Ltd,common,0,2021-11-19,2024-01-29,2021-11-19,2024-01-29,319,0.263323,319,2021-11-19,2024-01-29,0,0,0,0
1815,AHPI,stocks,ALLIED HEALTHCARE PRODUCTS INC,common,0,2020-07-27,2023-02-02,2020-07-27,2023-02-02,521,0.136276,521,2020-07-27,2023-02-02,0,0,0,0
1816,AHRNU,stocks,Ahren Acquisition Corp.,suffix-U,0,2021-12-15,2023-06-02,2021-12-15,2023-06-02,61,0.721311,61,2021-12-15,2023-06-02,0,0,0,0
1817,AIMC,stocks,Altra Industrial Motion Corp.,common,0,2020-07-27,2023-03-24,2020-07-27,2023-03-24,671,0.0,671,2020-07-27,2023-03-24,0,0,1,0
1818,AINC,stocks,Ashford Inc.,common,0,2020-07-28,2024-07-26,2020-07-28,2024-07-26,517,0.44294,517,2020-07-28,2024-07-26,0,0,0,0
1819,AIRC,stocks,Apartment Income REIT Corp.,common,0,2020-12-15,2024-06-27,2020-12-15,2024-06-27,885,0.0,885,2020-12-15,2024-06-27,0,0,1,0
1820,AIU,stocks,Meta Data Ltd,common,0,2022-05-03,2024-08-13,2022-05-03,2024-08-13,164,0.554878,164,2022-05-03,2024-08-13,0,0,0,0
1821,AJRD,stocks,"AEROJET ROCKETDYNE HOLDINGS, INC.",common,0,2020-07-27,2023-07-27,2020-07-27,2023-07-27,753,0.0,753,2020-07-27,2023-07-27,0,0,1,0
1822,AKLI,stocks,"Akili, Inc.",common,0,2022-08-22,2024-06-27,2022-08-22,2024-06-27,387,0.245478,387,2022-08-22,2024-06-27,0,0,0,0
1823,AKRO,stocks,"Akero Therapeutics, Inc.",common,0,2020-07-27,2025-12-08,2020-07-27,2025-12-08,1350,0.0,1350,2020-07-27,2025-12-08,0,0,1,0
1824,AKU,stocks,AKUMIN INC.,common,0,2020-09-03,2023-10-25,2020-09-03,2023-10-25,536,0.291045,536,2020-09-03,2023-10-25,0,0,0,0
1825,AKYA,stocks,"Akoya Biosciences, Inc.",common,0,2021-04-16,2025-07-07,2021-04-16,2025-07-07,1057,0.003784,1057,2021-04-16,2025-07-07,0,0,1,0
1826,ALBO,stocks,"ALBIREO PHARMA, INC.",common,0,2020-07-27,2023-03-02,2020-07-27,2023-03-02,655,0.0,655,2020-07-27,2023-03-02,0,0,1,0
1827,ALE,stocks,ALLETE INC,common,0,2020-07-27,2025-12-12,2020-07-27,2025-12-12,1351,0.0,1351,2020-07-27,2025-12-12,0,0,1,0
1828,ALEX,stocks,"Alexander & Baldwin, Inc.",common,0,2020-07-27,2026-03-12,2020-07-27,2026-03-12,1411,0.0,1411,2020-07-27,2026-03-12,0,0,1,0
1829,ALIM,stocks,ALIMERA SCIENCES INC,common,0,2020-07-30,2024-09-13,2020-07-30,2024-09-13,728,0.21978,728,2020-07-30,2024-09-13,0,0,0,0
1830,ALLK,stocks,Allakos Inc.,common,0,2020-07-27,2025-05-14,2020-07-27,2025-05-14,1207,0.0,1207,2020-07-27,2025-05-14,0,0,1,0
1831,ALPN,stocks,"ALPINE IMMUNE SCIENCES, INC.",common,0,2020-07-28,2024-05-17,2020-07-28,2024-05-17,937,0.027748,937,2020-07-28,2024-05-17,0,0,0,0
1832,ALR,stocks,AlerisLife Inc.,common,0,2022-01-31,2023-03-16,2022-01-31,2023-03-16,204,0.362745,204,2022-01-31,2023-03-16,0,0,0,0
1833,ALTU,stocks,Altitude Acquisition Corp.,common,0,2021-01-29,2024-03-13,2021-01-29,2024-03-13,360,0.488889,360,2021-01-29,2024-03-13,0,0,0,0
1834,AMED,stocks,AMEDISYS INC,common,0,2020-07-27,2025-08-14,2020-07-27,2025-08-14,1270,0.0,1270,2020-07-27,2025-08-14,0,0,1,0
1835,AMK,stocks,"AssetMark Financial Holdings, Inc.",common,0,2020-07-27,2024-09-04,2020-07-27,2024-09-04,1031,0.00485,1031,2020-07-27,2024-09-04,0,0,1,0
1836,AMNB,stocks,AMERICAN NATIONAL BANKSHARES INC.,common,0,2020-07-27,2024-03-26,2020-07-27,2024-03-26,691,0.250362,691,2020-07-27,2024-03-26,0,0,0,0
1837,AMPE,stocks,"Ampio Pharmaceuticals, Inc.",common,0,2020-07-27,2024-04-12,2020-07-27,2024-04-12,751,0.113182,751,2020-07-27,2024-04-12,0,0,0,0
1838,AMPS,stocks,"Altus Power, Inc.",common,0,2021-12-13,2025-04-15,2021-12-13,2025-04-15,837,0.0,837,2021-12-13,2025-04-15,0,0,1,0
1839,AMRSQ,stocks,"AMYRIS, INC.",common,0,2020-07-27,2023-08-18,2020-07-27,2023-08-18,772,0.0,772,2020-07-27,2023-08-18,0,0,1,0
1840,AMTI,stocks,Applied Molecular Transport Inc.,common,0,2020-07-27,2023-12-26,2020-07-27,2023-12-26,813,0.056581,813,2020-07-27,2023-12-26,0,0,0,0
1841,AMV,stocks,Atlis Motor Vehicles Inc,common,0,2022-09-28,2023-05-12,2022-09-28,2023-05-12,152,0.039474,152,2022-09-28,2023-05-12,0,0,0,0
1842,AMWD,stocks,AMERICAN WOODMARK CORP,common,0,2020-07-27,2026-05-27,2020-07-27,2026-05-27,1465,0.001365,1465,2020-07-27,2026-05-27,0,0,1,0
1843,AMYT,stocks,Amryt Pharma plc,common,0,2020-07-27,2023-04-11,2020-07-27,2023-04-11,564,0.12234,564,2020-07-27,2023-04-11,0,0,0,0
1844,ANAC.U,stocks,ARCTOS NORTHSTAR ACQUISITION CORP.,dotsuffix,0,2021-02-23,2023-02-08,2021-02-23,2023-02-08,74,0.472973,74,2021-02-23,2023-02-08,0,0,0,0
1845,APEN,stocks,"Apollo Endosurgery, Inc.",common,0,2020-07-29,2023-04-03,2020-07-29,2023-04-03,620,0.045161,620,2020-07-29,2023-04-03,0,0,0,0
1846,APGB.U,stocks,Apollo Strategic Growth Capital II,dotsuffix,0,2021-02-10,2023-10-25,2021-02-10,2023-10-25,173,0.543353,173,2021-02-10,2023-10-25,0,0,0,0
1847,APGN,stocks,"Apexigen, Inc.",common,0,2022-08-01,2023-08-22,2022-08-01,2023-08-22,200,0.225,200,2022-08-01,2023-08-22,0,0,0,0
1848,APLS,stocks,"Apellis Pharmaceuticals, Inc.",common,0,2020-07-27,2026-05-13,2020-07-27,2026-05-13,1457,0.0,1457,2020-07-27,2026-05-13,0,0,1,0
1849,APLT,stocks,"Applied Therapeutics, Inc.",common,0,2020-07-27,2026-02-02,2020-07-27,2026-02-02,1365,0.025641,1365,2020-07-27,2026-02-02,0,0,0,0
1850,APPHQ,stocks,"AppHarvest, Inc.",common,0,2020-08-03,2023-08-01,2020-08-03,2023-08-01,730,0.020548,730,2020-08-03,2023-08-01,0,0,0,0
1851,APTX,stocks,Aptinyx Inc.,common,0,2020-07-27,2023-05-18,2020-07-27,2023-05-18,674,0.063798,674,2020-07-27,2023-05-18,0,0,0,0
1852,APXIU,stocks,APx Acquisition Corp. I,suffix-U,0,2021-12-07,2024-09-23,2021-12-07,2024-09-23,88,0.761364,88,2021-12-07,2024-09-23,0,0,0,0
1853,AQU,stocks,Aquaron Acquisition Corp.,common,0,2022-10-20,2025-01-21,2022-10-20,2025-01-21,66,0.787879,66,2022-10-20,2025-01-21,0,0,0,0
1854,AQUA,stocks,Evoqua Water Technologies Corp.,common,0,2020-07-27,2023-05-23,2020-07-27,2023-05-23,709,0.0,709,2020-07-27,2023-05-23,0,0,1,0
1855,ARAV,stocks,"Aravive, Inc.",common,0,2020-07-27,2024-01-26,2020-07-27,2024-01-26,839,0.071514,839,2020-07-27,2024-01-26,0,0,0,0
1856,ARBGU,stocks,Aequi Acquisition Corp.,suffix-U,0,2020-11-20,2023-05-12,2020-11-20,2023-05-12,91,0.56044,91,2020-11-20,2023-05-12,0,0,0,0
1857,ARC,stocks,"ARC DOCUMENT SOLUTIONS, INC.",common,0,2020-07-27,2024-11-21,2020-07-27,2024-11-21,1023,0.098729,1023,2020-07-27,2024-11-21,0,0,0,0
1858,ARCE,stocks,Arco Platform Ltd.,common,0,2020-03-13,2023-12-06,2020-03-13,2023-12-06,846,0.016548,846,2020-03-13,2023-12-06,0,0,0,0
1859,ARCH,stocks,"ARCH RESOURCES, INC.",common,0,2020-07-27,2025-01-13,2020-07-27,2025-01-13,1120,0.0,1120,2020-07-27,2025-01-13,0,0,1,0
1860,ARDS,stocks,"Aridis Pharmaceuticals, Inc.",common,0,2020-08-14,2023-07-18,2020-08-14,2023-07-18,495,0.270707,495,2020-08-14,2023-07-18,0,0,0,0
1861,ARGO,stocks,"Argo Group International Holdings, Ltd.",common,0,2020-07-27,2023-11-15,2020-07-27,2023-11-15,831,0.001203,831,2020-07-27,2023-11-15,0,0,1,0
1862,ARIZ,stocks,Arisz Acquisition Corp.,common,0,2021-12-13,2024-02-29,2021-12-13,2024-02-29,63,0.825397,63,2021-12-13,2024-02-29,0,0,0,0
1863,ARRWU,stocks,Arrowroot Acquisition Corp.,suffix-U,0,2021-03-02,2024-04-16,2021-03-02,2024-04-16,114,0.649123,114,2021-03-02,2024-04-16,0,0,0,0
1864,ARTEU,stocks,Artemis Strategic Investment Corp,suffix-U,0,2021-09-30,2023-07-12,2021-09-30,2023-07-12,61,0.737705,61,2021-09-30,2023-07-12,0,0,0,0
1865,ARVL,stocks,Arrival,common,0,2020-07-27,2024-01-29,2020-07-27,2024-01-29,805,0.023602,805,2020-07-27,2024-01-29,0,0,0,0
1866,ARYD,stocks,ARYA Sciences Acquisition Corp IV,common,0,2021-02-26,2024-07-31,2021-02-26,2024-07-31,179,0.620112,179,2021-02-26,2024-07-31,0,0,0,0
1867,ARYE,stocks,ARYA Sciences Acquisition Corp V,common,0,2021-07-13,2023-07-03,2021-07-13,2023-07-03,88,0.772727,88,2021-07-13,2023-07-03,0,0,0,0
1868,ASAP,stocks,Waitr Holdings Inc.,common,0,2020-07-27,2023-02-01,2020-07-27,2023-02-01,635,0.006299,635,2020-07-27,2023-02-01,0,0,1,0
1869,ASLN,stocks,ASLAN Pharmaceuticals Ltd,common,0,2020-07-27,2024-07-18,2020-07-27,2024-07-18,846,0.148936,846,2020-07-27,2024-07-18,0,0,0,0
1870,ASPU,stocks,"ASPEN GROUP, INC.",common,0,2020-07-27,2023-03-30,2020-07-27,2023-03-30,563,0.119005,563,2020-07-27,2023-03-30,0,0,0,0
1871,ASRT,stocks,"Assertio Holdings, Inc.",common,0,2020-07-27,2026-06-15,2020-07-27,2026-06-15,1469,0.00885,1469,2020-07-27,2026-06-15,0,0,1,0
1872,ASTR,stocks,"Astra Space, Inc.",common,0,2021-07-01,2024-07-17,2021-07-01,2024-07-17,758,0.019789,758,2021-07-01,2024-07-17,0,0,0,0
1873,ASXC,stocks,"ASENSUS SURGICAL, INC.",common,0,2021-03-05,2024-08-21,2021-03-05,2024-08-21,871,0.009185,871,2021-03-05,2024-08-21,0,0,1,0
1874,ATHX,stocks,"ATHERSYS, INC / NEW",common,0,2020-07-27,2023-10-17,2020-07-27,2023-10-17,795,0.041509,795,2020-07-27,2023-10-17,0,0,0,0
1875,ATNX,stocks,"Athenex, Inc.",common,0,2020-07-27,2023-05-24,2020-07-27,2023-05-24,701,0.021398,701,2020-07-27,2023-05-24,0,0,0,0
1876,ATRI,stocks,ATRION CORP,common,0,2020-07-27,2024-08-20,2020-07-27,2024-08-20,360,0.436111,360,2020-07-27,2024-08-20,0,0,0,0
1877,ATSG,stocks,"Air Transport Services Group, Inc.",common,0,2020-02-27,2025-04-10,2020-02-27,2025-04-10,1185,0.000844,1185,2020-02-27,2025-04-10,0,0,1,0
1878,ATXS,stocks,"Astria Therapeutics, Inc.",common,0,2021-09-09,2026-01-22,2021-09-09,2026-01-22,1051,0.043768,1051,2021-09-09,2026-01-22,0,0,0,0
1879,AUD,stocks,"AUDACY, INC.",common,0,2021-04-09,2023-05-16,2021-04-09,2023-05-16,527,0.001898,527,2021-04-09,2023-05-16,0,0,0,0
1880,AUGX,stocks,"Augmedix, Inc.",common,0,2021-10-26,2024-10-01,2021-10-26,2024-10-01,655,0.117557,655,2021-10-26,2024-10-01,0,0,0,0
1881,AUVI,stocks,"Applied UV, Inc.",common,0,2020-08-31,2024-05-28,2020-08-31,2024-05-28,763,0.112713,763,2020-08-31,2024-05-28,0,0,0,0
1882,AUY,stocks,YAMANA GOLD INC.,common,0,2020-07-27,2023-03-31,2020-07-27,2023-03-31,673,0.0,673,2020-07-27,2023-03-31,0,0,1,0
1883,AVCT,stocks,"American Virtual Cloud Technologies, Inc.",common,0,2020-07-27,2023-01-19,2020-07-27,2023-01-19,572,0.097902,572,2020-07-27,2023-01-19,0,0,0,0
1884,AVDL,stocks,AVADEL PHARMACEUTICALS PLC,common,0,2020-07-27,2026-02-11,2020-07-27,2026-02-11,1394,0.0,1394,2020-07-27,2026-02-11,0,0,1,0
1885,AVDX,stocks,"AvidXchange Holdings, Inc.",common,0,2021-10-13,2025-10-14,2021-10-13,2025-10-14,1005,0.0,1005,2021-10-13,2025-10-14,0,0,1,0
1886,AVEO,stocks,"AVEO PHARMACEUTICALS, INC.",common,0,2020-07-27,2023-01-19,2020-07-27,2023-01-19,626,0.001597,626,2020-07-27,2023-01-19,0,0,1,0
1887,AVGR,stocks,Avinger Inc,common,0,2020-07-27,2025-02-14,2020-07-27,2025-02-14,895,0.163128,895,2020-07-27,2025-02-14,0,0,0,0
1888,AVID,stocks,"AVID TECHNOLOGY, INC.",common,0,2020-07-27,2023-11-06,2020-07-27,2023-11-06,827,0.0,827,2020-07-27,2023-11-06,0,0,1,0
1889,AVTA,stocks,"AVANTAX, INC.",common,0,2020-07-27,2023-11-27,2020-07-27,2023-11-27,841,0.0,841,2020-07-27,2023-11-27,0,0,1,0
1890,AVYA,stocks,Avaya Holdings Corp.,common,0,2020-07-27,2023-02-13,2020-07-27,2023-02-13,640,0.0,640,2020-07-27,2023-02-13,0,0,1,0
1891,AXDX,stocks,"Accelerate Diagnostics, Inc",common,0,2020-07-27,2025-05-14,2020-07-27,2025-05-14,1143,0.069991,1143,2020-07-27,2025-05-14,0,0,0,0
1892,AXLA,stocks,Axcella Health Inc.,common,0,2020-07-27,2023-11-22,2020-07-27,2023-11-22,689,0.162554,689,2020-07-27,2023-11-22,0,0,0,0
1893,AXNX,stocks,"Axonics, Inc.",common,0,2020-07-27,2024-11-14,2020-07-27,2024-11-14,1085,0.0,1085,2020-07-27,2024-11-14,0,0,1,0
1894,AY,stocks,Atlantica Sustainable Infrastructure plc,common,0,2020-07-27,2024-12-11,2020-07-27,2024-12-11,1103,0.0,1103,2020-07-27,2024-12-11,0,0,1,0
1895,AYLA,stocks,"Ayala Pharmaceuticals, Inc.",common,0,2020-07-27,2023-01-11,2020-07-27,2023-01-11,366,0.355191,366,2020-07-27,2023-01-11,0,0,0,0
1896,AYX,stocks,"Alteryx, Inc.",common,0,2020-07-27,2024-03-18,2020-07-27,2024-03-18,914,0.0,914,2020-07-27,2024-03-18,0,0,1,0
1897,AZEK,stocks,AZEK Co Inc.,common,0,2020-07-27,2025-06-30,2020-07-27,2025-06-30,1235,0.0,1235,2020-07-27,2025-06-30,0,0,1,0
1898,AZRE,stocks,Azure Power Global Ltd,common,0,2020-07-27,2023-07-12,2020-07-27,2023-07-12,738,0.01626,738,2020-07-27,2023-07-12,0,0,0,0
1899,BASE,stocks,"Couchbase, Inc.",common,0,2021-07-22,2025-09-23,2021-07-22,2025-09-23,1048,0.000954,1048,2021-07-22,2025-09-23,0,0,1,0
1900,BBBYQ,stocks,BED BATH & BEYOND INC,common,0,2020-07-27,2023-05-02,2020-07-27,2023-05-02,697,0.0,697,2020-07-27,2023-05-02,0,0,1,0
1901,BBIG,stocks,"Vinco Ventures, Inc.",common,0,2020-07-27,2023-07-27,2020-07-27,2023-07-27,727,0.044017,727,2020-07-27,2023-07-27,0,0,0,0
1902,BBLN,stocks,Babylon Holdings Ltd,common,0,2021-10-22,2023-06-28,2021-10-22,2023-06-28,406,0.034483,406,2021-10-22,2023-06-28,0,0,0,0
1903,BCEL,stocks,"Atreca, Inc.",common,0,2020-07-27,2024-03-18,2020-07-27,2024-03-18,891,0.059484,891,2020-07-27,2024-03-18,0,0,0,0
1904,BCOV,stocks,BRIGHTCOVE INC,common,0,2020-07-27,2025-02-03,2020-07-27,2025-02-03,1136,0.016725,1136,2020-07-27,2025-02-03,0,0,0,0
1905,BCSAU,stocks,Blockchain Coinvestors Acquisition Corp. I,suffix-U,0,2021-11-10,2024-11-11,2021-11-10,2024-11-11,157,0.751592,157,2021-11-10,2024-11-11,0,0,0,0
1906,BECN,stocks,"QXO BUILDING PRODUCTS, INC.",common,0,2020-07-27,2025-04-28,2020-07-27,2025-04-28,1195,0.0,1195,2020-07-27,2025-04-28,0,0,1,0
1907,BEDU,stocks,Bright Scholar Education Holdings Ltd,common,0,2020-07-27,2025-12-15,2020-07-27,2025-12-15,777,0.344916,777,2020-07-27,2025-12-15,0,0,0,0
1908,BERY,stocks,"BERRY GLOBAL GROUP, INC.",common,0,2020-07-27,2025-04-29,2020-07-27,2025-04-29,1193,0.0,1193,2020-07-27,2025-04-29,0,0,1,0
1909,BEST,stocks,BEST Inc.,common,0,2020-07-27,2025-03-07,2020-07-27,2025-03-07,809,0.199011,809,2020-07-27,2025-03-07,0,0,0,0
1910,BFI,stocks,"BurgerFi International, Inc.",common,0,2020-07-27,2024-09-20,2020-07-27,2024-09-20,877,0.171038,877,2020-07-27,2024-09-20,0,0,0,0
1911,BFIN,stocks,BankFinancial CORP,common,0,2020-07-27,2025-12-31,2020-07-27,2025-12-31,1095,0.16895,1095,2020-07-27,2025-12-31,0,0,0,0
1912,BFX,stocks,BOWFLEX INC.,common,0,2023-11-01,2024-03-04,2023-11-01,2024-03-04,80,0.0875,80,2023-11-01,2024-03-04,0,0,0,0
1913,BGFV,stocks,BIG 5 SPORTING GOODS Corp,common,0,2020-07-27,2025-10-01,2020-07-27,2025-10-01,1303,0.000767,1303,2020-07-27,2025-10-01,0,0,1,0
1914,BGRY,stocks,"Berkshire Grey, Inc.",common,0,2021-07-22,2023-07-19,2021-07-22,2023-07-19,499,0.038076,499,2021-07-22,2023-07-19,0,0,0,0
1915,BGXX,stocks,Bright Green Corp,common,0,2022-05-17,2024-09-18,2022-05-17,2024-09-18,570,0.054386,570,2022-05-17,2024-09-18,0,0,0,0
1916,BHAC,stocks,Focus Impact BH3 Acquisition Co,common,0,2021-12-01,2024-09-04,2021-12-01,2024-09-04,117,0.769231,117,2021-12-01,2024-09-04,0,0,0,0
1917,BIMI,stocks,BIMI Holdings Inc.,common,0,2020-07-27,2024-08-21,2020-07-27,2024-08-21,772,0.256477,772,2020-07-27,2024-08-21,0,0,0,0
1918,BIOC,stocks,BIOCEPT INC,common,0,2020-07-27,2023-10-24,2020-07-27,2023-10-24,693,0.113997,693,2020-07-27,2023-10-24,0,0,0,0
1919,BIOL,stocks,"BIOLASE, INC",common,0,2020-07-27,2024-06-18,2020-07-27,2024-06-18,737,0.112619,737,2020-07-27,2024-06-18,0,0,0,0
1920,BIOR,stocks,"BIORA THERAPEUTICS, INC.",common,0,2020-07-27,2024-12-10,2020-07-27,2024-12-10,1072,0.038246,1072,2020-07-27,2024-12-10,0,0,0,0
1921,BIOSU,stocks,BioPlus Acquisition Corp.,suffix-U,0,2021-12-03,2023-10-06,2021-12-03,2023-10-06,61,0.868852,61,2021-12-03,2023-10-06,0,0,0,0
1922,BIOTU,stocks,Biotech Acquisition Co,suffix-U,0,2021-01-26,2023-01-17,2021-01-26,2023-01-17,103,0.495146,103,2021-01-26,2023-01-17,0,0,0,0
1923,BKCC,stocks,BlackRock Capital Investment Corp,common,0,2020-07-27,2024-03-15,2020-07-27,2024-03-15,905,0.034254,905,2020-07-27,2024-03-15,0,0,0,0
1924,BKI,stocks,"Black Knight, Inc.",common,0,2020-07-27,2023-09-01,2020-07-27,2023-09-01,779,0.0,779,2020-07-27,2023-09-01,0,0,1,0
1925,BLCM,stocks,"BELLICUM PHARMACEUTICALS, INC",common,0,2020-07-27,2023-05-31,2020-07-27,2023-05-31,560,0.233929,560,2020-07-27,2023-05-31,0,0,0,0
1926,BLD,stocks,"QXO Insulation, LLC",common,0,2019-01-02,2026-06-30,2019-01-02,2026-06-30,1883,0.0,1883,2019-01-02,2026-06-30,0,1,1,0
1927,BLFY,stocks,Blue Foundry Bancorp,common,0,2021-07-16,2026-03-31,2021-07-16,2026-03-31,1136,0.039613,1136,2021-07-16,2026-03-31,0,0,0,0
1928,BLMZ,stocks,Harrison Global Holdings Inc.,common,0,2024-07-24,2025-12-12,2024-07-24,2025-12-12,350,0.002857,350,2024-07-24,2025-12-12,0,0,0,0
1929,BLNGU,stocks,Belong Acquisition Corp.,suffix-U,0,2021-07-23,2023-06-06,2021-07-23,2023-06-06,79,0.721519,79,2021-07-23,2023-06-06,0,0,0,0
1930,BLPH,stocks,"Bellerophon Therapeutics, Inc.",common,0,2020-07-27,2023-10-13,2020-07-27,2023-10-13,595,0.213445,595,2020-07-27,2023-10-13,0,0,0,0
1931,BLU,stocks,BELLUS Health Inc.,common,0,2020-07-27,2023-06-28,2020-07-27,2023-06-28,736,0.002717,736,2020-07-27,2023-06-28,0,0,1,0
1932,BLUE,stocks,"bluebird bio, Inc.",common,0,2020-07-27,2025-05-30,2020-07-27,2025-05-30,1216,0.0,1216,2020-07-27,2025-05-30,0,0,1,0
1933,BMAC.U,stocks,Black Mountain Acquisition Corp.,dotsuffix,0,2021-10-14,2023-10-03,2021-10-14,2023-10-03,74,0.716216,74,2021-10-14,2023-10-03,0,0,0,0
1934,BMAQ,stocks,Blockchain Moon Acquisition Corp.,common,0,2021-11-04,2023-04-05,2021-11-04,2023-04-05,72,0.708333,72,2021-11-04,2023-04-05,0,0,0,0
1935,BMTX,stocks,"BM Technologies, Inc.",common,0,2021-01-06,2025-01-31,2021-01-06,2025-01-31,907,0.109151,907,2021-01-06,2025-01-31,0,0,0,0
1936,BNFT,stocks,"Benefitfocus, Inc.",common,0,2020-07-27,2023-01-23,2020-07-27,2023-01-23,628,0.003185,628,2020-07-27,2023-01-23,0,0,1,0
1937,BNNRU,stocks,Banner Acquisition Corp.,suffix-U,0,2021-09-08,2023-05-01,2021-09-08,2023-05-01,72,0.583333,72,2021-09-08,2023-05-01,0,0,0,0
1938,BOAC.U,stocks,Bluescape Opportunities Acquisition Corp.,dotsuffix,0,2020-10-28,2023-10-30,2020-10-28,2023-10-30,172,0.569767,172,2020-10-28,2023-10-30,0,0,0,0
1939,BPMC,stocks,Blueprint Medicines Corp,common,0,2020-07-27,2025-07-17,2020-07-27,2025-07-17,1250,0.0,1250,2020-07-27,2025-07-17,0,0,1,0
1940,BPTS,stocks,Biophytis SA,common,0,2021-02-10,2024-04-25,2021-02-10,2024-04-25,203,0.37931,203,2021-02-10,2024-04-25,0,0,0,0
1941,BRDG,stocks,Bridge Investment Group Holdings Inc.,common,0,2021-07-16,2025-08-29,2021-07-16,2025-08-29,1033,0.000968,1033,2021-07-16,2025-08-29,0,0,1,0
1942,BRDS,stocks,"Bird Global, Inc.",common,0,2021-03-01,2023-09-22,2021-03-01,2023-09-22,602,0.099668,602,2021-03-01,2023-09-22,0,0,0,0
1943,BRFS,stocks,BRF S.A.,common,0,2020-07-27,2025-09-22,2020-07-27,2025-09-22,1293,0.0,1293,2020-07-27,2025-09-22,0,0,1,0
1944,BRIVU,stocks,B. Riley Principal 250 Merger Corp.,suffix-U,0,2021-05-07,2023-04-11,2021-05-07,2023-04-11,84,0.714286,84,2021-05-07,2023-04-11,0,0,0,0
1945,BRSH,stocks,Bruush Oral Care Inc.,common,0,2022-08-03,2024-06-27,2022-08-03,2024-06-27,407,0.137592,407,2022-08-03,2024-06-27,0,0,0,0
1946,BRY,stocks,Berry Corp (bry),common,0,2020-07-27,2025-12-17,2020-07-27,2025-12-17,1357,0.0,1357,2020-07-27,2025-12-17,0,0,1,0
1947,BSMX,stocks,"Banco Santander Mexico S.A., Institucion de Banca Multiple,",common,0,2020-07-27,2023-05-04,2020-07-27,2023-05-04,589,0.134126,589,2020-07-27,2023-05-04,0,0,0,0
1948,BSQR,stocks,BSQUARE CORP /WA,common,0,2020-08-12,2023-12-06,2020-08-12,2023-12-06,574,0.261324,574,2020-08-12,2023-12-06,0,0,0,0
1949,BTB,stocks,Bit Brother Ltd,common,0,2021-06-16,2023-09-07,2021-06-16,2023-09-07,429,0.200466,429,2021-06-16,2023-09-07,0,0,0,0
1950,BTTX,stocks,"Better Therapeutics, Inc.",common,0,2021-03-24,2024-03-15,2021-03-24,2024-03-15,540,0.237037,540,2021-03-24,2024-03-15,0,0,0,0
1951,BTWNU,stocks,Bridgetown Holdings Ltd,suffix-U,0,2020-10-16,2023-10-12,2020-10-16,2023-10-12,263,0.48289,263,2020-10-16,2023-10-12,0,0,0,0
1952,BVH,stocks,Bluegreen Vacations Holding Corp,common,0,2020-07-27,2024-01-16,2020-07-27,2024-01-16,834,0.069544,834,2020-07-27,2024-01-16,0,0,0,0
1953,BWACU,stocks,Better World Acquisition Corp.,suffix-U,0,2020-11-13,2023-06-27,2020-11-13,2023-06-27,77,0.493506,77,2020-11-13,2023-06-27,0,0,0,0
1954,BXRX,stocks,"Baudax Bio, Inc.",common,0,2020-07-27,2023-11-15,2020-07-27,2023-11-15,663,0.096531,663,2020-07-27,2023-11-15,0,0,0,0
1955,BYN.U,stocks,"Pinstripes Holdings, Inc.",dotsuffix,0,2022-01-20,2023-12-06,2022-01-20,2023-12-06,87,0.91954,87,2022-01-20,2023-12-06,0,0,0,0
1956,BYU,stocks,"BAIYU Holdings, Inc.",common,0,2023-10-30,2024-11-20,2023-10-30,2024-11-20,140,0.35,140,2023-10-30,2024-11-20,0,0,0,0
1957,CAEP,stocks,"Cantor Equity Partners III, Inc.",common,0,2025-06-26,2026-05-13,2025-06-26,2026-05-13,150,0.44,150,2025-06-26,2026-05-13,0,0,0,0
1958,CALA,stocks,"Calithera Biosciences, Inc.",common,0,2020-07-27,2023-02-01,2020-07-27,2023-02-01,598,0.053512,598,2020-07-27,2023-02-01,0,0,0,0
1959,CALB,stocks,California BanCorp,common,0,2020-07-27,2024-07-31,2020-07-27,2024-07-31,608,0.366776,608,2020-07-27,2024-07-31,0,0,0,0
1960,CALT,stocks,Calliditas Therapeutics AB,common,0,2020-07-27,2024-09-20,2020-07-27,2024-09-20,550,0.36,550,2020-07-27,2024-09-20,0,0,0,0
1961,CARM,stocks,Carisma Therapeutics Inc.,common,0,2019-01-02,2025-10-10,2019-01-02,2025-10-10,1704,0.0,1704,2019-01-02,2025-10-10,0,0,1,0
1962,CASA,stocks,Casa Systems Inc,common,0,2020-07-27,2024-04-04,2020-07-27,2024-04-04,926,0.018359,926,2020-07-27,2024-04-04,0,0,0,0
1963,CATC,stocks,CAMBRIDGE BANCORP,common,0,2020-07-27,2024-07-12,2020-07-27,2024-07-12,765,0.233987,765,2020-07-27,2024-07-12,0,0,0,0
1964,CBAY,stocks,"CymaBay Therapeutics, Inc.",common,0,2020-07-27,2024-03-21,2020-07-27,2024-03-21,920,0.0,920,2020-07-27,2024-03-21,0,0,1,0
1965,CBD,stocks,BRAZILIAN DISTRIBUTION CO COMPANHIA BRASILEIRA DE DISTR CBD,common,0,2020-07-27,2024-04-18,2020-07-27,2024-04-18,930,0.011828,930,2020-07-27,2024-04-18,0,0,0,0
1966,CCF,stocks,CHASE CORP,common,0,2020-07-27,2023-11-14,2020-07-27,2023-11-14,751,0.131824,751,2020-07-27,2023-11-14,0,0,0,0
1967,CCLP,stocks,CSI Compressco LP,common,0,2020-07-29,2024-04-01,2020-07-29,2024-04-01,623,0.370787,623,2020-07-29,2024-04-01,0,0,0,0
1968,CCRD,stocks,CoreCard Corp,common,0,2021-12-30,2025-10-30,2021-12-30,2025-10-30,875,0.144,875,2021-12-30,2025-10-30,0,0,0,0
1969,CCRN,stocks,CROSS COUNTRY HEALTHCARE INC,common,0,2019-01-02,2026-07-20,2019-01-02,2026-07-20,1896,0.0,1896,2019-01-02,2026-07-20,0,1,1,0
1970,CCV.U,stocks,Churchill Capital Corp V,dotsuffix,0,2020-12-16,2023-09-25,2020-12-16,2023-09-25,165,0.521212,165,2020-12-16,2023-09-25,0,0,0,0
1971,CCVI.U,stocks,Churchill Capital Corp VI,dotsuffix,0,2021-02-12,2023-11-27,2021-02-12,2023-11-27,206,0.57767,206,2021-02-12,2023-11-27,0,0,0,0
1972,CDAK,stocks,"Codiak BioSciences, Inc.",common,0,2020-10-14,2023-04-04,2020-10-14,2023-04-04,598,0.041806,598,2020-10-14,2023-04-04,0,0,0,0
1973,CDMO,stocks,"Avid Bioservices, Inc.",common,0,2020-07-27,2025-02-04,2020-07-27,2025-02-04,1138,0.0,1138,2020-07-27,2025-02-04,0,0,1,0
1974,CDTX,stocks,"Cidara Therapeutics, Inc.",common,0,2020-07-27,2026-01-06,2020-07-27,2026-01-06,1341,0.035048,1341,2020-07-27,2026-01-06,0,0,0,0
1975,CEA,stocks,CHINA EASTERN AIRLINES CORP LTD,common,0,2020-08-04,2023-02-02,2020-08-04,2023-02-02,295,0.488136,295,2020-08-04,2023-02-02,0,0,0,0
1976,CELL,stocks,"Bruker Cellular Analysis, Inc.",common,0,2023-03-22,2023-09-29,2023-03-22,2023-09-29,133,0.0,133,2023-03-22,2023-09-29,0,0,0,0
1977,CEMI,stocks,"CHEMBIO DIAGNOSTICS, INC.",common,0,2020-07-27,2023-04-25,2020-07-27,2023-04-25,655,0.073282,655,2020-07-27,2023-04-25,0,0,0,0
1978,CEP,stocks,"Cantor Equity Partners, Inc.",common,0,2024-08-13,2025-12-08,2024-08-13,2025-12-08,194,0.139175,194,2024-08-13,2025-12-08,0,0,0,0
1979,CEPT,stocks,"Cantor Equity Partners II, Inc.",common,0,2025-05-02,2026-07-01,2025-05-02,2026-07-01,292,0.0,292,2025-05-02,2026-07-01,0,1,0,0
1980,CEQP,stocks,Crestwood Equity Partners LP,common,0,2020-07-27,2023-11-02,2020-07-27,2023-11-02,822,0.0,822,2020-07-27,2023-11-02,0,0,1,0
1981,CERE,stocks,"Cerevel Therapeutics Holdings, Inc.",common,0,2020-10-28,2024-07-31,2020-10-28,2024-07-31,944,0.0,944,2020-10-28,2024-07-31,0,0,1,0
1982,CFB,stocks,"CROSSFIRST BANKSHARES, INC.",common,0,2020-07-27,2025-02-28,2020-07-27,2025-02-28,1150,0.006087,1150,2020-07-27,2025-02-28,0,0,1,0
1983,CFFSU,stocks,CF Acquisition Corp. VII,suffix-U,0,2021-12-16,2024-12-04,2021-12-16,2024-12-04,72,0.791667,72,2021-12-16,2024-12-04,0,0,0,0
1984,CFIVU,stocks,CF ACQUISITION CORP. IV,suffix-U,0,2020-12-23,2023-11-01,2020-12-23,2023-11-01,164,0.567073,164,2020-12-23,2023-11-01,0,0,0,0
1985,CFLT,stocks,"Confluent, Inc.",common,0,2021-06-24,2026-03-16,2021-06-24,2026-03-16,1186,0.0,1186,2021-06-24,2026-03-16,0,0,1,0
1986,CFMS,stocks,Conformis Inc,common,0,2020-07-27,2023-09-01,2020-07-27,2023-09-01,708,0.107345,708,2020-07-27,2023-09-01,0,0,0,0
1987,CFRX,stocks,CONTRAFECT Corp,common,0,2020-07-27,2023-11-08,2020-07-27,2023-11-08,783,0.0894,783,2020-07-27,2023-11-08,0,0,0,0
1988,CFSB,stocks,"CFSB Bancorp, Inc. /MA/",common,0,2022-01-13,2025-10-31,2022-01-13,2025-10-31,431,0.387471,431,2022-01-13,2025-10-31,0,0,0,0
1989,CHN,stocks,"China Fund, Inc.",fund,0,2020-07-29,2025-10-29,2020-07-29,2025-10-29,927,0.283711,927,2020-07-29,2025-10-29,0,0,0,0
1990,CHRA,stocks,"Charah Solutions, Inc.",common,0,2020-07-27,2023-04-03,2020-07-27,2023-04-03,506,0.302372,506,2020-07-27,2023-04-03,0,0,0,0
1991,CHS,stocks,"CHICO'S FAS, INC.",common,0,2020-07-27,2024-01-04,2020-07-27,2024-01-04,864,0.0,864,2020-07-27,2024-01-04,0,0,1,0
1992,CHUY,stocks,"CHUY'S HOLDINGS, INC.",common,0,2020-07-27,2024-10-10,2020-07-27,2024-10-10,1060,0.000943,1060,2020-07-27,2024-10-10,0,0,1,0
1993,CHX,stocks,ChampionX Corp,common,0,2020-07-27,2025-07-15,2020-07-27,2025-07-15,1248,0.0,1248,2020-07-27,2025-07-15,0,0,1,0
1994,CIAN,stocks,Cian PLC,common,0,2021-11-05,2022-02-25,2021-11-05,2022-02-25,76,0.039474,76,2021-11-05,2022-02-25,0,0,0,0
1995,CIH,stocks,China Index Holdings Ltd,common,0,2020-07-27,2023-04-14,2020-07-27,2023-04-14,283,0.498233,283,2020-07-27,2023-04-14,0,0,0,0
1996,CIIGU,stocks,"CIIG Capital Partners II, Inc.",suffix-U,0,2021-09-15,2023-03-31,2021-09-15,2023-03-31,79,0.746835,79,2021-09-15,2023-03-31,0,0,0,0
1997,CINC,stocks,"CinCor Pharma, Inc.",common,0,2022-01-07,2023-02-23,2022-01-07,2023-02-23,283,0.0,283,2022-01-07,2023-02-23,0,0,0,0
1998,CIO,stocks,"City Office REIT, Inc.",common,0,2020-07-27,2026-01-08,2020-07-27,2026-01-08,1368,0.001462,1368,2020-07-27,2026-01-08,0,0,1,0
1999,CIXX,stocks,CI Financial Corp.,common,0,2020-11-18,2023-01-19,2020-11-18,2023-01-19,466,0.137339,466,2020-11-18,2023-01-19,0,0,0,0
2000,CKPT,stocks,"Checkpoint Therapeutics, Inc.",common,0,2020-07-27,2025-05-29,2020-07-27,2025-05-29,1206,0.015755,1206,2020-07-27,2025-05-29,0,0,0,0
2001,CLAA.U,stocks,Colonnade Acquisition Corp. II,dotsuffix,0,2021-03-10,2023-02-28,2021-03-10,2023-02-28,73,0.616438,73,2021-03-10,2023-02-28,0,0,0,0
2002,CLCO,stocks,Cool Co Ltd.,common,0,2023-03-21,2026-01-08,2023-03-21,2026-01-08,687,0.048035,687,2023-03-21,2026-01-08,0,0,0,0
2003,CLSD,stocks,"Clearside Biomedical, Inc.",common,0,2020-07-27,2025-11-28,2020-07-27,2025-11-28,1283,0.075604,1283,2020-07-27,2025-11-28,0,0,0,0
2004,CLVR,stocks,Clever Leaves Holdings Inc.,common,0,2020-12-18,2024-05-16,2020-12-18,2024-05-16,730,0.142466,730,2020-12-18,2024-05-16,0,0,0,0
2005,CMRA,stocks,"Comera Life Sciences Holdings, Inc.",common,0,2022-05-20,2023-11-16,2022-05-20,2023-11-16,255,0.262745,255,2022-05-20,2023-11-16,0,0,0,0
2006,CMRX,stocks,CHIMERIX INC,common,0,2020-07-27,2025-04-17,2020-07-27,2025-04-17,1181,0.006774,1181,2020-07-27,2025-04-17,0,0,1,0
2007,CNCE,stocks,"CONCERT PHARMACEUTICALS, INC.",common,0,2020-07-27,2023-03-03,2020-07-27,2023-03-03,647,0.034003,647,2020-07-27,2023-03-03,0,0,0,0
2008,CNNB,stocks,"Cincinnati Bancorp, Inc.",common,0,2020-08-24,2023-02-03,2020-08-24,2023-02-03,62,0.758065,62,2020-08-24,2023-02-03,0,0,0,0
2009,CNSL,stocks,"Consolidated Communications Holdings, Inc.",common,0,2020-07-27,2024-12-26,2020-07-27,2024-12-26,1113,0.001797,1113,2020-07-27,2024-12-26,0,0,1,0
2010,CNTA,stocks,Centessa Pharmaceuticals plc,common,0,2021-05-28,2026-06-23,2021-05-28,2026-06-23,1265,0.017391,1265,2021-05-28,2026-06-23,0,1,0,0
2011,CNTG,stocks,Centogene N.V.,common,0,2020-07-27,2024-08-07,2020-07-27,2024-08-07,715,0.265734,715,2020-07-27,2024-08-07,0,0,0,0
2012,CO,stocks,Global Cord Blood Corp,common,0,2020-07-27,2022-09-23,2020-07-27,2022-09-23,516,0.087209,516,2020-07-27,2022-09-23,0,0,0,0
2013,COMS,stocks,COMSovereign Holding Corp.,common,0,2021-01-22,2024-01-30,2021-01-22,2024-01-30,662,0.119335,662,2021-01-22,2024-01-30,0,0,0,0
2014,CONN,stocks,CONNS INC,common,0,2020-07-27,2024-08-05,2020-07-27,2024-08-05,1004,0.016932,1004,2020-07-27,2024-08-05,0,0,0,0
2015,COOL,stocks,Corner Growth Acquisition Corp.,common,0,2021-02-19,,2021-02-19,2026-09-08,731,0.165527,267,2021-02-19,2024-06-04,0,1,0,0
2016,COOP,stocks,Mr. Cooper Group Inc.,common,0,2020-07-27,2025-09-30,2020-07-27,2025-09-30,1302,0.0,1302,2020-07-27,2025-09-30,0,0,1,0
2017,CORR,stocks,"CorEnergy Infrastructure Trust, Inc.",common,0,2020-07-27,2023-12-01,2020-07-27,2023-12-01,658,0.180851,658,2020-07-27,2023-12-01,0,0,0,0
2018,CORS,stocks,Corsair Partnering Corp,common,0,2021-09-21,2023-07-03,2021-09-21,2023-07-03,89,0.662921,89,2021-09-21,2023-07-03,0,0,0,0
2019,COUP,stocks,Coupa Software Inc,common,0,2020-07-27,2023-02-27,2020-07-27,2023-02-27,652,0.0,652,2020-07-27,2023-02-27,0,0,1,0
2020,COWN,stocks,COWEN INC.,common,0,2020-07-27,2023-02-28,2020-07-27,2023-02-28,653,0.0,653,2020-07-27,2023-02-28,0,0,1,0
2021,CPARU,stocks,Catalyst Partners Acquisition Corp.,suffix-U,0,2021-05-18,2023-01-30,2021-05-18,2023-01-30,127,0.645669,127,2021-05-18,2023-01-30,0,0,0,0
2022,CPE,stocks,Callon Petroleum Co,common,0,2020-07-27,2024-03-28,2020-07-27,2024-03-28,922,0.0,922,2020-07-27,2024-03-28,0,0,1,0
2023,CPRX,stocks,"CATALYST PHARMACEUTICALS, INC.",common,0,2019-01-02,2026-07-14,2019-01-02,2026-07-14,1892,0.0,1892,2019-01-02,2026-07-14,0,1,1,0
2024,CPTN,stocks,"Cepton, Inc.",common,0,2022-02-11,2025-01-06,2022-02-11,2025-01-06,638,0.109718,638,2022-02-11,2025-01-06,0,0,0,0
2025,CPUH,stocks,Compute Health Acquisition Corp.,common,0,2021-03-30,2023-08-01,2021-03-30,2023-08-01,399,0.451128,399,2021-03-30,2023-08-01,0,0,0,0
2026,CREC,stocks,Crescera Capital Acquisition Corp.,common,0,2022-01-11,2023-06-30,2022-01-11,2023-06-30,64,0.65625,64,2022-01-11,2023-06-30,0,0,0,0
2027,CREV,stocks,Carbon Revolution Public Ltd Co,common,0,2021-04-27,2026-02-06,2021-04-27,2026-02-06,510,0.180392,510,2021-04-27,2026-02-06,0,0,0,0
2028,CRGE,stocks,"Charge Enterprises, Inc.",common,0,2022-04-12,2024-02-28,2022-04-12,2024-02-28,472,0.004237,472,2022-04-12,2024-02-28,0,0,0,0
2029,CRGX,stocks,"CARGO Therapeutics, Inc.",common,0,2023-11-10,2025-08-18,2023-11-10,2025-08-18,442,0.0,442,2023-11-10,2025-08-18,0,0,0,0
2030,CRKN,stocks,Crown Electrokinetics Corp.,common,0,2023-08-18,2025-03-04,2023-08-18,2025-03-04,219,0.0,219,2023-08-18,2025-03-04,0,0,0,0
2031,CS,stocks,CREDIT SUISSE GROUP AG,common,0,2020-07-27,2023-06-09,2020-07-27,2023-06-09,721,0.0,721,2020-07-27,2023-06-09,0,0,1,0
2032,CSGS,stocks,CSG SYSTEMS INTERNATIONAL INC,common,0,2020-07-27,2026-05-13,2020-07-27,2026-05-13,1457,0.001373,1457,2020-07-27,2026-05-13,0,0,1,0
2033,CSII,stocks,Cardiovascular Systems Inc,common,0,2020-07-27,2023-04-27,2020-07-27,2023-04-27,694,0.0,694,2020-07-27,2023-04-27,0,0,1,0
2034,CSTR,stocks,"CapStar Financial Holdings, Inc.",common,0,2020-07-27,2024-03-28,2020-07-27,2024-03-28,916,0.027293,916,2020-07-27,2024-03-28,0,0,0,0
2035,CTAQ,stocks,Carney Technology Acquisition Corp. II,common,0,2021-02-01,2023-02-14,2021-02-01,2023-02-14,201,0.572139,201,2021-02-01,2023-02-14,0,0,0,0
2036,CTG,stocks,COMPUTER TASK GROUP INC,common,0,2020-07-27,2023-12-12,2020-07-27,2023-12-12,702,0.212251,702,2020-07-27,2023-12-12,0,0,0,0
2037,CTIC,stocks,CTI BIOPHARMA CORP,common,0,2020-07-27,2023-06-23,2020-07-27,2023-06-23,724,0.009669,724,2020-07-27,2023-06-23,0,0,1,0
2038,CTLP,stocks,"CANTALOUPE, INC.",common,0,2021-04-19,2026-05-07,2021-04-19,2026-05-07,1270,0.003937,1270,2021-04-19,2026-05-07,0,0,1,0
2039,CURO,stocks,CURO Group Holdings Corp.,common,0,2020-07-27,2024-03-11,2020-07-27,2024-03-11,888,0.048423,888,2020-07-27,2024-03-11,0,0,0,0
2040,CUTR,stocks,CUTERA INC,common,0,2020-07-27,2025-03-12,2020-07-27,2025-03-12,1154,0.013865,1154,2020-07-27,2025-03-12,0,0,0,0
2041,CVAC,stocks,CureVac N.V.,common,0,2020-08-14,2026-01-05,2020-08-14,2026-01-05,1354,0.0,1354,2020-08-14,2026-01-05,0,0,1,0
2042,CVGW,stocks,CALAVO GROWERS INC,common,0,2020-07-27,2026-05-27,2020-07-27,2026-05-27,1466,0.001364,1466,2020-07-27,2026-05-27,0,0,1,0
2043,CVII.U,stocks,Churchill Capital Corp VII,dotsuffix,0,2021-02-12,2024-01-30,2021-02-12,2024-01-30,325,0.513846,325,2021-02-12,2024-01-30,0,0,0,0
2044,CVLY,stocks,CODORUS VALLEY BANCORP INC,common,0,2020-08-07,2024-06-28,2020-08-07,2024-06-28,682,0.284457,682,2020-08-07,2024-06-28,0,0,0,0
2045,CVT,stocks,CVENT HOLDING CORP.,common,0,2021-12-09,2023-06-14,2021-12-09,2023-06-14,380,0.0,380,2021-12-09,2023-06-14,0,0,0,0
2046,CWAN,stocks,"Clearwater Analytics Holdings, Inc.",common,0,2021-09-24,2026-06-24,2021-09-24,2026-06-24,1189,0.0,1189,2021-09-24,2026-06-24,0,1,1,0
2047,CWBR,stocks,"CohBar, Inc.",common,0,2020-07-27,2023-11-28,2020-07-27,2023-11-28,640,0.192188,640,2020-07-27,2023-11-28,0,0,0,0
2048,CXAC.U,stocks,C5 Acquisition Corp,dotsuffix,0,2022-01-07,2023-10-11,2022-01-07,2023-10-11,62,0.822581,62,2022-01-07,2023-10-11,0,0,0,0
2049,CYAD,stocks,Celyad Oncology SA,common,0,2020-07-31,2023-05-18,2020-07-31,2023-05-18,236,0.605932,236,2020-07-31,2023-05-18,0,0,0,0
2050,CYBR,stocks,CyberArk Software Ltd.,common,0,2020-07-27,2026-02-10,2020-07-27,2026-02-10,1393,0.0,1393,2020-07-27,2026-02-10,0,0,1,0
2051,CYRN,stocks,CYREN Ltd.,common,0,2020-07-27,2023-03-02,2020-07-27,2023-03-02,469,0.223881,469,2020-07-27,2023-03-02,0,0,0,0
2052,CYT,stocks,"Cyteir Therapeutics, Inc.",common,0,2021-06-18,2024-03-15,2021-06-18,2024-03-15,619,0.174475,619,2021-06-18,2024-03-15,0,0,0,0
2053,CYTH,stocks,"Cyclo Therapeutics, Inc.",common,0,2020-12-09,2025-03-25,2020-12-09,2025-03-25,802,0.275561,802,2020-12-09,2025-03-25,0,0,0,0
2054,CYXT,stocks,"Cyxtera Technologies, Inc.",common,0,2021-07-30,2023-06-14,2021-07-30,2023-06-14,472,0.0,472,2021-07-30,2023-06-14,0,0,0,0
2055,DADA,stocks,Dada Nexus Ltd,common,0,2020-07-27,2025-06-16,2020-07-27,2025-06-16,1229,0.0,1229,2020-07-27,2025-06-16,0,0,1,0
2056,DALN,stocks,DallasNews Corp,common,0,2021-06-30,2025-09-24,2021-06-30,2025-09-24,660,0.30303,561,2021-06-30,2025-09-24,0,0,0,0
2057,DALS,stocks,DA32 Life Science Tech Acquisition Corp.,common,0,2021-07-28,2023-07-19,2021-07-28,2023-07-19,133,0.691729,133,2021-07-28,2023-07-19,0,0,0,0
2058,DAWN,stocks,"Day One Biopharmaceuticals, Inc.",common,0,2021-05-27,2026-04-22,2021-05-27,2026-04-22,1231,0.000812,1231,2021-05-27,2026-04-22,0,0,1,0
2059,DBS,stocks,INVESCO DB SILVER FUND,fund,0,2020-07-27,2023-03-03,2020-07-27,2023-03-03,141,0.617021,141,2020-07-27,2023-03-03,0,0,0,0
2060,DBTX,stocks,"Decibel Therapeutics, Inc.",common,0,2021-02-12,2023-09-22,2021-02-12,2023-09-22,572,0.152098,572,2021-02-12,2023-09-22,0,0,0,0
2061,DBV,stocks,Invesco DB G10 Currency Harvest Fund,fund,0,2020-09-01,2023-03-02,2020-09-01,2023-03-02,110,0.618182,110,2020-09-01,2023-03-02,0,0,0,0
2062,DCFC,stocks,Tritium DCFC Ltd,common,0,2021-04-05,2024-04-17,2021-04-05,2024-04-17,735,0.04898,735,2021-04-05,2024-04-17,0,0,0,0
2063,DCP,stocks,"DCP Midstream, LP",common,0,2020-07-27,2023-06-14,2020-07-27,2023-06-14,724,0.0,724,2020-07-27,2023-06-14,0,0,1,0
2064,DCPH,stocks,"Deciphera Pharmaceuticals, Inc.",common,0,2020-07-27,2024-06-10,2020-07-27,2024-06-10,975,0.0,975,2020-07-27,2024-06-10,0,0,1,0
2065,DEN,stocks,DENBURY INC,common,0,2020-09-21,2023-11-01,2020-09-21,2023-11-01,782,0.0,782,2020-09-21,2023-11-01,0,0,1,0
2066,DENN,stocks,DENNY'S Corp,common,0,2020-07-27,2026-01-16,2020-07-27,2026-01-16,1377,0.0,1377,2020-07-27,2026-01-16,0,0,1,0
2067,DESP,stocks,"Despegar.com, Corp.",common,0,2020-07-27,2025-05-14,2020-07-27,2025-05-14,1204,0.001661,1204,2020-07-27,2025-05-14,0,0,1,0
2068,DGL,stocks,Invesco DB Gold Fund,fund,0,2020-08-05,2023-03-03,2020-08-05,2023-03-03,120,0.575,120,2020-08-05,2023-03-03,0,0,0,0
2069,DGNU,stocks,Dragoneer Growth Opportunities Corp. III,common,0,2021-03-23,2023-03-22,2021-03-23,2023-03-22,227,0.581498,227,2021-03-23,2023-03-22,0,0,0,0
2070,DHHCU,stocks,DiamondHead Holdings Corp.,suffix-U,0,2021-01-26,2023-03-23,2021-01-26,2023-03-23,139,0.532374,139,2021-01-26,2023-03-23,0,0,0,0
2071,DHIL,stocks,DIAMOND HILL INVESTMENT GROUP INC,common,0,2020-07-30,2026-04-21,2020-07-30,2026-04-21,781,0.421255,781,2020-07-30,2026-04-21,0,0,0,0
2072,DICE,stocks,"DICE Therapeutics, Inc.",common,0,2021-09-15,2023-08-08,2021-09-15,2023-08-08,477,0.0,477,2021-09-15,2023-08-08,0,0,0,0
2073,DISAW,stocks,Disruptive Acquisition Corp I,suffix-W,0,2021-05-18,2023-11-27,2021-05-18,2023-11-27,79,0.670886,79,2021-05-18,2023-11-27,0,0,0,0
2074,DLA,stocks,"DELTA APPAREL, INC",common,0,2020-07-27,2024-06-28,2020-07-27,2024-06-28,806,0.212159,806,2020-07-27,2024-06-28,0,0,0,0
2075,DLCAU,stocks,Deep Lake Capital Acquisition Corp.,suffix-U,0,2021-01-13,2023-01-04,2021-01-13,2023-01-04,130,0.507692,130,2021-01-13,2023-01-04,0,0,0,0
2076,DMK,stocks,DMK PHARMACEUTICALS Corp,common,0,2020-07-27,2024-02-06,2020-07-27,2024-02-06,833,0.094838,833,2020-07-27,2024-02-06,0,0,0,0
2077,DMN,stocks,Damon Inc.,common,0,2024-11-18,2025-05-19,2024-11-18,2025-05-19,124,0.104839,124,2024-11-18,2025-05-19,0,0,0,0
2078,DMTK,stocks,"DermTech, Inc.",common,0,2020-07-27,2024-06-26,2020-07-27,2024-06-26,977,0.024565,977,2020-07-27,2024-06-26,0,0,0,0
2079,DMYS.U,stocks,"dMY Technology Group, Inc. VI",dotsuffix,0,2021-10-01,2023-03-21,2021-10-01,2023-03-21,69,0.681159,69,2021-10-01,2023-03-21,0,0,0,0
2080,DNAB,stocks,Social Capital Suvretta Holdings Corp. II,common,0,2021-06-30,2023-06-30,2021-06-30,2023-06-30,214,0.635514,214,2021-06-30,2023-06-30,0,0,0,0
2081,DNAD,stocks,Social Capital Suvretta Holdings Corp. IV,common,0,2021-06-30,2023-06-30,2021-06-30,2023-06-30,192,0.65625,192,2021-06-30,2023-06-30,0,0,0,0
2082,DNMR,stocks,"Danimer Scientific, Inc.",common,0,2020-07-28,2024-12-30,2020-07-28,2024-12-30,1084,0.011993,1084,2020-07-28,2024-12-30,0,0,0,0
2083,DNZ.U,stocks,D & Z Media Acquisition Corp.,dotsuffix,0,2021-01-26,2023-01-24,2021-01-26,2023-01-24,92,0.706522,92,2021-01-26,2023-01-24,0,0,0,0
2084,DOOR,stocks,MASONITE INTERNATIONAL CORP,common,0,2020-07-27,2024-05-14,2020-07-27,2024-05-14,954,0.0,954,2020-07-27,2024-05-14,0,0,1,0
2085,DPSI,stocks,"DecisionPoint Systems, Inc.",common,0,2022-05-06,2024-07-03,2022-05-06,2024-07-03,336,0.407738,336,2022-05-06,2024-07-03,0,0,0,0
2086,DRRX,stocks,DURECT CORP,common,0,2020-07-27,2025-09-10,2020-07-27,2025-09-10,1218,0.079639,1218,2020-07-27,2025-09-10,0,0,0,0
2087,DSEY,stocks,"Diversey Holdings, Ltd.",common,0,2021-03-25,2023-07-05,2021-03-25,2023-07-05,573,0.0,573,2021-03-25,2023-07-05,0,0,1,0
2088,DSKE,stocks,"Daseke, Inc.",common,0,2020-07-27,2024-04-01,2020-07-27,2024-04-01,926,0.00324,926,2020-07-27,2024-04-01,0,0,1,0
2089,DTEA,stocks,DAVIDsTEA Inc.,common,0,2020-07-27,2023-04-14,2020-07-27,2023-04-14,421,0.232779,421,2020-07-27,2023-04-14,0,0,0,0
2090,DTRT,stocks,DTRT Health Acquisition Corp.,common,0,2021-10-28,2023-01-26,2021-10-28,2023-01-26,82,0.634146,82,2021-10-28,2023-01-26,0,0,0,0
2091,DVAX,stocks,DYNAVAX TECHNOLOGIES CORP,common,0,2020-07-27,2026-02-09,2020-07-27,2026-02-09,1392,0.0,1392,2020-07-27,2026-02-09,0,0,1,0
2092,DYNT,stocks,DYNATRONICS CORP,common,0,2020-08-04,2024-07-08,2020-08-04,2024-07-08,463,0.431965,463,2020-08-04,2024-07-08,0,0,0,0
2093,DZSI,stocks,DZS INC.,common,0,2020-07-27,2024-08-07,2020-07-27,2024-08-07,1005,0.01791,1005,2020-07-27,2024-08-07,0,0,0,0
2094,EACPU,stocks,Edify Acquisition Corp.,suffix-U,0,2021-01-15,2023-07-14,2021-01-15,2023-07-14,80,0.55,80,2021-01-15,2023-07-14,0,0,0,0
2095,EAR,stocks,"Eargo, Inc.",common,0,2020-10-16,2024-02-15,2020-10-16,2024-02-15,767,0.089961,767,2020-10-16,2024-02-15,0,0,0,0
2096,EB,stocks,"Eventbrite, Inc.",common,0,2020-07-27,2026-03-09,2020-07-27,2026-03-09,1409,0.0,1409,2020-07-27,2026-03-09,0,0,1,0
2097,EBET,stocks,"EBET, Inc.",common,0,2021-04-15,2023-10-12,2021-04-15,2023-10-12,563,0.097691,563,2021-04-15,2023-10-12,0,0,0,0
2098,EBTC,stocks,ENTERPRISE BANCORP INC /MA/,common,0,2020-07-27,2025-06-30,2020-07-27,2025-06-30,701,0.413695,701,2020-07-27,2025-06-30,0,0,0,0
2099,EEX,stocks,"Emerald Holding, Inc.",common,0,2019-01-02,2026-07-13,2019-01-02,2026-07-13,1891,0.0,1891,2019-01-02,2026-07-13,0,1,1,0
2100,EFTR,stocks,"eFFECTOR Therapeutics, Inc.",common,0,2021-03-02,2024-07-02,2021-03-02,2024-07-02,636,0.174528,636,2021-03-02,2024-07-02,0,0,0,0
2101,EGIO,stocks,"Edgio, Inc.",common,0,2020-07-27,2024-09-17,2020-07-27,2024-09-17,1032,0.008721,1032,2020-07-27,2024-09-17,0,0,1,0
2102,EGRX,stocks,"EAGLE PHARMACEUTICALS, INC.",common,0,2020-07-27,2024-10-02,2020-07-27,2024-10-02,1054,0.001898,1054,2020-07-27,2024-10-02,0,0,1,0
2103,EHAB,stocks,"Enhabit, Inc.",common,0,2022-07-01,2026-05-14,2022-07-01,2026-05-14,971,0.00103,971,2022-07-01,2026-05-14,0,0,1,0
2104,EIGR,stocks,"Eiger BioPharmaceuticals, Inc.",common,0,2020-07-27,2024-04-10,2020-07-27,2024-04-10,895,0.023464,895,2020-07-27,2024-04-10,0,0,0,0
2105,ELEV,stocks,"Elevation Oncology, Inc.",common,0,2021-06-25,2025-07-22,2021-06-25,2025-07-22,921,0.106406,921,2021-06-25,2025-07-22,0,0,0,0
2106,ELVT,stocks,"Elevate Credit, Inc.",common,0,2020-07-27,2023-02-27,2020-07-27,2023-02-27,608,0.077303,608,2020-07-27,2023-02-27,0,0,0,0
2107,EM,stocks,Smart Share Global Ltd,common,0,2021-04-01,2026-04-28,2021-04-01,2026-04-28,987,0.232016,987,2021-04-01,2026-04-28,0,0,0,0
2108,EMAN,stocks,EMAGIN CORP,common,0,2020-07-27,2023-10-17,2020-07-27,2023-10-17,786,0.072519,786,2020-07-27,2023-10-17,0,0,0,0
2109,EMBK,stocks,"Embark Technology, Inc.",common,0,2021-11-11,2023-08-01,2021-11-11,2023-08-01,431,0.020882,431,2021-11-11,2023-08-01,0,0,0,0
2110,EMKR,stocks,EMCORE CORP,common,0,2020-07-27,2025-02-28,2020-07-27,2025-02-28,1131,0.028294,1131,2020-07-27,2025-02-28,0,0,0,0
2111,EMX,stocks,EMX Royalty Corp,common,0,2020-07-27,2025-11-12,2020-07-27,2025-11-12,1173,0.140665,1173,2020-07-27,2025-11-12,0,0,0,0
2112,ENFN,stocks,"Enfusion, Inc.",common,0,2021-10-21,2025-04-17,2021-10-21,2025-04-17,875,0.0,875,2021-10-21,2025-04-17,0,0,1,0
2113,ENFY,stocks,Enlightify Inc.,common,0,2020-07-27,2025-10-13,2020-07-27,2025-10-13,490,0.438776,490,2020-07-27,2025-10-13,0,0,0,0
2114,ENG,stocks,ENGLOBAL CORP,common,0,2020-07-27,2024-12-05,2020-07-27,2024-12-05,869,0.217491,869,2020-07-27,2024-12-05,0,0,0,0
2115,ENLC,stocks,"EnLink Midstream, LLC",common,0,2020-07-27,2025-01-30,2020-07-27,2025-01-30,1133,0.0,1133,2020-07-27,2025-01-30,0,0,1,0
2116,ENSV,stocks,Enservco Corp,common,0,2020-07-27,2024-11-01,2020-07-27,2024-11-01,938,0.168443,938,2020-07-27,2024-11-01,0,0,0,0
2117,ENV,stocks,"ENVESTNET, INC.",common,0,2020-07-27,2024-11-22,2020-07-27,2024-11-22,1089,0.0,1089,2020-07-27,2024-11-22,0,0,1,0
2118,ENZ,stocks,ENZO BIOCHEM INC,common,0,2020-07-27,2025-04-17,2020-07-27,2025-04-17,1104,0.097826,1104,2020-07-27,2025-04-17,0,0,0,0
2119,EOCW,stocks,Elliott Opportunity II Corp.,common,0,2021-09-03,2023-06-29,2021-09-03,2023-06-29,171,0.672515,171,2021-09-03,2023-06-29,0,0,0,0
2120,EPHY,stocks,Epiphany Technology Acquisition Corp.,common,0,2021-03-01,2023-01-11,2021-03-01,2023-01-11,263,0.551331,263,2021-03-01,2023-01-11,0,0,0,0
2121,EPIX,stocks,ESSA Pharma Inc.,common,0,2020-07-27,2025-10-08,2020-07-27,2025-10-08,1273,0.046347,1273,2020-07-27,2025-10-08,0,0,0,0
2122,EQOS,stocks,EQONEX Ltd,common,0,2020-10-01,2022-11-29,2020-10-01,2022-11-29,510,0.070588,510,2020-10-01,2022-11-29,0,0,0,0
2123,EQRX,stocks,"EQRx, Inc.",common,0,2021-12-20,2023-11-08,2021-12-20,2023-11-08,475,0.0,475,2021-12-20,2023-11-08,0,0,0,0
2124,ERF,stocks,ENERPLUS Corp,common,0,2020-07-27,2024-05-30,2020-07-27,2024-05-30,965,0.0,965,2020-07-27,2024-05-30,0,0,1,0
2125,ERYP,stocks,PHAXIAM Therapeutics S.A.,common,0,2020-08-11,2023-06-23,2020-08-11,2023-06-23,263,0.528517,263,2020-08-11,2023-06-23,0,0,0,0
2126,ESGR,stocks,Enstar Group LTD,common,0,2020-07-27,2025-07-01,2020-07-27,2025-07-01,1202,0.043261,1202,2020-07-27,2025-07-01,0,0,0,0
2127,ESM.U,stocks,ESM Acquisition Corp,dotsuffix,0,2021-03-10,2023-02-01,2021-03-10,2023-02-01,70,0.7,70,2021-03-10,2023-02-01,0,0,0,0
2128,ESMT,stocks,"EngageSmart, Inc.",common,0,2021-09-23,2024-01-25,2021-09-23,2024-01-25,586,0.0,586,2021-09-23,2024-01-25,0,0,1,0
2129,ESPR,stocks,"Esperion Therapeutics, Inc.",common,0,2019-01-02,2026-07-10,2019-01-02,2026-07-10,1890,0.0,1890,2019-01-02,2026-07-10,0,1,1,0
2130,ESSA,stocks,"ESSA Bancorp, Inc.",common,0,2020-07-30,2025-07-23,2020-07-30,2025-07-23,728,0.428571,728,2020-07-30,2025-07-23,0,0,0,0
2131,ESTE,stocks,EARTHSTONE ENERGY INC,common,0,2020-07-27,2023-10-31,2020-07-27,2023-10-31,820,0.00122,820,2020-07-27,2023-10-31,0,0,1,0
2132,ETAO,stocks,"ETAO International Co., Ltd.",common,0,2021-06-30,2024-05-08,2021-06-30,2024-05-08,288,0.298611,288,2021-06-30,2024-05-08,0,0,0,0
2133,ETNB,stocks,"89bio, Inc.",common,0,2020-07-27,2025-10-29,2020-07-27,2025-10-29,1322,0.000756,1322,2020-07-27,2025-10-29,0,0,1,0
2134,ETRN,stocks,Midstream Co LLC,common,0,2020-07-27,2024-07-19,2020-07-27,2024-07-19,999,0.0,999,2020-07-27,2024-07-19,0,0,1,0
2135,EUCR,stocks,Eucrates Biomedical Acquisition Corp.,common,0,2021-01-05,2023-03-23,2021-01-05,2023-03-23,115,0.617391,115,2021-01-05,2023-03-23,0,0,0,0
2136,EVA,stocks,Enviva Inc.,common,0,2020-07-27,2024-10-03,2020-07-27,2024-10-03,1042,0.007678,1042,2020-07-27,2024-10-03,0,0,1,0
2137,EVBG,stocks,"EVERBRIDGE, INC.",common,0,2020-07-27,2024-07-01,2020-07-27,2024-07-01,989,0.0,989,2020-07-27,2024-07-01,0,0,1,0
2138,EVBN,stocks,EVANS BANCORP INC,common,0,2020-07-28,2025-05-02,2020-07-28,2025-05-02,867,0.316032,867,2020-07-28,2025-05-02,0,0,0,0
2139,EVLO,stocks,"Evelo Biosciences, Inc.",common,0,2020-07-27,2023-12-11,2020-07-27,2023-12-11,840,0.019048,840,2020-07-27,2023-12-11,0,0,0,0
2140,EVOJU,stocks,Evo Acquisition Corp,suffix-U,0,2021-02-09,2023-05-02,2021-02-09,2023-05-02,73,0.657534,73,2021-02-09,2023-05-02,0,0,0,0
2141,EVOK,stocks,Evoke Pharma Inc,common,0,2020-07-27,2025-12-16,2020-07-27,2025-12-16,860,0.303488,860,2020-07-27,2025-12-16,0,0,0,0
2142,EVOP,stocks,"EVO Payments, Inc.",common,0,2020-07-27,2023-03-23,2020-07-27,2023-03-23,670,0.0,670,2020-07-27,2023-03-23,0,0,1,0
2143,EVRI,stocks,Everi Holdings Inc.,common,0,2020-07-27,2025-06-30,2020-07-27,2025-06-30,1235,0.0,1235,2020-07-27,2025-06-30,0,0,1,0
2144,EWCZ,stocks,"European Wax Center, Inc.",common,0,2021-08-05,2026-05-07,2021-08-05,2026-05-07,1194,0.0,1194,2021-08-05,2026-05-07,0,0,1,0
2145,EXAI,stocks,Exscientia plc,common,0,2021-10-01,2024-11-19,2021-10-01,2024-11-19,786,0.003817,786,2021-10-01,2024-11-19,0,0,1,0
2146,EXAS,stocks,EXACT SCIENCES CORP,common,0,2020-07-27,2026-03-20,2020-07-27,2026-03-20,1420,0.0,1420,2020-07-27,2026-03-20,0,0,1,0
2147,EXN,stocks,EXCELLON RESOURCES INC,common,0,2020-09-24,2023-01-27,2020-09-24,2023-01-27,248,0.592742,248,2020-09-24,2023-01-27,0,0,0,0
2148,EXPR,stocks,"EXPRESS, INC.",common,0,2020-07-27,2024-03-06,2020-07-27,2024-03-06,893,0.026876,893,2020-07-27,2024-03-06,0,0,0,0
2149,EXTO,stocks,Almacenes Exito S.A.,common,0,2023-08-29,2025-01-08,2023-08-29,2025-01-08,315,0.104762,315,2023-08-29,2025-01-08,0,0,0,0
2150,FACA,stocks,Figure Acquisition Corp. I,common,0,2021-04-15,2022-12-21,2021-04-15,2022-12-21,147,0.666667,147,2021-04-15,2022-12-21,0,0,0,0
2151,FAM,stocks,FIRST TRUST/ABRDN GLOBAL OPPORTUNITY INCOME FUND,fund,0,2020-07-31,2024-09-19,2020-07-31,2024-09-19,638,0.473354,638,2020-07-31,2024-09-19,0,0,0,0
2152,FARM,stocks,FARMER BROTHERS CO,common,0,2020-07-27,2026-05-04,2020-07-27,2026-05-04,1402,0.057061,1402,2020-07-27,2026-05-04,0,0,0,0
2153,FARO,stocks,FARO TECHNOLOGIES INC,common,0,2020-07-27,2025-07-18,2020-07-27,2025-07-18,1251,0.003197,1251,2020-07-27,2025-07-18,0,0,1,0
2154,FAZE,stocks,FaZe Holdings Inc.,common,0,2022-07-20,2024-03-07,2022-07-20,2024-03-07,394,0.109137,394,2022-07-20,2024-03-07,0,0,0,0
2155,FCAX.U,stocks,Fortress Capital Acquisition Corp,dotsuffix,0,2021-01-13,2023-01-04,2021-01-13,2023-01-04,178,0.516854,178,2021-01-13,2023-01-04,0,0,0,0
2156,FCRD,stocks,"First Eagle Alternative Capital BDC, Inc.",common,0,2020-08-03,2023-03-09,2020-08-03,2023-03-09,449,0.325167,449,2020-08-03,2023-03-09,0,0,0,0
2157,FDEU,stocks,FIRST TRUST DYNAMIC EUROPE EQUITY INCOME FUND,fund,0,2020-07-27,2023-11-20,2020-07-27,2023-11-20,716,0.22905,716,2020-07-27,2023-11-20,0,0,0,0
2158,FEI,stocks,FIRST TRUST MLP & ENERGY INCOME FUND,fund,0,2020-07-27,2024-05-02,2020-07-27,2024-05-02,891,0.102132,891,2020-07-27,2024-05-02,0,0,0,0
2159,FEN,stocks,FIRST TRUST ENERGY INCOME & GROWTH FUND,fund,0,2020-07-27,2024-05-03,2020-07-27,2024-05-03,884,0.102941,884,2020-07-27,2024-05-03,0,0,0,0
2160,FFBW,stocks,"FFBW, Inc. /MD/",common,0,2020-08-05,2023-02-13,2020-08-05,2023-02-13,161,0.73913,161,2020-08-05,2023-02-13,0,0,0,0
2161,FFIC,stocks,FLUSHING FINANCIAL CORP,common,0,2020-07-27,2026-06-01,2020-07-27,2026-06-01,1467,0.00409,1467,2020-07-27,2026-06-01,0,0,1,0
2162,FFNW,stocks,"First Financial Northwest, Inc.",common,0,2020-07-28,2025-04-21,2020-07-28,2025-04-21,783,0.266922,783,2020-07-28,2025-04-21,0,0,0,0
2163,FGB,stocks,FIRST TRUST SPECIALTY FINANCE & FINANCIAL OPPORTUNITIES FUND,fund,0,2020-07-27,2025-06-26,2020-07-27,2025-06-26,772,0.40544,772,2020-07-27,2025-06-26,0,0,0,0
2164,FGH,stocks,FG Group Holdings Inc.,common,0,2022-12-29,2024-02-29,2022-12-29,2024-02-29,110,0.654545,110,2022-12-29,2024-02-29,0,0,0,0
2165,FICVU,stocks,Frontier Investment Corp,suffix-U,0,2021-07-01,2023-12-29,2021-07-01,2023-12-29,69,0.695652,69,2021-07-01,2023-12-29,0,0,0,0
2166,FIF,stocks,FIRST TRUST ENERGY INFRASTRUCTURE FUND,fund,0,2020-07-27,2024-05-03,2020-07-27,2024-05-03,866,0.167436,866,2020-07-27,2024-05-03,0,0,0,0
2167,FINMU,stocks,MARLIN TECHNOLOGY CORP.,suffix-U,0,2021-01-13,2023-01-04,2021-01-13,2023-01-04,147,0.462585,147,2021-01-13,2023-01-04,0,0,0,0
2168,FLIC,stocks,FIRST OF LONG ISLAND CORP,common,0,2020-07-27,2025-05-30,2020-07-27,2025-05-30,1217,0.015612,1217,2020-07-27,2025-05-30,0,0,0,0
2169,FMIVU,stocks,Forum Merger IV Corp,suffix-U,0,2021-03-18,2023-06-15,2021-03-18,2023-06-15,61,0.655738,61,2021-03-18,2023-06-15,0,0,0,0
2170,FNA,stocks,"Paragon 28, Inc.",common,0,2021-10-15,2025-04-17,2021-10-15,2025-04-17,878,0.0,878,2021-10-15,2025-04-17,0,0,1,0
2171,FNCB,stocks,"FNCB Bancorp, Inc.",common,0,2020-07-28,2024-06-27,2020-07-28,2024-06-27,529,0.410208,529,2020-07-28,2024-06-27,0,0,0,0
2172,FNCH,stocks,"Finch Therapeutics Group, Inc.",common,0,2021-03-19,2024-05-24,2021-03-19,2024-05-24,612,0.194444,612,2021-03-19,2024-05-24,0,0,0,0
2173,FNVTU,stocks,Finnovate Acquisition Corp.,suffix-U,0,2021-11-04,2024-04-19,2021-11-04,2024-04-19,106,0.839623,106,2021-11-04,2024-04-19,0,0,0,0
2174,FOLD,stocks,"AMICUS THERAPEUTICS, INC.",common,0,2020-07-27,2026-04-24,2020-07-27,2026-04-24,1444,0.000693,1444,2020-07-27,2026-04-24,0,0,1,0
2175,FONR,stocks,FONAR CORP,common,0,2020-07-27,2026-06-02,2020-07-27,2026-06-02,1008,0.289683,1008,2020-07-27,2026-06-02,0,0,0,0
2176,FORA,stocks,Forian Inc.,common,0,2021-03-03,2026-05-14,2021-03-03,2026-05-14,810,0.28642,810,2021-03-03,2026-05-14,0,0,0,0
2177,FORG,stocks,"ForgeRock, Inc.",common,0,2021-09-16,2023-08-22,2021-09-16,2023-08-22,484,0.0,484,2021-09-16,2023-08-22,0,0,0,0
2178,FPAC.U,stocks,Far Peak Acquisition Corp,dotsuffix,0,2020-12-03,2022-11-08,2020-12-03,2022-11-08,128,0.476562,128,2020-12-03,2022-11-08,0,0,0,0
2179,FPAY,stocks,"FlexShopper, Inc.",common,0,2020-07-30,2025-10-22,2020-07-30,2025-10-22,969,0.23839,969,2020-07-30,2025-10-22,0,0,0,0
2180,FPL,stocks,FIRST TRUST NEW OPPORTUNITIES MLP & ENERGY FUND,fund,0,2020-07-27,2024-05-03,2020-07-27,2024-05-03,828,0.219807,828,2020-07-27,2024-05-03,0,0,0,0
2181,FRBK,stocks,REPUBLIC FIRST BANCORP INC,common,0,2020-07-27,2023-08-22,2020-07-27,2023-08-22,760,0.032895,760,2020-07-27,2023-08-22,0,0,0,0
2182,FREE,stocks,"Whole Earth Brands, Inc.",common,0,2020-07-27,2024-08-02,2020-07-27,2024-08-02,1009,0.011893,1009,2020-07-27,2024-08-02,0,0,0,0
2183,FRES,stocks,Fresh2 Group Ltd,common,0,2023-05-22,2024-12-20,2023-05-22,2024-12-20,195,0.461538,195,2023-05-22,2024-12-20,0,0,0,0
2184,FRG,stocks,"Franchise Group, Inc.",common,0,2020-07-27,2023-08-18,2020-07-27,2023-08-18,772,0.0,772,2020-07-27,2023-08-18,0,0,1,0
2185,FRGE,stocks,"Forge Global Holdings, Inc.",common,0,2022-03-22,2026-02-27,2022-03-22,2026-02-27,983,0.01119,983,2022-03-22,2026-02-27,0,0,0,0
2186,FRGI,stocks,"Fiesta Restaurant Group, Inc.",common,0,2020-07-27,2023-10-27,2020-07-27,2023-10-27,803,0.033624,803,2020-07-27,2023-10-27,0,0,0,0
2187,FRLN,stocks,Freeline Therapeutics Holdings plc,common,0,2020-08-07,2024-02-12,2020-08-07,2024-02-12,616,0.308442,616,2020-08-07,2024-02-12,0,0,0,0
2188,FRONU,stocks,Frontier Acquisition Corp.,suffix-U,0,2021-03-11,2023-03-13,2021-03-11,2023-03-13,151,0.655629,151,2021-03-11,2023-03-13,0,0,0,0
2189,FRSGU,stocks,First Reserve Sustainable Growth Corp.,suffix-U,0,2021-03-05,2023-02-23,2021-03-05,2023-02-23,81,0.691358,81,2021-03-05,2023-02-23,0,0,0,0
2190,FRTX,stocks,"Fresh Tracks Therapeutics, Inc.",common,0,2020-07-27,2023-12-18,2020-07-27,2023-12-18,681,0.168869,681,2020-07-27,2023-12-18,0,0,0,0
2191,FRXB.U,stocks,Forest Road Acquisition Corp. II,dotsuffix,0,2021-03-10,2023-12-12,2021-03-10,2023-12-12,119,0.672269,119,2021-03-10,2023-12-12,0,0,0,0
2192,FRZA,stocks,"Forza X1, Inc.",common,0,2022-08-12,2024-10-09,2022-08-12,2024-10-09,397,0.267003,397,2022-08-12,2024-10-09,0,0,0,0
2193,FSD,stocks,FIRST TRUST HIGH INCOME LONG/SHORT FUND,fund,0,2020-07-27,2024-07-19,2020-07-27,2024-07-19,916,0.149563,916,2020-07-27,2024-07-19,0,0,0,0
2194,FSFG,stocks,"First Savings Financial Group, Inc.",common,0,2020-07-28,2026-01-30,2020-07-28,2026-01-30,629,0.476948,629,2020-07-28,2026-01-30,0,0,0,0
2195,FSNB.U,stocks,Fusion Acquisition Corp. II,dotsuffix,0,2021-02-26,2023-04-12,2021-02-26,2023-04-12,137,0.627737,137,2021-02-26,2023-04-12,0,0,0,0
2196,FSRXU,stocks,Finserv Acquisition Corp. II,suffix-U,0,2021-02-18,2023-10-09,2021-02-18,2023-10-09,139,0.582734,139,2021-02-18,2023-10-09,0,0,0,0
2197,FSTX,stocks,"F-star Therapeutics, Inc.",common,0,2020-11-23,2023-03-08,2020-11-23,2023-03-08,558,0.026882,558,2020-11-23,2023-03-08,0,0,0,0
2198,FTAAU,stocks,FTAC Athena Acquisition Corp.,suffix-U,0,2021-02-23,2023-02-06,2021-02-23,2023-02-06,67,0.492537,67,2021-02-23,2023-02-06,0,0,0,0
2199,FTCH,stocks,Farfetch Ltd,common,0,2020-07-27,2023-12-15,2020-07-27,2023-12-15,852,0.0,852,2020-07-27,2023-12-15,0,0,1,0
2200,FTIIU,stocks,FutureTech II Acquisition Corp.,suffix-U,0,2022-02-16,2024-12-04,2022-02-16,2024-12-04,69,0.884058,69,2022-02-16,2024-12-04,0,0,0,0
2201,FUSN,stocks,Fusion Pharmaceuticals Inc.,common,0,2020-07-27,2024-06-03,2020-07-27,2024-06-03,830,0.139759,830,2020-07-27,2024-06-03,0,0,0,0
2202,FUV,stocks,Arcimoto Inc,common,0,2020-07-27,2024-04-30,2020-07-27,2024-04-30,882,0.079365,882,2020-07-27,2024-04-30,0,0,0,0
2203,FWP,stocks,Forward Pharma A/S,common,0,2020-07-27,2022-12-27,2020-07-27,2022-12-27,453,0.267108,453,2020-07-27,2022-12-27,0,0,0,0
2204,FXLV,stocks,F45 Training Holdings Inc.,common,0,2021-07-15,2023-08-24,2021-07-15,2023-08-24,530,0.0,530,2021-07-15,2023-08-24,0,0,1,0
2205,FYBR,stocks,"Frontier Communications Parent, Inc.",common,0,2021-05-04,2026-01-16,2021-05-04,2026-01-16,1183,0.0,1183,2021-05-04,2026-01-16,0,0,1,0
2206,FZT.U,stocks,FAST Acquisition Corp. II,dotsuffix,0,2021-03-16,2023-10-04,2021-03-16,2023-10-04,63,0.714286,63,2021-03-16,2023-10-04,0,0,0,0
2207,GAMCU,stocks,Golden Arrow Merger Corp.,suffix-U,0,2021-03-17,2024-08-13,2021-03-17,2024-08-13,108,0.712963,108,2021-03-17,2024-08-13,0,0,0,0
2208,GAN,stocks,GAN Ltd,common,0,2020-07-27,2025-05-23,2020-07-27,2025-05-23,1199,0.036697,1199,2020-07-27,2025-05-23,0,0,0,0
2209,GATEU,stocks,Marblegate Acquisition Corp.,suffix-U,0,2021-10-01,2025-03-31,2021-10-01,2025-03-31,200,0.89,200,2021-10-01,2025-03-31,0,0,0,0
2210,GATO,stocks,"Gatos Silver, Inc.",common,0,2020-10-28,2025-01-15,2020-10-28,2025-01-15,1056,0.000947,1056,2020-10-28,2025-01-15,0,0,1,0
2211,GBBK,stocks,Global Blockchain Acquisition Corp.,common,0,2022-07-07,2024-12-24,2022-07-07,2024-12-24,73,0.863014,73,2022-07-07,2024-12-24,0,0,0,0
2212,GBIO,stocks,Generation Bio Co.,common,0,2020-07-27,2026-02-06,2020-07-27,2026-02-06,1391,0.000719,1391,2020-07-27,2026-02-06,0,0,1,0
2213,GBNH,stocks,Greenbrook TMS Inc.,common,0,2021-06-15,2024-02-23,2021-06-15,2024-02-23,289,0.408304,289,2021-06-15,2024-02-23,0,0,0,0
2214,GDEN,stocks,"GOLDEN ENTERTAINMENT, INC.",common,0,2020-07-27,2026-04-29,2020-07-27,2026-04-29,1447,0.0,1447,2020-07-27,2026-04-29,0,0,1,0
2215,GES,stocks,GUESS INC,common,0,2020-07-27,2026-01-22,2020-07-27,2026-01-22,1377,0.0,1377,2020-07-27,2026-01-22,0,0,1,0
2216,GET,stocks,Getnet Adquirencia E Servicos Para Meios De Pagamento S.A. -,fund,0,2021-10-22,2023-01-25,2021-10-22,2023-01-25,183,0.409836,183,2021-10-22,2023-01-25,0,0,0,0
2217,GFX.U,stocks,Golden Falcon Acquisition Corp.,dotsuffix,0,2020-12-18,2023-07-25,2020-12-18,2023-07-25,107,0.579439,107,2020-12-18,2023-07-25,0,0,0,0
2218,GGE,stocks,Green Giant Inc.,common,0,2020-07-27,2024-04-18,2020-07-27,2024-04-18,575,0.293913,575,2020-07-27,2024-04-18,0,0,0,0
2219,GHIX,stocks,"Gores Holdings IX, Inc.",common,0,2022-05-02,2024-12-04,2022-05-02,2024-12-04,159,0.773585,159,2022-05-02,2024-12-04,0,0,0,0
2220,GHL,stocks,GREENHILL & CO INC,common,0,2020-07-27,2023-11-30,2020-07-27,2023-11-30,841,0.004756,841,2020-07-27,2023-11-30,0,0,1,0
2221,GHLD,stocks,Guild Holdings Co,common,0,2020-10-22,2025-11-26,2020-10-22,2025-11-26,866,0.205543,866,2020-10-22,2025-11-26,0,0,0,0
2222,GHSI,stocks,"Guardion Health Sciences, Inc.",common,0,2020-07-28,2024-10-11,2020-07-28,2024-10-11,706,0.20255,706,2020-07-28,2024-10-11,0,0,0,0
2223,GIFI,stocks,GULF ISLAND FABRICATION INC,common,0,2020-07-27,2026-01-16,2020-07-27,2026-01-16,1059,0.243626,1059,2020-07-27,2026-01-16,0,0,0,0
2224,GLDD,stocks,Great Lakes Dredge & Dock CORP,common,0,2020-07-27,2026-03-31,2020-07-27,2026-03-31,1427,0.0,1427,2020-07-27,2026-03-31,0,0,1,0
2225,GMDA,stocks,Gamida Cell Ltd.,common,0,2020-07-27,2024-04-05,2020-07-27,2024-04-05,923,0.008667,923,2020-07-27,2024-04-05,0,0,1,0
2226,GMS,stocks,GMS Inc.,common,0,2020-07-27,2025-09-03,2020-07-27,2025-09-03,1280,0.0,1280,2020-07-27,2025-09-03,0,0,1,0
2227,GMVD,stocks,G Medical Innovations Holdings Ltd.,common,0,2021-06-25,2023-08-23,2021-06-25,2023-08-23,446,0.195067,446,2021-06-25,2023-08-23,0,0,0,0
2228,GNFT,stocks,Genfit S.A.,common,0,2020-07-29,2025-11-19,2020-07-29,2025-11-19,760,0.256579,760,2020-07-29,2025-11-19,0,0,0,0
2229,GOCO,stocks,"GoHealth, Inc.",common,0,2020-07-27,2026-06-15,2020-07-27,2026-06-15,1327,0.101733,1327,2020-07-27,2026-06-15,0,0,0,0
2230,GOEV,stocks,Canoo Inc.,common,0,2020-07-27,2025-01-28,2020-07-27,2025-01-28,1132,0.000883,1132,2020-07-27,2025-01-28,0,0,1,0
2231,GOGN.U,stocks,GoGreen Investments Corp,dotsuffix,0,2021-10-21,2023-06-13,2021-10-21,2023-06-13,75,0.906667,75,2021-10-21,2023-06-13,0,0,0,0
2232,GOL,stocks,Gol Intelligent Airlines Inc.,common,0,2020-07-27,2024-01-25,2020-07-27,2024-01-25,878,0.0,878,2020-07-27,2024-01-25,0,0,1,0
2233,GORV,stocks,"Lazydays Holdings, Inc.",common,0,2024-01-19,2025-11-26,2024-01-19,2025-11-26,457,0.04814,457,2024-01-19,2025-11-26,0,0,0,0
2234,GPAK,stocks,Gamer Pakistan Inc,common,0,2023-10-09,2024-08-02,2023-10-09,2024-08-02,155,0.316129,155,2023-10-09,2024-08-02,0,0,0,0
2235,GPP,stocks,Green Plains Partners LP,common,0,2020-07-27,2024-01-08,2020-07-27,2024-01-08,791,0.192162,791,2020-07-27,2024-01-08,0,0,0,0
2236,GRCL,stocks,Gracell Biotechnologies Inc.,common,0,2021-01-08,2024-02-21,2021-01-08,2024-02-21,747,0.060241,747,2021-01-08,2024-02-21,0,0,0,0
2237,GRFX,stocks,Graphex Group Ltd,common,0,2022-08-17,2025-05-14,2022-08-17,2025-05-14,541,0.221811,541,2022-08-17,2025-05-14,0,0,0,0
2238,GRNA,stocks,"GreenLight Biosciences Holdings, PBC",common,0,2022-02-04,2023-07-21,2022-02-04,2023-07-21,365,0.00274,365,2022-02-04,2023-07-21,0,0,0,0
2239,GROM,stocks,"Grom Social Enterprises, Inc.",common,0,2021-06-17,2024-08-16,2021-06-17,2024-08-16,594,0.136364,594,2021-06-17,2024-08-16,0,0,0,0
2240,GSQD.U,stocks,G Squared Ascend I Inc.,dotsuffix,0,2021-02-05,2022-12-02,2021-02-05,2022-12-02,138,0.543478,138,2021-02-05,2022-12-02,0,0,0,0
2241,GTH,stocks,Genetron Holdings Ltd,common,0,2020-07-27,2024-03-28,2020-07-27,2024-03-28,825,0.117576,825,2020-07-27,2024-03-28,0,0,0,0
2242,GTHX,stocks,"G1 Therapeutics, Inc.",common,0,2020-07-27,2024-09-17,2020-07-27,2024-09-17,1043,0.0,1043,2020-07-27,2024-09-17,0,0,1,0
2243,GVP,stocks,GSE SYSTEMS INC,common,0,2020-07-28,2024-10-31,2020-07-28,2024-10-31,759,0.291173,759,2020-07-28,2024-10-31,0,0,0,0
2244,GWII,stocks,Good Works II Acquisition Corp.,common,0,2021-08-24,2023-02-21,2021-08-24,2023-02-21,84,0.821429,84,2021-08-24,2023-02-21,0,0,0,0
2245,GXIIU,stocks,GX Acquisition Corp. II,suffix-U,0,2021-03-18,2023-03-16,2021-03-18,2023-03-16,70,0.728571,70,2021-03-18,2023-03-16,0,0,0,0
2246,HA,stocks,HAWAIIAN HOLDINGS INC,common,0,2020-07-27,2024-09-17,2020-07-27,2024-09-17,1043,0.0,1043,2020-07-27,2024-09-17,0,0,1,0
2247,HALL,stocks,HALLMARK FINANCIAL SERVICES INC,common,0,2020-07-27,2024-01-04,2020-07-27,2024-01-04,578,0.275087,578,2020-07-27,2024-01-04,0,0,0,0
2248,HARP,stocks,"Harpoon Therapeutics, Inc.",common,0,2020-07-27,2024-03-08,2020-07-27,2024-03-08,894,0.036913,894,2020-07-27,2024-03-08,0,0,0,0
2249,HAYN,stocks,HAYNES INTERNATIONAL INC,common,0,2020-07-27,2024-11-20,2020-07-27,2024-11-20,1084,0.010148,1084,2020-07-27,2024-11-20,0,0,0,0
2250,HCCI,stocks,"Heritage-Crystal Clean, Inc.",common,0,2020-07-27,2023-10-16,2020-07-27,2023-10-16,811,0.008631,811,2020-07-27,2023-10-16,0,0,1,0
2251,HCDI,stocks,"Harbor Custom Development, Inc.",common,0,2020-08-28,2023-12-20,2020-08-28,2023-12-20,687,0.174672,687,2020-08-28,2023-12-20,0,0,0,0
2252,HCNEU,stocks,Jaws Hurricane Acquisition Corp,suffix-U,0,2021-06-11,2023-06-08,2021-06-11,2023-06-08,66,0.80303,66,2021-06-11,2023-06-08,0,0,0,0
2253,HCP,stocks,"HashiCorp, Inc.",common,0,2021-12-09,2025-02-26,2021-12-09,2025-02-26,806,0.0,806,2021-12-09,2025-02-26,0,0,1,0
2254,HCVI,stocks,Red Rock Acquisition Corp.,common,0,2021-12-01,2025-04-03,2021-12-01,2025-04-03,325,0.732308,325,2021-12-01,2025-04-03,0,0,0,0
2255,HEES,stocks,"H&E Equipment Services, Inc.",common,0,2020-07-27,2025-05-30,2020-07-27,2025-05-30,1218,0.0,1218,2020-07-27,2025-05-30,0,0,1,0
2256,HEP,stocks,HOLLY ENERGY PARTNERS LP,common,0,2020-07-27,2023-11-30,2020-07-27,2023-11-30,837,0.0,837,2020-07-27,2023-11-30,0,0,1,0
2257,HERAU,stocks,FTAC Hera Acquisition Corp.,suffix-U,0,2021-03-04,2023-02-17,2021-03-04,2023-02-17,147,0.571429,147,2021-03-04,2023-02-17,0,0,0,0
2258,HEXO,stocks,HEXO Corp.,common,0,2020-07-27,2023-06-22,2020-07-27,2023-06-22,721,0.023578,721,2020-07-27,2023-06-22,0,0,0,0
2259,HGEN,stocks,"HUMANIGEN, INC",common,0,2020-09-18,2023-07-25,2020-09-18,2023-07-25,709,0.007052,709,2020-09-18,2023-07-25,0,0,1,0
2260,HHC,stocks,Howard Hughes Corp,common,0,2020-07-27,2023-08-11,2020-07-27,2023-08-11,764,0.0,764,2020-07-27,2023-08-11,0,0,1,0
2261,HHLA,stocks,HH&L Acquisition Co.,common,0,2021-04-05,2024-02-07,2021-04-05,2024-02-07,242,0.615702,242,2021-04-05,2024-02-07,0,0,0,0
2262,HHR,stocks,HeadHunter Group PLC,common,0,2020-07-27,2022-02-25,2020-07-27,2022-02-25,401,0.0,401,2020-07-27,2022-02-25,0,0,0,0
2263,HI,stocks,"Hillenbrand, Inc.",common,0,2020-07-27,2026-02-09,2020-07-27,2026-02-09,1389,0.0,1389,2020-07-27,2026-02-09,0,0,1,0
2264,HIBB,stocks,HIBBETT INC,common,0,2020-07-27,2024-07-24,2020-07-27,2024-07-24,1005,0.0,1005,2020-07-27,2024-07-24,0,0,1,0
2265,HLGN,stocks,"Heliogen, Inc.",common,0,2021-05-10,2023-11-03,2021-05-10,2023-11-03,551,0.07804,551,2021-05-10,2023-11-03,0,0,0,0
2266,HLVX,stocks,"HilleVax, Inc.",common,0,2022-04-29,2025-09-16,2022-04-29,2025-09-16,836,0.013158,836,2022-04-29,2025-09-16,0,0,0,0
2267,HMNF,stocks,HMN FINANCIAL INC,common,0,2020-08-11,2024-10-09,2020-08-11,2024-10-09,209,0.636364,209,2020-08-11,2024-10-09,0,0,0,0
2268,HMPT,stocks,Home Point Capital Inc.,common,0,2021-01-29,2023-07-25,2021-01-29,2023-07-25,527,0.16129,527,2021-01-29,2023-07-25,0,0,0,0
2269,HOFV,stocks,Hall of Fame Resort & Entertainment Co,common,0,2020-07-28,2025-06-26,2020-07-28,2025-06-26,1059,0.123702,1059,2020-07-28,2025-06-26,0,0,0,0
2270,HOLI,stocks,"Hollysys Automation Technologies, Ltd.",common,0,2020-07-27,2024-07-25,2020-07-27,2024-07-25,1004,0.001992,1004,2020-07-27,2024-07-25,0,0,1,0
2271,HONE,stocks,"HarborOne Bancorp, Inc.",common,0,2020-07-27,2025-10-31,2020-07-27,2025-10-31,1323,0.006047,1323,2020-07-27,2025-10-31,0,0,1,0
2272,HOOK,stocks,HOOKIPA Pharma Inc.,common,0,2020-07-27,2025-08-07,2020-07-27,2025-08-07,1229,0.03987,1229,2020-07-27,2025-08-07,0,0,0,0
2273,HOUS,stocks,Anywhere Real Estate Inc.,common,0,2022-06-09,2026-01-08,2022-06-09,2026-01-08,899,0.0,899,2022-06-09,2026-01-08,0,0,1,0
2274,HPCO,stocks,"Hempacco Co., Inc.",common,0,2022-08-30,2024-09-05,2022-08-30,2024-09-05,381,0.272966,381,2022-08-30,2024-09-05,0,0,0,0
2275,HPX,stocks,HPX Corp.,common,0,2020-09-25,2023-03-03,2020-09-25,2023-03-03,244,0.569672,244,2020-09-25,2023-03-03,0,0,0,0
2276,HRT,stocks,HireRight Holdings Corp,common,0,2021-10-29,2024-06-27,2021-10-29,2024-06-27,667,0.002999,667,2021-10-29,2024-06-27,0,0,1,0
2277,HSII,stocks,HEIDRICK & STRUGGLES INTERNATIONAL INC,common,0,2020-07-27,2025-12-09,2020-07-27,2025-12-09,1349,0.003706,1349,2020-07-27,2025-12-09,0,0,1,0
2278,HSKA,stocks,HESKA CORP,common,0,2020-07-27,2023-06-12,2020-07-27,2023-06-12,724,0.005525,724,2020-07-27,2023-06-12,0,0,1,0
2279,HSTO,stocks,Histogen Inc.,common,0,2020-07-29,2023-10-04,2020-07-29,2023-10-04,610,0.227869,610,2020-07-29,2023-10-04,0,0,0,0
2280,HT,stocks,HERSHA HOSPITALITY TRUST,common,0,2020-07-27,2023-11-27,2020-07-27,2023-11-27,838,0.001193,838,2020-07-27,2023-11-27,0,0,1,0
2281,HTBK,stocks,HERITAGE COMMERCE CORP,common,0,2020-07-27,2026-04-17,2020-07-27,2026-04-17,1439,0.002085,1439,2020-07-27,2026-04-17,0,0,1,0
2282,HTGM,stocks,"HTG MOLECULAR DIAGNOSTICS, INC",common,0,2020-07-27,2023-06-14,2020-07-27,2023-06-14,628,0.128981,628,2020-07-27,2023-06-14,0,0,0,0
2283,HTLF,stocks,HEARTLAND FINANCIAL USA INC,common,0,2020-07-27,2025-01-31,2020-07-27,2025-01-31,1135,0.001762,1135,2020-07-27,2025-01-31,0,0,1,0
2284,HVBC,stocks,"HV Bancorp, Inc.",common,0,2020-08-06,2023-06-12,2020-08-06,2023-06-12,108,0.685185,108,2020-08-06,2023-06-12,0,0,0,0
2285,HWELU,stocks,Healthwell Acquisition Corp. I,suffix-U,0,2021-08-03,2023-11-16,2021-08-03,2023-11-16,61,0.819672,61,2021-08-03,2023-11-16,0,0,0,0
2286,HYB,stocks,NEW AMERICA HIGH INCOME FUND INC,fund,0,2020-07-27,2025-02-11,2020-07-27,2025-02-11,1044,0.144636,1044,2020-07-27,2025-02-11,0,0,0,0
2287,HYRE,stocks,HyreCar Inc.,common,0,2020-07-27,2023-02-02,2020-07-27,2023-02-02,619,0.030695,619,2020-07-27,2023-02-02,0,0,0,0
2288,HYZN,stocks,Hyzon Motors Inc.,common,0,2021-07-19,2025-01-30,2021-07-19,2025-01-30,882,0.015873,882,2021-07-19,2025-01-30,0,0,0,0
2289,HZN,stocks,Horizon Global Corp,common,0,2020-07-27,2023-02-07,2020-07-27,2023-02-07,538,0.156134,538,2020-07-27,2023-02-07,0,0,0,0
2290,HZNP,stocks,Horizon Therapeutics Public Ltd Co,common,0,2020-07-27,2023-10-05,2020-07-27,2023-10-05,805,0.0,805,2020-07-27,2023-10-05,0,0,1,0
2291,HZON,stocks,Horizon Acquisition Corp II,common,0,2020-12-10,2023-04-21,2020-12-10,2023-04-21,398,0.311558,398,2020-12-10,2023-04-21,0,0,0,0
2292,IAA,stocks,"IAA, Inc.",common,0,2020-07-27,2023-03-20,2020-07-27,2023-03-20,664,0.0,664,2020-07-27,2023-03-20,0,0,1,0
2293,IAS,stocks,INTEGRAL AD SCIENCE HOLDING CORP.,common,0,2021-06-30,2025-12-22,2021-06-30,2025-12-22,1126,0.0,1126,2021-06-30,2025-12-22,0,0,1,0
2294,IBA,stocks,Industrias Bachoco S.A.B. de C.V.,common,0,2020-08-04,2023-04-21,2020-08-04,2023-04-21,284,0.570423,284,2020-08-04,2023-04-21,0,0,0,0
2295,IBTX,stocks,"Independent Bank Group, Inc.",common,0,2020-07-27,2024-12-31,2020-07-27,2024-12-31,1116,0.0,1116,2020-07-27,2024-12-31,0,0,1,0
2296,ICAD,stocks,ICAD INC,common,0,2020-07-27,2025-07-16,2020-07-27,2025-07-16,1216,0.038651,1216,2020-07-27,2025-07-16,0,0,0,0
2297,ICCH,stocks,"ICC Holdings, Inc.",common,0,2020-09-08,2025-03-12,2020-09-08,2025-03-12,186,0.446237,186,2020-09-08,2025-03-12,0,0,0,0
2298,ICCT,stocks,iCoreConnect Inc.,common,0,2023-08-28,2025-05-21,2023-08-28,2025-05-21,373,0.128686,373,2023-08-28,2025-05-21,0,0,0,0
2299,ICD,stocks,"Independence Contract Drilling, Inc.",common,0,2020-07-27,2024-08-28,2020-07-27,2024-08-28,910,0.140659,910,2020-07-27,2024-08-28,0,0,0,0
2300,ICPT,stocks,"INTERCEPT PHARMACEUTICALS, INC.",common,0,2020-07-27,2023-11-07,2020-07-27,2023-11-07,827,0.0,827,2020-07-27,2023-11-07,0,0,1,0
2301,ICVX,stocks,"Icosavax, Inc.",common,0,2021-07-29,2024-02-16,2021-07-29,2024-02-16,641,0.00312,641,2021-07-29,2024-02-16,0,0,1,0
2302,ID,stocks,"PARTS iD, Inc.",common,0,2020-09-21,2023-12-26,2020-09-21,2023-12-26,560,0.253571,560,2020-09-21,2023-12-26,0,0,0,0
2303,IDBA,stocks,IDEX Biometrics ASA,common,0,2021-03-02,2023-07-21,2021-03-02,2023-07-21,66,0.666667,66,2021-03-02,2023-07-21,0,0,0,0
2304,IDEX,stocks,"IDEANOMICS, INC.",common,0,2020-07-27,2024-07-10,2020-07-27,2024-07-10,985,0.014213,985,2020-07-27,2024-07-10,0,0,0,0
2305,IDW,stocks,"IDW MEDIA HOLDINGS, INC.",common,0,2021-08-04,2023-05-03,2021-08-04,2023-05-03,192,0.46875,192,2021-08-04,2023-05-03,0,0,0,0
2306,IGMS,stocks,"IGM Biosciences, Inc.",common,0,2020-07-27,2025-08-13,2020-07-27,2025-08-13,1269,0.0,1269,2020-07-27,2025-08-13,0,0,1,0
2307,IMBIQ,stocks,"iMedia Brands, Inc.",common,0,2020-07-27,2023-07-07,2020-07-27,2023-07-07,665,0.094737,665,2020-07-27,2023-07-07,0,0,0,0
2308,IMGN,stocks,"ImmunoGen, Inc.",common,0,2020-07-27,2024-02-09,2020-07-27,2024-02-09,892,0.0,892,2020-07-27,2024-02-09,0,0,1,0
2309,IMGO,stocks,"Imago BioSciences, Inc.",common,0,2021-07-16,2023-01-10,2021-07-16,2023-01-10,374,0.002674,374,2021-07-16,2023-01-10,0,0,0,0
2310,IMH,stocks,IMPAC MORTGAGE HOLDINGS INC,common,0,2020-07-28,2023-04-26,2020-07-28,2023-04-26,325,0.427692,325,2020-07-28,2023-04-26,0,0,0,0
2311,IMPL,stocks,IMPEL PHARMACEUTICALS INC,common,0,2021-04-23,2023-12-15,2021-04-23,2023-12-15,562,0.137011,562,2021-04-23,2023-12-15,0,0,0,0
2312,IMV,stocks,IMV Inc.,common,0,2020-07-27,2023-04-28,2020-07-27,2023-04-28,568,0.184859,568,2020-07-27,2023-04-28,0,0,0,0
2313,INDT,stocks,"INDUS REALTY TRUST, INC.",common,0,2021-01-11,2023-06-28,2021-01-11,2023-06-28,547,0.095064,547,2021-01-11,2023-06-28,0,0,0,0
2314,INFA,stocks,Informatica Inc.,common,0,2021-10-27,2025-11-17,2021-10-27,2025-11-17,1018,0.0,1018,2021-10-27,2025-11-17,0,0,1,0
2315,INFI,stocks,"INFINITY PHARMACEUTICALS, INC.",common,0,2020-07-27,2023-09-13,2020-07-27,2023-09-13,764,0.043194,764,2020-07-27,2023-09-13,0,0,0,0
2316,INFN,stocks,Infinera Corp,common,0,2020-07-27,2025-02-27,2020-07-27,2025-02-27,1154,0.0,1154,2020-07-27,2025-02-27,0,0,1,0
2317,INKAU,stocks,KLUDEIN I ACQUISITION CORP,suffix-U,0,2021-01-07,2023-03-17,2021-01-07,2023-03-17,63,0.460317,63,2021-01-07,2023-03-17,0,0,0,0
2318,INSI,stocks,Insight Select Income Fund,fund,0,2020-07-27,2025-01-31,2020-07-27,2025-01-31,742,0.41779,742,2020-07-27,2025-01-31,0,0,0,0
2319,INTE,stocks,Integral Acquisition Corp 1,common,0,2021-12-29,2024-10-24,2021-12-29,2024-10-24,102,0.872549,102,2021-12-29,2024-10-24,0,0,0,0
2320,INZY,stocks,"Inozyme Pharma, Inc.",common,0,2020-07-27,2025-06-30,2020-07-27,2025-06-30,1206,0.035655,1206,2020-07-27,2025-06-30,0,0,0,0
2321,IONM,stocks,Assure Holdings Corp.,common,0,2021-10-20,2024-07-23,2021-10-20,2024-07-23,385,0.218182,385,2021-10-20,2024-07-23,0,0,0,0
2322,IPVIU,stocks,InterPrivate IV InfraTech Partners Inc.,suffix-U,0,2021-03-05,2023-01-27,2021-03-05,2023-01-27,64,0.765625,64,2021-03-05,2023-01-27,0,0,0,0
2323,IRAAU,stocks,Iris Acquisition Corp,suffix-U,0,2021-03-05,2024-09-03,2021-03-05,2024-09-03,87,0.655172,87,2021-03-05,2024-09-03,0,0,0,0
2324,IRBT,stocks,IROBOT CORP,common,0,2020-07-27,2025-12-19,2020-07-27,2025-12-19,1359,0.0,1359,2020-07-27,2025-12-19,0,0,1,0
2325,IRNT,stocks,"IronNet, Inc.",common,0,2021-08-27,2023-08-04,2021-08-27,2023-08-04,484,0.004132,484,2021-08-27,2023-08-04,0,0,0,0
2326,IROQ,stocks,"IF Bancorp, Inc.",common,0,2020-09-17,2026-03-12,2020-09-17,2026-03-12,513,0.407407,513,2020-09-17,2026-03-12,0,0,0,0
2327,ISEE,stocks,"IVERIC bio, Inc.",common,0,2020-07-27,2023-07-10,2020-07-27,2023-07-10,743,0.0,743,2020-07-27,2023-07-10,0,0,1,0
2328,ISO,stocks,IsoPlexis Corp,common,0,2021-10-08,2023-03-20,2021-10-08,2023-03-20,310,0.135484,310,2021-10-08,2023-03-20,0,0,0,0
2329,ISPO,stocks,Inspirato Inc,common,0,2022-02-14,2026-02-02,2022-02-14,2026-02-02,734,0.222071,734,2022-02-14,2026-02-02,0,0,0,0
2330,ISUN,stocks,"ISUN, INC.",common,0,2020-07-29,2024-05-22,2020-07-29,2024-05-22,897,0.079153,897,2020-07-29,2024-05-22,0,0,0,0
2331,ITCB,stocks,BANCO ITAU CHILE,common,0,2020-07-29,2023-04-28,2020-07-29,2023-04-28,275,0.563636,275,2020-07-29,2023-04-28,0,0,0,0
2332,ITCI,stocks,"Intra-Cellular Therapies, Inc.",common,0,2020-07-27,2025-04-01,2020-07-27,2025-04-01,1177,0.0,1177,2020-07-27,2025-04-01,0,0,1,0
2333,ITI,stocks,"ITERIS, INC.",common,0,2020-07-27,2024-10-31,2020-07-27,2024-10-31,1051,0.058991,1051,2020-07-27,2024-10-31,0,0,0,0
2334,ITOS,stocks,"iTeos Therapeutics, Inc.",common,0,2020-07-27,2025-08-28,2020-07-27,2025-08-28,1280,0.0,1280,2020-07-27,2025-08-28,0,0,1,0
2335,ITQRU,stocks,Itiquira Acquisition Corp.,suffix-U,0,2021-02-04,2023-01-17,2021-02-04,2023-01-17,74,0.594595,74,2021-02-04,2023-01-17,0,0,0,0
2336,ITRM,stocks,Iterum Therapeutics plc,common,0,2020-07-27,2026-03-31,2020-07-27,2026-03-31,1254,0.126794,1254,2020-07-27,2026-03-31,0,0,0,0
2337,IVAC,stocks,INTEVAC INC,common,0,2020-07-27,2025-03-28,2020-07-27,2025-03-28,1129,0.053144,1129,2020-07-27,2025-03-28,0,0,0,0
2338,IVC,stocks,INVACARE CORP,common,0,2020-07-27,2023-01-31,2020-07-27,2023-01-31,627,0.007974,627,2020-07-27,2023-01-31,0,0,1,0
2339,JAMF,stocks,Jamf Holding Corp.,common,0,2020-07-27,2026-01-29,2020-07-27,2026-01-29,1385,0.0,1385,2020-07-27,2026-01-29,0,0,1,0
2340,JAQCU,stocks,Jupiter Acquisition Corp,suffix-U,0,2021-08-13,2023-10-30,2021-08-13,2023-10-30,76,0.605263,76,2021-08-13,2023-10-30,0,0,0,0
2341,JCICU,stocks,Jack Creek Investment Corp.,suffix-U,0,2021-01-22,2023-01-09,2021-01-22,2023-01-09,139,0.532374,139,2021-01-22,2023-01-09,0,0,0,0
2342,JEWL,stocks,Adamas One Corp.,common,0,2022-12-09,2024-09-04,2022-12-09,2024-09-04,339,0.315634,339,2022-12-09,2024-09-04,0,0,0,0
2343,JHG,stocks,Janus Henderson Group Ltc.,common,0,2019-01-02,2026-06-30,2019-01-02,2026-06-30,1883,0.0,1883,2019-01-02,2026-06-30,0,1,1,0
2344,JNCE,stocks,"Jounce Therapeutics, Inc.",common,0,2020-07-27,2023-05-03,2020-07-27,2023-05-03,697,0.0,697,2020-07-27,2023-05-03,0,0,1,0
2345,JOAN,stocks,JOANN Inc.,common,0,2021-03-12,2024-03-27,2021-03-12,2024-03-27,752,0.033245,752,2021-03-12,2024-03-27,0,0,0,0
2346,JUGGU,stocks,Jaws Juggernaut Acquisition Corp,suffix-U,0,2021-06-18,2023-06-09,2021-06-18,2023-06-09,70,0.771429,70,2021-06-18,2023-06-09,0,0,0,0
2347,JUN.U,stocks,Juniper II Corp.,dotsuffix,0,2021-11-04,2023-09-20,2021-11-04,2023-09-20,66,0.69697,66,2021-11-04,2023-09-20,0,0,0,0
2348,JWAC,stocks,Jupiter Wellness Acquisition Corp.,common,0,2022-01-10,2023-06-01,2022-01-10,2023-06-01,67,0.402985,67,2022-01-10,2023-06-01,0,0,0,0
2349,KALRQ,stocks,Kalera Public Ltd Co,common,0,2021-09-15,2023-04-14,2021-09-15,2023-04-14,257,0.264591,257,2021-09-15,2023-04-14,0,0,0,0
2350,KALV,stocks,"KalVista Pharmaceuticals, Inc.",common,0,2020-07-27,2026-06-10,2020-07-27,2026-06-10,1474,0.002035,1474,2020-07-27,2026-06-10,0,0,1,0
2351,KAMN,stocks,KAMAN Corp,common,0,2020-07-27,2024-04-18,2020-07-27,2024-04-18,935,0.004278,935,2020-07-27,2024-04-18,0,0,1,0
2352,KBAL,stocks,KIMBALL INTERNATIONAL INC,common,0,2020-07-27,2023-05-31,2020-07-27,2023-05-31,717,0.002789,717,2020-07-27,2023-05-31,0,0,1,0
2353,KBNT,stocks,"Kubient, Inc.",common,0,2020-08-12,2023-11-16,2020-08-12,2023-11-16,558,0.234767,558,2020-08-12,2023-11-16,0,0,0,0
2354,KCGI.U,stocks,Kensington Capital Acquisition Corp. V,dotsuffix,0,2021-08-13,2024-07-08,2021-08-13,2024-07-08,66,0.772727,66,2021-08-13,2024-07-08,0,0,0,0
2355,KDNY,stocks,"CHINOOK THERAPEUTICS, INC.",common,0,2020-10-06,2023-08-10,2020-10-06,2023-08-10,716,0.001397,716,2020-10-06,2023-08-10,0,0,1,0
2356,KLG,stocks,WK Kellogg Co,common,0,2023-10-02,2025-09-25,2023-10-02,2025-09-25,498,0.0,498,2023-10-02,2025-09-25,0,0,0,0
2357,KLR,stocks,"Kaleyra, Inc.",common,0,2020-07-27,2023-10-04,2020-07-27,2023-10-04,789,0.029151,789,2020-07-27,2023-10-04,0,0,0,0
2358,KNBE,stocks,"KnowBe4, Inc.",common,0,2021-04-22,2023-01-31,2021-04-22,2023-01-31,448,0.0,448,2021-04-22,2023-01-31,0,0,0,0
2359,KNTE,stocks,Kinnate Biopharma Inc.,common,0,2020-12-03,2024-04-02,2020-12-03,2024-04-02,834,0.009592,834,2020-12-03,2024-04-02,0,0,1,0
2360,KRBP,stocks,"Kiromic Biopharma, Inc.",common,0,2020-10-16,2023-09-13,2020-10-16,2023-09-13,562,0.209964,562,2020-10-16,2023-09-13,0,0,0,0
2361,KRNLU,stocks,"Kernel Group Holdings, Inc.",suffix-U,0,2021-02-03,2023-06-16,2021-02-03,2023-06-16,126,0.563492,126,2021-02-03,2023-06-16,0,0,0,0
2362,KRON,stocks,"Kronos Bio, Inc.",common,0,2020-10-09,2025-06-20,2020-10-09,2025-06-20,1168,0.021404,1168,2020-10-09,2025-06-20,0,0,0,0
2363,KRTX,stocks,"Karuna Therapeutics, Inc.",common,0,2020-07-27,2024-03-15,2020-07-27,2024-03-15,916,0.0,916,2020-07-27,2024-03-15,0,0,1,0
2364,KSICU,stocks,Kadem Sustainable Impact Corp,suffix-U,0,2021-03-17,2022-11-21,2021-03-17,2022-11-21,60,0.633333,60,2021-03-17,2022-11-21,0,0,0,0
2365,KSPN,stocks,Kaspien Holdings Inc.,common,0,2020-07-29,2023-06-09,2020-07-29,2023-06-09,357,0.380952,357,2020-07-29,2023-06-09,0,0,0,0
2366,KUKE,stocks,Kuke Music Holding Ltd,common,0,2021-01-12,2025-10-21,2021-01-12,2025-10-21,795,0.201258,795,2021-01-12,2025-10-21,0,0,0,0
2367,KVSA,stocks,Khosla Ventures Acquisition Co.,common,0,2021-03-04,2023-12-08,2021-03-04,2023-12-08,359,0.406685,359,2021-03-04,2023-12-08,0,0,0,0
2368,KVSC,stocks,Khosla Ventures Acquisition Co. III,common,0,2021-03-24,2023-04-10,2021-03-24,2023-04-10,301,0.471761,301,2021-03-24,2023-04-10,0,0,0,0
2369,KW,stocks,"Kennedy-Wilson Holdings, Inc.",common,0,2020-07-27,2026-06-15,2020-07-27,2026-06-15,1476,0.0,1476,2020-07-27,2026-06-15,0,0,1,0
2370,KZR,stocks,"Kezar Life Sciences, Inc.",common,0,2020-07-27,2026-05-08,2020-07-27,2026-05-08,1454,0.0,1454,2020-07-27,2026-05-08,0,0,1,0
2371,LABP,stocks,"Landos Biopharma, Inc.",common,0,2021-02-04,2024-05-23,2021-02-04,2024-05-23,614,0.203583,614,2021-02-04,2024-05-23,0,0,0,0
2372,LBAI,stocks,LAKELAND BANCORP INC,common,0,2020-07-27,2024-05-15,2020-07-27,2024-05-15,957,0.00209,957,2020-07-27,2024-05-15,0,0,1,0
2373,LBC,stocks,Luther Burbank Corp,common,0,2020-07-27,2024-02-29,2020-07-27,2024-02-29,778,0.18509,778,2020-07-27,2024-02-29,0,0,0,0
2374,LBPH,stocks,"Longboard Pharmaceuticals, Inc.",common,0,2021-03-12,2024-11-29,2021-03-12,2024-11-29,705,0.182979,705,2021-03-12,2024-11-29,0,0,0,0
2375,LCI,stocks,LANNETT CO INC,common,0,2020-07-27,2023-04-19,2020-07-27,2023-04-19,625,0.0816,625,2020-07-27,2023-04-19,0,0,0,0
2376,LDHAU,stocks,LDH Growth Corp I,suffix-U,0,2021-03-19,2023-03-17,2021-03-19,2023-03-17,95,0.557895,95,2021-03-19,2023-03-17,0,0,0,0
2377,LDTC,stocks,LeddarTech Holdings Inc.,common,0,2023-12-22,2025-06-18,2023-12-22,2025-06-18,296,0.165541,296,2023-12-22,2025-06-18,0,0,0,0
2378,LEGAU,stocks,"Lead Edge Growth Opportunities, Ltd",suffix-U,0,2021-03-23,2023-02-22,2021-03-23,2023-02-22,97,0.680412,97,2021-03-23,2023-02-22,0,0,0,0
2379,LEGT,stocks,Legato Merger Corp. III,common,0,2024-04-02,2026-06-09,2024-04-02,2026-06-09,142,0.732394,142,2024-04-02,2026-06-09,0,0,0,0
2380,LEJU,stocks,Leju Holdings Ltd,common,0,2020-07-27,2024-03-28,2020-07-27,2024-03-28,495,0.349495,495,2020-07-27,2024-03-28,0,0,0,0
2381,LEV,stocks,Lion Electric Co,common,0,2020-10-09,2024-12-16,2020-10-09,2024-12-16,1037,0.011572,1037,2020-10-09,2024-12-16,0,0,0,0
2382,LGACU,stocks,Lazard Growth Acquisition Corp. I,suffix-U,0,2021-02-10,2023-02-13,2021-02-10,2023-02-13,180,0.538889,180,2021-02-10,2023-02-13,0,0,0,0
2383,LGTY,stocks,"LOGILITY SUPPLY CHAIN SOLUTIONS, INC",common,0,2024-10-02,2025-04-04,2024-10-02,2025-04-04,127,0.0,127,2024-10-02,2025-04-04,0,0,0,0
2384,LGVCU,stocks,LAMF Global Ventures Corp. I,suffix-U,0,2021-11-11,2024-04-16,2021-11-11,2024-04-16,74,0.72973,74,2021-11-11,2024-04-16,0,0,0,0
2385,LHC.U,stocks,Leo Holdings Corp. II,dotsuffix,0,2021-01-08,2023-11-03,2021-01-08,2023-11-03,81,0.617284,81,2021-01-08,2023-11-03,0,0,0,0
2386,LHCG,stocks,"LHC Group, Inc",common,0,2020-07-27,2023-02-21,2020-07-27,2023-02-21,648,0.0,648,2020-07-27,2023-02-21,0,0,1,0
2387,LHDXQ,stocks,"Lucira Health, Inc.",common,0,2021-02-05,2023-03-03,2021-02-05,2023-03-03,483,0.066253,483,2021-02-05,2023-03-03,0,0,0,0
2388,LICY,stocks,Li-Cycle Holdings Corp.,common,0,2021-08-11,2025-02-26,2021-08-11,2025-02-26,888,0.0,888,2021-08-11,2025-02-26,0,0,1,0
2389,LILM,stocks,Lilium N.V.,common,0,2020-11-23,2024-11-05,2020-11-23,2024-11-05,994,0.00503,994,2020-11-23,2024-11-05,0,0,1,0
2390,LKCO,stocks,Luokung Technology Corp.,common,0,2020-07-27,2025-03-28,2020-07-27,2025-03-28,973,0.12333,973,2020-07-27,2025-03-28,0,0,0,0
2391,LL,stocks,"LL Flooring Holdings, Inc.",common,0,2020-07-27,2024-08-09,2020-07-27,2024-08-09,1013,0.003949,1013,2020-07-27,2024-08-09,0,0,1,0
2392,LMNL,stocks,Liminal BioSciences Inc.,common,0,2020-07-29,2023-09-19,2020-07-29,2023-09-19,468,0.282051,468,2020-07-29,2023-09-19,0,0,0,0
2393,LMST,stocks,"LIMESTONE BANCORP, INC.",common,0,2020-07-27,2023-04-27,2020-07-27,2023-04-27,237,0.493671,237,2020-07-27,2023-04-27,0,0,0,0
2394,LNKB,stocks,"LINKBANCORP, Inc.",common,0,2022-09-14,2026-04-30,2022-09-14,2026-04-30,768,0.154948,768,2022-09-14,2026-04-30,0,0,0,0
2395,LOCC.U,stocks,Live Oak Crestview Climate Acquisition Corp.,dotsuffix,0,2021-09-23,2023-09-22,2021-09-23,2023-09-22,85,0.623529,85,2021-09-23,2023-09-22,0,0,0,0
2396,LOKM.U,stocks,Live Oak Mobility Acquisition Corp.,dotsuffix,0,2021-03-02,2023-03-02,2021-03-02,2023-03-02,91,0.747253,91,2021-03-02,2023-03-02,0,0,0,0
2397,LOV,stocks,Spark Networks SE,common,0,2020-07-27,2023-09-07,2020-07-27,2023-09-07,623,0.208668,623,2020-07-27,2023-09-07,0,0,0,0
2398,LPTV,stocks,"Loop Media, Inc.",common,0,2022-09-22,2024-08-08,2022-09-22,2024-08-08,439,0.072893,439,2022-09-22,2024-08-08,0,0,0,0
2399,LRFC,stocks,Logan Ridge Finance Corp.,common,0,2021-07-08,2025-07-14,2021-07-08,2025-07-14,522,0.362069,522,2021-07-08,2025-07-14,0,0,0,0
2400,LSB,stocks,"LakeShore Biopharma Co., Ltd.",common,0,2021-08-11,2025-09-19,2021-08-11,2025-09-19,632,0.208861,632,2021-08-11,2025-09-19,0,0,0,0
2401,LSDI,stocks,"Lucy Scientific Discovery, Inc.",common,0,2023-02-09,2024-06-28,2023-02-09,2024-06-28,279,0.290323,279,2023-02-09,2024-06-28,0,0,0,0
2402,LSEA,stocks,Landsea Homes Corp,common,0,2021-01-08,2025-06-24,2021-01-08,2025-06-24,1083,0.051708,1083,2021-01-08,2025-06-24,0,0,0,0
2403,LTHM,stocks,Livent Corp.,common,0,2020-07-27,2024-01-03,2020-07-27,2024-01-03,863,0.0,863,2020-07-27,2024-01-03,0,0,1,0
2404,LTRPA,stocks,"Liberty TripAdvisor Holdings, Inc.",common,0,2020-07-27,2023-10-27,2020-07-27,2023-10-27,810,0.033333,810,2020-07-27,2023-10-27,0,0,0,0
2405,LUMO,stocks,"LUMOS PHARMA, INC.",common,0,2020-07-27,2024-12-11,2020-07-27,2024-12-11,740,0.289189,740,2020-07-27,2024-12-11,0,0,0,0
2406,LUNA,stocks,LUNA INNOVATIONS INC,common,0,2020-07-27,2025-01-06,2020-07-27,2025-01-06,1117,0.006267,1117,2020-07-27,2025-01-06,0,0,1,0
2407,LUXH,stocks,LUXURBAN HOTELS INC.,common,0,2022-08-12,2025-01-16,2022-08-12,2025-01-16,537,0.100559,537,2022-08-12,2025-01-16,0,0,0,0
2408,LVOX,stocks,"LiveVox Holdings, Inc.",common,0,2021-06-22,2023-12-22,2021-06-22,2023-12-22,613,0.053834,613,2021-06-22,2023-12-22,0,0,0,0
2409,LVRO,stocks,Lavoro Ltd,common,0,2021-11-02,2026-02-23,2021-11-02,2026-02-23,369,0.504065,369,2021-11-02,2026-02-23,0,0,0,0
2410,LYLT,stocks,Loyalty Ventures Inc.,common,0,2021-11-08,2023-03-20,2021-11-08,2023-03-20,342,0.0,342,2021-11-08,2023-03-20,0,0,0,0
2411,LYRA,stocks,"Lyra Therapeutics, Inc.",common,0,2020-05-01,2026-03-16,2020-05-01,2026-03-16,1475,0.0,1475,2020-05-01,2026-03-16,0,1,1,0
2412,MACA,stocks,Moringa Acquisition Corp,common,0,2021-04-09,2024-08-15,2021-04-09,2024-08-15,113,0.79646,113,2021-04-09,2024-08-15,0,0,0,0
2413,MACK,stocks,MERRIMACK PHARMACEUTICALS INC,common,0,2020-07-27,2024-05-17,2020-07-27,2024-05-17,734,0.192098,734,2020-07-27,2024-05-17,0,0,0,0
2414,MAG,stocks,MAG SILVER CORP,common,0,2020-07-27,2025-09-03,2020-07-27,2025-09-03,1283,0.0,1283,2020-07-27,2025-09-03,0,0,1,0
2415,MARK,stocks,"REMARK HOLDINGS, INC.",common,0,2020-07-27,2024-02-13,2020-07-27,2024-02-13,868,0.057604,868,2020-07-27,2024-02-13,0,0,0,0
2416,MASI,stocks,MASIMO CORP,common,0,2020-07-27,2026-06-09,2020-07-27,2026-06-09,1475,0.0,1475,2020-07-27,2026-06-09,0,0,1,0
2417,MAXR,stocks,Maxar Technologies Inc.,common,0,2020-07-27,2023-05-02,2020-07-27,2023-05-02,694,0.0,694,2020-07-27,2023-05-02,0,0,1,0
2418,MBAC.U,stocks,M3-Brigade Acquisition II Corp.,dotsuffix,0,2021-03-04,2022-02-03,2021-03-04,2022-02-03,60,0.55,60,2021-03-04,2022-02-03,0,0,0,0
2419,MBCN,stocks,MIDDLEFIELD BANC CORP,common,0,2020-07-27,2026-02-27,2020-07-27,2026-02-27,804,0.365672,804,2020-07-27,2026-02-27,0,0,0,0
2420,MBSC.U,stocks,M3-Brigade Acquisition III Corp.,dotsuffix,0,2021-10-22,2023-09-19,2021-10-22,2023-09-19,82,0.914634,82,2021-10-22,2023-09-19,0,0,0,0
2421,MCAA,stocks,Mountain & Co. I Acquisition Corp.,common,0,2021-12-31,2024-10-28,2021-12-31,2024-10-28,128,0.796875,128,2021-12-31,2024-10-28,0,0,0,0
2422,MCAF,stocks,Mountain Crest Acquisition Corp. IV,common,0,2021-08-04,2024-03-25,2021-08-04,2024-03-25,87,0.666667,87,2021-08-04,2024-03-25,0,0,0,0
2423,MCBC,stocks,MACATAWA BANK CORP,common,0,2020-07-27,2024-07-31,2020-07-27,2024-07-31,964,0.095436,964,2020-07-27,2024-07-31,0,0,0,0
2424,MCLD,stocks,mCloud Technologies Corp.,common,0,2021-11-26,2023-09-28,2021-11-26,2023-09-28,226,0.469027,226,2021-11-26,2023-09-28,0,0,0,0
2425,MDC,stocks,"M.D.C. HOLDINGS, INC.",common,0,2020-07-27,2024-04-18,2020-07-27,2024-04-18,936,0.0,936,2020-07-27,2024-04-18,0,0,1,0
2426,MDH.U,stocks,MDH Acquisition Corp.,dotsuffix,0,2021-02-02,2022-12-27,2021-02-02,2022-12-27,91,0.505495,91,2021-02-02,2022-12-27,0,0,0,0
2427,MDRX,stocks,Veradigm Inc.,common,0,2020-07-27,2024-02-28,2020-07-27,2024-02-28,904,0.0,904,2020-07-27,2024-02-28,0,0,1,0
2428,MDVL,stocks,"MedAvail Holdings, Inc.",common,0,2020-07-30,2024-02-12,2020-07-30,2024-02-12,638,0.175549,638,2020-07-30,2024-02-12,0,0,0,0
2429,MDWT,stocks,MIDWEST HOLDING INC.,common,0,2020-12-17,2023-12-20,2020-12-17,2023-12-20,395,0.382278,395,2020-12-17,2023-12-20,0,0,0,0
2430,ME,stocks,23andMe Holding Co.,common,0,2020-11-23,2025-03-28,2020-11-23,2025-03-28,1090,0.0,1090,2020-11-23,2025-03-28,0,0,1,0
2431,MEKA,stocks,MELI Kaszek Pioneer Corp,common,0,2021-09-29,2023-06-15,2021-09-29,2023-06-15,257,0.354086,257,2021-09-29,2023-06-15,0,0,0,0
2432,MFD,stocks,MACQUARIE/FIRST TRUST GLOBAL INFRASTR/UTIL DIV & INC FUND,fund,0,2020-07-27,2024-09-20,2020-07-27,2024-09-20,568,0.485915,566,2020-07-27,2024-09-20,0,0,0,0
2433,MFGP,stocks,MICRO FOCUS INTERNATIONAL PLC,common,0,2020-07-27,2023-01-30,2020-07-27,2023-01-30,630,0.004762,630,2020-07-27,2023-01-30,0,0,1,0
2434,MGI,stocks,MONEYGRAM INTERNATIONAL INC,common,0,2020-07-27,2023-05-31,2020-07-27,2023-05-31,717,0.001395,717,2020-07-27,2023-05-31,0,0,1,0
2435,MGOL,stocks,MGO Global Inc.,common,0,2023-01-13,2025-02-19,2023-01-13,2025-02-19,461,0.177874,461,2023-01-13,2025-02-19,0,0,0,0
2436,MGRM,stocks,Monogram Technologies Inc.,common,0,2023-05-18,2025-10-06,2023-05-18,2025-10-06,525,0.182857,525,2023-05-18,2025-10-06,0,0,0,0
2437,MIRO,stocks,Miromatrix Medical Inc.,common,0,2021-06-24,2023-12-12,2021-06-24,2023-12-12,463,0.302376,463,2021-06-24,2023-12-12,0,0,0,0
2438,MIT.U,stocks,"Mason Industrial Technology, Inc.",dotsuffix,0,2021-01-29,2023-01-23,2021-01-29,2023-01-23,128,0.5,128,2021-01-29,2023-01-23,0,0,0,0
2439,MITAU,stocks,Coliseum Acquisition Corp.,suffix-U,0,2021-06-23,2024-12-26,2021-06-23,2024-12-26,129,0.736434,129,2021-06-23,2024-12-26,0,0,0,0
2440,MIXT,stocks,MiX Telematics Ltd,common,0,2020-07-27,2024-03-25,2020-07-27,2024-03-25,726,0.176309,726,2020-07-27,2024-03-25,0,0,0,0
2441,MKUL,stocks,"Molekule Group, Inc.",common,0,2021-11-24,2023-10-12,2021-11-24,2023-10-12,431,0.092807,431,2021-11-24,2023-10-12,0,0,0,0
2442,ML,stocks,MONEYLION INC.,common,0,2021-09-23,2025-04-16,2021-09-23,2025-04-16,889,0.013498,889,2021-09-23,2025-04-16,0,0,0,0
2443,MLACU,stocks,Mountain Lake Acquisition Corp.,suffix-U,0,2020-10-13,2026-06-10,2020-10-13,2026-06-10,172,0.552326,172,2020-10-13,2026-06-10,0,0,0,0
2444,MLNK,stocks,"MeridianLink, Inc.",common,0,2021-07-28,2025-10-23,2021-07-28,2025-10-23,1062,0.002825,1062,2021-07-28,2025-10-23,0,0,1,0
2445,MLVF,stocks,"MALVERN BANCORP, INC.",common,0,2020-07-27,2023-07-14,2020-07-27,2023-07-14,275,0.505455,275,2020-07-27,2023-07-14,0,0,0,0
2446,MMAT,stocks,META MATERIALS INC.,common,0,2020-07-27,2024-08-20,2020-07-27,2024-08-20,985,0.022335,985,2020-07-27,2024-08-20,0,0,0,0
2447,MMP,stocks,"Magellan Midstream Partners, L.P.",common,0,2020-07-27,2023-09-22,2020-07-27,2023-09-22,793,0.0,793,2020-07-27,2023-09-22,0,0,1,0
2448,MMX,stocks,MAVERIX METALS INC.,common,0,2020-07-27,2023-01-19,2020-07-27,2023-01-19,620,0.025806,620,2020-07-27,2023-01-19,0,0,0,0
2449,MNKTQ,stocks,Mallinckrodt plc,common,0,2022-10-28,2023-08-25,2022-10-28,2023-08-25,180,0.144444,180,2022-10-28,2023-08-25,0,0,0,0
2450,MNTV,stocks,MOMENTIVE GLOBAL INC.,common,0,2021-06-15,2023-05-31,2021-06-15,2023-05-31,494,0.0,494,2021-06-15,2023-05-31,0,0,0,0
2451,MNTX,stocks,"Manitex International, Inc.",common,0,2020-07-27,2024-12-31,2020-07-27,2024-12-31,882,0.201814,882,2020-07-27,2024-12-31,0,0,0,0
2452,MOBV,stocks,Mobiv Acquisition Corp,common,0,2022-09-27,2023-12-08,2022-09-27,2023-12-08,70,0.685714,70,2022-09-27,2023-12-08,0,0,0,0
2453,MODN,stocks,"MODEL N, INC.",common,0,2020-07-27,2024-06-26,2020-07-27,2024-06-26,983,0.001017,983,2020-07-27,2024-06-26,0,0,1,0
2454,MODV,stocks,ModivCare Inc,common,0,2021-01-07,2025-08-27,2021-01-07,2025-08-27,1163,0.00172,1163,2021-01-07,2025-08-27,0,0,1,0
2455,MOFG,stocks,"MidWestOne Financial Group, Inc.",common,0,2020-07-27,2026-02-13,2020-07-27,2026-02-13,1323,0.077853,1323,2020-07-27,2026-02-13,0,0,0,0
2456,MOND,stocks,"Mondee Holdings, Inc.",common,0,2021-04-09,2024-12-05,2021-04-09,2024-12-05,683,0.156662,683,2021-04-09,2024-12-05,0,0,0,0
2457,MOR,stocks,MorphoSys AG,common,0,2020-07-27,2024-08-02,2020-07-27,2024-08-02,944,0.099576,944,2020-07-27,2024-08-02,0,0,0,0
2458,MORF,stocks,"Morphic Holding, Inc.",common,0,2020-07-27,2024-08-15,2020-07-27,2024-08-15,1018,0.005894,1018,2020-07-27,2024-08-15,0,0,1,0
2459,MOTS,stocks,"Motus GI Holdings, Inc.",common,0,2020-07-27,2024-04-15,2020-07-27,2024-04-15,609,0.197044,609,2020-07-27,2024-04-15,0,0,0,0
2460,MPX,stocks,MARINE PRODUCTS CORP,common,0,2020-07-27,2026-05-14,2020-07-27,2026-05-14,1251,0.127098,1251,2020-07-27,2026-05-14,0,0,0,0
2461,MRC,stocks,MRC GLOBAL INC.,common,0,2020-07-27,2025-11-05,2020-07-27,2025-11-05,1325,0.0,1325,2020-07-27,2025-11-05,0,0,1,0
2462,MRCC,stocks,MONROE CAPITAL Corp,common,0,2020-07-27,2026-04-14,2020-07-27,2026-04-14,1351,0.094004,1351,2020-07-27,2026-04-14,0,0,0,0
2463,MRDB,stocks,MariaDB plc,common,0,2022-12-19,2024-08-22,2022-12-19,2024-08-22,312,0.294872,312,2022-12-19,2024-08-22,0,0,0,0
2464,MRIN,stocks,MARIN SOFTWARE INC,common,0,2020-07-29,2025-06-25,2020-07-29,2025-06-25,994,0.197183,994,2020-07-29,2025-06-25,0,0,0,0
2465,MRNS,stocks,"MARINUS PHARMACEUTICALS, INC.",common,0,2020-07-27,2025-02-10,2020-07-27,2025-02-10,1142,0.000876,1142,2020-07-27,2025-02-10,0,0,1,0
2466,MRSN,stocks,"Mersana Therapeutics, Inc.",common,0,2020-07-27,2026-01-05,2020-07-27,2026-01-05,1354,0.011078,1354,2020-07-27,2026-01-05,0,0,0,0
2467,MRTX,stocks,"Mirati Therapeutics, Inc.",common,0,2020-07-27,2024-01-22,2020-07-27,2024-01-22,878,0.0,878,2020-07-27,2024-01-22,0,0,1,0
2468,MSAC,stocks,Medicus Sciences Acquisition Corp.,common,0,2021-04-08,2023-02-16,2021-04-08,2023-02-16,98,0.744898,98,2021-04-08,2023-02-16,0,0,0,0
2469,MSDA,stocks,MSD ACQUISITION CORP. / NEW,common,0,2021-05-28,2023-03-16,2021-05-28,2023-03-16,167,0.682635,167,2021-05-28,2023-03-16,0,0,0,0
2470,MSVB,stocks,"Mid-Southern Bancorp, Inc.",common,0,2020-07-30,2023-08-07,2020-07-30,2023-08-07,84,0.761905,84,2020-07-30,2023-08-07,0,0,0,0
2471,MTCR,stocks,"Metacrine, Inc.",common,0,2020-09-16,2023-02-08,2020-09-16,2023-02-08,568,0.068662,568,2020-09-16,2023-02-08,0,0,0,0
2472,MTEM,stocks,"Molecular Templates, Inc.",common,0,2020-07-27,2024-12-24,2020-07-27,2024-12-24,966,0.101449,966,2020-07-27,2024-12-24,0,0,0,0
2473,MTSR,stocks,"Metsera, Inc.",common,0,2025-01-31,2025-11-13,2025-01-31,2025-11-13,199,0.0,199,2025-01-31,2025-11-13,0,0,0,0
2474,MTTR,stocks,"Matterport, Inc./DE",common,0,2021-07-23,2025-02-27,2021-07-23,2025-02-27,904,0.0,904,2021-07-23,2025-02-27,0,0,1,0
2475,MTVC,stocks,Motive Capital Corp II,common,0,2022-02-01,2023-05-30,2022-02-01,2023-05-30,91,0.769231,91,2022-02-01,2023-05-30,0,0,0,0
2476,MURA,stocks,Mural Oncology plc,common,0,2023-11-16,2025-12-04,2023-11-16,2025-12-04,514,0.0,514,2023-11-16,2025-12-04,0,0,0,0
2477,MYNA,stocks,Mynaric AG,common,0,2021-11-12,2025-02-14,2021-11-12,2025-02-14,426,0.2723,426,2021-11-12,2025-02-14,0,0,0,0
2478,MYOV,stocks,Myovant Sciences Ltd.,common,0,2020-07-27,2023-03-09,2020-07-27,2023-03-09,657,0.0,657,2020-07-27,2023-03-09,0,0,1,0
2479,NAACU,stocks,North Atlantic Acquisition Corp,suffix-U,0,2021-01-22,2023-01-13,2021-01-22,2023-01-13,121,0.561983,121,2021-01-22,2023-01-13,0,0,0,0
2480,NAPA,stocks,"Duckhorn Portfolio, Inc.",common,0,2021-03-18,2024-12-23,2021-03-18,2024-12-23,946,0.0,946,2021-03-18,2024-12-23,0,0,1,0
2481,NARI,stocks,"Inari Medical, Inc.",common,0,2020-07-27,2025-02-18,2020-07-27,2025-02-18,1147,0.0,1147,2020-07-27,2025-02-18,0,0,1,0
2482,NATI,stocks,NATIONAL INSTRUMENTS CORP,common,0,2020-07-27,2023-10-10,2020-07-27,2023-10-10,808,0.0,808,2020-07-27,2023-10-10,0,0,1,0
2483,NAVB,stocks,"NAVIDEA BIOPHARMACEUTICALS, INC.",common,0,2020-07-27,2023-10-05,2020-07-27,2023-10-05,568,0.290493,568,2020-07-27,2023-10-05,0,0,0,0
2484,NBRV,stocks,Nabriva Therapeutics plc,common,0,2020-07-27,2023-07-31,2020-07-27,2023-07-31,603,0.150912,603,2020-07-27,2023-07-31,0,0,0,0
2485,NBSE,stocks,"NeuBase Therapeutics, Inc.",common,0,2020-07-27,2024-05-10,2020-07-27,2024-05-10,811,0.175092,811,2020-07-27,2024-05-10,0,0,0,0
2486,NBSTU,stocks,Newbury Street Acquisition Corp,suffix-U,0,2021-03-23,2024-07-25,2021-03-23,2024-07-25,74,0.702703,74,2021-03-23,2024-07-25,0,0,0,0
2487,NCACU,stocks,Newcourt Acquisition Corp,suffix-U,0,2021-10-20,2023-01-19,2021-10-20,2023-01-19,64,0.796875,64,2021-10-20,2023-01-19,0,0,0,0
2488,NDP,stocks,"TORTOISE ENERGY INDEPENDENCE FUND, INC.",fund,0,2020-07-28,2024-12-20,2020-07-28,2024-12-20,562,0.453737,562,2020-07-28,2024-12-20,0,0,0,0
2489,NEPT,stocks,Neptune Wellness Solutions Inc.,common,0,2020-07-29,2024-03-06,2020-07-29,2024-03-06,759,0.102767,759,2020-07-29,2024-03-06,0,0,0,0
2490,NETI,stocks,ENETI INC.,common,0,2021-02-08,2023-12-28,2021-02-08,2023-12-28,725,0.002759,725,2021-02-08,2023-12-28,0,0,1,0
2491,NEUE,stocks,"NeueHealth, Inc.",common,0,2024-01-30,2025-10-01,2024-01-30,2025-10-01,315,0.069841,315,2024-01-30,2025-10-01,0,0,0,0
2492,NEWR,stocks,"NEW RELIC, INC.",common,0,2020-07-27,2023-11-07,2020-07-27,2023-11-07,825,0.0,825,2020-07-27,2023-11-07,0,0,1,0
2493,NEX,stocks,NEXTIER OILFIELD SOLUTIONS INC.,common,0,2020-07-27,2023-08-31,2020-07-27,2023-08-31,778,0.0,778,2020-07-27,2023-08-31,0,0,1,0
2494,NEXI,stocks,"NexImmune, Inc.",common,0,2021-02-12,2024-07-11,2021-02-12,2024-07-11,729,0.175583,729,2021-02-12,2024-07-11,0,0,0,0
2495,NFBK,stocks,"Northfield Bancorp, Inc.",common,0,2019-01-02,2026-07-20,2019-01-02,2026-07-20,1896,0.0,1896,2019-01-02,2026-07-20,0,1,1,0
2496,NGD,stocks,New Gold Inc. /FI,common,0,2020-07-27,2026-03-19,2020-07-27,2026-03-19,1419,0.0,1419,2020-07-27,2026-03-19,0,0,1,0
2497,NGM,stocks,NGM BIOPHARMACEUTICALS INC,common,0,2020-07-27,2024-04-04,2020-07-27,2024-04-04,929,0.0,929,2020-07-27,2024-04-04,0,0,1,0
2498,NGMS,stocks,NeoGames S.A.,common,0,2020-11-19,2024-04-23,2020-11-19,2024-04-23,846,0.024823,846,2020-11-19,2024-04-23,0,0,0,0
2499,NHIQ,stocks,"NantHealth, Inc.",common,0,2020-07-27,2023-05-23,2020-07-27,2023-05-23,588,0.117347,588,2020-07-27,2023-05-23,0,0,0,0
2500,NKLA,stocks,Nikola Corp,common,0,2020-07-27,2025-02-25,2020-07-27,2025-02-25,1152,0.0,1152,2020-07-27,2025-02-25,0,0,1,0
2501,NMRD,stocks,Nemaura Medical Inc.,common,0,2020-07-27,2024-01-04,2020-07-27,2024-01-04,512,0.298828,512,2020-07-27,2024-01-04,0,0,0,0
2502,NMTR,stocks,"9 METERS BIOPHARMA, INC.",common,0,2020-07-27,2023-07-25,2020-07-27,2023-07-25,695,0.092086,695,2020-07-27,2023-07-25,0,0,0,0
2503,NOGN,stocks,"Nogin, Inc.",common,0,2021-09-21,2023-12-21,2021-09-21,2023-12-21,352,0.346591,352,2021-09-21,2023-12-21,0,0,0,0
2504,NOVA,stocks,Sunnova Energy International Inc.,common,0,2020-07-27,2025-06-06,2020-07-27,2025-06-06,1220,0.0,1220,2020-07-27,2025-06-06,0,0,1,0
2505,NOVNQ,stocks,"Novan, Inc.",common,0,2020-07-27,2023-07-25,2020-07-27,2023-07-25,719,0.069541,719,2020-07-27,2023-07-25,0,0,0,0
2506,NRACU,stocks,NORTHERN REVIVAL ACQUISITION Corp,suffix-U,0,2021-02-02,2023-12-19,2021-02-02,2023-12-19,144,0.576389,144,2021-02-02,2023-12-19,0,0,0,0
2507,NS,stocks,NuStar Energy L.P.,common,0,2020-07-27,2024-05-02,2020-07-27,2024-05-02,946,0.0,946,2020-07-27,2024-05-02,0,0,1,0
2508,NSA,stocks,National Storage Affiliates Trust,common,0,2019-01-02,2026-07-21,2019-01-02,2026-07-21,1897,0.0,1897,2019-01-02,2026-07-21,0,1,1,0
2509,NSTC.U,stocks,Northern Star Investment Corp. III,dotsuffix,0,2021-03-02,2023-07-14,2021-03-02,2023-07-14,79,0.632911,79,2021-03-02,2023-07-14,0,0,0,0
2510,NSTD.U,stocks,Northern Star Investment Corp. IV,dotsuffix,0,2021-03-02,2022-12-16,2021-03-02,2022-12-16,73,0.616438,73,2021-03-02,2022-12-16,0,0,0,0
2511,NTBL,stocks,"Notable Labs, Ltd.",common,0,2020-07-27,2024-10-22,2020-07-27,2024-10-22,911,0.16685,901,2020-07-27,2024-10-22,0,0,0,0
2512,NTCO,stocks,Natura &Co Holding S.A.,common,0,2020-07-27,2024-02-08,2020-07-27,2024-02-08,888,0.002252,888,2020-07-27,2024-02-08,0,0,1,0
2513,NTG,stocks,"Tortoise Midstream Energy Fund, Inc.",fund,0,2020-07-27,2024-12-19,2020-07-27,2024-12-19,855,0.291228,855,2020-07-27,2024-12-19,0,0,0,0
2514,NURO,stocks,"NeuroMetrix, Inc.",common,0,2020-07-27,2025-05-01,2020-07-27,2025-05-01,785,0.263694,785,2020-07-27,2025-05-01,0,0,0,0
2515,NUVA,stocks,NUVASIVE INC,common,0,2020-07-27,2023-08-31,2020-07-27,2023-08-31,781,0.0,781,2020-07-27,2023-08-31,0,0,1,0
2516,NUVL,stocks,"Nuvalent, Inc.",common,0,2021-07-29,2026-07-14,2021-07-29,2026-07-14,1244,0.0,1244,2021-07-29,2026-07-14,0,1,1,0
2517,NVCN,stocks,NEOVASC INC,common,0,2020-07-27,2023-04-10,2020-07-27,2023-04-10,500,0.224,500,2020-07-27,2023-04-10,0,0,0,0
2518,NVEE,stocks,"NV5 Global, Inc.",common,0,2020-07-27,2025-08-01,2020-07-27,2025-08-01,1256,0.005573,1256,2020-07-27,2025-08-01,0,0,1,0
2519,NVEI,stocks,Nuvei Corp,common,0,2021-10-06,2024-11-15,2021-10-06,2024-11-15,784,0.0,784,2021-10-06,2024-11-15,0,0,1,0
2520,NVIV,stocks,INVIVO THERAPEUTICS HOLDINGS CORP.,common,0,2020-07-27,2024-02-12,2020-07-27,2024-02-12,637,0.270016,637,2020-07-27,2024-02-12,0,0,0,0
2521,NVRO,stocks,NEVRO CORP,common,0,2020-07-27,2025-04-02,2020-07-27,2025-04-02,1175,0.0,1175,2020-07-27,2025-04-02,0,0,1,0
2522,NVSAU,stocks,New Vista Acquisition Corp,suffix-U,0,2021-02-17,2023-02-15,2021-02-17,2023-02-15,199,0.552764,199,2021-02-17,2023-02-15,0,0,0,0
2523,NVTA,stocks,Invitae Corp,common,0,2020-07-27,2024-02-05,2020-07-27,2024-02-05,885,0.0,885,2020-07-27,2024-02-05,0,0,1,0
2524,NWLI,stocks,"National Western Life Group, Inc.",common,0,2020-07-27,2024-07-08,2020-07-27,2024-07-08,470,0.421277,470,2020-07-27,2024-07-08,0,0,0,0
2525,NXGN,stocks,"NEXTGEN HEALTHCARE, INC.",common,0,2020-07-27,2023-11-08,2020-07-27,2023-11-08,829,0.0,829,2020-07-27,2023-11-08,0,0,1,0
2526,NXTP,stocks,NextPlay Technologies Inc.,common,0,2021-07-09,2024-04-12,2021-07-09,2024-04-12,515,0.27767,515,2021-07-09,2024-04-12,0,0,0,0
2527,OBDE,stocks,Blue Owl Capital Corp III,common,0,2024-01-26,2025-01-10,2024-01-26,2025-01-10,223,0.107623,223,2024-01-26,2025-01-10,0,0,0,0
2528,OBSV,stocks,ObsEva SA,common,0,2020-07-27,2023-03-22,2020-07-27,2023-03-22,644,0.037267,644,2020-07-27,2023-03-22,0,0,0,0
2529,OCAXU,stocks,OCA Acquisition Corp.,suffix-U,0,2021-01-15,2023-12-19,2021-01-15,2023-12-19,99,0.69697,99,2021-01-15,2023-12-19,0,0,0,0
2530,OCFT,stocks,"ONECONNECT FINANCIAL TECHNOLOGY CO., LTD.",common,0,2020-07-27,2025-10-29,2020-07-27,2025-10-29,1134,0.141975,1134,2020-07-27,2025-10-29,0,0,0,0
2531,OFED,stocks,Oconee Federal Financial Corp.,common,0,2020-09-11,2023-07-28,2020-09-11,2023-07-28,84,0.690476,84,2020-09-11,2023-07-28,0,0,0,0
2532,OG,stocks,Onion Global Ltd,common,0,2021-05-07,2022-12-29,2021-05-07,2022-12-29,222,0.288288,222,2021-05-07,2022-12-29,0,0,0,0
2533,OIG,stocks,"Orbital Infrastructure Group, Inc.",common,0,2022-08-01,2023-08-28,2022-08-01,2023-08-28,245,0.089796,245,2022-08-01,2023-08-28,0,0,0,0
2534,OIIM,stocks,O2MICRO INTERNATIONAL LTD,common,0,2020-07-27,2023-03-02,2020-07-27,2023-03-02,617,0.092382,617,2020-07-27,2023-03-02,0,0,0,0
2535,OLK,stocks,Olink Holding AB (publ),common,0,2021-03-25,2024-07-09,2021-03-25,2024-07-09,827,0.0,827,2021-03-25,2024-07-09,0,0,1,0
2536,OLO,stocks,Olo Inc.,common,0,2021-03-17,2025-09-11,2021-03-17,2025-09-11,1125,0.0,1125,2021-03-17,2025-09-11,0,0,1,0
2537,OLPX,stocks,"OLAPLEX HOLDINGS, INC.",common,0,2021-09-30,2026-07-06,2021-09-30,2026-07-06,1194,0.0,1194,2021-09-30,2026-07-06,0,1,1,0
2538,OMGA,stocks,"Omega Therapeutics, Inc.",common,0,2021-07-30,2025-02-24,2021-07-30,2025-02-24,887,0.014656,887,2021-07-30,2025-02-24,0,0,0,0
2539,OMIC,stocks,"Singular Genomics Systems, Inc.",common,0,2021-05-27,2025-02-20,2021-05-27,2025-02-20,884,0.032805,884,2021-05-27,2025-02-20,0,0,0,0
2540,ONCR,stocks,"Oncorus, Inc.",common,0,2020-10-02,2023-06-20,2020-10-02,2023-06-20,583,0.056604,583,2020-10-02,2023-06-20,0,0,0,0
2541,ONCS,stocks,ONCOSEC MEDICAL Inc,common,0,2020-07-27,2023-06-23,2020-07-27,2023-06-23,611,0.155483,611,2020-07-27,2023-06-23,0,0,0,0
2542,ONCT,stocks,"Oncternal Therapeutics, Inc.",common,0,2020-07-28,2024-12-02,2020-07-28,2024-12-02,949,0.094837,949,2020-07-28,2024-12-02,0,0,0,0
2543,ONEM,stocks,1Life Healthcare Inc,common,0,2020-07-27,2023-02-21,2020-07-27,2023-02-21,648,0.0,648,2020-07-27,2023-02-21,0,0,1,0
2544,ONTF,stocks,ON24 INC.,common,0,2021-02-03,2026-03-31,2021-02-03,2026-03-31,1292,0.0,1292,2021-02-03,2026-03-31,0,0,1,0
2545,OPA,stocks,Magnum Opus Acquisition Ltd,common,0,2021-06-21,2024-01-22,2021-06-21,2024-01-22,194,0.628866,194,2021-06-21,2024-01-22,0,0,0,0
2546,OPNT,stocks,"OPIANT PHARMACEUTICALS, INC.",common,0,2020-07-27,2023-03-01,2020-07-27,2023-03-01,481,0.234927,481,2020-07-27,2023-03-01,0,0,0,0
2547,OPOF,stocks,OLD POINT FINANCIAL CORP,common,0,2020-08-05,2025-08-29,2020-08-05,2025-08-29,302,0.609272,302,2020-08-05,2025-08-29,0,0,0,0
2548,OPTN,stocks,"OptiNose, Inc.",common,0,2020-07-27,2025-05-20,2020-07-27,2025-05-20,1191,0.018472,1191,2020-07-27,2025-05-20,0,0,0,0
2549,ORGN,stocks,"Origin Materials, Inc.",common,0,2021-06-25,2026-07-01,2021-06-25,2026-07-01,1259,0.0,1259,2021-06-25,2026-07-01,0,1,1,0
2550,ORGS,stocks,Orgenesis Inc.,common,0,2020-07-27,2024-10-18,2020-07-27,2024-10-18,835,0.210778,835,2020-07-27,2024-10-18,0,0,0,0
2551,ORTX,stocks,Orchard Therapeutics plc,common,0,2020-07-27,2024-01-23,2020-07-27,2024-01-23,829,0.079614,829,2020-07-27,2024-01-23,0,0,0,0
2552,OS,stocks,"OneStream, Inc.",common,0,2024-07-24,2026-03-31,2024-07-24,2026-03-31,423,0.0,423,2024-07-24,2026-03-31,0,0,0,0
2553,OSA,stocks,"ProSomnus, Inc.",common,0,2021-07-29,2024-04-17,2021-07-29,2024-04-17,187,0.540107,187,2021-07-29,2024-04-17,0,0,0,0
2554,OSH,stocks,"Oak Street Health, Inc.",common,0,2020-08-06,2023-05-01,2020-08-06,2023-05-01,685,0.0,685,2020-08-06,2023-05-01,0,0,1,0
2555,OTMO,stocks,Otonomo Technologies Ltd.,common,0,2021-08-17,2023-10-18,2021-08-17,2023-10-18,472,0.190678,472,2021-08-17,2023-10-18,0,0,0,0
2556,OYST,stocks,"Oyster Point Pharma, Inc.",common,0,2020-07-27,2022-12-30,2020-07-27,2022-12-30,613,0.003263,613,2020-07-27,2022-12-30,0,0,1,0
2557,OZON,stocks,Ozon Holdings PLC,common,0,2020-11-24,2022-02-25,2020-11-24,2022-02-25,316,0.0,316,2020-11-24,2022-02-25,0,0,0,0
2558,PACW,stocks,PACWEST BANCORP,common,0,2020-07-27,2023-11-30,2020-07-27,2023-11-30,844,0.0,844,2020-07-27,2023-11-30,0,0,1,0
2559,PACXU,stocks,Pioneer Merger Corp.,suffix-U,0,2021-01-08,2023-01-09,2021-01-08,2023-01-09,131,0.442748,131,2021-01-08,2023-01-09,0,0,0,0
2560,PANA,stocks,Panacea Acquisition Corp. II,common,0,2020-09-10,2023-04-17,2020-09-10,2023-04-17,131,0.458015,131,2020-09-10,2023-04-17,0,0,0,0
2561,PATI,stocks,"PATRIOT TRANSPORTATION HOLDING, INC.",common,0,2020-07-28,2023-12-21,2020-07-28,2023-12-21,205,0.663415,205,2020-07-28,2023-12-21,0,0,0,0
2562,PAYA,stocks,Paya Holdings Inc.,common,0,2020-10-19,2023-02-21,2020-10-19,2023-02-21,589,0.0,589,2020-10-19,2023-02-21,0,0,1,0
2563,PBPB,stocks,POTBELLY CORP,common,0,2020-07-27,2025-10-22,2020-07-27,2025-10-22,1300,0.037692,1300,2020-07-27,2025-10-22,0,0,0,0
2564,PCK,stocks,PIMCO CALIFORNIA MUNICIPAL INCOME FUND II,closed-end,0,2020-07-28,2025-08-01,2020-07-28,2025-08-01,1120,0.171429,1120,2020-07-28,2025-08-01,0,0,0,0
2565,PCTI,stocks,PC TEL INC,common,0,2020-07-27,2023-12-15,2020-07-27,2023-12-15,753,0.172643,753,2020-07-27,2023-12-15,0,0,0,0
2566,PDCE,stocks,"PDC ENERGY, INC.",common,0,2020-07-27,2023-08-04,2020-07-27,2023-08-04,762,0.0,762,2020-07-27,2023-08-04,0,0,1,0
2567,PDOT.U,stocks,Peridot Acquisition Corp. II,dotsuffix,0,2021-03-09,2023-02-06,2021-03-09,2023-02-06,91,0.604396,91,2021-03-09,2023-02-06,0,0,0,0
2568,PEAR,stocks,"Pear Therapeutics, Inc.",common,0,2021-12-06,2023-04-18,2021-12-06,2023-04-18,342,0.011696,342,2021-12-06,2023-04-18,0,0,0,0
2569,PEGRU,stocks,Project Energy Reimagined Acquisition Corp.,suffix-U,0,2021-10-29,2024-06-13,2021-10-29,2024-06-13,70,0.842857,70,2021-10-29,2024-06-13,0,0,0,0
2570,PEI,stocks,PENNSYLVANIA REAL ESTATE INVESTMENT TRUST,common,0,2020-07-27,2022-12-15,2020-07-27,2022-12-15,558,0.062724,558,2020-07-27,2022-12-15,0,0,0,0
2571,PELI,stocks,Pelican Acquisition Corp,common,0,2025-06-12,2026-03-25,2025-06-12,2026-03-25,73,0.273973,73,2025-06-12,2026-03-25,0,0,0,0
2572,PEPLU,stocks,PepperLime Health Acquisition Corp,suffix-U,0,2021-10-15,2023-06-23,2021-10-15,2023-06-23,69,0.710145,69,2021-10-15,2023-06-23,0,0,0,0
2573,PET,stocks,Wag! Group Co.,common,0,2021-09-28,2025-07-29,2021-09-28,2025-07-29,667,0.227886,667,2021-09-28,2025-07-29,0,0,0,0
2574,PETQ,stocks,"PetIQ, Inc.",common,0,2020-07-27,2024-10-24,2020-07-27,2024-10-24,1070,0.0,1070,2020-07-27,2024-10-24,0,0,1,0
2575,PFC,stocks,PREMIER FINANCIAL CORP,common,0,2020-07-27,2025-02-28,2020-07-27,2025-02-28,1152,0.00434,1152,2020-07-27,2025-02-28,0,0,1,0
2576,PFDRU,stocks,Pathfinder Acquisition Corp,suffix-U,0,2021-02-17,2023-02-06,2021-02-17,2023-02-06,74,0.5,74,2021-02-17,2023-02-06,0,0,0,0
2577,PFHD,stocks,Professional Holding Corp.,common,0,2020-07-27,2023-01-31,2020-07-27,2023-01-31,605,0.090909,605,2020-07-27,2023-01-31,0,0,0,0
2578,PFIE,stocks,PROFIRE ENERGY INC,common,0,2020-07-27,2025-01-02,2020-07-27,2025-01-02,868,0.247696,868,2020-07-27,2025-01-02,0,0,0,0
2579,PFIN,stocks,P&F INDUSTRIES INC,common,0,2020-08-21,2023-12-20,2020-08-21,2023-12-20,206,0.631068,206,2020-08-21,2023-12-20,0,0,0,0
2580,PFSW,stocks,PFSWEB INC,common,0,2020-07-27,2023-10-23,2020-07-27,2023-10-23,808,0.023515,808,2020-07-27,2023-10-23,0,0,0,0
2581,PFTAU,stocks,Perception Capital Corp. III,suffix-U,0,2021-07-21,2024-11-08,2021-07-21,2024-11-08,92,0.684783,92,2021-07-21,2024-11-08,0,0,0,0
2582,PGRE,stocks,"Paramount Group, Inc.",common,0,2020-07-27,2025-12-18,2020-07-27,2025-12-18,1355,0.000738,1355,2020-07-27,2025-12-18,0,0,1,0
2583,PGRU,stocks,PROPERTYGURU GROUP LTD,common,0,2022-03-18,2024-12-12,2022-03-18,2024-12-12,404,0.240099,404,2022-03-18,2024-12-12,0,0,0,0
2584,PGRWU,stocks,Progress Acquisition Corp.,suffix-U,0,2021-02-09,2023-04-11,2021-02-09,2023-04-11,109,0.633028,109,2021-02-09,2023-04-11,0,0,0,0
2585,PGTI,stocks,"PGT Innovations, Inc.",common,0,2020-07-27,2024-03-27,2020-07-27,2024-03-27,921,0.0,921,2020-07-27,2024-03-27,0,0,1,0
2586,PHCF,stocks,"Puhui Wealth Investment Management Co., Ltd.",common,0,2020-07-27,2023-02-08,2020-07-27,2023-02-08,290,0.334483,290,2020-07-27,2023-02-08,0,0,0,0
2587,PHX,stocks,PHX MINERALS INC.,common,0,2020-07-27,2025-06-20,2020-07-27,2025-06-20,1166,0.082333,1166,2020-07-27,2025-06-20,0,0,0,0
2588,PHYT.U,stocks,Pyrophyte Acquisition Corp.,dotsuffix,0,2021-10-27,2024-01-12,2021-10-27,2024-01-12,81,0.814815,81,2021-10-27,2024-01-12,0,0,0,0
2589,PICC.U,stocks,Pivotal Investment Corp III,dotsuffix,0,2021-02-09,2023-01-18,2021-02-09,2023-01-18,95,0.505263,95,2021-02-09,2023-01-18,0,0,0,0
2590,PIK,stocks,KIDPIK CORP.,common,0,2021-11-11,2024-12-24,2021-11-11,2024-12-24,557,0.238779,557,2021-11-11,2024-12-24,0,0,0,0
2591,PINC,stocks,"Premier, Inc.",common,0,2019-01-02,,2019-01-02,2026-09-08,1792,0.021205,1777,2019-01-02,2026-08-11,0,0,0,0
2592,PKBO,stocks,"Peak Bio, Inc.",common,0,2021-03-16,2023-01-09,2021-03-16,2023-01-09,92,0.478261,92,2021-03-16,2023-01-09,0,0,0,0
2593,PKST,stocks,Peakstone Realty Trust,common,0,2023-04-14,2026-05-05,2023-04-14,2026-05-05,766,0.001305,766,2023-04-14,2026-05-05,0,0,1,0
2594,PLM,stocks,POLYMET MINING CORP,common,0,2020-07-27,2023-11-03,2020-07-27,2023-11-03,683,0.241581,683,2020-07-27,2023-11-03,0,0,0,0
2595,PLXP,stocks,PLx Pharma Inc.,common,0,2020-07-27,2023-04-12,2020-07-27,2023-04-12,575,0.126957,575,2020-07-27,2023-04-12,0,0,0,0
2596,PLYA,stocks,Playa Hotels & Resorts N.V.,common,0,2020-07-27,2025-06-13,2020-07-27,2025-06-13,1228,0.000814,1228,2020-07-27,2025-06-13,0,0,1,0
2597,PMD,stocks,PSYCHEMEDICS CORP,common,0,2020-07-27,2024-12-12,2020-07-27,2024-12-12,516,0.517442,516,2020-07-27,2024-12-12,0,0,0,0
2598,PME,stocks,Pingtan Marine Enterprise Ltd.,common,0,2020-08-06,2022-12-20,2020-08-06,2022-12-20,288,0.444444,288,2020-08-06,2022-12-20,0,0,0,0
2599,PMF,stocks,PIMCO MUNICIPAL INCOME FUND,closed-end,0,2020-07-29,2025-08-01,2020-07-29,2025-08-01,1068,0.173221,1068,2020-07-29,2025-08-01,0,0,0,0
2600,PMGMU,stocks,Priveterra Acquisition Corp. II,suffix-U,0,2021-02-09,2024-01-30,2021-02-09,2024-01-30,160,0.69375,160,2021-02-09,2024-01-30,0,0,0,0
2601,PMX,stocks,PIMCO MUNICIPAL INCOME FUND III,closed-end,0,2020-07-28,2025-08-01,2020-07-28,2025-08-01,1149,0.114883,1149,2020-07-28,2025-08-01,0,0,0,0
2602,PNF,stocks,PIMCO NEW YORK MUNICIPAL INCOME FUND,closed-end,0,2020-07-30,2025-07-31,2020-07-30,2025-07-31,672,0.434524,672,2020-07-30,2025-07-31,0,0,0,0
2603,PNT,stocks,POINT Biopharma Global Inc.,common,0,2021-07-01,2023-12-26,2021-07-01,2023-12-26,626,0.00639,626,2021-07-01,2023-12-26,0,0,1,0
2604,PNTM.U,stocks,Pontem Corp,dotsuffix,0,2021-01-13,2023-02-14,2021-01-13,2023-02-14,170,0.570588,170,2021-01-13,2023-02-14,0,0,0,0
2605,POSH,stocks,"Poshmark, Inc.",common,0,2021-01-14,2023-01-04,2021-01-14,2023-01-04,497,0.0,497,2021-01-14,2023-01-04,0,0,0,0
2606,POWRU,stocks,Powered Brands,suffix-U,0,2021-01-08,2022-12-28,2021-01-08,2022-12-28,113,0.557522,113,2021-01-08,2022-12-28,0,0,0,0
2607,PPBI,stocks,PACIFIC PREMIER BANCORP INC,common,0,2020-07-27,2025-08-29,2020-07-27,2025-08-29,1281,0.0,1281,2020-07-27,2025-08-29,0,0,1,0
2608,PRA,stocks,PROASSURANCE CORP,common,0,2019-01-02,2026-06-25,2019-01-02,2026-06-25,1880,0.000532,1880,2019-01-02,2026-06-25,0,1,1,0
2609,PRDS,stocks,"PARDES BIOSCIENCES, INC.",common,0,2021-12-27,2023-08-30,2021-12-27,2023-08-30,418,0.0311,418,2021-12-27,2023-08-30,0,0,0,0
2610,PRFT,stocks,PERFICIENT INC,common,0,2020-07-27,2024-10-01,2020-07-27,2024-10-01,1053,0.0,1053,2020-07-27,2024-10-01,0,0,1,0
2611,PRLHU,stocks,Pearl Holdings Acquisition Corp,suffix-U,0,2021-12-15,2023-11-14,2021-12-15,2023-11-14,62,0.774194,62,2021-12-15,2023-11-14,0,0,0,0
2612,PRO,stocks,"PROS Holdings, Inc.",common,0,2020-07-27,2025-12-08,2020-07-27,2025-12-08,1347,0.0,1347,2020-07-27,2025-12-08,0,0,1,0
2613,PROC,stocks,"Procaps Group, S.A.",common,0,2020-07-31,2025-02-03,2020-07-31,2025-02-03,617,0.299838,617,2020-07-31,2025-02-03,0,0,0,0
2614,PRPC.U,stocks,CC Neuberger Principal Holdings III,dotsuffix,0,2021-02-03,2023-10-26,2021-02-03,2023-10-26,129,0.635659,129,2021-02-03,2023-10-26,0,0,0,0
2615,PRSRU,stocks,Prospector Capital Corp.,suffix-U,0,2021-01-08,2023-12-19,2021-01-08,2023-12-19,229,0.68559,229,2021-01-08,2023-12-19,0,0,0,0
2616,PRST,stocks,Presto Automation Inc.,common,0,2021-02-05,2024-08-07,2021-02-05,2024-08-07,607,0.258649,607,2021-02-05,2024-08-07,0,0,0,0
2617,PRTK,stocks,"Paratek Pharmaceuticals, Inc.",common,0,2020-07-27,2023-09-20,2020-07-27,2023-09-20,792,0.011364,792,2020-07-27,2023-09-20,0,0,0,0
2618,PRTY,stocks,Party City Holdco Inc.,common,0,2020-07-27,2023-01-17,2020-07-27,2023-01-17,621,0.0,621,2020-07-27,2023-01-17,0,0,1,0
2619,PRVB,stocks,"Provention Bio, Inc.",common,0,2020-07-27,2023-04-26,2020-07-27,2023-04-26,692,0.0,692,2020-07-27,2023-04-26,0,0,1,0
2620,PSPC.U,stocks,Post Holdings Partnering Corp,dotsuffix,0,2021-05-26,2023-05-23,2021-05-26,2023-05-23,60,0.633333,60,2021-05-26,2023-05-23,0,0,0,0
2621,PSTX,stocks,"Poseida Therapeutics, Inc.",common,0,2020-07-27,2025-01-07,2020-07-27,2025-01-07,1119,0.000894,1119,2020-07-27,2025-01-07,0,0,1,0
2622,PTE,stocks,"POLARITYTE, INC.",common,0,2020-07-27,2023-06-15,2020-07-27,2023-06-15,560,0.15,560,2020-07-27,2023-06-15,0,0,0,0
2623,PTNR,stocks,PARTNER COMMUNICATIONS CO LTD,common,0,2020-08-12,2023-02-15,2020-08-12,2023-02-15,153,0.718954,153,2020-08-12,2023-02-15,0,0,0,0
2624,PTRA,stocks,Proterra Inc,common,0,2021-06-15,2023-08-16,2021-06-15,2023-08-16,547,0.0,547,2021-06-15,2023-08-16,0,0,1,0
2625,PTRS,stocks,PARTNERS BANCORP,common,0,2020-08-20,2023-11-30,2020-08-20,2023-11-30,354,0.471751,354,2020-08-20,2023-11-30,0,0,0,0
2626,PTVE,stocks,Pactiv Evergreen Inc.,common,0,2020-09-17,2025-03-31,2020-09-17,2025-03-31,1139,0.000878,1139,2020-09-17,2025-03-31,0,0,1,0
2627,PUCKU,stocks,Goal Acquisitions Corp.,suffix-U,0,2021-02-11,2023-12-01,2021-02-11,2023-12-01,138,0.623188,138,2021-02-11,2023-12-01,0,0,0,0
2628,PWOD,stocks,PENNS WOODS BANCORP INC,common,0,2020-07-28,2025-07-25,2020-07-28,2025-07-25,789,0.361217,789,2020-07-28,2025-07-25,0,0,0,0
2629,PWSC,stocks,"POWERSCHOOL HOLDINGS, INC.",common,0,2021-07-28,2024-09-30,2021-07-28,2024-09-30,797,0.0,797,2021-07-28,2024-09-30,0,0,1,0
2630,PXDT,stocks,"PIXIE DUST TECHNOLOGIES, INC.",common,0,2023-08-01,2024-11-15,2023-08-01,2024-11-15,133,0.473684,133,2023-08-01,2024-11-15,0,0,0,0
2631,PXMD,stocks,"Kuvatris Therapeutics, Inc.",common,0,2022-08-26,2024-05-01,2022-08-26,2024-05-01,374,0.112299,374,2022-08-26,2024-05-01,0,0,0,0
2632,PYCR,stocks,"PAYCOR HCM, INC.",common,0,2021-07-21,2025-04-11,2021-07-21,2025-04-11,937,0.0,937,2021-07-21,2025-04-11,0,0,1,0
2633,PYN,stocks,PIMCO NEW YORK MUNICIPAL INCOME FUND III,closed-end,0,2020-07-28,2025-07-31,2020-07-28,2025-07-31,582,0.510309,582,2020-07-28,2025-07-31,0,0,0,0
2634,PZC,stocks,PIMCO CALIFORNIA MUNICIPAL INCOME FUND III,closed-end,0,2020-07-27,2025-08-01,2020-07-27,2025-08-01,1049,0.163012,1049,2020-07-27,2025-08-01,0,0,0,0
2635,QIPT,stocks,Quipt Home Medical Corp.,common,0,2021-05-28,2026-03-13,2021-05-28,2026-03-13,1130,0.074336,1130,2021-05-28,2026-03-13,0,0,0,0
2636,QIWI,stocks,QIWI,common,0,2020-07-27,2022-02-25,2020-07-27,2022-02-25,401,0.0,401,2020-07-27,2022-02-25,0,0,0,0
2637,QNGY,stocks,"Quanergy Systems, Inc.",common,0,2020-07-27,2022-11-08,2020-07-27,2022-11-08,494,0.133603,494,2020-07-27,2022-11-08,0,0,0,0
2638,QUMU,stocks,Qumu Corp,common,0,2020-07-27,2023-02-03,2020-07-27,2023-02-03,506,0.215415,506,2020-07-27,2023-02-03,0,0,0,0
2639,RADI,stocks,"Radius Global Infrastructure, Inc.",common,0,2020-10-06,2023-09-20,2020-10-06,2023-09-20,730,0.009589,730,2020-10-06,2023-09-20,0,0,1,0
2640,RAMMU,stocks,Aries I Acquisition Corp.,suffix-U,0,2021-05-19,2023-03-15,2021-05-19,2023-03-15,116,0.672414,116,2021-05-19,2023-03-15,0,0,0,0
2641,RAPT,stocks,"RAPT Therapeutics, Inc.",common,0,2020-07-27,2026-03-02,2020-07-27,2026-03-02,1406,0.0,1406,2020-07-27,2026-03-02,0,0,1,0
2642,RCM,stocks,R1 RCM Inc. /DE,common,0,2020-07-27,2024-11-18,2020-07-27,2024-11-18,1087,0.0,1087,2020-07-27,2024-11-18,0,0,1,0
2643,RDFN,stocks,Redfin Corp,common,0,2020-07-27,2025-06-30,2020-07-27,2025-06-30,1238,0.0,1238,2020-07-27,2025-06-30,0,0,1,0
2644,RETA,stocks,REATA PHARMACEUTICALS INC,common,0,2020-07-27,2023-09-25,2020-07-27,2023-09-25,796,0.0,796,2020-07-27,2023-09-25,0,0,1,0
2645,REUN,stocks,Reunion Neuroscience Inc.,common,0,2022-08-18,2023-07-31,2022-08-18,2023-07-31,100,0.61,100,2022-08-18,2023-07-31,0,0,0,0
2646,REVG,stocks,"REV Group, Inc.",common,0,2020-07-27,2026-01-30,2020-07-27,2026-01-30,1383,0.0,1383,2020-07-27,2026-01-30,0,0,1,0
2647,RFP,stocks,Resolute Forest Products Inc.,common,0,2020-07-27,2023-02-28,2020-07-27,2023-02-28,650,0.0,650,2020-07-27,2023-02-28,0,0,1,0
2648,RGF,stocks,"Real Good Food Company, Inc.",common,0,2021-11-05,2025-01-06,2021-11-05,2025-01-06,622,0.257235,622,2021-11-05,2025-01-06,0,0,0,0
2649,RGLS,stocks,Regulus Therapeutics Inc.,common,0,2020-07-27,2025-06-24,2020-07-27,2025-06-24,1034,0.168279,1034,2020-07-27,2025-06-24,0,0,0,0
2650,RIBT,stocks,RiceBran Technologies,common,0,2020-07-28,2023-11-06,2020-07-28,2023-11-06,592,0.315878,592,2020-07-28,2023-11-06,0,0,0,0
2651,RKLY,stocks,Rockley Photonics Holdings Ltd,common,0,2021-08-12,2023-01-23,2021-08-12,2023-01-23,362,0.0,362,2021-08-12,2023-01-23,0,0,0,0
2652,RMGCU,stocks,RMG Acquisition Corp. III,suffix-U,0,2021-02-05,2024-02-14,2021-02-05,2024-02-14,188,0.62766,188,2021-02-05,2024-02-14,0,0,0,0
2653,ROCC,stocks,Ranger Oil Corp,common,0,2021-01-06,2023-06-16,2021-01-06,2023-06-16,547,0.04936,547,2021-01-06,2023-06-16,0,0,0,0
2654,ROCL,stocks,Roth CH Acquisition V Co.,common,0,2022-01-11,2024-12-06,2022-01-11,2024-12-06,123,0.772358,123,2022-01-11,2024-12-06,0,0,0,0
2655,ROIC,stocks,RETAIL OPPORTUNITY INVESTMENTS CORP,common,0,2020-07-27,2025-02-12,2020-07-27,2025-02-12,1144,0.0,1144,2020-07-27,2025-02-12,0,0,1,0
2656,ROSS.U,stocks,Ross Acquisition Corp II,dotsuffix,0,2021-03-12,2024-03-01,2021-03-12,2024-03-01,123,0.691057,123,2021-03-12,2024-03-01,0,0,0,0
2657,ROVR,stocks,"ROVER GROUP, INC.",common,0,2021-08-02,2024-02-26,2021-08-02,2024-02-26,646,0.0,646,2021-08-02,2024-02-26,0,0,1,0
2658,RPTX,stocks,Repare Therapeutics Inc.,common,0,2020-07-27,2026-01-27,2020-07-27,2026-01-27,1379,0.007977,1379,2020-07-27,2026-01-27,0,0,1,0
2659,RUBY,stocks,"Rubius Therapeutics, Inc.",common,0,2020-07-27,2023-03-06,2020-07-27,2023-03-06,654,0.006116,654,2020-07-27,2023-03-06,0,0,1,0
2660,RUTH,stocks,"Ruths Hospitality Group, Inc.",common,0,2020-07-27,2023-06-13,2020-07-27,2023-06-13,726,0.0,726,2020-07-27,2023-06-13,0,0,1,0
2661,RVNC,stocks,"Revance Therapeutics, Inc.",common,0,2020-07-27,2025-02-05,2020-07-27,2025-02-05,1138,0.0,1138,2020-07-27,2025-02-05,0,0,1,0
2662,RXDX,stocks,"Prometheus Biosciences, Inc.",common,0,2021-03-12,2023-06-15,2021-03-12,2023-06-15,570,0.0,570,2021-03-12,2023-06-15,0,0,1,0
2663,RYZB,stocks,"RayzeBio, Inc.",common,0,2023-09-15,2024-02-23,2023-09-15,2024-02-23,111,0.0,111,2023-09-15,2024-02-23,0,0,0,0
2664,SAGE,stocks,"Sage Therapeutics, Inc.",common,0,2020-07-27,2025-07-30,2020-07-27,2025-07-30,1259,0.0,1259,2020-07-27,2025-07-30,0,0,1,0
2665,SAL,stocks,"SALISBURY BANCORP, INC.",common,0,2020-08-03,2023-08-03,2020-08-03,2023-08-03,268,0.5,268,2020-08-03,2023-08-03,0,0,0,0
2666,SAND,stocks,SANDSTORM GOLD LTD,common,0,2020-07-27,2025-10-17,2020-07-27,2025-10-17,1313,0.0,1313,2020-07-27,2025-10-17,0,0,1,0
2667,SANW,stocks,S&W Seed Co,common,0,2019-01-02,2025-08-01,2019-01-02,2025-08-01,1655,0.003021,1655,2019-01-02,2025-08-01,0,0,1,0
2668,SASR,stocks,SANDY SPRING BANCORP INC,common,0,2020-07-27,2025-03-31,2020-07-27,2025-03-31,1176,0.0,1176,2020-07-27,2025-03-31,0,0,1,0
2669,SAVE,stocks,"Spirit Airlines, Inc.",common,0,2020-07-27,2024-11-15,2020-07-27,2024-11-15,1084,0.0,1084,2020-07-27,2024-11-15,0,0,1,0
2670,SBOW,stocks,"SILVERBOW RESOURCES, INC.",common,0,2020-07-27,2024-07-29,2020-07-27,2024-07-29,1003,0.013958,1003,2020-07-27,2024-07-29,0,0,0,0
2671,SBT,stocks,"Sterling Bancorp, Inc.",common,0,2020-07-28,2025-03-31,2020-07-28,2025-03-31,988,0.194332,988,2020-07-28,2025-03-31,0,0,0,0
2672,SCOBU,stocks,ScION Tech Growth II,suffix-U,0,2021-02-10,2023-02-08,2021-02-10,2023-02-08,96,0.65625,96,2021-02-10,2023-02-08,0,0,0,0
2673,SCPH,stocks,scPharmaceuticals Inc.,common,0,2020-07-27,2025-10-06,2020-07-27,2025-10-06,1259,0.053217,1259,2020-07-27,2025-10-06,0,0,0,0
2674,SCPL,stocks,SciPlay Corp,common,0,2020-07-27,2023-10-20,2020-07-27,2023-10-20,816,0.001225,816,2020-07-27,2023-10-20,0,0,1,0
2675,SCPS,stocks,Scopus BioPharma Inc.,common,0,2020-12-16,2022-12-16,2020-12-16,2022-12-16,384,0.208333,384,2020-12-16,2022-12-16,0,0,0,0
2676,SCPX,stocks,"Scorpius Holdings, Inc.",common,0,2024-02-06,2025-04-21,2024-02-06,2025-04-21,263,0.076046,263,2024-02-06,2025-04-21,0,0,0,0
2677,SCRMU,stocks,Screaming Eagle Acquisition Corp.,suffix-U,0,2022-01-06,2024-05-09,2022-01-06,2024-05-09,124,0.604839,124,2022-01-06,2024-05-09,0,0,0,0
2678,SCS,stocks,STEELCASE INC,common,0,2020-07-27,2025-12-09,2020-07-27,2025-12-09,1349,0.0,1349,2020-07-27,2025-12-09,0,0,1,0
2679,SCTL,stocks,"Societal CDMO, Inc.",common,0,2022-03-22,2024-04-05,2022-03-22,2024-04-05,465,0.150538,465,2022-03-22,2024-04-05,0,0,0,0
2680,SCU,stocks,"Sculptor Capital Management, Inc.",common,0,2020-07-27,2023-11-16,2020-07-27,2023-11-16,828,0.007246,828,2020-07-27,2023-11-16,0,0,1,0
2681,SCWX,stocks,SecureWorks Corp,common,0,2020-07-27,2025-01-31,2020-07-27,2025-01-31,1083,0.063712,1083,2020-07-27,2025-01-31,0,0,0,0
2682,SCX,stocks,STARRETT L S CO,common,0,2020-08-11,2024-05-22,2020-08-11,2024-05-22,552,0.458333,552,2020-08-11,2024-05-22,0,0,0,0
2683,SDACU,stocks,Sustainable Development Acquisition I Corp.,suffix-U,0,2021-02-05,2023-07-20,2021-02-05,2023-07-20,128,0.617188,128,2021-02-05,2023-07-20,0,0,0,0
2684,SDC,stocks,"SmileDirectClub, Inc.",common,0,2020-07-27,2023-10-03,2020-07-27,2023-10-03,803,0.002491,803,2020-07-27,2023-10-03,0,0,1,0
2685,SDIG,stocks,"Stronghold Digital Mining, Inc.",common,0,2021-10-20,2025-03-14,2021-10-20,2025-03-14,852,0.005869,852,2021-10-20,2025-03-14,0,0,1,0
2686,SDM,stocks,Smart Digital Group Ltd,common,0,2025-05-02,2025-09-26,2025-05-02,2025-09-26,102,0.0,102,2025-05-02,2025-09-26,0,1,0,0
2687,SDPI,stocks,"Superior Drilling Products, Inc.",common,0,2020-07-27,2024-07-31,2020-07-27,2024-07-31,655,0.363359,655,2020-07-27,2024-07-31,0,0,0,0
2688,SEAC,stocks,SEACHANGE INTERNATIONAL INC,common,0,2020-07-27,2023-08-25,2020-07-27,2023-08-25,627,0.14673,627,2020-07-27,2023-08-25,0,0,0,0
2689,SECO,stocks,Secoo Holding Ltd,common,0,2020-07-27,2024-04-25,2020-07-27,2024-04-25,689,0.226415,689,2020-07-27,2024-04-25,0,0,0,0
2690,SEDA.U,stocks,SDCL EDGE Acquisition Corp,dotsuffix,0,2021-10-29,2024-10-30,2021-10-29,2024-10-30,121,0.719008,121,2021-10-29,2024-10-30,0,0,0,0
2691,SEEL,stocks,"SEELOS THERAPEUTICS, INC.",common,0,2020-07-30,2024-10-15,2020-07-30,2024-10-15,902,0.008869,902,2020-07-30,2024-10-15,0,0,1,0
2692,SEM,stocks,SELECT MEDICAL HOLDINGS CORP,common,0,2019-01-02,2026-06-30,2019-01-02,2026-06-30,1883,0.0,1883,2019-01-02,2026-06-30,0,1,1,0
2693,SEMR,stocks,"SEMrush Holdings, Inc.",common,0,2021-03-25,2026-04-27,2021-03-25,2026-04-27,1276,0.000784,1276,2021-03-25,2026-04-27,0,0,1,0
2694,SFT,stocks,"SHIFT TECHNOLOGIES, INC.",common,0,2020-07-27,2023-10-18,2020-07-27,2023-10-18,804,0.032338,804,2020-07-27,2023-10-18,0,0,0,0
2695,SGE,stocks,"Strong Global Entertainment, Inc.",common,0,2023-05-16,2024-09-26,2023-05-16,2024-09-26,151,0.423841,151,2023-05-16,2024-09-26,0,0,0,0
2696,SGEN,stocks,Seagen Inc.,common,0,2020-07-27,2023-12-13,2020-07-27,2023-12-13,853,0.0,853,2020-07-27,2023-12-13,0,0,1,0
2697,SGFY,stocks,"Signify Health, Inc.",common,0,2021-02-11,2023-03-28,2021-02-11,2023-03-28,533,0.0,533,2021-02-11,2023-03-28,0,0,1,0
2698,SGMA,stocks,SIGMATRON INTERNATIONAL INC,common,0,2020-07-27,2025-07-22,2020-07-27,2025-07-22,863,0.32445,863,2020-07-27,2025-07-22,0,0,0,0
2699,SGN,stocks,"Signing Day Sports, Inc.",common,0,2023-11-14,2026-03-16,2023-11-14,2026-03-16,550,0.045455,550,2023-11-14,2026-03-16,0,0,0,0
2700,SGTX,stocks,"Sigilon Therapeutics, Inc.",common,0,2020-12-04,2023-08-10,2020-12-04,2023-08-10,553,0.130199,553,2020-12-04,2023-08-10,0,0,0,0
2701,SHCO,stocks,Soho House & Co Inc.,common,0,2023-03-20,2026-01-28,2023-03-20,2026-01-28,717,0.002789,717,2023-03-20,2026-01-28,0,0,1,0
2702,SHCR,stocks,"Sharecare, Inc.",common,0,2021-07-02,2024-10-21,2021-07-02,2024-10-21,830,0.020482,830,2021-07-02,2024-10-21,0,0,0,0
2703,SHYF,stocks,"SHYFT GROUP, INC.",common,0,2020-07-27,2025-06-30,2020-07-27,2025-06-30,1238,0.0,1238,2020-07-27,2025-06-30,0,0,1,0
2704,SIEN,stocks,"Sientra, Inc.",common,0,2020-07-27,2024-02-21,2020-07-27,2024-02-21,865,0.039306,865,2020-07-27,2024-02-21,0,0,0,0
2705,SILA,stocks,"Sila Realty Trust, Inc.",common,0,2024-06-13,2026-06-30,2024-06-13,2026-06-30,512,0.0,512,2024-06-13,2026-06-30,0,1,0,0
2706,SILK,stocks,Silk Road Medical Inc,common,0,2020-07-27,2024-09-16,2020-07-27,2024-09-16,1042,0.0,1042,2020-07-27,2024-09-16,0,0,1,0
2707,SILV,stocks,SilverCrest Metals Inc.,common,0,2020-07-27,2025-02-13,2020-07-27,2025-02-13,1145,0.0,1145,2020-07-27,2025-02-13,0,0,1,0
2708,SING,stocks,SinglePoint Inc.,common,0,2023-12-15,2024-09-10,2023-12-15,2024-09-10,172,0.110465,172,2023-12-15,2024-09-10,0,0,0,0
2709,SIOX,stocks,Sio Gene Therapies Inc.,common,0,2020-07-27,2023-03-22,2020-07-27,2023-03-22,633,0.080569,633,2020-07-27,2023-03-22,0,0,0,0
2710,SIRE,stocks,Sisecam Resources LP,common,0,2022-03-01,2023-05-25,2022-03-01,2023-05-25,227,0.334802,227,2022-03-01,2023-05-25,0,0,0,0
2711,SIX,stocks,Six Flags Entertainment Corp/OLD,common,0,2020-07-27,2024-07-01,2020-07-27,2024-07-01,986,0.0,986,2020-07-27,2024-07-01,0,0,1,0
2712,SJI,stocks,SOUTH JERSEY INDUSTRIES INC,common,0,2020-07-27,2023-01-31,2020-07-27,2023-01-31,631,0.0,631,2020-07-27,2023-01-31,0,0,1,0
2713,SJR,stocks,SHAW COMMUNICATIONS INC,common,0,2020-07-27,2023-04-03,2020-07-27,2023-04-03,674,0.0,674,2020-07-27,2023-04-03,0,0,1,0
2714,SKX,stocks,SKECHERS USA INC,common,0,2020-07-27,2025-09-11,2020-07-27,2025-09-11,1286,0.0,1286,2020-07-27,2025-09-11,0,0,1,0
2715,SLCA,stocks,"U.S. SILICA HOLDINGS, INC.",common,0,2020-07-27,2024-07-31,2020-07-27,2024-07-31,1007,0.0,1007,2020-07-27,2024-07-31,0,0,1,0
2716,SLGC,stocks,"SomaLogic, Inc.",common,0,2021-09-02,2024-01-05,2021-09-02,2024-01-05,589,0.0,589,2021-09-02,2024-01-05,0,0,1,0
2717,SLNO,stocks,SOLENO THERAPEUTICS INC,common,0,2020-07-27,2026-05-15,2020-07-27,2026-05-15,1397,0.066571,1397,2020-07-27,2026-05-15,0,0,0,0
2718,SLRN,stocks,"ACELYRIN, Inc.",common,0,2023-05-05,2025-05-20,2023-05-05,2025-05-20,512,0.0,512,2023-05-05,2025-05-20,0,0,0,0
2719,SMAR,stocks,SMARTSHEET INC,common,0,2020-07-27,2025-01-21,2020-07-27,2025-01-21,1125,0.0,1125,2020-07-27,2025-01-21,0,0,1,0
2720,SMFL,stocks,"SMART FOR LIFE, INC.",common,0,2022-02-16,2024-09-18,2022-02-16,2024-09-18,373,0.131367,373,2022-02-16,2024-09-18,0,0,0,0
2721,SMIT,stocks,SCHMITT INDUSTRIES INC,common,0,2020-07-28,2023-01-11,2020-07-28,2023-01-11,251,0.513944,251,2020-07-28,2023-01-11,0,0,0,0
2722,SMLP,stocks,"Summit Midstream Partners, LP",common,0,2020-07-27,2024-07-31,2020-07-27,2024-07-31,752,0.196809,752,2020-07-27,2024-07-31,0,0,0,0
2723,SMLR,stocks,"Semler Scientific, Inc.",common,0,2021-09-28,2026-01-15,2021-09-28,2026-01-15,1071,0.018674,1071,2021-09-28,2026-01-15,0,0,0,0
2724,SMMF,stocks,"SUMMIT FINANCIAL GROUP, INC.",common,0,2020-07-27,2024-05-02,2020-07-27,2024-05-02,646,0.329721,646,2020-07-27,2024-05-02,0,0,0,0
2725,SNAX,stocks,"STRYVE FOODS, INC.",common,0,2020-07-28,2025-02-05,2020-07-28,2025-02-05,745,0.252349,745,2020-07-28,2025-02-05,0,0,0,0
2726,SNCE,stocks,"Science 37 Holdings, Inc.",common,0,2021-10-07,2024-03-11,2021-10-07,2024-03-11,585,0.039316,585,2021-10-07,2024-03-11,0,0,0,0
2727,SNCY,stocks,"Sun Country Airlines Holdings, Inc.",common,0,2021-03-17,2026-05-12,2021-03-17,2026-05-12,1295,0.0,1295,2021-03-17,2026-05-12,0,0,1,0
2728,SNMP,stocks,Evolve Transition Infrastructure LP,common,0,2020-07-28,2024-02-15,2020-07-28,2024-02-15,604,0.254967,604,2020-07-28,2024-02-15,0,0,0,0
2729,SNPO,stocks,Snap One Holdings Corp.,common,0,2021-07-28,2024-06-14,2021-07-28,2024-06-14,676,0.08432,676,2021-07-28,2024-06-14,0,0,0,0
2730,SNRHU,stocks,Senior Connect Acquisition Corp. I,suffix-U,0,2020-12-11,2023-02-07,2020-12-11,2023-02-07,123,0.455285,123,2020-12-11,2023-02-07,0,0,0,0
2731,SNV,stocks,SYNOVUS FINANCIAL CORP,common,0,2020-07-27,2025-12-31,2020-07-27,2025-12-31,1363,0.0,1363,2020-07-27,2025-12-31,0,0,1,0
2732,SOFO,stocks,SONIC FOUNDRY INC,common,0,2022-01-25,2023-12-01,2022-01-25,2023-12-01,163,0.588957,163,2022-01-25,2023-12-01,0,0,0,0
2733,SOHO,stocks,Sotherly Hotels Inc.,common,0,2020-07-28,2026-02-12,2020-07-28,2026-02-12,1034,0.265957,1034,2020-07-28,2026-02-12,0,0,0,0
2734,SOL,stocks,Emeren Group Ltd,common,0,2020-07-27,2025-12-12,2020-07-27,2025-12-12,1333,0.010503,1333,2020-07-27,2025-12-12,0,0,0,0
2735,SOND,stocks,Sonder Holdings Inc.,common,0,2021-03-16,2025-11-21,2021-03-16,2025-11-21,1039,0.128008,1039,2021-03-16,2025-11-21,0,0,0,0
2736,SONN,stocks,"Sonnet BioTherapeutics Holdings, Inc.",common,0,2020-07-28,2025-12-02,2020-07-28,2025-12-02,955,0.140314,955,2020-07-28,2025-12-02,0,0,0,0
2737,SOVO,stocks,"Sovos Brands, Inc.",common,0,2021-09-23,2024-03-11,2021-09-23,2024-03-11,619,0.0,619,2021-09-23,2024-03-11,0,0,1,0
2738,SP,stocks,SP Plus Corp,common,0,2020-07-27,2024-05-15,2020-07-27,2024-05-15,958,0.007307,958,2020-07-27,2024-05-15,0,0,1,0
2739,SPI,stocks,"SPI Energy Co., Ltd.",common,0,2020-07-27,2025-01-14,2020-07-27,2025-01-14,936,0.173077,936,2020-07-27,2025-01-14,0,0,0,0
2740,SPKB,stocks,Silver Spike Acquisition Corp II,common,0,2021-06-03,2023-03-22,2021-06-03,2023-03-22,157,0.649682,157,2021-06-03,2023-03-22,0,0,0,0
2741,SPLK,stocks,SPLUNK INC,common,0,2020-07-27,2024-03-15,2020-07-27,2024-03-15,916,0.0,916,2020-07-27,2024-03-15,0,0,1,0
2742,SPLP,stocks,STEEL PARTNERS HOLDINGS L.P.,common,0,2020-07-27,2025-04-14,2020-07-27,2025-04-14,401,0.379052,401,2020-07-27,2025-04-14,0,0,0,0
2743,SPNE,stocks,SeaSpine Holdings Corp,common,0,2020-07-27,2023-01-04,2020-07-27,2023-01-04,615,0.001626,615,2020-07-27,2023-01-04,0,0,1,0
2744,SPNS,stocks,SAPIENS INTERNATIONAL CORP N V,common,0,2020-07-27,2025-12-16,2020-07-27,2025-12-16,1355,0.0,1355,2020-07-27,2025-12-16,0,0,1,0
2745,SPPI,stocks,SPECTRUM PHARMACEUTICALS INC,common,0,2020-07-27,2023-07-31,2020-07-27,2023-07-31,757,0.0,757,2020-07-27,2023-07-31,0,0,1,0
2746,SPR,stocks,"Spirit AeroSystems Holdings, Inc.",common,0,2020-07-27,2025-12-05,2020-07-27,2025-12-05,1346,0.0,1346,2020-07-27,2025-12-05,0,0,1,0
2747,SPTN,stocks,SpartanNash Co,common,0,2020-07-27,2025-09-19,2020-07-27,2025-09-19,1295,0.0,1295,2020-07-27,2025-09-19,0,0,1,0
2748,SQSP,stocks,"Squarespace, Inc.",common,0,2021-05-19,2024-10-16,2021-05-19,2024-10-16,857,0.0,857,2021-05-19,2024-10-16,0,0,1,0
2749,SQZB,stocks,SQZ Biotechnologies Co,common,0,2020-10-30,2023-07-03,2020-10-30,2023-07-03,601,0.083195,601,2020-10-30,2023-07-03,0,0,0,0
2750,SRAX,stocks,"SRAX, Inc.",common,0,2020-07-27,2023-03-08,2020-07-27,2023-03-08,593,0.107926,593,2020-07-27,2023-03-08,0,0,0,0
2751,SRC,stocks,"SPIRIT REALTY CAPITAL, INC.",common,0,2020-07-27,2024-01-22,2020-07-27,2024-01-22,875,0.0,875,2020-07-27,2024-01-22,0,0,1,0
2752,SRDX,stocks,SURMODICS INC,common,0,2020-07-27,2025-11-18,2020-07-27,2025-11-18,1321,0.012869,1321,2020-07-27,2025-11-18,0,0,0,0
2753,SRGA,stocks,"SURGALIGN HOLDINGS, INC.",common,0,2020-07-27,2023-06-30,2020-07-27,2023-06-30,690,0.069565,690,2020-07-27,2023-06-30,0,0,0,0
2754,SRNEQ,stocks,"Sorrento Therapeutics, Inc.",common,0,2020-07-27,2023-02-22,2020-07-27,2023-02-22,649,0.0,649,2020-07-27,2023-02-22,0,0,1,0
2755,SRT,stocks,"Startek, Inc.",common,0,2020-07-28,2024-01-04,2020-07-28,2024-01-04,755,0.136424,755,2020-07-28,2024-01-04,0,0,0,0
2756,SSBK,stocks,"Southern States Bancshares, Inc.",common,0,2021-08-12,2025-06-30,2021-08-12,2025-06-30,581,0.320138,581,2021-08-12,2025-06-30,0,0,0,0
2757,SSKN,stocks,"STRATA Skin Sciences, Inc.",common,0,2019-01-02,2026-02-18,2019-01-02,2026-02-18,1792,0.013393,1792,2019-01-02,2026-02-18,0,1,0,0
2758,SSU,stocks,SIGNA Sports United N.V.,common,0,2020-10-02,2023-10-10,2020-10-02,2023-10-10,517,0.259188,517,2020-10-02,2023-10-10,0,0,0,0
2759,SSY,stocks,SUNLINK HEALTH SYSTEMS INC,common,0,2020-08-05,2025-08-14,2020-08-05,2025-08-14,564,0.439716,564,2020-08-05,2025-08-14,0,0,0,0
2760,STAB,stocks,"Statera Biopharma, Inc.",common,0,2020-07-27,2023-01-11,2020-07-27,2023-01-11,566,0.130742,566,2020-07-27,2023-01-11,0,0,0,0
2761,STAF,stocks,"Staffing 360 Solutions, Inc.",common,0,2020-08-06,2025-02-12,2020-08-06,2025-02-12,779,0.264442,779,2020-08-06,2025-02-12,0,0,0,0
2762,STBX,stocks,Starbox Group Holdings Ltd.,common,0,2022-08-23,2025-05-02,2022-08-23,2025-05-02,288,0.0,288,2022-08-23,2025-05-02,0,0,0,0
2763,STCN,stocks,"Steel Connect, Inc.",common,0,2020-07-29,2024-12-30,2020-07-29,2024-12-30,670,0.407463,670,2020-07-29,2024-12-30,0,0,0,0
2764,STER,stocks,Sterling Check Corp.,common,0,2021-09-23,2024-10-30,2021-09-23,2024-10-30,780,0.001282,780,2021-09-23,2024-10-30,0,0,1,0
2765,STIX,stocks,"Semantix, Inc.",common,0,2022-08-04,2024-04-12,2022-08-04,2024-04-12,269,0.334572,269,2022-08-04,2024-04-12,0,0,0,0
2766,STKL,stocks,SunOpta Inc.,common,0,2020-07-27,2026-05-01,2020-07-27,2026-05-01,1449,0.0,1449,2020-07-27,2026-05-01,0,0,1,0
2767,STOR,stocks,STORE CAPITAL Corp,common,0,2020-07-27,2023-02-02,2020-07-27,2023-02-02,633,0.0,633,2020-07-27,2023-02-02,0,0,1,0
2768,STRM,stocks,STREAMLINE HEALTH SOLUTIONS INC.,common,0,2020-07-28,2025-08-11,2020-07-28,2025-08-11,875,0.252571,875,2020-07-28,2025-08-11,0,0,0,0
2769,STSA,stocks,"Satsuma Pharmaceuticals, Inc.",common,0,2020-07-27,2023-06-07,2020-07-27,2023-06-07,690,0.063768,690,2020-07-27,2023-06-07,0,0,0,0
2770,SUM,stocks,"Summit Materials, Inc.",common,0,2020-07-27,2025-02-10,2020-07-27,2025-02-10,1139,0.0,1139,2020-07-27,2025-02-10,0,0,1,0
2771,SUMO,stocks,"Sumo Logic, Inc.",common,0,2020-09-17,2023-05-11,2020-09-17,2023-05-11,667,0.0,667,2020-09-17,2023-05-11,0,0,1,0
2772,SUNL,stocks,Sunlight Financial Holdings Inc.,common,0,2021-01-15,2023-09-25,2021-01-15,2023-09-25,669,0.019432,669,2021-01-15,2023-09-25,0,0,0,0
2773,SUNW,stocks,"Sunworks, Inc.",common,0,2020-07-27,2024-02-14,2020-07-27,2024-02-14,889,0.012373,889,2020-07-27,2024-02-14,0,0,0,0
2774,SUP,stocks,SUPERIOR INDUSTRIES INTERNATIONAL INC,common,0,2020-07-28,2025-06-24,2020-07-28,2025-06-24,1159,0.091458,1159,2020-07-28,2025-06-24,0,0,0,0
2775,SURF,stocks,"Surface Oncology, Inc.",common,0,2020-07-27,2023-09-07,2020-07-27,2023-09-07,772,0.037565,772,2020-07-27,2023-09-07,0,0,0,0
2776,SVFAU,stocks,SVF Investment Corp.,suffix-U,0,2021-01-08,2023-01-24,2021-01-08,2023-01-24,380,0.386842,380,2021-01-08,2023-01-24,0,0,0,0
2777,SVFB,stocks,SVF Investment Corp. 2,common,0,2021-03-09,2023-03-09,2021-03-09,2023-03-09,188,0.601064,188,2021-03-09,2023-03-09,0,0,0,0
2778,SVIIU,stocks,Spring Valley Acquisition Corp. II,suffix-U,0,2022-10-13,2024-06-25,2022-10-13,2024-06-25,60,0.6,60,2022-10-13,2024-06-25,0,0,0,0
2779,SVT,stocks,SERVOTRONICS INC /DE/,common,0,2020-07-30,2025-06-30,2020-07-30,2025-06-30,213,0.680751,213,2020-07-30,2025-06-30,0,0,0,0
2780,SWAV,stocks,"Shockwave Medical, Inc.",common,0,2020-07-27,2024-05-30,2020-07-27,2024-05-30,968,0.0,968,2020-07-27,2024-05-30,0,0,1,0
2781,SWI,stocks,SolarWinds Corp,common,0,2020-07-27,2025-04-15,2020-07-27,2025-04-15,1184,0.0,1184,2020-07-27,2025-04-15,0,0,1,0
2782,SWIR,stocks,SIERRA WIRELESS INC,common,0,2020-07-27,2023-01-12,2020-07-27,2023-01-12,622,0.0,622,2020-07-27,2023-01-12,0,0,1,0
2783,SWSSU,stocks,Clean Energy Special Situations Corp.,suffix-U,0,2021-08-26,2024-06-04,2021-08-26,2024-06-04,77,0.701299,77,2021-08-26,2024-06-04,0,0,0,0
2784,SWTX,stocks,"SpringWorks Therapeutics, Inc.",common,0,2020-07-27,2025-06-30,2020-07-27,2025-06-30,1238,0.0,1238,2020-07-27,2025-06-30,0,0,1,0
2785,SYNH,stocks,"Syneos Health, Inc.",common,0,2020-07-27,2023-09-27,2020-07-27,2023-09-27,799,0.0,799,2020-07-27,2023-09-27,0,0,1,0
2786,SYRS,stocks,"Syros Pharmaceuticals, Inc.",common,0,2020-07-27,2025-03-19,2020-07-27,2025-03-19,1150,0.034783,1150,2020-07-27,2025-03-19,0,0,0,0
2787,SYT,stocks,"SYLA Technologies Co., Ltd.",common,0,2023-03-31,2025-05-28,2023-03-31,2025-05-28,280,0.146429,280,2023-03-31,2025-05-28,0,0,0,0
2788,TA,stocks,TravelCenters of America Inc. /MD/,common,0,2020-07-27,2023-05-12,2020-07-27,2023-05-12,705,0.001418,705,2020-07-27,2023-05-12,0,0,1,0
2789,TARO,stocks,TARO PHARMACEUTICAL INDUSTRIES LTD,common,0,2020-07-27,2024-06-21,2020-07-27,2024-06-21,871,0.166475,871,2020-07-27,2024-06-21,0,0,0,0
2790,TAST,stocks,"CARROLS RESTAURANT GROUP, INC.",common,0,2020-07-27,2024-05-15,2020-07-27,2024-05-15,948,0.017932,948,2020-07-27,2024-05-15,0,0,0,0
2791,TBHC,stocks,"BRAND HOUSE COLLECTIVE, INC.",common,0,2025-07-29,2026-03-31,2025-07-29,2026-03-31,157,0.095541,157,2025-07-29,2026-03-31,0,0,0,0
2792,TBIO,stocks,Telesis Bio Inc.,common,0,2021-06-18,2024-09-27,2021-06-18,2024-09-27,700,0.201429,700,2021-06-18,2024-09-27,0,0,0,0
2793,TBNK,stocks,Territorial Bancorp Inc.,common,0,2020-07-27,2025-03-27,2020-07-27,2025-03-27,883,0.276331,883,2020-07-27,2025-03-27,0,0,0,0
2794,TBRG,stocks,"TruBridge, Inc.",common,0,2019-01-02,2026-07-08,2019-01-02,2026-07-08,720,0.029167,720,2019-01-02,2026-07-08,0,1,0,0
2795,TCBC,stocks,"TC Bancshares, Inc.",common,0,2021-07-21,2024-08-01,2021-07-21,2024-08-01,207,0.652174,207,2021-07-21,2024-08-01,0,0,0,0
2796,TCBP,stocks,TC BioPharm (Holdings) plc,common,0,2023-01-04,2025-03-21,2023-01-04,2025-03-21,341,0.032258,341,2023-01-04,2025-03-21,0,0,0,0
2797,TCFC,stocks,COMMUNITY FINANCIAL CORP /MD/,common,0,2020-07-30,2023-06-30,2020-07-30,2023-06-30,429,0.379953,429,2020-07-30,2023-06-30,0,0,0,0
2798,TCN,stocks,Tricon Residential Inc.,common,0,2021-10-08,2024-05-01,2021-10-08,2024-05-01,642,0.0,642,2021-10-08,2024-05-01,0,0,1,0
2799,TCON,stocks,"Tracon Pharmaceuticals, Inc.",common,0,2020-07-28,2024-06-27,2020-07-28,2024-06-27,907,0.108049,907,2020-07-28,2024-06-27,0,0,0,0
2800,TCRR,stocks,TCR2 THERAPEUTICS INC.,common,0,2020-07-27,2023-05-31,2020-07-27,2023-05-31,711,0.009845,711,2020-07-27,2023-05-31,0,0,1,0
2801,TCS,stocks,"Container Store Group, Inc.",common,0,2020-07-27,2024-12-09,2020-07-27,2024-12-09,1088,0.012868,1088,2020-07-27,2024-12-09,0,0,0,0
2802,TCVA,stocks,TCV Acquisition Corp.,common,0,2021-04-14,2023-04-12,2021-04-14,2023-04-12,198,0.530303,198,2021-04-14,2023-04-12,0,0,0,0
2803,TDCX,stocks,TDCX Inc.,common,0,2021-10-01,2024-06-18,2021-10-01,2024-06-18,676,0.032544,676,2021-10-01,2024-06-18,0,0,0,0
2804,TEAF,stocks,TORTOISE SUSTAINABLE & SOCIAL IMPACT TERM FUND,fund,0,2020-07-29,2025-11-07,2020-07-29,2025-11-07,1027,0.311587,1027,2020-07-29,2025-11-07,0,0,0,0
2805,TECTP,stocks,"Tectonic Financial, Inc.",suffix-P,0,2020-08-20,2026-02-13,2020-08-20,2026-02-13,502,0.466135,502,2020-08-20,2026-02-13,0,0,0,0
2806,TELL,stocks,TELLURIAN INC. /DE/,common,0,2020-07-27,2024-10-08,2020-07-27,2024-10-08,1058,0.0,1058,2020-07-27,2024-10-08,0,0,1,0
2807,TERN,stocks,"Terns Pharmaceuticals, Inc.",common,0,2021-02-05,2026-05-04,2021-02-05,2026-05-04,1295,0.0139,1295,2021-02-05,2026-05-04,0,0,0,0
2808,TESS,stocks,TESSCO TECHNOLOGIES INC,common,0,2020-07-27,2023-07-13,2020-07-27,2023-07-13,526,0.298479,526,2020-07-27,2023-07-13,0,0,0,0
2809,TETCU,stocks,Tech & Energy Transition Corp,suffix-U,0,2021-03-17,2023-03-16,2021-03-17,2023-03-16,77,0.701299,77,2021-03-17,2023-03-16,0,0,0,0
2810,TFFP,stocks,"TFF Pharmaceuticals, Inc.",common,0,2020-07-27,2024-12-12,2020-07-27,2024-12-12,1004,0.085657,1004,2020-07-27,2024-12-12,0,0,0,0
2811,TFSA,stocks,"Terra Income Fund 6, LLC",fund,0,2021-02-11,2026-03-26,2021-02-11,2026-03-26,134,0.731343,134,2021-02-11,2026-03-26,0,0,0,0
2812,TGAN,stocks,"Transphorm, Inc.",common,0,2022-02-25,2024-06-20,2022-02-25,2024-06-20,523,0.122371,523,2022-02-25,2024-06-20,0,0,0,0
2813,TGH,stocks,TEXTAINER GROUP HOLDINGS LTD,common,0,2020-07-27,2024-03-13,2020-07-27,2024-03-13,911,0.001098,911,2020-07-27,2024-03-13,0,0,1,0
2814,TGI,stocks,TRIUMPH GROUP INC,common,0,2020-07-27,2025-07-24,2020-07-27,2025-07-24,1252,0.0,1252,2020-07-27,2025-07-24,0,0,1,0
2815,THCPU,stocks,"Thunder Bridge Capital Partners IV, Inc.",suffix-U,0,2021-06-30,2023-11-09,2021-06-30,2023-11-09,86,0.767442,86,2021-06-30,2023-11-09,0,0,0,0
2816,THMO,stocks,"ThermoGenesis Holdings, Inc.",common,0,2020-07-27,2024-06-14,2020-07-27,2024-06-14,716,0.261173,716,2020-07-27,2024-06-14,0,0,0,0
2817,THR,stocks,"Thermon Group Holdings, Inc.",common,0,2020-07-27,2026-05-29,2020-07-27,2026-05-29,1462,0.0,1462,2020-07-27,2026-05-29,0,0,1,0
2818,THRD,stocks,"Third Harmonic Bio, Inc.",common,0,2022-09-15,2025-07-30,2022-09-15,2025-07-30,713,0.026648,713,2022-09-15,2025-07-30,0,0,0,0
2819,THRN,stocks,"Thorne Healthtech, Inc.",common,0,2021-09-23,2023-10-13,2021-09-23,2023-10-13,473,0.095137,473,2021-09-23,2023-10-13,0,0,0,0
2820,THRX,stocks,"Theseus Pharmaceuticals, Inc.",common,0,2021-10-07,2024-02-13,2021-10-07,2024-02-13,579,0.032815,579,2021-10-07,2024-02-13,0,0,0,0
2821,THS,stocks,"TreeHouse Foods, Inc.",common,0,2020-07-27,2026-02-10,2020-07-27,2026-02-10,1390,0.0,1390,2020-07-27,2026-02-10,0,0,1,0
2822,THTX,stocks,Theratechnologies Inc.,common,0,2020-07-27,2025-09-25,2020-07-27,2025-09-25,1000,0.248,1000,2020-07-27,2025-09-25,0,0,0,0
2823,TIO,stocks,"Tingo Group, Inc.",common,0,2020-07-27,2023-11-13,2020-07-27,2023-11-13,820,0.030488,820,2020-07-27,2023-11-13,0,0,0,0
2824,TIOAU,stocks,Tio Tech A,suffix-U,0,2021-04-08,2023-04-12,2021-04-08,2023-04-12,63,0.698413,63,2021-04-08,2023-04-12,0,0,0,0
2825,TIXT,stocks,TELUS International (Cda) Inc.,common,0,2021-02-03,2025-10-30,2021-02-03,2025-10-30,1187,0.005897,1187,2021-02-03,2025-10-30,0,0,1,0
2826,TKAT,stocks,"Takung Art Co., Ltd",common,0,2020-07-28,2023-09-15,2020-07-28,2023-09-15,577,0.166378,577,2020-07-28,2023-09-15,0,0,0,0
2827,TLIS,stocks,Talis Biomedical Corp,common,0,2021-02-12,2024-08-30,2021-02-12,2024-08-30,661,0.208775,661,2021-02-12,2024-08-30,0,0,0,0
2828,TMBR,stocks,"Timber Pharmaceuticals, Inc.",common,0,2020-07-27,2023-11-28,2020-07-27,2023-11-28,688,0.184593,688,2020-07-27,2023-11-28,0,0,0,0
2829,TMDI,stocks,TITAN MEDICAL INC,common,0,2020-07-27,2023-03-09,2020-07-27,2023-03-09,504,0.208333,504,2020-07-27,2023-03-09,0,0,0,0
2830,TMPO,stocks,"Tempo Automation Holdings, Inc.",common,0,2020-09-29,2023-11-01,2020-09-29,2023-11-01,638,0.214734,638,2020-09-29,2023-11-01,0,0,0,0
2831,TPH,stocks,"Tri Pointe Homes, Inc.",common,0,2020-07-27,2026-05-13,2020-07-27,2026-05-13,1454,0.0,1454,2020-07-27,2026-05-13,0,0,1,0
2832,TRHC,stocks,"Tabula Rasa HealthCare, Inc.",common,0,2020-07-27,2023-11-02,2020-07-27,2023-11-02,824,0.002427,824,2020-07-27,2023-11-02,0,0,1,0
2833,TRIS.U,stocks,Tristar Acquisition I Corp.,dotsuffix,0,2021-10-14,2024-07-31,2021-10-14,2024-07-31,60,0.733333,60,2021-10-14,2024-07-31,0,0,0,0
2834,TRKA,stocks,"Troika Media Group, Inc.",common,0,2021-04-20,2023-12-15,2021-04-20,2023-12-15,608,0.103618,608,2021-04-20,2023-12-15,0,0,0,0
2835,TRML,stocks,"Tourmaline Bio, Inc.",common,0,2023-10-20,2025-10-27,2023-10-20,2025-10-27,506,0.0,506,2023-10-20,2025-10-27,0,0,0,0
2836,TRTL.U,stocks,TortoiseEcofin Acquisition Corp. III,dotsuffix,0,2021-07-20,2024-07-17,2021-07-20,2024-07-17,61,0.655738,61,2021-07-20,2024-07-17,0,0,0,0
2837,TRUE,stocks,"TrueCar, Inc.",common,0,2020-07-27,2026-01-21,2020-07-27,2026-01-21,1378,0.004354,1378,2020-07-27,2026-01-21,0,0,1,0
2838,TRVN,stocks,TREVENA INC,common,0,2020-07-27,2024-10-07,2020-07-27,2024-10-07,947,0.100317,947,2020-07-27,2024-10-07,0,0,0,0
2839,TSBX,stocks,Turnstone Biologics Corp.,common,0,2023-07-21,2025-08-05,2023-07-21,2025-08-05,432,0.150463,432,2023-07-21,2025-08-05,0,0,0,0
2840,TSRI,stocks,TSR INC,common,0,2020-07-30,2024-06-28,2020-07-30,2024-06-28,327,0.529052,327,2020-07-30,2024-06-28,0,0,0,0
2841,TSVT,stocks,"2seventy bio, Inc.",common,0,2021-11-05,2025-05-12,2021-11-05,2025-05-12,881,0.001135,881,2021-11-05,2025-05-12,0,0,1,0
2842,TTCFQ,stocks,"Tattooed Chef, Inc.",common,0,2020-07-27,2023-07-11,2020-07-27,2023-07-11,744,0.0,744,2020-07-27,2023-07-11,0,0,1,0
2843,TTM,stocks,TATA MOTORS LTD/FI,common,0,2020-07-27,2023-01-23,2020-07-27,2023-01-23,625,0.0,625,2020-07-27,2023-01-23,0,0,1,0
2844,TTNP,stocks,TITAN PHARMACEUTICALS INC,common,0,2020-07-27,2025-10-01,2020-07-27,2025-10-01,908,0.213656,908,2020-07-27,2025-10-01,0,0,0,0
2845,TTOO,stocks,"T2 Biosystems, Inc.",common,0,2020-07-27,2025-02-11,2020-07-27,2025-02-11,983,0.036623,983,2020-07-27,2025-02-11,0,0,0,0
2846,TTP,stocks,"TORTOISE PIPELINE & ENERGY FUND, INC.",fund,0,2020-07-30,2024-12-20,2020-07-30,2024-12-20,539,0.447124,539,2020-07-30,2024-12-20,0,0,0,0
2847,TUEM,stocks,TUESDAY MORNING CORP/DE,common,0,2021-05-25,2022-12-30,2021-05-25,2022-12-30,379,0.084433,379,2021-05-25,2022-12-30,0,0,0,0
2848,TUP,stocks,TUPPERWARE BRANDS CORP,common,0,2020-07-27,2024-09-16,2020-07-27,2024-09-16,1039,0.0,1039,2020-07-27,2024-09-16,0,0,1,0
2849,TWKS,stocks,"Thoughtworks Holding, Inc.",common,0,2021-09-15,2024-11-12,2021-09-15,2024-11-12,796,0.001256,796,2021-09-15,2024-11-12,0,0,1,0
2850,TWNI.U,stocks,Tailwind International Acquisition Corp.,dotsuffix,0,2021-02-19,2023-03-06,2021-02-19,2023-03-06,85,0.529412,85,2021-02-19,2023-03-06,0,0,0,0
2851,TWNK,stocks,"Hostess Brands, Inc.",common,0,2020-07-27,2023-11-06,2020-07-27,2023-11-06,827,0.0,827,2020-07-27,2023-11-06,0,0,1,0
2852,TWOA,stocks,two,common,0,2021-03-30,2024-03-27,2021-03-30,2024-03-27,187,0.71123,187,2021-03-30,2024-03-27,0,0,0,0
2853,TWOU,stocks,"2U, Inc.",common,0,2020-07-27,2024-08-06,2020-07-27,2024-08-06,1012,0.0,1012,2020-07-27,2024-08-06,0,0,1,0
2854,TZPSU,stocks,TZP Strategies Acquisition Corp.,suffix-U,0,2021-01-20,2023-01-17,2021-01-20,2023-01-17,102,0.578431,102,2021-01-20,2023-01-17,0,0,0,0
2855,UBFO,stocks,UNITED SECURITY BANCSHARES,common,0,2020-07-27,2026-03-31,2020-07-27,2026-03-31,1050,0.24381,1050,2020-07-27,2026-03-31,0,0,0,0
2856,UDMY,stocks,"Udemy, Inc.",common,0,2021-10-29,2026-05-08,2021-10-29,2026-05-08,1135,0.0,1135,2021-10-29,2026-05-08,0,0,1,0
2857,UFAB,stocks,"Unique Fabricating, Inc.",common,0,2020-07-29,2023-11-08,2020-07-29,2023-11-08,431,0.424594,431,2020-07-29,2023-11-08,0,0,0,0
2858,UMPQ,stocks,UMPQUA HOLDINGS CORP,common,0,2020-07-27,2023-02-28,2020-07-27,2023-02-28,653,0.0,653,2020-07-27,2023-02-28,0,0,1,0
2859,UNVR,stocks,Univar Solutions Inc.,common,0,2020-07-27,2023-07-31,2020-07-27,2023-07-31,755,0.0,755,2020-07-27,2023-07-31,0,0,1,0
2860,UPH,stocks,"UpHealth, Inc.",common,0,2020-07-28,2023-12-11,2020-07-28,2023-12-11,661,0.133132,661,2020-07-28,2023-12-11,0,0,0,0
2861,USAP,stocks,UNIVERSAL STAINLESS & ALLOY PRODUCTS INC,common,0,2020-07-27,2025-01-22,2020-07-27,2025-01-22,958,0.15762,958,2020-07-27,2025-01-22,0,0,0,0
2862,USDP,stocks,USD Partners LP,common,0,2020-07-31,2023-11-15,2020-07-31,2023-11-15,644,0.25,644,2020-07-31,2023-11-15,0,0,0,0
2863,USER,stocks,"UserTesting, Inc.",common,0,2021-11-17,2023-01-11,2021-11-17,2023-01-11,288,0.010417,288,2021-11-17,2023-01-11,0,0,0,0
2864,UTAAU,stocks,UTA Acquisition Corp,suffix-U,0,2021-12-02,2023-08-01,2021-12-02,2023-08-01,80,0.7125,80,2021-12-02,2023-08-01,0,0,0,0
2865,UTRS,stocks,MINERVA SURGICAL INC,common,0,2021-10-22,2023-12-28,2021-10-22,2023-12-28,440,0.218182,440,2021-10-22,2023-12-28,0,0,0,0
2866,VAPO,stocks,VAPOTHERM INC,common,0,2020-07-27,2023-12-14,2020-07-27,2023-12-14,825,0.054545,825,2020-07-27,2023-12-14,0,0,0,0
2867,VAQC,stocks,Vector Acquisition Corp II,common,0,2021-03-10,2024-02-02,2021-03-10,2024-02-02,220,0.631818,220,2021-03-10,2024-02-02,0,0,0,0
2868,VAXX,stocks,"Vaxxinity, Inc.",common,0,2021-11-11,2024-05-08,2021-11-11,2024-05-08,619,0.03231,619,2021-11-11,2024-05-08,0,0,0,0
2869,VBFC,stocks,Village Bank & Trust Financial Corp.,common,0,2020-08-04,2025-03-13,2020-08-04,2025-03-13,76,0.710526,76,2020-08-04,2025-03-13,0,0,0,0
2870,VBIV,stocks,VBI Vaccines Inc/BC,common,0,2020-07-27,2024-08-07,2020-07-27,2024-08-07,974,0.054415,974,2020-07-27,2024-08-07,0,0,0,0
2871,VBTX,stocks,"Veritex Holdings, Inc.",common,0,2020-07-27,2025-10-17,2020-07-27,2025-10-17,1315,0.0,1315,2020-07-27,2025-10-17,0,0,1,0
2872,VCSA,stocks,"Vacasa, Inc.",common,0,2021-12-07,2025-04-30,2021-12-07,2025-04-30,836,0.027512,836,2021-12-07,2025-04-30,0,0,0,0
2873,VECT,stocks,VectivBio Holding AG,common,0,2021-04-09,2023-07-07,2021-04-09,2023-07-07,371,0.293801,371,2021-04-09,2023-07-07,0,0,0,0
2874,VERO,stocks,Venus Concept Inc.,common,0,2020-07-27,2026-02-06,2020-07-27,2026-02-06,1120,0.110714,1120,2020-07-27,2026-02-06,0,0,0,0
2875,VERV,stocks,"Verve Therapeutics, Inc.",common,0,2021-06-17,2025-07-24,2021-06-17,2025-07-24,1030,0.0,1030,2021-06-17,2025-07-24,0,0,1,0
2876,VERY,stocks,"Vericity, Inc.",common,0,2020-07-27,2024-06-21,2020-07-27,2024-06-21,156,0.615385,156,2020-07-27,2024-06-21,0,0,0,0
2877,VEV,stocks,VICINITY MOTOR CORP,common,0,2021-07-07,2024-10-30,2021-07-07,2024-10-30,526,0.330798,526,2021-07-07,2024-10-30,0,0,0,0
2878,VFL,stocks,abrdn National Municipal Income Fund,closed-end,0,2019-01-02,2026-07-10,2019-01-02,2026-07-10,1890,0.006878,1890,2019-01-02,2026-07-10,0,1,1,0
2879,VGFC,stocks,Very Good Food Co Inc.,common,0,2021-10-14,2023-01-20,2021-10-14,2023-01-20,269,0.197026,269,2021-10-14,2023-01-20,0,0,0,0
2880,VGR,stocks,VECTOR GROUP LTD,common,0,2020-07-27,2024-10-04,2020-07-27,2024-10-04,1053,0.0,1053,2020-07-27,2024-10-04,0,0,1,0
2881,VHAQ.U,stocks,Viveon Health Acquisition Corp.,dotsuffix,0,2020-12-23,2023-10-24,2020-12-23,2023-10-24,62,0.709677,62,2020-12-23,2023-10-24,0,0,0,0
2882,VIAO,stocks,VIA optronics AG,common,0,2020-09-25,2024-04-23,2020-09-25,2024-04-23,405,0.397531,405,2020-09-25,2024-04-23,0,0,0,0
2883,VIEW,stocks,"View, Inc.",common,0,2020-11-12,2024-04-04,2020-11-12,2024-04-04,812,0.034483,812,2020-11-12,2024-04-04,0,0,0,0
2884,VIGL,stocks,"Vigil Neuroscience, Inc.",common,0,2022-01-07,2025-08-04,2022-01-07,2025-08-04,839,0.072706,839,2022-01-07,2025-08-04,0,0,0,0
2885,VINC,stocks,"Vincerx Pharma, Inc.",common,0,2020-12-24,2025-04-22,2020-12-24,2025-04-22,966,0.148033,966,2020-12-24,2025-04-22,0,0,0,0
2886,VIRX,stocks,"Viracta Therapeutics, Inc.",common,0,2020-07-27,2025-02-03,2020-07-27,2025-02-03,1065,0.096714,1065,2020-07-27,2025-02-03,0,0,0,0
2887,VIVE,stocks,"VIVEVE MEDICAL, INC.",common,0,2020-07-28,2023-01-18,2020-07-28,2023-01-18,396,0.300505,396,2020-07-28,2023-01-18,0,0,0,0
2888,VJET,stocks,voxeljet AG,common,0,2020-07-30,2024-03-22,2020-07-30,2024-03-22,581,0.333907,581,2020-07-30,2024-03-22,0,0,0,0
2889,VLAT,stocks,Valor Latitude Acquisition Corp.,common,0,2021-06-29,2023-04-20,2021-06-29,2023-04-20,80,0.8375,80,2021-06-29,2023-04-20,0,0,0,0
2890,VLDR,stocks,"Velodyne Lidar, Inc.",common,0,2020-09-30,2023-02-10,2020-09-30,2023-02-10,596,0.0,596,2020-09-30,2023-02-10,0,0,1,0
2891,VLNS,stocks,"Valens Company, Inc.",common,0,2021-12-10,2023-01-10,2021-12-10,2023-01-10,160,0.41875,160,2021-12-10,2023-01-10,0,0,0,0
2892,VLTA,stocks,Volta Inc.,common,0,2021-08-27,2023-03-30,2021-08-27,2023-03-30,398,0.0,398,2021-08-27,2023-03-30,0,0,0,0
2893,VMEO,stocks,"Vimeo, Inc.",common,0,2021-05-25,2025-11-21,2021-05-25,2025-11-21,1131,0.0,1131,2021-05-25,2025-11-21,0,0,1,0
2894,VMW,stocks,VMWARE LLC,common,0,2020-07-27,2023-11-21,2020-07-27,2023-11-21,835,0.0,835,2020-07-27,2023-11-21,0,0,1,0
2895,VNTR,stocks,Venator Materials PLC,common,0,2020-07-27,2023-05-12,2020-07-27,2023-05-12,686,0.036443,686,2020-07-27,2023-05-12,0,0,0,0
2896,VORB,stocks,"Virgin Orbit Holdings, Inc.",common,0,2021-12-30,2023-04-12,2021-12-30,2023-04-12,322,0.006211,322,2021-12-30,2023-04-12,0,0,0,0
2897,VOXX,stocks,VOXX International Corp,common,0,2020-07-27,2025-03-31,2020-07-27,2025-03-31,1141,0.041192,1141,2020-07-27,2025-03-31,0,0,0,0
2898,VPCBU,stocks,VPC Impact Acquisition Holdings II,suffix-U,0,2021-03-05,2023-03-16,2021-03-05,2023-03-16,109,0.651376,109,2021-03-05,2023-03-16,0,0,0,0
2899,VRAYQ,stocks,"ViewRay, Inc.",common,0,2020-07-27,2023-07-25,2020-07-27,2023-07-25,754,0.0,754,2020-07-27,2023-07-25,0,0,1,0
2900,VRE,stocks,"Veris Residential, Inc.",common,0,2021-12-13,2026-05-26,2021-12-13,2026-05-26,1115,0.0,1115,2021-12-13,2026-05-26,0,0,1,0
2901,VRN,stocks,Veren Inc.,common,0,2024-05-15,2025-05-09,2024-05-15,2025-05-09,247,0.0,247,2024-05-15,2025-05-09,0,0,0,0
2902,VRNA,stocks,Verona Pharma plc,common,0,2020-07-27,2025-10-06,2020-07-27,2025-10-06,1252,0.038339,1252,2020-07-27,2025-10-06,0,0,0,0
2903,VRNT,stocks,VERINT SYSTEMS INC,common,0,2020-07-27,2025-11-25,2020-07-27,2025-11-25,1342,0.0,1342,2020-07-27,2025-11-25,0,0,1,0
2904,VRPX,stocks,"Virpax Pharmaceuticals, Inc.",common,0,2021-02-17,2025-04-03,2021-02-17,2025-04-03,669,0.089686,669,2021-02-17,2025-04-03,0,0,0,0
2905,VRTV,stocks,Veritiv Corp,common,0,2020-07-27,2023-11-29,2020-07-27,2023-11-29,838,0.001193,838,2020-07-27,2023-11-29,0,0,1,0
2906,VSTA,stocks,Vasta Platform Ltd,common,0,2020-07-31,2026-01-28,2020-07-31,2026-01-28,928,0.238147,928,2020-07-31,2026-01-28,0,0,0,0
2907,VSTE,stocks,Vast Renewables Ltd,common,0,2022-01-11,2025-05-23,2022-01-11,2025-05-23,342,0.347953,342,2022-01-11,2025-05-23,0,0,0,0
2908,VSTO,stocks,Vista Outdoor Inc.,common,0,2020-07-27,2024-11-26,2020-07-27,2024-11-26,1090,0.0,1090,2020-07-27,2024-11-26,0,0,1,0
2909,VTLE,stocks,"Vital Energy, Inc.",common,0,2023-01-09,2025-12-12,2023-01-09,2025-12-12,736,0.0,736,2023-01-09,2025-12-12,0,0,1,0
2910,VTRU,stocks,Vitru Ltd,common,0,2020-09-18,2024-06-04,2020-09-18,2024-06-04,601,0.252912,601,2020-09-18,2024-06-04,0,0,0,0
2911,VTYX,stocks,"Ventyx Biosciences, Inc.",common,0,2021-10-21,2026-03-03,2021-10-21,2026-03-03,1094,0.0,1094,2021-10-21,2026-03-03,0,0,1,0
2912,VVNT,stocks,"Vivint Smart Home, Inc.",common,0,2020-07-27,2023-03-09,2020-07-27,2023-03-09,657,0.001522,657,2020-07-27,2023-03-09,0,0,1,0
2913,VWE,stocks,"Vintage Wine Estates, Inc.",common,0,2021-02-08,2024-08-01,2021-02-08,2024-08-01,845,0.04142,845,2021-02-08,2024-08-01,0,0,0,0
2914,VYNT,stocks,"Vyant Bio, Inc.",common,0,2020-08-10,2023-05-12,2020-08-10,2023-05-12,424,0.275943,424,2020-08-10,2023-05-12,0,0,0,0
2915,VZIO,stocks,Vizio Holding Corp.,common,0,2021-03-25,2024-12-02,2021-03-25,2024-12-02,926,0.0,926,2021-03-25,2024-12-02,0,0,1,0
2916,WEBR,stocks,Weber Inc.,common,0,2021-08-05,2023-02-17,2021-08-05,2023-02-17,386,0.002591,386,2021-08-05,2023-02-17,0,0,0,0
2917,WHLM,stocks,"Wilhelmina International, Inc.",common,0,2020-07-27,2024-12-27,2020-07-27,2024-12-27,478,0.372385,424,2020-07-27,2024-12-27,0,0,0,0
2918,WIRE,stocks,ENCORE WIRE CORP,common,0,2020-07-27,2024-07-01,2020-07-27,2024-07-01,989,0.002022,989,2020-07-27,2024-07-01,0,0,1,0
2919,WKME,stocks,WalkMe Ltd.,common,0,2021-06-16,2024-09-11,2021-06-16,2024-09-11,812,0.0,812,2021-06-16,2024-09-11,0,0,1,0
2920,WLMS,stocks,Williams Industrial Services Group Inc.,common,0,2021-02-23,2023-07-21,2021-02-23,2023-07-21,418,0.30622,418,2021-02-23,2023-07-21,0,0,0,0
2921,WMC,stocks,Western Asset Mortgage Capital Corp,common,0,2020-07-27,2023-12-05,2020-07-27,2023-12-05,721,0.14147,721,2020-07-27,2023-12-05,0,0,0,0
2922,WMPN,stocks,William Penn Bancorporation,common,0,2021-03-25,2025-04-29,2021-03-25,2025-04-29,695,0.359712,695,2021-03-25,2025-04-29,0,0,0,0
2923,WOW,stocks,"WideOpenWest, Inc.",common,0,2020-07-27,2025-12-30,2020-07-27,2025-12-30,1362,0.002203,1362,2020-07-27,2025-12-30,0,0,1,0
2924,WPCB.U,stocks,Warburg Pincus Capital Corp I-B,dotsuffix,0,2021-03-05,2023-01-04,2021-03-05,2023-01-04,74,0.743243,74,2021-03-05,2023-01-04,0,0,0,0
2925,WRK,stocks,WestRock Co,common,0,2020-07-27,2024-07-05,2020-07-27,2024-07-05,989,0.0,989,2020-07-27,2024-07-05,0,0,1,0
2926,WRNT,stocks,WARRANTEE INC.,common,0,2023-07-25,2024-08-06,2023-07-25,2024-08-06,187,0.28877,187,2023-07-25,2024-08-06,0,0,0,0
2927,WSR,stocks,Whitestone REIT,common,0,2019-01-02,2026-07-13,2019-01-02,2026-07-13,1891,0.0,1891,2019-01-02,2026-07-13,0,1,1,0
2928,WTT,stocks,WIRELESS TELECOM GROUP INC,common,0,2020-07-27,2023-08-03,2020-07-27,2023-08-03,376,0.486702,376,2020-07-27,2023-08-03,0,0,0,0
2929,WWE,stocks,"WORLD WRESTLING ENTERTAINMENT, LLC",common,0,2020-07-27,2023-09-11,2020-07-27,2023-09-11,784,0.0,784,2020-07-27,2023-09-11,0,0,1,0
2930,XELA,stocks,"Exela Technologies, Inc.",common,0,2020-07-27,2024-11-07,2020-07-27,2024-11-07,951,0.046267,951,2020-07-27,2024-11-07,0,0,0,0
2931,XIN,stocks,"Xinyuan Real Estate Co., Ltd.",common,0,2020-07-27,2025-09-03,2020-07-27,2025-09-03,674,0.385757,674,2020-07-27,2025-09-03,0,0,0,0
2932,XM,stocks,Qualtrics International Inc.,common,0,2021-01-28,2023-06-27,2021-01-28,2023-06-27,607,0.001647,607,2021-01-28,2023-06-27,0,0,1,0
2933,XTKG,stocks,"X3 Holdings Co., Ltd.",common,0,2024-02-05,2026-04-01,2024-02-05,2026-04-01,438,0.0,438,2024-02-05,2026-04-01,0,0,0,0
2934,YELLQ,stocks,Yellow Corp,common,0,2020-07-27,2023-08-15,2020-07-27,2023-08-15,769,0.0,769,2020-07-27,2023-08-15,0,0,1,0
2935,YMAB,stocks,"Y-mAbs Therapeutics, Inc.",common,0,2020-07-27,2025-09-15,2020-07-27,2025-09-15,1291,0.0,1291,2020-07-27,2025-09-15,0,0,1,0
2936,YTEN,stocks,"YIELD10 BIOSCIENCE, INC.",common,0,2020-07-27,2024-05-15,2020-07-27,2024-05-15,779,0.214377,779,2020-07-27,2024-05-15,0,0,0,0
2937,YTPG,stocks,TPG Pace Beneficial II Corp.,common,0,2021-04-14,2023-04-14,2021-04-14,2023-04-14,199,0.59799,199,2021-04-14,2023-04-14,0,0,0,0
2938,YVR,stocks,Liquid Media Group Ltd.,common,0,2020-07-27,2023-08-22,2020-07-27,2023-08-22,479,0.269311,479,2020-07-27,2023-08-22,0,0,0,0
2939,ZAPP,stocks,Zapp Electric Vehicles Group Ltd,common,0,2021-11-08,2025-05-19,2021-11-08,2025-05-19,568,0.27993,568,2021-11-08,2025-05-19,0,0,0,0
2940,ZENV,stocks,Zenvia Inc.,common,0,2021-07-22,2026-03-18,2021-07-22,2026-03-18,1022,0.104697,1022,2021-07-22,2026-03-18,0,0,0,0
2941,ZEUS,stocks,OLYMPIC STEEL INC,common,0,2020-07-27,2026-02-12,2020-07-27,2026-02-12,1387,0.01442,1387,2020-07-27,2026-02-12,0,0,0,0
2942,ZEV,stocks,"Lightning eMotors, Inc.",common,0,2020-08-03,2023-09-18,2020-08-03,2023-09-18,725,0.037241,725,2020-08-03,2023-09-18,0,0,0,0
2943,ZFOX,stocks,"ZeroFox Holdings, Inc.",common,0,2022-08-04,2024-05-10,2022-08-04,2024-05-10,415,0.13012,415,2022-08-04,2024-05-10,0,0,0,0
2944,ZIMV,stocks,ZimVie Inc.,common,0,2022-03-01,2025-10-17,2022-03-01,2025-10-17,913,0.001095,913,2022-03-01,2025-10-17,0,0,1,0
2945,ZK,stocks,ZEEKR Intelligent Technology Holding Ltd,common,0,2024-05-10,2025-12-19,2024-05-10,2025-12-19,405,0.0,405,2024-05-10,2025-12-19,0,0,0,0
2946,ZLSWU,stocks,Zalatoris II Acquisition Corp,suffix-U,0,2021-07-30,2023-11-28,2021-07-30,2023-11-28,89,0.629213,89,2021-07-30,2023-11-28,0,0,0,0
2947,ZTAQU,stocks,Zimmer Energy Transition Acquisition Corp.,suffix-U,0,2021-06-16,2023-06-08,2021-06-16,2023-06-08,61,0.672131,61,2021-06-16,2023-06-08,0,0,0,0
2948,ZUO,stocks,ZUORA INC,common,0,2020-07-27,2025-02-13,2020-07-27,2025-02-13,1142,0.0,1142,2020-07-27,2025-02-13,0,0,1,0
2949,ZYNE,stocks,"Zynerba Pharmaceuticals, Inc.",common,0,2020-07-27,2023-10-10,2020-07-27,2023-10-10,756,0.093915,756,2020-07-27,2023-10-10,0,0,0,0
2950,ZYXI,stocks,ZYNEX INC,common,0,2020-07-27,2025-12-23,2020-07-27,2025-12-23,1361,0.000735,1361,2020-07-27,2025-12-23,0,0,1,0
