id,target,horizon,model,window,universe,features,eval_on,coverage,n,days,blocks,acc,null,skill,ci_lo,ci_hi,deff,agreement,day_acc,by_day,trials,se,bar,passes
H_extremes10_1_ens_lh_v2_no_market,extremes10,1,ens_lh,expanding,liquid,v2_no_market,relative,1.0,829284,1008,1008,0.515284269321487,0.5145245778285846,0.0007596914929023368,0.5118586717774352,0.5185065006617982,9.736558128951838,0.836646221058648,0.5982142857142857,"            day    n       acc   frac_up      y_up
0    2020-12-31  693  0.454545  0.623377  0.383838
1    2021-01-04  695  0.470504  0.566906  0.474820
2    2021-01-05  696  0.422414  0.561782  0.550287
3    2021-01-06  696  0.535920  0.616379  0.497126
4    2021-01-07  696  0.619253  0.459770  0.515805
...         ...  ...       ...       ...       ...
1003 2024-12-27  917  0.471101  0.872410  0.435115
1004 2024-12-30  916  0.542576  0.876638  0.524017
1005 2024-12-31  911  0.428101  0.897914  0.462130
1006 2025-01-02  914  0.506565  0.908096  0.521882
1007 2025-01-03  917  0.511450  0.893130  0.496183

[1008 rows x 5 columns]",1,0.001695874715398723,0.0019967398868410346,False
H_extremes10_1_ens_lh_v2_no_market,extremes10,1,ens_lh,expanding,liquid,v2_no_market,relative,0.5,414381,1008,1008,0.5200334957442547,0.5187279339545008,0.0013055617897539395,0.514705871765064,0.5250302922012017,12.049222706021279,0.8953112401974216,0.5823412698412699,"            day    n       acc   frac_up      y_up
0    2020-12-31  346  0.424855  0.690751  0.404624
1    2021-01-04  347  0.461095  0.634006  0.458213
2    2021-01-05  348  0.399425  0.571839  0.511494
3    2021-01-06  348  0.568966  0.701149  0.574713
4    2021-01-07  348  0.678161  0.500000  0.528736
...         ...  ...       ...       ...       ...
1003 2024-12-27  458  0.445415  0.954148  0.430131
1004 2024-12-30  458  0.558952  0.956332  0.541485
1005 2024-12-31  455  0.378022  0.967033  0.389011
1006 2025-01-02  457  0.483589  0.958425  0.468271
1007 2025-01-03  458  0.473799  0.938865  0.465066

[1008 rows x 5 columns]",2,0.0026337807235045107,0.003101039820962269,False
H_extremes10_1_ens_lh_v2_no_market,extremes10,1,ens_lh,expanding,liquid,v2_no_market,relative,0.25,206941,1008,1008,0.5234873707965072,0.5195007272604268,0.003986643536080359,0.5165383868215363,0.5299617038132384,10.07899726304427,0.902055313746484,0.5684523809523809,"            day    n       acc   frac_up      y_up
0    2020-12-31  173  0.439306  0.780347  0.427746
1    2021-01-04  173  0.421965  0.705202  0.416185
2    2021-01-05  174  0.367816  0.660920  0.385057
3    2021-01-06  174  0.603448  0.683908  0.609195
4    2021-01-07  174  0.718391  0.528736  0.522989
...         ...  ...       ...       ...       ...
1003 2024-12-27  229  0.449782  0.938865  0.423581
1004 2024-12-30  229  0.541485  0.943231  0.519651
1005 2024-12-31  227  0.383260  0.951542  0.387665
1006 2025-01-02  228  0.469298  0.960526  0.447368
1007 2025-01-03  229  0.458515  0.934498  0.462882

[1008 rows x 5 columns]",3,0.0034243155591076714,0.005075875990893109,False
H_extremes10_1_ens_lh_v2_no_market,extremes10,1,ens_lh,expanding,liquid,v2_no_market,relative,0.1,82459,1008,1008,0.5227810184455305,0.5152621302708013,0.007518888174729232,0.5139544664470227,0.5311757220311676,6.221783293339966,0.894935676813181,0.5347222222222222,"            day   n       acc   frac_up      y_up
0    2020-12-31  69  0.318841  0.898551  0.362319
1    2021-01-04  69  0.391304  0.869565  0.376812
2    2021-01-05  69  0.362319  0.782609  0.289855
3    2021-01-06  69  0.623188  0.797101  0.710145
4    2021-01-07  69  0.753623  0.492754  0.565217
...         ...  ..       ...       ...       ...
1003 2024-12-27  91  0.439560  0.934066  0.395604
1004 2024-12-30  91  0.549451  0.934066  0.505495
1005 2024-12-31  91  0.384615  0.901099  0.373626
1006 2025-01-02  91  0.472527  0.923077  0.417582
1007 2025-01-03  91  0.461538  0.912088  0.483516

[1008 rows x 5 columns]",4,0.004393177444934921,0.007315120278829123,True
H_extremes10_1_ens_lh_v2_no_market,extremes10,1,ens_lh,expanding,liquid,v2_no_market,relative,0.05,40948,1008,1008,0.5229071016899483,0.50691120445443,0.015995897235518197,0.5133837258075429,0.532303708969741,3.875180971379881,0.8794605469824435,0.5248015873015873,"            day   n       acc   frac_up      y_up
0    2020-12-31  34  0.382353  0.911765  0.411765
1    2021-01-04  34  0.352941  0.852941  0.323529
2    2021-01-05  34  0.264706  0.794118  0.176471
3    2021-01-06  34  0.647059  0.794118  0.735294
4    2021-01-07  34  0.735294  0.470588  0.558824
...         ...  ..       ...       ...       ...
1003 2024-12-27  45  0.533333  0.866667  0.444444
1004 2024-12-30  45  0.577778  0.866667  0.488889
1005 2024-12-31  45  0.400000  0.866667  0.355556
1006 2025-01-02  45  0.488889  0.844444  0.377778
1007 2025-01-03  45  0.488889  0.866667  0.533333

[1008 rows x 5 columns]",5,0.004826526316887275,0.008659379838410175,True
H_extremes10_1_ens_lh_v2_no_market,extremes10,1,ens_lh,expanding,liquid,v2_no_market,relative,0.02,16197,1008,1008,0.5245415817744027,0.504105698586158,0.02043588318824474,0.5128219351630766,0.5362468813416693,2.2562335685658232,0.8467166620921873,0.4722222222222222,"            day   n       acc   frac_up      y_up
0    2020-12-31  13  0.461538  0.846154  0.461538
1    2021-01-04  13  0.615385  0.769231  0.384615
2    2021-01-05  13  0.307692  0.769231  0.230769
3    2021-01-06  13  0.846154  0.769231  0.769231
4    2021-01-07  13  0.692308  0.615385  0.615385
...         ...  ..       ...       ...       ...
1003 2024-12-27  18  0.666667  0.666667  0.444444
1004 2024-12-30  18  0.444444  0.722222  0.277778
1005 2024-12-31  18  0.388889  0.722222  0.333333
1006 2025-01-02  18  0.611111  0.722222  0.444444
1007 2025-01-03  18  0.444444  0.722222  0.500000

[1008 rows x 5 columns]",6,0.005975751576171607,0.011312208122705038,True
H_extremes10_1_ens_lh_v2_no_market,extremes10,1,ens_lh,expanding,liquid,v2_no_market,relative,0.01,7948,1008,1008,0.5270508303975843,0.4964771011575239,0.030573729240060354,0.5130783886117813,0.5414627089853636,1.6873055094670173,0.815056925547997,0.4623015873015873,"            day  n       acc   frac_up      y_up
0    2020-12-31  6  0.500000  0.666667  0.500000
1    2021-01-04  6  0.666667  0.666667  0.333333
2    2021-01-05  6  0.333333  0.500000  0.166667
3    2021-01-06  6  0.833333  0.500000  0.666667
4    2021-01-07  6  0.666667  0.500000  0.500000
...         ... ..       ...       ...       ...
1003 2024-12-27  9  0.888889  0.444444  0.555556
1004 2024-12-30  9  0.555556  0.444444  0.222222
1005 2024-12-31  9  0.555556  0.444444  0.444444
1006 2025-01-02  9  0.555556  0.555556  0.333333
1007 2025-01-03  9  0.555556  0.555556  0.555556

[1008 rows x 5 columns]",7,0.007240898054485279,0.014284624298960486,True
H_extremes10_1_ens3_v2_no_market,extremes10,1,ens3,expanding,liquid,v2_no_market,relative,1.0,829284,1008,1008,0.5160994303519663,0.5145233719690722,0.0015760583828940966,0.5126553448061636,0.5194321048374226,10.24587171440907,0.8395487406032058,0.5972222222222222,"            day    n       acc   frac_up      y_up
0    2020-12-31  693  0.453102  0.636364  0.383838
1    2021-01-04  695  0.473381  0.572662  0.474820
2    2021-01-05  696  0.405172  0.530172  0.550287
3    2021-01-06  696  0.566092  0.617816  0.497126
4    2021-01-07  696  0.632184  0.464080  0.515805
...         ...  ...       ...       ...       ...
1003 2024-12-27  917  0.464558  0.876772  0.435115
1004 2024-12-30  916  0.545852  0.875546  0.524017
1005 2024-12-31  911  0.431394  0.903403  0.462130
1006 2025-01-02  914  0.509847  0.907002  0.521882
1007 2025-01-03  917  0.512541  0.887677  0.496183

[1008 rows x 5 columns]",8,0.0017287653140966948,0.0035255298490664247,False
H_extremes10_1_ens3_v2_no_market,extremes10,1,ens3,expanding,liquid,v2_no_market,relative,0.5,414381,1008,1008,0.5214355870563564,0.5195846334653375,0.0018509535910189445,0.5157492341413635,0.5267668956685577,13.428394840572444,0.896083343682645,0.5833333333333334,"            day    n       acc   frac_up      y_up
0    2020-12-31  346  0.436416  0.708092  0.421965
1    2021-01-04  347  0.466859  0.625360  0.466859
2    2021-01-05  348  0.376437  0.534483  0.514368
3    2021-01-06  348  0.591954  0.681034  0.600575
4    2021-01-07  348  0.686782  0.479885  0.522989
...         ...  ...       ...       ...       ...
1003 2024-12-27  458  0.438865  0.958515  0.432314
1004 2024-12-30  458  0.552402  0.954148  0.532751
1005 2024-12-31  455  0.380220  0.960440  0.393407
1006 2025-01-02  457  0.474836  0.956236  0.457330
1007 2025-01-03  458  0.458515  0.945415  0.447598

[1008 rows x 5 columns]",9,0.0028106279406107625,0.005891902903928906,False
H_extremes10_1_ens3_v2_no_market,extremes10,1,ens3,expanding,liquid,v2_no_market,relative,0.25,206941,1008,1008,0.5233907248926022,0.5184231254318864,0.004967599460715788,0.5162250052750049,0.5299788265976577,10.651482404230158,0.899692306483759,0.5674603174603174,"            day    n       acc   frac_up      y_up
0    2020-12-31  173  0.393064  0.797688  0.433526
1    2021-01-04  173  0.433526  0.710983  0.433526
2    2021-01-05  174  0.344828  0.614943  0.396552
3    2021-01-06  174  0.614943  0.689655  0.672414
4    2021-01-07  174  0.724138  0.522989  0.534483
...         ...  ...       ...       ...       ...
1003 2024-12-27  229  0.441048  0.934498  0.410480
1004 2024-12-30  229  0.537118  0.934498  0.515284
1005 2024-12-31  227  0.387665  0.947137  0.396476
1006 2025-01-02  228  0.464912  0.956140  0.438596
1007 2025-01-03  229  0.454148  0.938865  0.454148

[1008 rows x 5 columns]",10,0.003508627888431835,0.0075293962474660475,False
H_extremes10_1_ens3_v2_no_market,extremes10,1,ens3,expanding,liquid,v2_no_market,relative,0.1,82459,1008,1008,0.5237148158478759,0.5133338992711529,0.01038091657672302,0.5148435800272023,0.532037573214477,6.597053032885735,0.8847036911355852,0.5426587301587301,"            day   n       acc   frac_up      y_up
0    2020-12-31  69  0.318841  0.811594  0.362319
1    2021-01-04  69  0.434783  0.782609  0.449275
2    2021-01-05  69  0.405797  0.753623  0.246377
3    2021-01-06  69  0.666667  0.695652  0.739130
4    2021-01-07  69  0.753623  0.449275  0.579710
...         ...  ..       ...       ...       ...
1003 2024-12-27  91  0.417582  0.923077  0.384615
1004 2024-12-30  91  0.527473  0.901099  0.472527
1005 2024-12-31  91  0.417582  0.879121  0.428571
1006 2025-01-02  91  0.483516  0.923077  0.428571
1007 2025-01-03  91  0.450549  0.890110  0.494505

[1008 rows x 5 columns]",11,0.00438622275185578,0.009605517927514049,True
H_extremes10_1_ens3_v2_no_market,extremes10,1,ens3,expanding,liquid,v2_no_market,relative,0.05,40948,1008,1008,0.5226384683012602,0.505592458728143,0.017046009573117193,0.5129286932948516,0.5323485956241367,4.0397509982822015,0.8606094648047365,0.5238095238095238,"            day   n       acc   frac_up      y_up
0    2020-12-31  34  0.294118  0.852941  0.382353
1    2021-01-04  34  0.500000  0.852941  0.470588
2    2021-01-05  34  0.323529  0.764706  0.205882
3    2021-01-06  34  0.676471  0.764706  0.794118
4    2021-01-07  34  0.705882  0.382353  0.500000
...         ...  ..       ...       ...       ...
1003 2024-12-27  45  0.466667  0.866667  0.377778
1004 2024-12-30  45  0.600000  0.800000  0.488889
1005 2024-12-31  45  0.355556  0.822222  0.355556
1006 2025-01-02  45  0.466667  0.844444  0.355556
1007 2025-01-03  45  0.466667  0.866667  0.511111

[1008 rows x 5 columns]",12,0.004954056716654373,0.011044117316119336,True
H_extremes10_1_ens3_v2_no_market,extremes10,1,ens3,expanding,liquid,v2_no_market,relative,0.02,16197,1008,1008,0.5239241834907699,0.49700561832438106,0.026918565166388797,0.5124720153806267,0.5356220315469299,2.2299397442617854,0.8113532102655877,0.4662698412698413,"            day   n       acc   frac_up      y_up
0    2020-12-31  13  0.461538  0.846154  0.461538
1    2021-01-04  13  0.692308  0.846154  0.538462
2    2021-01-05  13  0.307692  0.769231  0.230769
3    2021-01-06  13  0.769231  0.692308  0.769231
4    2021-01-07  13  0.615385  0.384615  0.615385
...         ...  ..       ...       ...       ...
1003 2024-12-27  18  0.666667  0.666667  0.444444
1004 2024-12-30  18  0.555556  0.611111  0.277778
1005 2024-12-31  18  0.333333  0.666667  0.333333
1006 2025-01-02  18  0.555556  0.666667  0.333333
1007 2025-01-03  18  0.388889  0.666667  0.500000

[1008 rows x 5 columns]",13,0.005905616368954895,0.013375795701481862,True
H_extremes10_1_ens3_v2_no_market,extremes10,1,ens3,expanding,liquid,v2_no_market,relative,0.01,7948,1008,1008,0.5226472068444892,0.5086814292903875,0.013965777554101666,0.5085257539329533,0.5366462310887617,1.6302864373797916,0.7649242567397329,0.46130952380952384,"            day  n       acc   frac_up      y_up
0    2020-12-31  6  0.500000  0.666667  0.500000
1    2021-01-04  6  0.666667  0.666667  0.333333
2    2021-01-05  6  0.333333  0.500000  0.166667
3    2021-01-06  6  0.666667  0.666667  0.666667
4    2021-01-07  6  0.666667  0.166667  0.500000
...         ... ..       ...       ...       ...
1003 2024-12-27  9  0.777778  0.333333  0.333333
1004 2024-12-30  9  0.555556  0.444444  0.222222
1005 2024-12-31  9  0.444444  0.444444  0.333333
1006 2025-01-02  9  0.777778  0.333333  0.333333
1007 2025-01-03  9  0.555556  0.444444  0.666667

[1008 rows x 5 columns]",14,0.007173591111175626,0.016480714225550756,False
H_extremes10_1_ens_lh_v2_all,extremes10,1,ens_lh,expanding,liquid,v2_all,relative,1.0,829284,1008,1008,0.5133319827706793,0.5145257836880972,-0.001193800917417942,0.5099347587367331,0.5167864122753614,10.570177348601819,0.8459913927677344,0.5863095238095238,"            day    n       acc   frac_up      y_up
0    2020-12-31  693  0.455988  0.636364  0.383838
1    2021-01-04  695  0.461871  0.635971  0.474820
2    2021-01-05  696  0.432471  0.416667  0.550287
3    2021-01-06  696  0.570402  0.561782  0.497126
4    2021-01-07  696  0.632184  0.441092  0.515805
...         ...  ...       ...       ...       ...
1003 2024-12-27  917  0.466739  0.854962  0.435115
1004 2024-12-30  916  0.538210  0.905022  0.524017
1005 2024-12-31  911  0.431394  0.905598  0.462130
1006 2025-01-02  914  0.508753  0.908096  0.521882
1007 2025-01-03  917  0.505998  0.874591  0.496183

[1008 rows x 5 columns]",15,0.0017478708006704762,0.004067735264846935,False
H_extremes10_1_ens_lh_v2_all,extremes10,1,ens_lh,expanding,liquid,v2_all,relative,0.5,414381,1008,1008,0.5184986763389248,0.5194977568952245,-0.000999080556299714,0.5129656838096172,0.5241152097791273,13.837125861652515,0.9068906273156309,0.5625,"            day    n       acc   frac_up      y_up
0    2020-12-31  346  0.459538  0.742775  0.445087
1    2021-01-04  347  0.449568  0.720461  0.481268
2    2021-01-05  348  0.396552  0.393678  0.508621
3    2021-01-06  348  0.603448  0.594828  0.577586
4    2021-01-07  348  0.669540  0.448276  0.520115
...         ...  ...       ...       ...       ...
1003 2024-12-27  458  0.465066  0.936681  0.449782
1004 2024-12-30  458  0.541485  0.969432  0.528384
1005 2024-12-31  455  0.395604  0.967033  0.402198
1006 2025-01-02  457  0.463895  0.956236  0.450766
1007 2025-01-03  458  0.465066  0.941048  0.467249

[1008 rows x 5 columns]",16,0.0028442668289566666,0.006697736542243773,False
H_extremes10_1_ens_lh_v2_all,extremes10,1,ens_lh,expanding,liquid,v2_all,relative,0.25,206941,1008,1008,0.5197858326769466,0.5198873108760468,-0.00010147819910022449,0.5125003256105473,0.5269376197625294,11.409466322310097,0.914513787538469,0.5525793650793651,"            day    n       acc   frac_up      y_up
0    2020-12-31  173  0.416185  0.867052  0.410405
1    2021-01-04  173  0.450867  0.797688  0.491329
2    2021-01-05  174  0.390805  0.413793  0.448276
3    2021-01-06  174  0.614943  0.609195  0.649425
4    2021-01-07  174  0.747126  0.545977  0.568966
...         ...  ...       ...       ...       ...
1003 2024-12-27  229  0.454148  0.925764  0.432314
1004 2024-12-30  229  0.563319  0.965066  0.545852
1005 2024-12-31  227  0.378855  0.960352  0.383260
1006 2025-01-02  228  0.434211  0.942982  0.412281
1007 2025-01-03  229  0.467249  0.921397  0.467249

[1008 rows x 5 columns]",17,0.00368298320203626,0.00876706800209139,False
H_extremes10_1_ens_lh_v2_all,extremes10,1,ens_lh,expanding,liquid,v2_all,relative,0.1,82459,1008,1008,0.5195309183958088,0.5169478164906196,0.002583101905189178,0.5108187491414862,0.5287795343337668,6.8730593488087885,0.9084206673253891,0.5347222222222222,"            day   n       acc   frac_up      y_up
0    2020-12-31  69  0.478261  0.927536  0.463768
1    2021-01-04  69  0.478261  0.898551  0.463768
2    2021-01-05  69  0.362319  0.420290  0.362319
3    2021-01-06  69  0.579710  0.536232  0.666667
4    2021-01-07  69  0.739130  0.536232  0.623188
...         ...  ..       ...       ...       ...
1003 2024-12-27  91  0.483516  0.868132  0.417582
1004 2024-12-30  91  0.560440  0.934066  0.516484
1005 2024-12-31  91  0.395604  0.912088  0.395604
1006 2025-01-02  91  0.472527  0.934066  0.428571
1007 2025-01-03  91  0.406593  0.879121  0.439560

[1008 rows x 5 columns]",18,0.004581832957214442,0.01101618199482426,False
H_extremes10_1_ens_lh_v2_all,extremes10,1,ens_lh,expanding,liquid,v2_all,relative,0.05,40948,1008,1008,0.5192439191169288,0.5132362996971769,0.0060076194197519195,0.5095971067662668,0.5289172361201288,4.218524841305031,0.8938595890172811,0.5208333333333334,"            day   n       acc   frac_up      y_up
0    2020-12-31  34  0.529412  0.911765  0.558824
1    2021-01-04  34  0.529412  0.852941  0.500000
2    2021-01-05  34  0.352941  0.411765  0.352941
3    2021-01-06  34  0.617647  0.500000  0.647059
4    2021-01-07  34  0.705882  0.529412  0.647059
...         ...  ..       ...       ...       ...
1003 2024-12-27  45  0.488889  0.800000  0.422222
1004 2024-12-30  45  0.488889  0.866667  0.400000
1005 2024-12-31  45  0.444444  0.866667  0.444444
1006 2025-01-02  45  0.466667  0.866667  0.377778
1007 2025-01-03  45  0.444444  0.844444  0.511111

[1008 rows x 5 columns]",19,0.0049286044270056015,0.011960249509881121,False
H_extremes10_1_ens_lh_v2_all,extremes10,1,ens_lh,expanding,liquid,v2_all,relative,0.02,16197,1008,1008,0.5224424276100512,0.5020682842501698,0.020374143359881414,0.5104356519966026,0.5350313842244034,2.5555453089273445,0.867336053010948,0.47619047619047616,"            day   n       acc   frac_up      y_up
0    2020-12-31  13  0.461538  0.846154  0.461538
1    2021-01-04  13  0.538462  0.692308  0.384615
2    2021-01-05  13  0.538462  0.384615  0.230769
3    2021-01-06  13  0.615385  0.538462  0.615385
4    2021-01-07  13  0.615385  0.769231  0.692308
...         ...  ..       ...       ...       ...
1003 2024-12-27  18  0.666667  0.666667  0.444444
1004 2024-12-30  18  0.444444  0.722222  0.277778
1005 2024-12-31  18  0.444444  0.666667  0.444444
1006 2025-01-02  18  0.555556  0.777778  0.333333
1007 2025-01-03  18  0.666667  0.722222  0.722222

[1008 rows x 5 columns]",20,0.006274421486683896,0.015358195308386124,True
H_extremes10_1_ens_lh_v2_all,extremes10,1,ens_lh,expanding,liquid,v2_all,relative,0.01,7948,1008,1008,0.5249119275289381,0.4945898339204831,0.030322093608455003,0.5108427520620905,0.5394211516438815,1.7532513940809573,0.8402699042579995,0.4662698412698413,"            day  n       acc   frac_up      y_up
0    2020-12-31  6  0.666667  0.833333  0.500000
1    2021-01-04  6  0.500000  0.666667  0.500000
2    2021-01-05  6  0.666667  0.166667  0.166667
3    2021-01-06  6  0.666667  0.333333  0.333333
4    2021-01-07  6  0.500000  0.666667  0.833333
...         ... ..       ...       ...       ...
1003 2024-12-27  9  0.777778  0.444444  0.444444
1004 2024-12-30  9  0.444444  0.444444  0.111111
1005 2024-12-31  9  0.444444  0.333333  0.444444
1006 2025-01-02  9  0.444444  0.666667  0.111111
1007 2025-01-03  9  0.666667  0.666667  0.777778

[1008 rows x 5 columns]",21,0.007290408056579332,0.01798980370482252,True
H_extremes10_5_ens_lh_v2_no_market,extremes10,5,ens_lh,expanding,liquid,v2_no_market,relative,1.0,829603,1008,202,0.5258575487311401,0.5255561997726623,0.0003013489584777762,0.5197747227408289,0.5320232139065678,33.26561267227655,0.8491341171797223,0.6964285714285714,"            day    n       acc   frac_up      y_up
0    2021-01-07  696  0.505747  0.285920  0.438218
1    2021-01-08  696  0.533046  0.242816  0.408046
2    2021-01-11  697  0.546628  0.230990  0.403156
3    2021-01-12  700  0.531429  0.277143  0.460000
4    2021-01-13  700  0.587143  0.291429  0.450000
...         ...  ...       ...       ...       ...
1003 2025-01-03  917  0.576881  0.898582  0.527808
1004 2025-01-06  917  0.592148  0.895311  0.524537
1005 2025-01-07  922  0.635575  0.886117  0.567245
1006 2025-01-08  918  0.610022  0.898693  0.574074
1007 2025-01-10  915  0.595628  0.913661  0.572678

[1008 rows x 5 columns]",22,0.0031246150933007385,0.007768980100128978,False
H_extremes10_5_ens_lh_v2_no_market,extremes10,5,ens_lh,expanding,liquid,v2_no_market,relative,0.5,414551,1008,202,0.5351452535393715,0.534098337719605,0.0010469158197664585,0.5250299492994926,0.5450869236980929,44.092363269228244,0.9119014489031741,0.6696428571428571,"            day    n       acc   frac_up      y_up
0    2021-01-07  348  0.500000  0.181034  0.456897
1    2021-01-08  348  0.551724  0.106322  0.416667
2    2021-01-11  348  0.563218  0.117816  0.422414
3    2021-01-12  350  0.565714  0.165714  0.428571
4    2021-01-13  350  0.625714  0.180000  0.411429
...         ...  ...       ...       ...       ...
1003 2025-01-03  458  0.644105  0.947598  0.622271
1004 2025-01-06  458  0.681223  0.951965  0.650655
1005 2025-01-07  461  0.700651  0.947939  0.661605
1006 2025-01-08  459  0.653595  0.947712  0.636166
1007 2025-01-10  457  0.643326  0.960613  0.621444

[1008 rows x 5 columns]",23,0.005116575101683728,0.01281289753060105,False
H_extremes10_5_ens_lh_v2_no_market,extremes10,5,ens_lh,expanding,liquid,v2_no_market,relative,0.25,207031,1008,202,0.5378421589037391,0.5359438924605494,0.001898266443189689,0.5247238388307418,0.550197691766817,36.342950660329294,0.9156307744283133,0.6309523809523809,"            day    n       acc   frac_up      y_up
0    2021-01-07  174  0.419540  0.137931  0.557471
1    2021-01-08  174  0.500000  0.074713  0.482759
2    2021-01-11  174  0.574713  0.051724  0.419540
3    2021-01-12  175  0.531429  0.102857  0.480000
4    2021-01-13  175  0.640000  0.131429  0.400000
...         ...  ...       ...       ...       ...
1003 2025-01-03  229  0.681223  0.930131  0.637555
1004 2025-01-06  229  0.716157  0.925764  0.668122
1005 2025-01-07  230  0.721739  0.913043  0.652174
1006 2025-01-08  229  0.646288  0.934498  0.633188
1007 2025-01-10  228  0.635965  0.942982  0.605263

[1008 rows x 5 columns]",24,0.006498431871447751,0.016383405957660083,False
H_extremes10_5_ens_lh_v2_no_market,extremes10,5,ens_lh,expanding,liquid,v2_no_market,relative,0.1,82500,1008,202,0.5418787878787878,0.5361090909090909,0.00576969696969698,0.5235387681378716,0.5583535772821829,23.81478393499304,0.9021078171485908,0.5952380952380952,"            day   n       acc   frac_up      y_up
0    2021-01-07  69  0.362319  0.086957  0.666667
1    2021-01-08  69  0.434783  0.043478  0.521739
2    2021-01-11  69  0.594203  0.057971  0.434783
3    2021-01-12  70  0.557143  0.057143  0.471429
4    2021-01-13  70  0.642857  0.085714  0.385714
...         ...  ..       ...       ...       ...
1003 2025-01-03  91  0.747253  0.857143  0.670330
1004 2025-01-06  91  0.703297  0.857143  0.626374
1005 2025-01-07  92  0.760870  0.826087  0.630435
1006 2025-01-08  91  0.582418  0.857143  0.549451
1007 2025-01-10  91  0.681319  0.890110  0.615385

[1008 rows x 5 columns]",25,0.00888132886334473,0.022534351331745667,False
H_extremes10_5_ens_lh_v2_no_market,extremes10,5,ens_lh,expanding,liquid,v2_no_market,relative,0.05,40970,1008,202,0.5399072492067366,0.5304857212594581,0.009421527947278463,0.5205086123892579,0.5589732272796254,15.261810639932111,0.8815476820408452,0.5595238095238095,"            day   n       acc   frac_up      y_up
0    2021-01-07  34  0.441176  0.147059  0.588235
1    2021-01-08  34  0.470588  0.088235  0.441176
2    2021-01-11  34  0.588235  0.058824  0.411765
3    2021-01-12  35  0.514286  0.057143  0.485714
4    2021-01-13  35  0.685714  0.085714  0.342857
...         ...  ..       ...       ...       ...
1003 2025-01-03  45  0.711111  0.755556  0.555556
1004 2025-01-06  45  0.666667  0.800000  0.555556
1005 2025-01-07  46  0.739130  0.760870  0.543478
1006 2025-01-08  45  0.600000  0.777778  0.511111
1007 2025-01-10  45  0.511111  0.822222  0.422222

[1008 rows x 5 columns]",26,0.0098124017577468,0.02504795611017221,False
H_extremes10_5_ens_lh_v2_no_market,extremes10,5,ens_lh,expanding,liquid,v2_no_market,relative,0.02,16208,1008,202,0.5363400789733465,0.5139437314906219,0.022396347482724566,0.5157640331870452,0.5568881341143854,7.279692459225615,0.8384756181674949,0.5238095238095238,"            day   n       acc   frac_up      y_up
0    2021-01-07  13  0.230769  0.076923  0.692308
1    2021-01-08  13  0.538462  0.076923  0.384615
2    2021-01-11  13  0.538462  0.000000  0.461538
3    2021-01-12  14  0.571429  0.071429  0.500000
4    2021-01-13  14  0.714286  0.071429  0.357143
...         ...  ..       ...       ...       ...
1003 2025-01-03  18  0.555556  0.555556  0.333333
1004 2025-01-06  18  0.555556  0.777778  0.444444
1005 2025-01-07  18  0.777778  0.611111  0.500000
1006 2025-01-08  18  0.555556  0.666667  0.333333
1007 2025-01-10  18  0.444444  0.722222  0.277778

[1008 rows x 5 columns]",27,0.010490842073301072,0.026934455524845326,False
H_extremes10_5_ens_lh_v2_no_market,extremes10,5,ens_lh,expanding,liquid,v2_no_market,relative,0.01,7959,1008,202,0.5362482723960297,0.4955396406583742,0.04070863173765549,0.5139151240397934,0.5580585726627496,4.070064972355404,0.8000106292517007,0.4722222222222222,"            day  n       acc   frac_up      y_up
0    2021-01-07  6  0.166667  0.000000  0.833333
1    2021-01-08  6  0.666667  0.000000  0.333333
2    2021-01-11  6  0.500000  0.000000  0.500000
3    2021-01-12  7  0.571429  0.142857  0.571429
4    2021-01-13  7  0.571429  0.142857  0.571429
...         ... ..       ...       ...       ...
1003 2025-01-03  9  0.666667  0.444444  0.333333
1004 2025-01-06  9  0.444444  0.666667  0.333333
1005 2025-01-07  9  0.777778  0.333333  0.333333
1006 2025-01-08  9  0.555556  0.444444  0.222222
1007 2025-01-10  9  0.555556  0.555556  0.333333

[1008 rows x 5 columns]",28,0.011261083832386776,0.02907106976362919,True
H_extremes10_1_ens3_v2_all,extremes10,1,ens3,expanding,liquid,v2_all,relative,1.0,829284,1008,1008,0.5150020981955519,0.5145221661095596,0.0004799320859922851,0.5114176048211501,0.5185415218383755,10.70999410043429,0.852295355777245,0.5952380952380952,"            day    n       acc   frac_up      y_up
0    2020-12-31  693  0.451659  0.640693  0.383838
1    2021-01-04  695  0.476259  0.615827  0.474820
2    2021-01-05  696  0.392241  0.416667  0.550287
3    2021-01-06  696  0.576149  0.570402  0.497126
4    2021-01-07  696  0.627874  0.465517  0.515805
...         ...  ...       ...       ...       ...
1003 2024-12-27  917  0.464558  0.865867  0.435115
1004 2024-12-30  916  0.537118  0.910480  0.524017
1005 2024-12-31  911  0.436883  0.919868  0.462130
1006 2025-01-02  914  0.509847  0.907002  0.521882
1007 2025-01-03  917  0.510360  0.883315  0.496183

[1008 rows x 5 columns]",29,0.0018173257697003773,0.004716158789349008,False
H_extremes10_1_ens3_v2_all,extremes10,1,ens3,expanding,liquid,v2_all,relative,0.5,414381,1008,1008,0.5211990897266042,0.5205668213552263,0.0006322683713779753,0.5154120752903865,0.5269975887037385,14.53529635066534,0.9089958484465178,0.564484126984127,"            day    n       acc   frac_up      y_up
0    2020-12-31  346  0.459538  0.722543  0.447977
1    2021-01-04  347  0.446686  0.685879  0.489914
2    2021-01-05  348  0.370690  0.387931  0.517241
3    2021-01-06  348  0.606322  0.632184  0.600575
4    2021-01-07  348  0.692529  0.474138  0.522989
...         ...  ...       ...       ...       ...
1003 2024-12-27  458  0.454148  0.945415  0.447598
1004 2024-12-30  458  0.534934  0.967249  0.524017
1005 2024-12-31  455  0.393407  0.967033  0.400000
1006 2025-01-02  457  0.457330  0.958425  0.437637
1007 2025-01-03  458  0.451965  0.947598  0.447598

[1008 rows x 5 columns]",30,0.002955488115651023,0.007708327059358829,False
H_extremes10_1_ens3_v2_all,extremes10,1,ens3,expanding,liquid,v2_all,relative,0.25,206941,1008,1008,0.5211582045123972,0.5195200564412079,0.0016381480711893381,0.5136866526109305,0.5284031180831243,11.771839310085017,0.9121266324951487,0.5525793650793651,"            day    n       acc   frac_up      y_up
0    2020-12-31  173  0.387283  0.820809  0.404624
1    2021-01-04  173  0.473988  0.734104  0.497110
2    2021-01-05  174  0.356322  0.408046  0.488506
3    2021-01-06  174  0.632184  0.620690  0.666667
4    2021-01-07  174  0.724138  0.540230  0.551724
...         ...  ...       ...       ...       ...
1003 2024-12-27  229  0.458515  0.925764  0.436681
1004 2024-12-30  229  0.528384  0.951965  0.515284
1005 2024-12-31  227  0.383260  0.947137  0.392070
1006 2025-01-02  228  0.442982  0.942982  0.412281
1007 2025-01-03  229  0.480349  0.938865  0.480349

[1008 rows x 5 columns]",31,0.003754200375559656,0.009838565537606031,False
H_extremes10_1_ens3_v2_all,extremes10,1,ens3,expanding,liquid,v2_all,relative,0.1,82459,1008,1008,0.522720382250573,0.5164748541699511,0.006245528080621954,0.5137590991722321,0.5315340393151884,6.909780284080905,0.8976793598880568,0.5496031746031746,"            day   n       acc   frac_up      y_up
0    2020-12-31  69  0.420290  0.898551  0.463768
1    2021-01-04  69  0.507246  0.797101  0.507246
2    2021-01-05  69  0.420290  0.449275  0.333333
3    2021-01-06  69  0.594203  0.507246  0.681159
4    2021-01-07  69  0.768116  0.521739  0.608696
...         ...  ..       ...       ...       ...
1003 2024-12-27  91  0.450549  0.857143  0.395604
1004 2024-12-30  91  0.549451  0.934066  0.505495
1005 2024-12-31  91  0.395604  0.901099  0.406593
1006 2025-01-02  91  0.472527  0.912088  0.406593
1007 2025-01-03  91  0.450549  0.890110  0.494505

[1008 rows x 5 columns]",32,0.004534423505856207,0.011938088948651733,False
H_extremes10_1_ens3_v2_all,extremes10,1,ens3,expanding,liquid,v2_all,relative,0.05,40948,1008,1008,0.5193660252026961,0.5049819282993064,0.01438409690338971,0.5093371490964436,0.5295546267450157,4.266333718660036,0.8765428239887915,0.5277777777777778,"            day   n       acc   frac_up      y_up
0    2020-12-31  34  0.470588  0.882353  0.470588
1    2021-01-04  34  0.558824  0.794118  0.529412
2    2021-01-05  34  0.382353  0.529412  0.205882
3    2021-01-06  34  0.647059  0.529412  0.705882
4    2021-01-07  34  0.705882  0.470588  0.588235
...         ...  ..       ...       ...       ...
1003 2024-12-27  45  0.444444  0.800000  0.333333
1004 2024-12-30  45  0.533333  0.866667  0.444444
1005 2024-12-31  45  0.400000  0.844444  0.422222
1006 2025-01-02  45  0.511111  0.866667  0.422222
1007 2025-01-03  45  0.444444  0.800000  0.555556

[1008 rows x 5 columns]",33,0.00515751980830923,0.013638705078117916,True
H_extremes10_1_ens3_v2_all,extremes10,1,ens3,expanding,liquid,v2_all,relative,0.02,16197,1008,1008,0.5215780700129654,0.49953695128727543,0.02204111872568998,0.5097224496478046,0.5336380157012662,2.429605228347404,0.8330730948005983,0.4781746031746032,"            day   n       acc   frac_up      y_up
0    2020-12-31  13  0.461538  0.846154  0.461538
1    2021-01-04  13  0.692308  0.846154  0.538462
2    2021-01-05  13  0.461538  0.461538  0.230769
3    2021-01-06  13  0.538462  0.461538  0.615385
4    2021-01-07  13  0.692308  0.615385  0.615385
...         ...  ..       ...       ...       ...
1003 2024-12-27  18  0.666667  0.611111  0.388889
1004 2024-12-30  18  0.555556  0.666667  0.333333
1005 2024-12-31  18  0.388889  0.666667  0.388889
1006 2025-01-02  18  0.555556  0.666667  0.333333
1007 2025-01-03  18  0.666667  0.722222  0.722222

[1008 rows x 5 columns]",34,0.006100909707515734,0.016202161282413734,True
H_extremes10_1_ens3_v2_all,extremes10,1,ens3,expanding,liquid,v2_all,relative,0.01,7948,1008,1008,0.5246602918973327,0.4984901862103674,0.02617010568696526,0.5106314035842351,0.5388248707952772,1.6474142741931217,0.7879208396321491,0.4861111111111111,"            day  n       acc   frac_up      y_up
0    2020-12-31  6  0.666667  0.833333  0.500000
1    2021-01-04  6  0.666667  0.666667  0.333333
2    2021-01-05  6  0.500000  0.333333  0.166667
3    2021-01-06  6  0.500000  0.333333  0.500000
4    2021-01-07  6  0.666667  0.500000  0.833333
...         ... ..       ...       ...       ...
1003 2024-12-27  9  0.777778  0.333333  0.333333
1004 2024-12-30  9  0.555556  0.333333  0.111111
1005 2024-12-31  9  0.333333  0.333333  0.333333
1006 2025-01-02  9  0.444444  0.444444  0.111111
1007 2025-01-03  9  0.555556  0.555556  0.777778

[1008 rows x 5 columns]",35,0.007192211023225026,0.019178669759185685,True
H_extremes10_5_ens_lh_v2_all,extremes10,5,ens_lh,expanding,liquid,v2_all,relative,1.0,829603,1008,202,0.5247823356472915,0.5255694591268354,-0.0007871234795439053,0.5188150801014021,0.5304141736051878,29.968674242005076,0.8581931402379426,0.6686507936507936,"            day    n       acc   frac_up      y_up
0    2021-01-07  696  0.521552  0.186782  0.438218
1    2021-01-08  696  0.577586  0.123563  0.408046
2    2021-01-11  697  0.595409  0.164993  0.403156
3    2021-01-12  700  0.538571  0.161429  0.460000
4    2021-01-13  700  0.581429  0.214286  0.450000
...         ...  ...       ...       ...       ...
1003 2025-01-03  917  0.577972  0.908397  0.527808
1004 2025-01-06  917  0.610687  0.874591  0.524537
1005 2025-01-07  922  0.630152  0.898048  0.567245
1006 2025-01-08  918  0.613290  0.910675  0.574074
1007 2025-01-10  915  0.595628  0.911475  0.572678

[1008 rows x 5 columns]",36,0.002958952424435138,0.007921507399867293,False
H_extremes10_5_ens_lh_v2_all,extremes10,5,ens_lh,expanding,liquid,v2_all,relative,0.5,414551,1008,202,0.5324555965369762,0.5320020938316395,0.00045350270533661696,0.5220547666910714,0.5423596226151641,42.159336508189114,0.92018020327971,0.6458333333333334,"            day    n       acc   frac_up      y_up
0    2021-01-07  348  0.528736  0.077586  0.474138
1    2021-01-08  348  0.551724  0.031609  0.439655
2    2021-01-11  348  0.609195  0.031609  0.393678
3    2021-01-12  350  0.560000  0.045714  0.440000
4    2021-01-13  350  0.608571  0.094286  0.411429
...         ...  ...       ...       ...       ...
1003 2025-01-03  458  0.655022  0.965066  0.633188
1004 2025-01-06  458  0.674672  0.941048  0.646288
1005 2025-01-07  461  0.698482  0.963124  0.665944
1006 2025-01-08  459  0.660131  0.962963  0.644880
1007 2025-01-10  457  0.643326  0.956236  0.625821

[1008 rows x 5 columns]",37,0.005179810184717526,0.013919949217481693,False
H_extremes10_5_ens_lh_v2_all,extremes10,5,ens_lh,expanding,liquid,v2_all,relative,0.25,207031,1008,202,0.5342050224362536,0.5318140761528467,0.0023909462834068584,0.5205766880032102,0.5468492654462592,36.50017493308169,0.9227655889075426,0.6160714285714286,"            day    n       acc   frac_up      y_up
0    2021-01-07  174  0.534483  0.045977  0.477011
1    2021-01-08  174  0.534483  0.022989  0.454023
2    2021-01-11  174  0.614943  0.017241  0.390805
3    2021-01-12  175  0.542857  0.028571  0.462857
4    2021-01-13  175  0.622857  0.045714  0.400000
...         ...  ...       ...       ...       ...
1003 2025-01-03  229  0.668122  0.938865  0.633188
1004 2025-01-06  229  0.668122  0.917031  0.611354
1005 2025-01-07  230  0.713043  0.939130  0.660870
1006 2025-01-08  229  0.646288  0.951965  0.633188
1007 2025-01-10  228  0.644737  0.934211  0.622807

[1008 rows x 5 columns]",38,0.006702188123226787,0.018077495249570027,False
H_extremes10_5_ens_lh_v2_all,extremes10,5,ens_lh,expanding,liquid,v2_all,relative,0.1,82500,1008,202,0.5391393939393939,0.5311878787878788,0.007951515151515154,0.5225840963975127,0.5546545799970507,21.54738931530813,0.9065253389107395,0.5992063492063492,"            day   n       acc   frac_up      y_up
0    2021-01-07  69  0.463768  0.057971  0.536232
1    2021-01-08  69  0.594203  0.014493  0.391304
2    2021-01-11  69  0.652174  0.014493  0.362319
3    2021-01-12  70  0.528571  0.014286  0.485714
4    2021-01-13  70  0.628571  0.057143  0.400000
...         ...  ..       ...       ...       ...
1003 2025-01-03  91  0.692308  0.890110  0.626374
1004 2025-01-06  91  0.736264  0.824176  0.626374
1005 2025-01-07  92  0.706522  0.869565  0.597826
1006 2025-01-08  91  0.604396  0.890110  0.582418
1007 2025-01-10  91  0.648352  0.890110  0.604396

[1008 rows x 5 columns]",39,0.008181245816208677,0.022145535760195203,False
H_extremes10_5_ens_lh_v2_all,extremes10,5,ens_lh,expanding,liquid,v2_all,relative,0.05,40970,1008,202,0.5386624359287283,0.5228948010739566,0.015767634854771728,0.5191676053910443,0.5566452920070194,13.923054020233877,0.8844412997753697,0.564484126984127,"            day   n       acc   frac_up      y_up
0    2021-01-07  34  0.500000  0.058824  0.500000
1    2021-01-08  34  0.529412  0.029412  0.441176
2    2021-01-11  34  0.647059  0.029412  0.382353
3    2021-01-12  35  0.457143  0.028571  0.571429
4    2021-01-13  35  0.685714  0.028571  0.342857
...         ...  ..       ...       ...       ...
1003 2025-01-03  45  0.644444  0.777778  0.511111
1004 2025-01-06  45  0.666667  0.755556  0.511111
1005 2025-01-07  46  0.695652  0.760870  0.500000
1006 2025-01-08  45  0.511111  0.822222  0.422222
1007 2025-01-10  45  0.622222  0.844444  0.511111

[1008 rows x 5 columns]",40,0.009560634340809964,0.02596862397939166,False
H_extremes10_5_ens_lh_v2_all,extremes10,5,ens_lh,expanding,liquid,v2_all,relative,0.02,16208,1008,202,0.5381910167818361,0.506601678183613,0.031589338598223105,0.5157880752377721,0.5589598025620214,7.21199472210159,0.8449674314170114,0.5367063492063492,"            day   n       acc   frac_up      y_up
0    2021-01-07  13  0.538462  0.076923  0.384615
1    2021-01-08  13  0.615385  0.000000  0.384615
2    2021-01-11  13  0.692308  0.000000  0.307692
3    2021-01-12  14  0.642857  0.000000  0.357143
4    2021-01-13  14  0.571429  0.071429  0.500000
...         ...  ..       ...       ...       ...
1003 2025-01-03  18  0.722222  0.666667  0.500000
1004 2025-01-06  18  0.666667  0.611111  0.500000
1005 2025-01-07  18  0.833333  0.722222  0.555556
1006 2025-01-08  18  0.500000  0.777778  0.388889
1007 2025-01-10  18  0.500000  0.777778  0.277778

[1008 rows x 5 columns]",41,0.011013195745981946,0.03001402806981902,True
H_extremes10_5_ens_lh_v2_all,extremes10,5,ens_lh,expanding,liquid,v2_all,relative,0.01,7959,1008,202,0.5352431209950999,0.5013192612137203,0.03392385978137957,0.5107290078655845,0.557710919382924,4.383901053187796,0.812389770723104,0.5119047619047619,"            day  n       acc   frac_up      y_up
0    2021-01-07  6  0.666667  0.000000  0.333333
1    2021-01-08  6  0.500000  0.000000  0.500000
2    2021-01-11  6  0.666667  0.000000  0.333333
3    2021-01-12  7  0.571429  0.000000  0.428571
4    2021-01-13  7  0.428571  0.142857  0.714286
...         ... ..       ...       ...       ...
1003 2025-01-03  9  0.555556  0.444444  0.222222
1004 2025-01-06  9  0.555556  0.555556  0.333333
1005 2025-01-07  9  0.888889  0.666667  0.555556
1006 2025-01-08  9  0.444444  0.666667  0.333333
1007 2025-01-10  9  0.666667  0.555556  0.222222

[1008 rows x 5 columns]",42,0.011985181509525395,0.03276876460471686,True
H_extremes10_5_ens3_v2_all,extremes10,5,ens3,expanding,liquid,v2_all,relative,1.0,829603,1008,202,0.5267724441690784,0.525561021355998,0.0012114228130803983,0.5208009916894634,0.5327991444297567,31.993463546242218,0.8617722816652944,0.6815476190476191,"            day    n       acc   frac_up      y_up
0    2021-01-07  696  0.511494  0.205460  0.438218
1    2021-01-08  696  0.563218  0.155172  0.408046
2    2021-01-11  697  0.592539  0.176471  0.403156
3    2021-01-12  700  0.537143  0.205714  0.460000
4    2021-01-13  700  0.581429  0.265714  0.450000
...         ...  ...       ...       ...       ...
1003 2025-01-03  917  0.576881  0.911668  0.527808
1004 2025-01-06  917  0.613959  0.873501  0.524537
1005 2025-01-07  922  0.629067  0.901302  0.567245
1006 2025-01-08  918  0.616558  0.913943  0.574074
1007 2025-01-10  915  0.598907  0.910383  0.572678

[1008 rows x 5 columns]",43,0.0030607532500748383,0.008394726232329832,False
H_extremes10_5_ens3_v2_all,extremes10,5,ens3,expanding,liquid,v2_all,relative,0.5,414551,1008,202,0.534684514088737,0.5332395772775846,0.0014449368111523198,0.5237840588656312,0.544926892425222,46.94062855577051,0.9187210777221255,0.6478174603174603,"            day    n       acc   frac_up      y_up
0    2021-01-07  348  0.508621  0.094828  0.500000
1    2021-01-08  348  0.531609  0.048851  0.459770
2    2021-01-11  348  0.583333  0.048851  0.408046
3    2021-01-12  350  0.551429  0.074286  0.437143
4    2021-01-13  350  0.605714  0.125714  0.428571
...         ...  ...       ...       ...       ...
1003 2025-01-03  458  0.641921  0.965066  0.620087
1004 2025-01-06  458  0.679039  0.936681  0.655022
1005 2025-01-07  461  0.709328  0.956616  0.670282
1006 2025-01-08  459  0.666667  0.958606  0.651416
1007 2025-01-10  457  0.660832  0.954048  0.641138

[1008 rows x 5 columns]",44,0.005393579989691528,0.014838109360863612,False
H_extremes10_5_ens3_v2_all,extremes10,5,ens3,expanding,liquid,v2_all,relative,0.25,207031,1008,202,0.5364317421062547,0.5334225309253203,0.0030092111809343347,0.5225173719237242,0.549740256283618,39.26097313695299,0.9178748440091267,0.6121031746031746,"            day    n       acc   frac_up      y_up
0    2021-01-07  174  0.436782  0.068966  0.574713
1    2021-01-08  174  0.471264  0.034483  0.517241
2    2021-01-11  174  0.545977  0.028736  0.459770
3    2021-01-12  175  0.520000  0.051429  0.485714
4    2021-01-13  175  0.628571  0.068571  0.405714
...         ...  ...       ...       ...       ...
1003 2025-01-03  229  0.676856  0.938865  0.633188
1004 2025-01-06  229  0.698690  0.917031  0.641921
1005 2025-01-07  230  0.739130  0.934783  0.682609
1006 2025-01-08  229  0.668122  0.947598  0.650655
1007 2025-01-10  228  0.666667  0.938596  0.640351

[1008 rows x 5 columns]",45,0.006944613357115776,0.01916175378399942,False
H_extremes10_5_ens3_v2_all,extremes10,5,ens3,expanding,liquid,v2_all,relative,0.1,82500,1008,202,0.54,0.5310666666666667,0.008933333333333349,0.5232421439594802,0.5550176573023886,21.349341148353957,0.8949171428858865,0.5763888888888888,"            day   n       acc   frac_up      y_up
0    2021-01-07  69  0.333333  0.072464  0.681159
1    2021-01-08  69  0.507246  0.043478  0.478261
2    2021-01-11  69  0.550725  0.043478  0.463768
3    2021-01-12  70  0.528571  0.057143  0.500000
4    2021-01-13  70  0.642857  0.100000  0.400000
...         ...  ..       ...       ...       ...
1003 2025-01-03  91  0.692308  0.868132  0.604396
1004 2025-01-06  91  0.736264  0.802198  0.604396
1005 2025-01-07  92  0.728261  0.869565  0.619565
1006 2025-01-08  91  0.637363  0.879121  0.604396
1007 2025-01-10  91  0.692308  0.879121  0.637363

[1008 rows x 5 columns]",46,0.008105998301762347,0.022430752924901563,False
H_extremes10_5_ens3_v2_all,extremes10,5,ens3,expanding,liquid,v2_all,relative,0.05,40970,1008,202,0.5383939467903344,0.5195508908957774,0.018843055894556926,0.5198111397016916,0.5552143048346524,12.882762588453659,0.8614958316877376,0.5555555555555556,"            day   n       acc   frac_up      y_up
0    2021-01-07  34  0.323529  0.088235  0.705882
1    2021-01-08  34  0.470588  0.058824  0.470588
2    2021-01-11  34  0.647059  0.058824  0.411765
3    2021-01-12  35  0.514286  0.028571  0.514286
4    2021-01-13  35  0.657143  0.142857  0.428571
...         ...  ..       ...       ...       ...
1003 2025-01-03  45  0.688889  0.755556  0.533333
1004 2025-01-06  45  0.733333  0.688889  0.511111
1005 2025-01-07  46  0.739130  0.760870  0.543478
1006 2025-01-08  45  0.555556  0.777778  0.511111
1007 2025-01-10  45  0.577778  0.800000  0.466667

[1008 rows x 5 columns]",47,0.009031419676775721,0.025061652924996382,False
H_extremes10_5_ens3_v2_all,extremes10,5,ens3,expanding,liquid,v2_all,relative,0.02,16208,1008,202,0.5362166831194471,0.5025296150049359,0.033687068114511276,0.5160110611726292,0.5551999915523265,6.237694030886483,0.7977211361752679,0.5277777777777778,"            day   n       acc   frac_up      y_up
0    2021-01-07  13  0.384615  0.076923  0.538462
1    2021-01-08  13  0.461538  0.076923  0.461538
2    2021-01-11  13  0.769231  0.076923  0.307692
3    2021-01-12  14  0.642857  0.071429  0.428571
4    2021-01-13  14  0.571429  0.071429  0.500000
...         ...  ..       ...       ...       ...
1003 2025-01-03  18  0.722222  0.444444  0.388889
1004 2025-01-06  18  0.666667  0.611111  0.500000
1005 2025-01-07  18  0.833333  0.500000  0.444444
1006 2025-01-08  18  0.500000  0.611111  0.333333
1007 2025-01-10  18  0.555556  0.666667  0.222222

[1008 rows x 5 columns]",48,0.009997176117269715,0.02781731459387685,True
H_extremes10_5_ens3_v2_all,extremes10,5,ens3,expanding,liquid,v2_all,relative,0.01,7959,1008,202,0.5304686518406835,0.5111194873727856,0.019349164467897917,0.5097271589021561,0.5505033566888068,3.53652780034727,0.7436047335600906,0.5069444444444444,"            day  n       acc   frac_up      y_up
0    2021-01-07  6  0.333333  0.166667  0.500000
1    2021-01-08  6  0.666667  0.000000  0.333333
2    2021-01-11  6  0.666667  0.000000  0.333333
3    2021-01-12  7  0.714286  0.000000  0.285714
4    2021-01-13  7  0.571429  0.142857  0.571429
...         ... ..       ...       ...       ...
1003 2025-01-03  9  0.888889  0.111111  0.222222
1004 2025-01-06  9  0.666667  0.222222  0.333333
1005 2025-01-07  9  0.888889  0.333333  0.222222
1006 2025-01-08  9  0.555556  0.333333  0.333333
1007 2025-01-10  9  0.777778  0.444444  0.222222

[1008 rows x 5 columns]",49,0.010402091272104758,0.029020978227927142,False
H_extremes10_5_ens3_v2_no_market,extremes10,5,ens3,expanding,liquid,v2_no_market,relative,1.0,829603,1008,202,0.5261263520021022,0.5255525835851607,0.0005737684169415669,0.5201056520979529,0.532239978649958,32.75084507809132,0.8523863585750392,0.6944444444444444,"            day    n       acc   frac_up      y_up
0    2021-01-07  696  0.501437  0.270115  0.438218
1    2021-01-08  696  0.520115  0.227011  0.408046
2    2021-01-11  697  0.552367  0.228121  0.403156
3    2021-01-12  700  0.541429  0.292857  0.460000
4    2021-01-13  700  0.595714  0.311429  0.450000
...         ...  ...       ...       ...       ...
1003 2025-01-03  917  0.583424  0.896401  0.527808
1004 2025-01-06  917  0.593239  0.892039  0.524537
1005 2025-01-07  922  0.635575  0.883948  0.567245
1006 2025-01-08  918  0.618736  0.900871  0.574074
1007 2025-01-10  915  0.600000  0.915847  0.572678

[1008 rows x 5 columns]",50,0.003095491467348235,0.008658552789458186,False
H_extremes10_5_ens3_v2_no_market,extremes10,5,ens3,expanding,liquid,v2_no_market,relative,0.5,414551,1008,202,0.535613229735304,0.5349667471553561,0.0006464825799479268,0.5251578541819795,0.5457010905220214,46.94923224671237,0.9110704605542019,0.6607142857142857,"            day    n       acc   frac_up      y_up
0    2021-01-07  348  0.474138  0.178161  0.485632
1    2021-01-08  348  0.525862  0.103448  0.451149
2    2021-01-11  348  0.563218  0.109195  0.425287
3    2021-01-12  350  0.545714  0.180000  0.462857
4    2021-01-13  350  0.614286  0.182857  0.437143
...         ...  ...       ...       ...       ...
1003 2025-01-03  458  0.646288  0.947598  0.624454
1004 2025-01-06  458  0.683406  0.951965  0.652838
1005 2025-01-07  461  0.713666  0.943601  0.670282
1006 2025-01-08  459  0.664488  0.947712  0.647059
1007 2025-01-10  457  0.656455  0.960613  0.638950

[1008 rows x 5 columns]",51,0.0052406215153168265,0.014695857027172675,False
H_extremes10_5_ens3_v2_no_market,extremes10,5,ens3,expanding,liquid,v2_no_market,relative,0.25,207031,1008,202,0.5375378566494873,0.535972873627621,0.0015649830218662508,0.5239064680694969,0.5501457928946701,38.8645828478485,0.9125986768041136,0.6091269841269841,"            day    n       acc   frac_up      y_up
0    2021-01-07  174  0.390805  0.120690  0.603448
1    2021-01-08  174  0.459770  0.074713  0.511494
2    2021-01-11  174  0.505747  0.051724  0.488506
3    2021-01-12  175  0.542857  0.125714  0.468571
4    2021-01-13  175  0.662857  0.137143  0.417143
...         ...  ...       ...       ...       ...
1003 2025-01-03  229  0.703057  0.930131  0.659389
1004 2025-01-06  229  0.729258  0.921397  0.676856
1005 2025-01-07  230  0.752174  0.908696  0.678261
1006 2025-01-08  229  0.641921  0.930131  0.633188
1007 2025-01-10  228  0.649123  0.942982  0.618421

[1008 rows x 5 columns]",52,0.006693705312544188,0.018816918152257858,False
H_extremes10_5_ens3_v2_no_market,extremes10,5,ens3,expanding,liquid,v2_no_market,relative,0.1,82500,1008,202,0.5415030303030303,0.5344,0.007103030303030278,0.5238731113486886,0.557758666262074,23.747749749827285,0.8934862785076951,0.5674603174603174,"            day   n       acc   frac_up      y_up
0    2021-01-07  69  0.275362  0.072464  0.739130
1    2021-01-08  69  0.420290  0.072464  0.565217
2    2021-01-11  69  0.521739  0.072464  0.492754
3    2021-01-12  70  0.528571  0.100000  0.485714
4    2021-01-13  70  0.685714  0.114286  0.371429
...         ...  ..       ...       ...       ...
1003 2025-01-03  91  0.747253  0.857143  0.648352
1004 2025-01-06  91  0.747253  0.846154  0.637363
1005 2025-01-07  92  0.793478  0.836957  0.652174
1006 2025-01-08  91  0.626374  0.857143  0.593407
1007 2025-01-10  91  0.681319  0.879121  0.626374

[1008 rows x 5 columns]",53,0.008644274212598318,0.024358736221158552,False
H_extremes10_5_ens3_v2_no_market,extremes10,5,ens3,expanding,liquid,v2_no_market,relative,0.05,40970,1008,202,0.5387844764461801,0.5257505491823286,0.013033927263851552,0.5196613475626606,0.5567262742005639,13.504482460528545,0.8600781392271242,0.5525793650793651,"            day   n       acc   frac_up      y_up
0    2021-01-07  34  0.323529  0.117647  0.676471
1    2021-01-08  34  0.441176  0.058824  0.500000
2    2021-01-11  34  0.588235  0.088235  0.441176
3    2021-01-12  35  0.485714  0.085714  0.542857
4    2021-01-13  35  0.657143  0.142857  0.371429
...         ...  ..       ...       ...       ...
1003 2025-01-03  45  0.733333  0.755556  0.577778
1004 2025-01-06  45  0.666667  0.800000  0.555556
1005 2025-01-07  46  0.760870  0.760870  0.565217
1006 2025-01-08  45  0.533333  0.755556  0.466667
1007 2025-01-10  45  0.533333  0.822222  0.444444

[1008 rows x 5 columns]",54,0.009455338428036553,0.02670688432559486,False
H_extremes10_5_ens3_v2_no_market,extremes10,5,ens3,expanding,liquid,v2_no_market,relative,0.02,16208,1008,202,0.5349210266535045,0.5054294175715696,0.029491609081934933,0.5149610617594326,0.5539567768028193,6.272370411662791,0.7874630826333382,0.5119047619047619,"            day   n       acc   frac_up      y_up
0    2021-01-07  13  0.307692  0.076923  0.615385
1    2021-01-08  13  0.615385  0.076923  0.307692
2    2021-01-11  13  0.692308  0.076923  0.384615
3    2021-01-12  14  0.500000  0.071429  0.571429
4    2021-01-13  14  0.642857  0.142857  0.357143
...         ...  ..       ...       ...       ...
1003 2025-01-03  18  0.666667  0.388889  0.277778
1004 2025-01-06  18  0.666667  0.611111  0.500000
1005 2025-01-07  18  0.833333  0.444444  0.388889
1006 2025-01-08  18  0.555556  0.500000  0.388889
1007 2025-01-10  18  0.555556  0.611111  0.277778

[1008 rows x 5 columns]",55,0.009947886490659879,0.028162651785750347,True
H_extremes10_5_ens3_v2_no_market,extremes10,5,ens3,expanding,liquid,v2_no_market,relative,0.01,7959,1008,202,0.5305942957657998,0.5034552079406961,0.027139087825103658,0.5098404720629569,0.5505208437879592,3.516530963125603,0.7283517573696145,0.49702380952380953,"            day  n       acc   frac_up      y_up
0    2021-01-07  6  0.333333  0.000000  0.666667
1    2021-01-08  6  0.666667  0.000000  0.333333
2    2021-01-11  6  0.500000  0.000000  0.500000
3    2021-01-12  7  0.714286  0.142857  0.428571
4    2021-01-13  7  0.714286  0.142857  0.428571
...         ... ..       ...       ...       ...
1003 2025-01-03  9  0.888889  0.111111  0.222222
1004 2025-01-06  9  0.666667  0.333333  0.222222
1005 2025-01-07  9  0.888889  0.111111  0.222222
1006 2025-01-08  9  0.555556  0.111111  0.333333
1007 2025-01-10  9  0.666667  0.444444  0.111111

[1008 rows x 5 columns]",56,0.010377645848214866,0.02944528475864874,False
H_extremes20_1_ens_lh_v2_no_market,extremes20,1,ens_lh,expanding,liquid,v2_no_market,relative,1.0,829284,1008,1008,0.5188861716854539,0.5145245778285846,0.004361593856869295,0.5148328258291175,0.5228524717272424,14.182093593856056,0.8198459734603745,0.5992063492063492,"            day    n       acc   frac_up      y_up
0    2020-12-31  693  0.454545  0.637807  0.383838
1    2021-01-04  695  0.484892  0.575540  0.474820
2    2021-01-05  696  0.405172  0.576149  0.550287
3    2021-01-06  696  0.540230  0.640805  0.497126
4    2021-01-07  696  0.625000  0.439655  0.515805
...         ...  ...       ...       ...       ...
1003 2024-12-27  917  0.486369  0.817884  0.435115
1004 2024-12-30  916  0.539301  0.812227  0.524017
1005 2024-12-31  911  0.408342  0.827662  0.462130
1006 2025-01-02  914  0.472648  0.828228  0.521882
1007 2025-01-03  917  0.500545  0.821156  0.496183

[1008 rows x 5 columns]",57,0.002045828035235937,0.005817531556785365,False
H_extremes20_1_ens_lh_v2_no_market,extremes20,1,ens_lh,expanding,liquid,v2_no_market,relative,0.5,414381,1008,1008,0.5267447107854849,0.5222150629493147,0.004529647836170159,0.5197335179674818,0.533376630138456,20.323644581941846,0.8963020330272418,0.5873015873015873,"            day    n       acc   frac_up      y_up
0    2020-12-31  346  0.416185  0.702312  0.413295
1    2021-01-04  347  0.440922  0.634006  0.484150
2    2021-01-05  348  0.373563  0.617816  0.497126
3    2021-01-06  348  0.597701  0.686782  0.594828
4    2021-01-07  348  0.686782  0.405172  0.494253
...         ...  ...       ...       ...       ...
1003 2024-12-27  458  0.471616  0.914847  0.438865
1004 2024-12-30  458  0.539301  0.923581  0.515284
1005 2024-12-31  455  0.342857  0.940659  0.367033
1006 2025-01-02  457  0.450766  0.929978  0.433260
1007 2025-01-03  458  0.445415  0.919214  0.430131

[1008 rows x 5 columns]",58,0.003480385757901594,0.009918113875234592,False
H_extremes20_1_ens_lh_v2_no_market,extremes20,1,ens_lh,expanding,liquid,v2_no_market,relative,0.25,206941,1008,1008,0.5308566209692618,0.5254734441217546,0.005383176847507221,0.5214869794778519,0.5395935181381599,18.102849287268082,0.8971478394637049,0.5634920634920635,"            day    n       acc   frac_up      y_up
0    2020-12-31  173  0.439306  0.705202  0.410405
1    2021-01-04  173  0.398844  0.653179  0.479769
2    2021-01-05  174  0.367816  0.655172  0.448276
3    2021-01-06  174  0.666667  0.649425  0.683908
4    2021-01-07  174  0.775862  0.321839  0.454023
...         ...  ...       ...       ...       ...
1003 2024-12-27  229  0.471616  0.917031  0.458515
1004 2024-12-30  229  0.528384  0.903930  0.484716
1005 2024-12-31  227  0.334802  0.929515  0.361233
1006 2025-01-02  228  0.421053  0.921053  0.394737
1007 2025-01-03  229  0.362445  0.903930  0.353712

[1008 rows x 5 columns]",59,0.0046190149643642806,0.013190563409665035,False
H_extremes20_1_ens_lh_v2_no_market,extremes20,1,ens_lh,expanding,liquid,v2_no_market,relative,0.1,82459,1008,1008,0.5338895693617434,0.5221989109739386,0.011690658387804809,0.522281279511514,0.5447514484263684,11.189878554993344,0.8790548179520683,0.5565476190476191,"            day   n       acc   frac_up      y_up
0    2020-12-31  69  0.391304  0.782609  0.376812
1    2021-01-04  69  0.478261  0.652174  0.507246
2    2021-01-05  69  0.347826  0.681159  0.347826
3    2021-01-06  69  0.652174  0.550725  0.753623
4    2021-01-07  69  0.768116  0.144928  0.347826
...         ...  ..       ...       ...       ...
1003 2024-12-27  91  0.494505  0.846154  0.450549
1004 2024-12-30  91  0.428571  0.791209  0.329670
1005 2024-12-31  91  0.373626  0.857143  0.406593
1006 2025-01-02  91  0.395604  0.846154  0.329670
1007 2025-01-03  91  0.373626  0.813187  0.362637

[1008 rows x 5 columns]",60,0.005732185947666917,0.01640315776941711,False
H_extremes20_1_ens_lh_v2_no_market,extremes20,1,ens_lh,expanding,liquid,v2_no_market,relative,0.05,40948,1008,1008,0.5364364559929667,0.5176321187848002,0.018804337208166544,0.5234093778055702,0.5488370731967409,6.949713722581463,0.8553523183323425,0.5466269841269841,"            day   n       acc   frac_up      y_up
0    2020-12-31  34  0.294118  0.764706  0.294118
1    2021-01-04  34  0.500000  0.617647  0.529412
2    2021-01-05  34  0.382353  0.764706  0.264706
3    2021-01-06  34  0.558824  0.323529  0.764706
4    2021-01-07  34  0.794118  0.000000  0.205882
...         ...  ..       ...       ...       ...
1003 2024-12-27  45  0.466667  0.755556  0.444444
1004 2024-12-30  45  0.400000  0.733333  0.311111
1005 2024-12-31  45  0.355556  0.733333  0.444444
1006 2025-01-02  45  0.488889  0.755556  0.333333
1007 2025-01-03  45  0.400000  0.711111  0.422222

[1008 rows x 5 columns]",61,0.006486656987543555,0.01859957439886678,True
H_extremes20_1_ens_lh_v2_no_market,extremes20,1,ens_lh,expanding,liquid,v2_no_market,relative,0.02,16197,1008,1008,0.5423843921713898,0.5090448848552201,0.033339507316169636,0.5274111693385971,0.5569383837927202,3.661466881357862,0.8093290735097458,0.5327380952380952,"            day   n       acc   frac_up      y_up
0    2020-12-31  13  0.307692  0.538462  0.307692
1    2021-01-04  13  0.615385  0.692308  0.461538
2    2021-01-05  13  0.384615  0.692308  0.230769
3    2021-01-06  13  0.538462  0.307692  0.769231
4    2021-01-07  13  0.846154  0.000000  0.153846
...         ...  ..       ...       ...       ...
1003 2024-12-27  18  0.555556  0.388889  0.500000
1004 2024-12-30  18  0.555556  0.444444  0.333333
1005 2024-12-31  18  0.277778  0.388889  0.444444
1006 2025-01-02  18  0.611111  0.444444  0.277778
1007 2025-01-03  18  0.555556  0.388889  0.722222

[1008 rows x 5 columns]",62,0.007532452666868137,0.021640919736265044,True
H_extremes20_1_ens_lh_v2_no_market,extremes20,1,ens_lh,expanding,liquid,v2_no_market,relative,0.01,7948,1008,1008,0.543658782083543,0.4895571212883744,0.054101660795168593,0.5277983055239254,0.559006520961335,2.100835718367788,0.7710400132275133,0.5396825396825397,"            day  n       acc   frac_up      y_up
0    2020-12-31  6  0.333333  0.333333  0.333333
1    2021-01-04  6  0.333333  0.500000  0.166667
2    2021-01-05  6  0.500000  0.500000  0.333333
3    2021-01-06  6  0.500000  0.166667  0.666667
4    2021-01-07  6  0.833333  0.000000  0.166667
...         ... ..       ...       ...       ...
1003 2024-12-27  9  0.777778  0.222222  0.222222
1004 2024-12-30  9  0.666667  0.111111  0.222222
1005 2024-12-31  9  0.444444  0.111111  0.444444
1006 2025-01-02  9  0.777778  0.111111  0.111111
1007 2025-01-03  9  0.222222  0.000000  0.777778

[1008 rows x 5 columns]",63,0.007961279448318774,0.022917244285298045,True
H_extremes20_5_ens_lh_v2_no_market,extremes20,5,ens_lh,expanding,liquid,v2_no_market,relative,1.0,829603,1008,202,0.5290048372534815,0.5255682537310015,0.0034365835224799968,0.5217031464390872,0.5360307405497768,44.82093279603216,0.8240885839803054,0.6974206349206349,"            day    n       acc   frac_up      y_up
0    2021-01-07  696  0.520115  0.294540  0.438218
1    2021-01-08  696  0.521552  0.248563  0.408046
2    2021-01-11  697  0.555237  0.222382  0.403156
3    2021-01-12  700  0.532857  0.301429  0.460000
4    2021-01-13  700  0.568571  0.324286  0.450000
...         ...  ...       ...       ...       ...
1003 2025-01-03  917  0.611778  0.839695  0.527808
1004 2025-01-06  917  0.637950  0.832061  0.524537
1005 2025-01-07  922  0.667028  0.828633  0.567245
1006 2025-01-08  918  0.625272  0.835512  0.574074
1007 2025-01-10  915  0.609836  0.860109  0.572678

[1008 rows x 5 columns]",64,0.003654998497624904,0.01054121220812189,False
H_extremes20_5_ens_lh_v2_no_market,extremes20,5,ens_lh,expanding,liquid,v2_no_market,relative,0.5,414551,1008,202,0.5397815950269086,0.536030548714151,0.0037510463127575777,0.5279343559498697,0.5512813364935458,61.07147038597029,0.9014251656771749,0.6547619047619048,"            day    n       acc   frac_up      y_up
0    2021-01-07  348  0.459770  0.204023  0.479885
1    2021-01-08  348  0.514368  0.112069  0.459770
2    2021-01-11  348  0.554598  0.117816  0.419540
3    2021-01-12  350  0.540000  0.177143  0.448571
4    2021-01-13  350  0.611429  0.171429  0.417143
...         ...  ...       ...       ...       ...
1003 2025-01-03  458  0.655022  0.925764  0.620087
1004 2025-01-06  458  0.692140  0.912664  0.644105
1005 2025-01-07  461  0.704989  0.921909  0.648590
1006 2025-01-08  459  0.649237  0.941176  0.629630
1007 2025-01-10  457  0.638950  0.938731  0.608315

[1008 rows x 5 columns]",65,0.005955862383590848,0.0172090153067024,False
H_extremes20_5_ens_lh_v2_no_market,extremes20,5,ens_lh,expanding,liquid,v2_no_market,relative,0.25,207031,1008,202,0.5444885065521589,0.5396148402896185,0.004873666262540377,0.5285823166670234,0.5604353028946685,55.97126659687757,0.9077862588708996,0.6259920634920635,"            day    n       acc   frac_up      y_up
0    2021-01-07  174  0.413793  0.155172  0.580460
1    2021-01-08  174  0.465517  0.097701  0.517241
2    2021-01-11  174  0.511494  0.080460  0.511494
3    2021-01-12  175  0.508571  0.137143  0.457143
4    2021-01-13  175  0.634286  0.125714  0.411429
...         ...  ...       ...       ...       ...
1003 2025-01-03  229  0.689956  0.912664  0.646288
1004 2025-01-06  229  0.772926  0.899563  0.698690
1005 2025-01-07  230  0.717391  0.886957  0.639130
1006 2025-01-08  229  0.620087  0.903930  0.585153
1007 2025-01-10  228  0.662281  0.921053  0.635965

[1008 rows x 5 columns]",66,0.008125761792766606,0.02352167268930784,False
H_extremes20_5_ens_lh_v2_no_market,extremes20,5,ens_lh,expanding,liquid,v2_no_market,relative,0.1,82500,1008,202,0.5482181818181818,0.5383515151515151,0.00986666666666669,0.5276793817659453,0.5691497748323597,36.90990743931358,0.8986187435051094,0.6121031746031746,"            day   n       acc   frac_up      y_up
0    2021-01-07  69  0.362319  0.130435  0.681159
1    2021-01-08  69  0.492754  0.072464  0.492754
2    2021-01-11  69  0.521739  0.086957  0.536232
3    2021-01-12  70  0.542857  0.114286  0.485714
4    2021-01-13  70  0.671429  0.100000  0.428571
...         ...  ..       ...       ...       ...
1003 2025-01-03  91  0.758242  0.857143  0.659341
1004 2025-01-06  91  0.714286  0.846154  0.604396
1005 2025-01-07  92  0.771739  0.847826  0.641304
1006 2025-01-08  91  0.560440  0.868132  0.538462
1007 2025-01-10  91  0.571429  0.890110  0.549451

[1008 rows x 5 columns]",67,0.010579181904697556,0.030678506180586547,False
H_extremes20_5_ens_lh_v2_no_market,extremes20,5,ens_lh,expanding,liquid,v2_no_market,relative,0.05,40970,1008,202,0.5522577495728582,0.5339028557481084,0.018354893824749863,0.5295880449343421,0.574569974675515,21.764010660308912,0.8827779704502002,0.6021825396825397,"            day   n       acc   frac_up      y_up
0    2021-01-07  34  0.323529  0.088235  0.647059
1    2021-01-08  34  0.529412  0.029412  0.441176
2    2021-01-11  34  0.529412  0.088235  0.500000
3    2021-01-12  35  0.542857  0.057143  0.514286
4    2021-01-13  35  0.657143  0.085714  0.428571
...         ...  ..       ...       ...       ...
1003 2025-01-03  45  0.711111  0.711111  0.511111
1004 2025-01-06  45  0.711111  0.800000  0.555556
1005 2025-01-07  46  0.760870  0.782609  0.586957
1006 2025-01-08  45  0.511111  0.777778  0.422222
1007 2025-01-10  45  0.444444  0.800000  0.422222

[1008 rows x 5 columns]",68,0.011474982076829815,0.03333480399324781,False
H_extremes20_5_ens_lh_v2_no_market,extremes20,5,ens_lh,expanding,liquid,v2_no_market,relative,0.02,16208,1008,202,0.5586130306021717,0.5251727541954591,0.033440276406712655,0.5338416943073159,0.5820358987322065,9.817728637807651,0.8423532625300832,0.5734126984126984,"            day   n       acc   frac_up      y_up
0    2021-01-07  13  0.307692  0.076923  0.615385
1    2021-01-08  13  0.615385  0.076923  0.307692
2    2021-01-11  13  0.615385  0.000000  0.384615
3    2021-01-12  14  0.428571  0.071429  0.642857
4    2021-01-13  14  0.571429  0.000000  0.428571
...         ...  ..       ...       ...       ...
1003 2025-01-03  18  0.777778  0.444444  0.333333
1004 2025-01-06  18  0.777778  0.722222  0.500000
1005 2025-01-07  18  0.777778  0.611111  0.388889
1006 2025-01-08  18  0.444444  0.555556  0.333333
1007 2025-01-10  18  0.444444  0.666667  0.333333

[1008 rows x 5 columns]",69,0.012294439904308837,0.03577705884664443,False
H_extremes20_5_ens_lh_v2_no_market,extremes20,5,ens_lh,expanding,liquid,v2_no_market,relative,0.01,7959,1008,202,0.5606231938685765,0.506847593918834,0.05377559994974246,0.5339807085498349,0.5864679332788328,5.944132141523995,0.8011011117409926,0.5486111111111112,"            day  n       acc   frac_up      y_up
0    2021-01-07  6  0.500000  0.166667  0.333333
1    2021-01-08  6  0.500000  0.000000  0.500000
2    2021-01-11  6  0.500000  0.000000  0.500000
3    2021-01-12  7  0.285714  0.000000  0.714286
4    2021-01-13  7  0.714286  0.000000  0.285714
...         ... ..       ...       ...       ...
1003 2025-01-03  9  0.666667  0.222222  0.111111
1004 2025-01-06  9  0.555556  0.555556  0.111111
1005 2025-01-07  9  0.888889  0.333333  0.222222
1006 2025-01-08  9  0.555556  0.333333  0.333333
1007 2025-01-10  9  0.555556  0.555556  0.333333

[1008 rows x 5 columns]",70,0.01338959814515253,0.03903013998328379,True
H_extremes20_1_ens_lh_v2_all,extremes20,1,ens_lh,expanding,liquid,v2_all,relative,1.0,829284,1008,1008,0.5168193284809547,0.514547489159323,0.0022718393216316635,0.5125861007987161,0.5210735527446547,15.780466890698573,0.8171153836636031,0.5892857142857143,"            day    n       acc   frac_up      y_up
0    2020-12-31  693  0.481962  0.561328  0.383838
1    2021-01-04  695  0.479137  0.581295  0.474820
2    2021-01-05  696  0.410920  0.306034  0.550287
3    2021-01-06  696  0.576149  0.616379  0.497126
4    2021-01-07  696  0.602011  0.350575  0.515805
...         ...  ...       ...       ...       ...
1003 2024-12-27  917  0.482007  0.802617  0.435115
1004 2024-12-30  916  0.534934  0.842795  0.524017
1005 2024-12-31  911  0.394072  0.855104  0.462130
1006 2025-01-02  914  0.472648  0.817287  0.521882
1007 2025-01-03  917  0.494002  0.803708  0.496183

[1008 rows x 5 columns]",71,0.0021651663127394347,0.00632189995269942,False
H_extremes20_1_ens_lh_v2_all,extremes20,1,ens_lh,expanding,liquid,v2_all,relative,0.5,414381,1008,1008,0.5240660165403337,0.5223574439947778,0.0017085725455558975,0.5168131490547881,0.5312251165780048,22.254054717468012,0.8960650045001042,0.5873015873015873,"            day    n       acc   frac_up      y_up
0    2020-12-31  346  0.459538  0.604046  0.416185
1    2021-01-04  347  0.452450  0.634006  0.455331
2    2021-01-05  348  0.387931  0.250000  0.551724
3    2021-01-06  348  0.612069  0.669540  0.614943
4    2021-01-07  348  0.635057  0.244253  0.494253
...         ...  ...       ...       ...       ...
1003 2024-12-27  458  0.489083  0.868996  0.445415
1004 2024-12-30  458  0.548035  0.951965  0.534934
1005 2024-12-31  455  0.342857  0.951648  0.364835
1006 2025-01-02  457  0.448578  0.927790  0.433260
1007 2025-01-03  458  0.441048  0.906114  0.421397

[1008 rows x 5 columns]",72,0.0036765223273511755,0.010752386789489324,False
H_extremes20_1_ens_lh_v2_all,extremes20,1,ens_lh,expanding,liquid,v2_all,relative,0.25,206941,1008,1008,0.5274111944950494,0.5247147737761004,0.002696420718948933,0.5179249545164699,0.5369082893072187,19.669195197812364,0.9023381230481393,0.5704365079365079,"            day    n       acc   frac_up      y_up
0    2020-12-31  173  0.433526  0.641618  0.398844
1    2021-01-04  173  0.433526  0.647399  0.450867
2    2021-01-05  174  0.362069  0.229885  0.545977
3    2021-01-06  174  0.649425  0.672414  0.712644
4    2021-01-07  174  0.706897  0.224138  0.425287
...         ...  ...       ...       ...       ...
1003 2024-12-27  229  0.493450  0.873362  0.462882
1004 2024-12-30  229  0.493450  0.938865  0.467249
1005 2024-12-31  227  0.387665  0.920705  0.414097
1006 2025-01-02  228  0.416667  0.899123  0.377193
1007 2025-01-03  229  0.397380  0.873362  0.393013

[1008 rows x 5 columns]",73,0.0048426874466195825,0.014185783852662724,False
H_extremes20_1_ens_lh_v2_all,extremes20,1,ens_lh,expanding,liquid,v2_all,relative,0.1,82459,1008,1008,0.5311245588716816,0.5258249554323967,0.005299603439284928,0.5196059438577542,0.5424309232940661,11.601584517497548,0.8913736632057624,0.5515873015873016,"            day   n       acc   frac_up      y_up
0    2020-12-31  69  0.420290  0.739130  0.362319
1    2021-01-04  69  0.463768  0.724638  0.507246
2    2021-01-05  69  0.275362  0.202899  0.637681
3    2021-01-06  69  0.681159  0.550725  0.724638
4    2021-01-07  69  0.739130  0.101449  0.362319
...         ...  ..       ...       ...       ...
1003 2024-12-27  91  0.461538  0.824176  0.439560
1004 2024-12-30  91  0.505495  0.879121  0.428571
1005 2024-12-31  91  0.395604  0.813187  0.450549
1006 2025-01-02  91  0.395604  0.824176  0.329670
1007 2025-01-03  91  0.439560  0.780220  0.439560

[1008 rows x 5 columns]",74,0.005822698835793852,0.017083574312446823,False
H_extremes20_1_ens_lh_v2_all,extremes20,1,ens_lh,expanding,liquid,v2_all,relative,0.05,40948,1008,1008,0.5330663280257888,0.5221988863924978,0.010867441633291008,0.5203438119195614,0.545932447144539,6.874318728328404,0.8741310294925058,0.5357142857142857,"            day   n       acc   frac_up      y_up
0    2020-12-31  34  0.382353  0.676471  0.352941
1    2021-01-04  34  0.529412  0.705882  0.529412
2    2021-01-05  34  0.323529  0.235294  0.558824
3    2021-01-06  34  0.500000  0.323529  0.705882
4    2021-01-07  34  0.676471  0.029412  0.352941
...         ...  ..       ...       ...       ...
1003 2024-12-27  45  0.466667  0.755556  0.400000
1004 2024-12-30  45  0.444444  0.822222  0.355556
1005 2024-12-31  45  0.311111  0.688889  0.355556
1006 2025-01-02  45  0.444444  0.688889  0.311111
1007 2025-01-03  45  0.444444  0.600000  0.444444

[1008 rows x 5 columns]",75,0.006527713067596345,0.019181900302519733,False
H_extremes20_1_ens_lh_v2_all,extremes20,1,ens_lh,expanding,liquid,v2_all,relative,0.02,16197,1008,1008,0.5362721491634254,0.5125023152435636,0.02376983391986176,0.5221948993504559,0.5500282074670507,3.4709147488018455,0.8409938325401386,0.5168650793650794,"            day   n       acc   frac_up      y_up
0    2020-12-31  13  0.384615  0.692308  0.538462
1    2021-01-04  13  0.538462  0.615385  0.307692
2    2021-01-05  13  0.384615  0.384615  0.384615
3    2021-01-06  13  0.461538  0.230769  0.615385
4    2021-01-07  13  0.692308  0.076923  0.384615
...         ...  ..       ...       ...       ...
1003 2024-12-27  18  0.666667  0.500000  0.500000
1004 2024-12-30  18  0.500000  0.611111  0.222222
1005 2024-12-31  18  0.277778  0.500000  0.333333
1006 2025-01-02  18  0.555556  0.388889  0.277778
1007 2025-01-03  18  0.388889  0.333333  0.611111

[1008 rows x 5 columns]",76,0.007100333703212957,0.02089654467690018,True
H_extremes20_1_ens_lh_v2_all,extremes20,1,ens_lh,expanding,liquid,v2_all,relative,0.01,7948,1008,1008,0.541897332662305,0.5075490689481631,0.0343482637141419,0.526226861263552,0.5574286604496613,2.1210433543137337,0.8190468316956412,0.5357142857142857,"            day  n       acc   frac_up      y_up
0    2020-12-31  6  0.500000  0.666667  0.500000
1    2021-01-04  6  0.500000  0.833333  0.333333
2    2021-01-05  6  0.333333  0.500000  0.166667
3    2021-01-06  6  0.500000  0.166667  0.666667
4    2021-01-07  6  0.500000  0.000000  0.500000
...         ... ..       ...       ...       ...
1003 2024-12-27  9  0.777778  0.222222  0.222222
1004 2024-12-30  9  0.666667  0.333333  0.222222
1005 2024-12-31  9  0.333333  0.222222  0.444444
1006 2025-01-02  9  0.666667  0.111111  0.222222
1007 2025-01-03  9  0.222222  0.111111  0.666667

[1008 rows x 5 columns]",77,0.007959642649517686,0.023460850375785672,True
H_extremes20_1_ens3_v2_no_market,extremes20,1,ens3,expanding,liquid,v2_no_market,relative,1.0,829284,1008,1008,0.5189633466942567,0.5145125192334592,0.004450827460797502,0.514936472881945,0.52299638690571,14.630245056001314,0.8227736341174088,0.6001984126984127,"            day    n       acc   frac_up      y_up
0    2020-12-31  693  0.440115  0.640693  0.383838
1    2021-01-04  695  0.474820  0.568345  0.474820
2    2021-01-05  696  0.400862  0.557471  0.550287
3    2021-01-06  696  0.557471  0.620690  0.497126
4    2021-01-07  696  0.627874  0.456897  0.515805
...         ...  ...       ...       ...       ...
1003 2024-12-27  917  0.486369  0.820065  0.435115
1004 2024-12-30  916  0.534934  0.823144  0.524017
1005 2024-12-31  911  0.400659  0.835346  0.462130
1006 2025-01-02  914  0.480306  0.835886  0.521882
1007 2025-01-03  917  0.502726  0.821156  0.496183

[1008 rows x 5 columns]",78,0.0020561005162665937,0.006069300041077367,False
H_extremes20_1_ens3_v2_no_market,extremes20,1,ens3,expanding,liquid,v2_no_market,relative,0.5,414381,1008,1008,0.5272225319211065,0.5231634655063818,0.004059066414724644,0.5200516487252572,0.5340107120204729,21.461700313589272,0.8986552625458037,0.5813492063492064,"            day    n       acc   frac_up      y_up
0    2020-12-31  346  0.424855  0.699422  0.430636
1    2021-01-04  347  0.469741  0.631124  0.498559
2    2021-01-05  348  0.362069  0.586207  0.511494
3    2021-01-06  348  0.606322  0.663793  0.586207
4    2021-01-07  348  0.692529  0.402299  0.491379
...         ...  ...       ...       ...       ...
1003 2024-12-27  458  0.475983  0.914847  0.443231
1004 2024-12-30  458  0.534934  0.910480  0.506550
1005 2024-12-31  455  0.345055  0.938462  0.371429
1006 2025-01-02  457  0.452954  0.929978  0.435449
1007 2025-01-03  458  0.441048  0.923581  0.425764

[1008 rows x 5 columns]",79,0.0035609855344937956,0.010526851284881638,False
H_extremes20_1_ens3_v2_no_market,extremes20,1,ens3,expanding,liquid,v2_no_market,relative,0.25,206941,1008,1008,0.5312625337656627,0.5256474067487835,0.005615127016879162,0.5215773981445866,0.5405414772993928,19.528209237627514,0.89592649082495,0.5684523809523809,"            day    n       acc   frac_up      y_up
0    2020-12-31  173  0.410405  0.728324  0.381503
1    2021-01-04  173  0.445087  0.641618  0.468208
2    2021-01-05  174  0.373563  0.603448  0.448276
3    2021-01-06  174  0.706897  0.637931  0.735632
4    2021-01-07  174  0.758621  0.327586  0.465517
...         ...  ...       ...       ...       ...
1003 2024-12-27  229  0.454148  0.903930  0.454148
1004 2024-12-30  229  0.519651  0.903930  0.475983
1005 2024-12-31  227  0.343612  0.925110  0.374449
1006 2025-01-02  228  0.412281  0.916667  0.372807
1007 2025-01-03  229  0.375546  0.908297  0.353712

[1008 rows x 5 columns]",80,0.00483777529459343,0.014321819523206865,False
H_extremes20_1_ens3_v2_no_market,extremes20,1,ens3,expanding,liquid,v2_no_market,relative,0.1,82459,1008,1008,0.5338774421227519,0.5217502031312531,0.012127238991498812,0.5221145891685521,0.5448644595733477,11.645918996179415,0.8718579417969061,0.5515873015873016,"            day   n       acc   frac_up      y_up
0    2020-12-31  69  0.376812  0.739130  0.318841
1    2021-01-04  69  0.536232  0.623188  0.565217
2    2021-01-05  69  0.304348  0.666667  0.376812
3    2021-01-06  69  0.652174  0.550725  0.782609
4    2021-01-07  69  0.724638  0.159420  0.405797
...         ...  ..       ...       ...       ...
1003 2024-12-27  91  0.483516  0.835165  0.450549
1004 2024-12-30  91  0.450549  0.791209  0.351648
1005 2024-12-31  91  0.373626  0.857143  0.406593
1006 2025-01-02  91  0.417582  0.857143  0.340659
1007 2025-01-03  91  0.384615  0.824176  0.384615

[1008 rows x 5 columns]",81,0.005803538368570304,0.01720521403987039,False
H_extremes20_1_ens3_v2_no_market,extremes20,1,ens3,expanding,liquid,v2_no_market,relative,0.05,40948,1008,1008,0.5357526619126697,0.5126746117026473,0.023078050210022405,0.5225405281991998,0.5483897242693077,7.023134665058913,0.8412754862155304,0.5307539682539683,"            day   n       acc   frac_up      y_up
0    2020-12-31  34  0.264706  0.705882  0.323529
1    2021-01-04  34  0.558824  0.617647  0.588235
2    2021-01-05  34  0.411765  0.676471  0.264706
3    2021-01-06  34  0.588235  0.382353  0.794118
4    2021-01-07  34  0.705882  0.029412  0.323529
...         ...  ..       ...       ...       ...
1003 2024-12-27  45  0.466667  0.755556  0.444444
1004 2024-12-30  45  0.422222  0.666667  0.311111
1005 2024-12-31  45  0.377778  0.733333  0.466667
1006 2025-01-02  45  0.466667  0.711111  0.311111
1007 2025-01-03  45  0.422222  0.666667  0.444444

[1008 rows x 5 columns]",82,0.006594182670945874,0.01957643752606673,True
H_extremes20_1_ens3_v2_no_market,extremes20,1,ens3,expanding,liquid,v2_no_market,relative,0.02,16197,1008,1008,0.5417052540593937,0.5035500401308884,0.038155213928505294,0.5273554054031823,0.5560702579009215,3.5473462163209657,0.7804913400545404,0.5337301587301587,"            day   n       acc   frac_up      y_up
0    2020-12-31  13  0.307692  0.538462  0.307692
1    2021-01-04  13  0.692308  0.769231  0.615385
2    2021-01-05  13  0.384615  0.769231  0.307692
3    2021-01-06  13  0.538462  0.230769  0.692308
4    2021-01-07  13  0.769231  0.000000  0.230769
...         ...  ..       ...       ...       ...
1003 2024-12-27  18  0.500000  0.444444  0.388889
1004 2024-12-30  18  0.611111  0.333333  0.388889
1005 2024-12-31  18  0.277778  0.388889  0.444444
1006 2025-01-02  18  0.666667  0.333333  0.222222
1007 2025-01-03  18  0.611111  0.333333  0.722222

[1008 rows x 5 columns]",83,0.00732521747391306,0.021776580686148694,True
H_extremes20_1_ens3_v2_no_market,extremes20,1,ens3,expanding,liquid,v2_no_market,relative,0.01,7948,1008,1008,0.5469300452944137,0.5010065425264217,0.04592350276799195,0.5311701651615003,0.561998933445802,1.9773724399159893,0.7421225434618293,0.5357142857142857,"            day  n       acc   frac_up      y_up
0    2020-12-31  6  0.500000  0.500000  0.333333
1    2021-01-04  6  0.666667  0.666667  0.333333
2    2021-01-05  6  0.500000  0.500000  0.333333
3    2021-01-06  6  0.666667  0.333333  0.666667
4    2021-01-07  6  0.833333  0.000000  0.166667
...         ... ..       ...       ...       ...
1003 2024-12-27  9  0.777778  0.111111  0.333333
1004 2024-12-30  9  0.666667  0.111111  0.222222
1005 2024-12-31  9  0.444444  0.111111  0.444444
1006 2025-01-02  9  0.777778  0.111111  0.111111
1007 2025-01-03  9  0.222222  0.000000  0.777778

[1008 rows x 5 columns]",84,0.007864481705179005,0.023411379293122463,True
H_extremes20_5_ens_lh_v2_all,extremes20,5,ens_lh,expanding,liquid,v2_all,relative,1.0,829603,1008,202,0.527414920148553,0.5255658429393336,0.0018490772092193408,0.5204885336067189,0.5338409685169547,41.18420253873004,0.8220988224006268,0.6736111111111112,"            day    n       acc   frac_up      y_up
0    2021-01-07  696  0.517241  0.150862  0.438218
1    2021-01-08  696  0.551724  0.158046  0.408046
2    2021-01-11  697  0.591105  0.100430  0.403156
3    2021-01-12  700  0.517143  0.231429  0.460000
4    2021-01-13  700  0.558571  0.368571  0.450000
...         ...  ...       ...       ...       ...
1003 2025-01-03  917  0.620502  0.837514  0.527808
1004 2025-01-06  917  0.647764  0.793893  0.524537
1005 2025-01-07  922  0.665944  0.836226  0.567245
1006 2025-01-08  918  0.624183  0.836601  0.574074
1007 2025-01-10  915  0.614208  0.822951  0.572678

[1008 rows x 5 columns]",85,0.0034062333954683307,0.010153376994895935,False
H_extremes20_5_ens_lh_v2_all,extremes20,5,ens_lh,expanding,liquid,v2_all,relative,0.5,414551,1008,202,0.5372897423959899,0.5343926320283874,0.00289711036760254,0.5256804800386555,0.5484485424276911,56.479974416325334,0.8999783542843998,0.6339285714285714,"            day    n       acc   frac_up      y_up
0    2021-01-07  348  0.545977  0.045977  0.465517
1    2021-01-08  348  0.577586  0.054598  0.419540
2    2021-01-11  348  0.635057  0.014368  0.379310
3    2021-01-12  350  0.540000  0.102857  0.437143
4    2021-01-13  350  0.594286  0.262857  0.440000
...         ...  ...       ...       ...       ...
1003 2025-01-03  458  0.655022  0.943231  0.628821
1004 2025-01-06  458  0.724891  0.868996  0.624454
1005 2025-01-07  461  0.711497  0.943601  0.668113
1006 2025-01-08  459  0.662309  0.943355  0.640523
1007 2025-01-10  457  0.654267  0.905908  0.621444

[1008 rows x 5 columns]",86,0.005808179180876433,0.01733592586619636,False
H_extremes20_5_ens_lh_v2_all,extremes20,5,ens_lh,expanding,liquid,v2_all,relative,0.25,207031,1008,202,0.5410349174761268,0.5353449483410697,0.005689969135057038,0.5254301901757984,0.5559432132368778,49.6048419742035,0.9049923110026429,0.6121031746031746,"            day    n       acc   frac_up      y_up
0    2021-01-07  174  0.540230  0.011494  0.459770
1    2021-01-08  174  0.574713  0.040230  0.431034
2    2021-01-11  174  0.609195  0.011494  0.402299
3    2021-01-12  175  0.565714  0.085714  0.417143
4    2021-01-13  175  0.640000  0.211429  0.434286
...         ...  ...       ...       ...       ...
1003 2025-01-03  229  0.698690  0.925764  0.650655
1004 2025-01-06  229  0.786026  0.855895  0.676856
1005 2025-01-07  230  0.743478  0.926087  0.686957
1006 2025-01-08  229  0.641921  0.938865  0.624454
1007 2025-01-10  228  0.706140  0.885965  0.644737

[1008 rows x 5 columns]",87,0.007783934454356988,0.02326317886646102,False
H_extremes20_5_ens_lh_v2_all,extremes20,5,ens_lh,expanding,liquid,v2_all,relative,0.1,82500,1008,202,0.5443878787878788,0.5324484848484848,0.011939393939393916,0.5249694641915132,0.5629197860626546,30.703792844927815,0.8916428855624985,0.5863095238095238,"            day   n       acc   frac_up      y_up
0    2021-01-07  69  0.507246  0.028986  0.492754
1    2021-01-08  69  0.637681  0.014493  0.376812
2    2021-01-11  69  0.594203  0.000000  0.405797
3    2021-01-12  70  0.628571  0.057143  0.400000
4    2021-01-13  70  0.657143  0.157143  0.471429
...         ...  ..       ...       ...       ...
1003 2025-01-03  91  0.758242  0.857143  0.659341
1004 2025-01-06  91  0.758242  0.791209  0.615385
1005 2025-01-07  92  0.793478  0.913043  0.728261
1006 2025-01-08  91  0.626374  0.879121  0.593407
1007 2025-01-10  91  0.692308  0.725275  0.549451

[1008 rows x 5 columns]",88,0.009681204558964627,0.02897038571669331,False
H_extremes20_5_ens_lh_v2_all,extremes20,5,ens_lh,expanding,liquid,v2_all,relative,0.05,40970,1008,202,0.5462533561142299,0.5253356114229925,0.020917744691237417,0.5241335069810179,0.5669904228792388,19.247308598408644,0.8692577287170248,0.5654761904761905,"            day   n       acc   frac_up      y_up
0    2021-01-07  34  0.441176  0.029412  0.529412
1    2021-01-08  34  0.588235  0.000000  0.411765
2    2021-01-11  34  0.617647  0.000000  0.382353
3    2021-01-12  35  0.542857  0.114286  0.514286
4    2021-01-13  35  0.571429  0.142857  0.514286
...         ...  ..       ...       ...       ...
1003 2025-01-03  45  0.733333  0.755556  0.577778
1004 2025-01-06  45  0.733333  0.711111  0.488889
1005 2025-01-07  46  0.760870  0.847826  0.608696
1006 2025-01-08  45  0.488889  0.800000  0.422222
1007 2025-01-10  45  0.577778  0.577778  0.422222

[1008 rows x 5 columns]",89,0.010932886708729831,0.03275722152149228,False
H_extremes20_5_ens_lh_v2_all,extremes20,5,ens_lh,expanding,liquid,v2_all,relative,0.02,16208,1008,202,0.5523815399802566,0.515177690029615,0.03720384995064163,0.5285864933323416,0.5749112165439603,8.719245204508216,0.8249522788103847,0.5396825396825397,"            day   n       acc   frac_up      y_up
0    2021-01-07  13  0.615385  0.000000  0.384615
1    2021-01-08  13  0.692308  0.000000  0.307692
2    2021-01-11  13  0.615385  0.000000  0.384615
3    2021-01-12  14  0.428571  0.000000  0.571429
4    2021-01-13  14  0.642857  0.214286  0.571429
...         ...  ..       ...       ...       ...
1003 2025-01-03  18  0.722222  0.555556  0.388889
1004 2025-01-06  18  0.722222  0.666667  0.500000
1005 2025-01-07  18  0.777778  0.666667  0.444444
1006 2025-01-08  18  0.555556  0.611111  0.500000
1007 2025-01-10  18  0.722222  0.222222  0.388889

[1008 rows x 5 columns]",90,0.011817531431535364,0.03545184454439343,True
H_extremes20_5_ens_lh_v2_all,extremes20,5,ens_lh,expanding,liquid,v2_all,relative,0.01,7959,1008,202,0.5568538761150899,0.4940319135569795,0.06282196255811034,0.5307212624768458,0.5809919841240895,5.154573173430001,0.788210191484001,0.5089285714285714,"            day  n       acc   frac_up      y_up
0    2021-01-07  6  0.666667  0.000000  0.333333
1    2021-01-08  6  0.666667  0.000000  0.333333
2    2021-01-11  6  0.500000  0.000000  0.500000
3    2021-01-12  7  0.428571  0.000000  0.571429
4    2021-01-13  7  0.571429  0.142857  0.571429
...         ... ..       ...       ...       ...
1003 2025-01-03  9  0.777778  0.222222  0.222222
1004 2025-01-06  9  0.555556  0.444444  0.222222
1005 2025-01-07  9  0.888889  0.555556  0.444444
1006 2025-01-08  9  0.555556  0.444444  0.444444
1007 2025-01-10  9  0.555556  0.111111  0.555556

[1008 rows x 5 columns]",91,0.012824163685521344,0.03851888444706153,True
H_extremes20_5_ens3_v2_no_market,extremes20,5,ens3,expanding,liquid,v2_no_market,relative,1.0,829603,1008,202,0.5286142890032943,0.5255646375434997,0.0030496514597946334,0.5212659023212176,0.5355061867868501,45.371541777537836,0.8273187356411457,0.6944444444444444,"            day    n       acc   frac_up      y_up
0    2021-01-07  696  0.515805  0.284483  0.438218
1    2021-01-08  696  0.522989  0.238506  0.408046
2    2021-01-11  697  0.542324  0.229555  0.403156
3    2021-01-12  700  0.524286  0.295714  0.460000
4    2021-01-13  700  0.581429  0.328571  0.450000
...         ...  ...       ...       ...       ...
1003 2025-01-03  917  0.608506  0.838604  0.527808
1004 2025-01-06  917  0.630316  0.839695  0.524537
1005 2025-01-07  922  0.665944  0.827549  0.567245
1006 2025-01-08  918  0.626362  0.832244  0.574074
1007 2025-01-10  915  0.615301  0.861202  0.572678

[1008 rows x 5 columns]",92,0.003632725628987889,0.010924529000956617,False
H_extremes20_5_ens3_v2_no_market,extremes20,5,ens3,expanding,liquid,v2_no_market,relative,0.5,414551,1008,202,0.5395620804195382,0.5367686967345393,0.002793383684998929,0.527606097839252,0.5514924725002524,63.86780596505852,0.9025345962056256,0.6428571428571429,"            day    n       acc   frac_up      y_up
0    2021-01-07  348  0.451149  0.195402  0.491379
1    2021-01-08  348  0.511494  0.103448  0.482759
2    2021-01-11  348  0.528736  0.123563  0.445402
3    2021-01-12  350  0.531429  0.197143  0.471429
4    2021-01-13  350  0.605714  0.208571  0.437143
...         ...  ...       ...       ...       ...
1003 2025-01-03  458  0.641921  0.927948  0.604803
1004 2025-01-06  458  0.689956  0.910480  0.639738
1005 2025-01-07  461  0.702820  0.913232  0.642082
1006 2025-01-08  459  0.647059  0.932462  0.618736
1007 2025-01-10  457  0.643326  0.940919  0.610503

[1008 rows x 5 columns]",93,0.006093462923724566,0.018346483884406375,False
H_extremes20_5_ens3_v2_no_market,extremes20,5,ens3,expanding,liquid,v2_no_market,relative,0.25,207031,1008,202,0.5426820138046959,0.5390110659756269,0.003670947829069071,0.5266238501368788,0.5587861595665373,56.504122143032475,0.9051153862232375,0.5982142857142857,"            day    n       acc   frac_up      y_up
0    2021-01-07  174  0.373563  0.137931  0.637931
1    2021-01-08  174  0.431034  0.091954  0.557471
2    2021-01-11  174  0.488506  0.080460  0.534483
3    2021-01-12  175  0.520000  0.137143  0.457143
4    2021-01-13  175  0.622857  0.131429  0.440000
...         ...  ...       ...       ...       ...
1003 2025-01-03  229  0.685590  0.908297  0.637555
1004 2025-01-06  229  0.759825  0.903930  0.689956
1005 2025-01-07  230  0.739130  0.891304  0.647826
1006 2025-01-08  229  0.637555  0.899563  0.598253
1007 2025-01-10  228  0.662281  0.921053  0.635965

[1008 rows x 5 columns]",94,0.00820467077287206,0.024732135359665328,False
H_extremes20_5_ens3_v2_no_market,extremes20,5,ens3,expanding,liquid,v2_no_market,relative,0.1,82500,1008,202,0.5456606060606061,0.5359757575757575,0.009684848484848518,0.5253162780433966,0.5660651777215241,35.200701229254,0.8868385434862573,0.5892857142857143,"            day   n       acc   frac_up      y_up
0    2021-01-07  69  0.260870  0.101449  0.753623
1    2021-01-08  69  0.420290  0.115942  0.579710
2    2021-01-11  69  0.463768  0.086957  0.594203
3    2021-01-12  70  0.500000  0.128571  0.514286
4    2021-01-13  70  0.585714  0.100000  0.457143
...         ...  ..       ...       ...       ...
1003 2025-01-03  91  0.758242  0.835165  0.637363
1004 2025-01-06  91  0.736264  0.813187  0.593407
1005 2025-01-07  92  0.804348  0.804348  0.630435
1006 2025-01-08  91  0.582418  0.835165  0.549451
1007 2025-01-10  91  0.582418  0.857143  0.549451

[1008 rows x 5 columns]",95,0.010395127468910064,0.0313715126652058,False
H_extremes20_5_ens3_v2_no_market,extremes20,5,ens3,expanding,liquid,v2_no_market,relative,0.05,40970,1008,202,0.5484012692213815,0.5289236026360752,0.019477666585306364,0.5263422183789598,0.5701002675613013,20.094115674822635,0.8575815802801157,0.5793650793650794,"            day   n       acc   frac_up      y_up
0    2021-01-07  34  0.264706  0.088235  0.764706
1    2021-01-08  34  0.470588  0.088235  0.500000
2    2021-01-11  34  0.500000  0.117647  0.558824
3    2021-01-12  35  0.485714  0.142857  0.600000
4    2021-01-13  35  0.657143  0.142857  0.428571
...         ...  ..       ...       ...       ...
1003 2025-01-03  45  0.755556  0.688889  0.533333
1004 2025-01-06  45  0.644444  0.755556  0.488889
1005 2025-01-07  46  0.782609  0.695652  0.521739
1006 2025-01-08  45  0.488889  0.711111  0.422222
1007 2025-01-10  45  0.466667  0.755556  0.444444

[1008 rows x 5 columns]",96,0.011162767648556504,0.03372688769330503,False
H_extremes20_5_ens3_v2_no_market,extremes20,5,ens3,expanding,liquid,v2_no_market,relative,0.02,16208,1008,202,0.5512709772951628,0.508576011846002,0.04269496544916085,0.5286180348541063,0.5733235245827171,8.640897307523593,0.7879843087519908,0.560515873015873,"            day   n       acc   frac_up      y_up
0    2021-01-07  13  0.230769  0.153846  0.769231
1    2021-01-08  13  0.538462  0.076923  0.384615
2    2021-01-11  13  0.538462  0.076923  0.538462
3    2021-01-12  14  0.571429  0.071429  0.500000
4    2021-01-13  14  0.571429  0.071429  0.500000
...         ...  ..       ...       ...       ...
1003 2025-01-03  18  0.833333  0.333333  0.277778
1004 2025-01-06  18  0.722222  0.444444  0.277778
1005 2025-01-07  18  0.777778  0.388889  0.277778
1006 2025-01-08  18  0.555556  0.444444  0.333333
1007 2025-01-10  18  0.500000  0.500000  0.333333

[1008 rows x 5 columns]",97,0.011404461665461932,0.034496228685348664,True
H_extremes20_5_ens3_v2_no_market,extremes20,5,ens3,expanding,liquid,v2_no_market,relative,0.01,7959,1008,202,0.55584872471416,0.4993089584118608,0.05653976630229923,0.531089254221,0.5794202188678388,5.05748584082105,0.734485229276896,0.5109126984126984,"            day  n       acc   frac_up      y_up
0    2021-01-07  6  0.166667  0.166667  0.666667
1    2021-01-08  6  0.500000  0.000000  0.500000
2    2021-01-11  6  0.500000  0.000000  0.500000
3    2021-01-12  7  0.428571  0.142857  0.714286
4    2021-01-13  7  0.571429  0.000000  0.428571
...         ... ..       ...       ...       ...
1003 2025-01-03  9  0.888889  0.000000  0.111111
1004 2025-01-06  9  0.777778  0.222222  0.000000
1005 2025-01-07  9  1.000000  0.222222  0.222222
1006 2025-01-08  9  0.555556  0.111111  0.333333
1007 2025-01-10  9  0.444444  0.333333  0.444444

[1008 rows x 5 columns]",98,0.012329327716030316,0.03733554746894492,True
H_extremes20_5_ens3_v2_all,extremes20,5,ens3,expanding,liquid,v2_all,relative,1.0,829603,1008,202,0.5288107685242218,0.5255634321476658,0.0032473363765560537,0.5217898989121108,0.535407982054002,43.14593623514471,0.8287423417024539,0.6815476190476191,"            day    n       acc   frac_up      y_up
0    2021-01-07  696  0.514368  0.193966  0.438218
1    2021-01-08  696  0.541667  0.185345  0.408046
2    2021-01-11  697  0.568149  0.149211  0.403156
3    2021-01-12  700  0.538571  0.264286  0.460000
4    2021-01-13  700  0.565714  0.367143  0.450000
...         ...  ...       ...       ...       ...
1003 2025-01-03  917  0.609597  0.846238  0.527808
1004 2025-01-06  917  0.645583  0.800436  0.524537
1005 2025-01-07  922  0.663774  0.842733  0.567245
1006 2025-01-08  918  0.623094  0.837691  0.574074
1007 2025-01-10  915  0.616393  0.831694  0.572678

[1008 rows x 5 columns]",99,0.003474000801502849,0.01053157521379792,False
H_extremes20_5_ens3_v2_all,extremes20,5,ens3,expanding,liquid,v2_all,relative,0.5,414551,1008,202,0.5385537605746941,0.5356011684931408,0.0029525920815532958,0.5262146039750586,0.5501578517463954,61.4959899240582,0.902235183154829,0.6359126984126984,"            day    n       acc   frac_up      y_up
0    2021-01-07  348  0.514368  0.077586  0.488506
1    2021-01-08  348  0.520115  0.074713  0.468391
2    2021-01-11  348  0.594828  0.045977  0.416667
3    2021-01-12  350  0.540000  0.151429  0.434286
4    2021-01-13  350  0.594286  0.280000  0.445714
...         ...  ...       ...       ...       ...
1003 2025-01-03  458  0.646288  0.936681  0.617904
1004 2025-01-06  458  0.713974  0.864629  0.617904
1005 2025-01-07  461  0.711497  0.937093  0.661605
1006 2025-01-08  459  0.655773  0.938998  0.633987
1007 2025-01-10  457  0.663020  0.914661  0.625821

[1008 rows x 5 columns]",100,0.006107971370238987,0.01853680292541681,False
H_extremes20_5_ens3_v2_all,extremes20,5,ens3,expanding,liquid,v2_all,relative,0.25,207031,1008,202,0.5408658606682091,0.535832797986775,0.005033062681434108,0.5249938641461122,0.5562358963461097,52.50410017730089,0.9023178322366686,0.5992063492063492,"            day    n       acc   frac_up      y_up
0    2021-01-07  174  0.442529  0.051724  0.574713
1    2021-01-08  174  0.517241  0.057471  0.494253
2    2021-01-11  174  0.534483  0.028736  0.494253
3    2021-01-12  175  0.520000  0.125714  0.445714
4    2021-01-13  175  0.634286  0.200000  0.440000
...         ...  ...       ...       ...       ...
1003 2025-01-03  229  0.689956  0.930131  0.646288
1004 2025-01-06  229  0.768559  0.847162  0.650655
1005 2025-01-07  230  0.769565  0.908696  0.695652
1006 2025-01-08  229  0.650655  0.917031  0.620087
1007 2025-01-10  228  0.701754  0.877193  0.631579

[1008 rows x 5 columns]",101,0.007969906173468762,0.024213620403735845,False
H_extremes20_5_ens3_v2_all,extremes20,5,ens3,expanding,liquid,v2_all,relative,0.1,82500,1008,202,0.5415636363636364,0.5298909090909091,0.011672727272727279,0.5217141297137372,0.5602546397256881,30.66370716947331,0.878693845935896,0.5734126984126984,"            day   n       acc   frac_up      y_up
0    2021-01-07  69  0.304348  0.028986  0.695652
1    2021-01-08  69  0.507246  0.086957  0.521739
2    2021-01-11  69  0.478261  0.043478  0.565217
3    2021-01-12  70  0.500000  0.157143  0.485714
4    2021-01-13  70  0.614286  0.157143  0.485714
...         ...  ..       ...       ...       ...
1003 2025-01-03  91  0.758242  0.835165  0.637363
1004 2025-01-06  91  0.725275  0.780220  0.571429
1005 2025-01-07  92  0.815217  0.858696  0.695652
1006 2025-01-08  91  0.637363  0.857143  0.604396
1007 2025-01-10  91  0.659341  0.736264  0.527473

[1008 rows x 5 columns]",102,0.009831762758150743,0.029902051170392692,False
H_extremes20_5_ens3_v2_all,extremes20,5,ens3,expanding,liquid,v2_all,relative,0.05,40970,1008,202,0.5448132780082987,0.5191603612399317,0.025652916768367007,0.5234590923084863,0.5645946098585877,18.020542674185368,0.8429321991892099,0.5575396825396826,"            day   n       acc   frac_up      y_up
0    2021-01-07  34  0.323529  0.058824  0.676471
1    2021-01-08  34  0.441176  0.117647  0.558824
2    2021-01-11  34  0.558824  0.058824  0.500000
3    2021-01-12  35  0.542857  0.142857  0.542857
4    2021-01-13  35  0.571429  0.200000  0.514286
...         ...  ..       ...       ...       ...
1003 2025-01-03  45  0.733333  0.688889  0.511111
1004 2025-01-06  45  0.733333  0.622222  0.444444
1005 2025-01-07  46  0.760870  0.782609  0.586957
1006 2025-01-08  45  0.488889  0.755556  0.422222
1007 2025-01-10  45  0.555556  0.555556  0.377778

[1008 rows x 5 columns]",103,0.010493754477066675,0.03194905880639479,False
H_extremes20_5_ens3_v2_all,extremes20,5,ens3,expanding,liquid,v2_all,relative,0.02,16208,1008,202,0.5467053307008884,0.49475567620927935,0.0519496544916091,0.5241464453119046,0.5683368587201855,8.202457060080876,0.7764352972314282,0.5198412698412699,"            day   n       acc   frac_up      y_up
0    2021-01-07  13  0.384615  0.153846  0.615385
1    2021-01-08  13  0.615385  0.000000  0.384615
2    2021-01-11  13  0.538462  0.000000  0.461538
3    2021-01-12  14  0.500000  0.071429  0.571429
4    2021-01-13  14  0.642857  0.214286  0.571429
...         ...  ..       ...       ...       ...
1003 2025-01-03  18  0.777778  0.333333  0.333333
1004 2025-01-06  18  0.777778  0.388889  0.277778
1005 2025-01-07  18  0.777778  0.611111  0.388889
1006 2025-01-08  18  0.555556  0.500000  0.388889
1007 2025-01-10  18  0.611111  0.166667  0.444444

[1008 rows x 5 columns]",104,0.011273064644969615,0.03435748598187597,True
H_extremes20_5_ens3_v2_all,extremes20,5,ens3,expanding,liquid,v2_all,relative,0.01,7959,1008,202,0.5509486116346275,0.5104912677472044,0.04045734388742306,0.5266599154795606,0.5737654827282884,4.5527263774696385,0.7414021164021163,0.5128968253968254,"            day  n       acc   frac_up      y_up
0    2021-01-07  6  0.333333  0.000000  0.666667
1    2021-01-08  6  0.500000  0.000000  0.500000
2    2021-01-11  6  0.500000  0.000000  0.500000
3    2021-01-12  7  0.571429  0.000000  0.428571
4    2021-01-13  7  0.857143  0.285714  0.428571
...         ... ..       ...       ...       ...
1003 2025-01-03  9  0.888889  0.111111  0.222222
1004 2025-01-06  9  0.777778  0.111111  0.111111
1005 2025-01-07  9  1.000000  0.222222  0.222222
1006 2025-01-08  9  0.666667  0.111111  0.444444
1007 2025-01-10  9  0.666667  0.000000  0.333333

[1008 rows x 5 columns]",105,0.012016726338961182,0.03666169231508522,True
H_extremes20_1_ens3_v2_all,extremes20,1,ens3,expanding,liquid,v2_all,relative,1.0,829284,1008,1008,0.5177249289748748,0.5145354305641976,0.0031894984106771718,0.513540550015076,0.5218075647322545,15.338726665781147,0.8260931703916249,0.5982142857142857,"            day    n       acc   frac_up      y_up
0    2020-12-31  693  0.467532  0.587302  0.383838
1    2021-01-04  695  0.484892  0.569784  0.474820
2    2021-01-05  696  0.405172  0.346264  0.550287
3    2021-01-06  696  0.567529  0.607759  0.497126
4    2021-01-07  696  0.614943  0.380747  0.515805
...         ...  ...       ...       ...       ...
1003 2024-12-27  917  0.479826  0.813522  0.435115
1004 2024-12-30  916  0.530568  0.866812  0.524017
1005 2024-12-31  911  0.406147  0.869374  0.462130
1006 2025-01-02  914  0.478118  0.822757  0.521882
1007 2025-01-03  917  0.496183  0.814613  0.496183

[1008 rows x 5 columns]",106,0.002108932325810842,0.0064406662675978174,False
H_extremes20_1_ens3_v2_all,extremes20,1,ens3,expanding,liquid,v2_all,relative,0.5,414381,1008,1008,0.5250892294772203,0.5231393331257949,0.0019498963514253953,0.5177774045933424,0.5322806317697758,22.605707677451164,0.9022780576976502,0.5753968253968254,"            day    n       acc   frac_up      y_up
0    2020-12-31  346  0.447977  0.635838  0.430636
1    2021-01-04  347  0.452450  0.602305  0.463977
2    2021-01-05  348  0.370690  0.301724  0.568966
3    2021-01-06  348  0.617816  0.672414  0.600575
4    2021-01-07  348  0.655172  0.307471  0.497126
...         ...  ...       ...       ...       ...
1003 2024-12-27  458  0.486900  0.877729  0.443231
1004 2024-12-30  458  0.543668  0.956332  0.526201
1005 2024-12-31  455  0.334066  0.953846  0.353846
1006 2025-01-02  457  0.444201  0.927790  0.428884
1007 2025-01-03  458  0.445415  0.921397  0.427948

[1008 rows x 5 columns]",107,0.0036998028511309633,0.01131054461357172,False
H_extremes20_1_ens3_v2_all,extremes20,1,ens3,expanding,liquid,v2_all,relative,0.25,206941,1008,1008,0.5284114796004659,0.5250916928013298,0.0033197867991360264,0.518617707758521,0.5378606400406852,20.045573447150936,0.9031148890599131,0.5634920634920635,"            day    n       acc   frac_up      y_up
0    2020-12-31  173  0.427746  0.664740  0.404624
1    2021-01-04  173  0.456647  0.601156  0.485549
2    2021-01-05  174  0.356322  0.270115  0.545977
3    2021-01-06  174  0.672414  0.678161  0.741379
4    2021-01-07  174  0.718391  0.258621  0.436782
...         ...  ...       ...       ...       ...
1003 2024-12-27  229  0.484716  0.882096  0.462882
1004 2024-12-30  229  0.484716  0.930131  0.458515
1005 2024-12-31  227  0.383260  0.925110  0.405286
1006 2025-01-02  228  0.390351  0.894737  0.355263
1007 2025-01-03  229  0.375546  0.886463  0.366812

[1008 rows x 5 columns]",108,0.004908911296470466,0.015021799918772973,False
H_extremes20_1_ens3_v2_all,extremes20,1,ens3,expanding,liquid,v2_all,relative,0.1,82459,1008,1008,0.5318764476891547,0.5235814162189695,0.008295031470185177,0.5202465450599993,0.5433551814433089,11.75347940533713,0.8818937630964727,0.564484126984127,"            day   n       acc   frac_up      y_up
0    2020-12-31  69  0.449275  0.724638  0.347826
1    2021-01-04  69  0.536232  0.666667  0.550725
2    2021-01-05  69  0.376812  0.318841  0.507246
3    2021-01-06  69  0.652174  0.536232  0.739130
4    2021-01-07  69  0.739130  0.144928  0.405797
...         ...  ..       ...       ...       ...
1003 2024-12-27  91  0.439560  0.824176  0.417582
1004 2024-12-30  91  0.494505  0.868132  0.450549
1005 2024-12-31  91  0.417582  0.846154  0.439560
1006 2025-01-02  91  0.417582  0.802198  0.329670
1007 2025-01-03  91  0.450549  0.791209  0.439560

[1008 rows x 5 columns]",109,0.005895060301864671,0.018057269057752193,False
H_extremes20_1_ens3_v2_all,extremes20,1,ens3,expanding,liquid,v2_all,relative,0.05,40948,1008,1008,0.5327244309856404,0.5183403340822507,0.01438409690338971,0.5201966616437221,0.5454752615621324,6.904663085786317,0.8532413934413076,0.5654761904761905,"            day   n       acc   frac_up      y_up
0    2020-12-31  34  0.323529  0.647059  0.264706
1    2021-01-04  34  0.588235  0.676471  0.558824
2    2021-01-05  34  0.352941  0.382353  0.441176
3    2021-01-06  34  0.529412  0.352941  0.705882
4    2021-01-07  34  0.676471  0.058824  0.382353
...         ...  ..       ...       ...       ...
1003 2024-12-27  45  0.466667  0.688889  0.422222
1004 2024-12-30  45  0.444444  0.800000  0.333333
1005 2024-12-31  45  0.311111  0.711111  0.377778
1006 2025-01-02  45  0.466667  0.711111  0.311111
1007 2025-01-03  45  0.488889  0.622222  0.511111

[1008 rows x 5 columns]",110,0.0064486224281658944,0.019772112311094794,False
H_extremes20_1_ens3_v2_all,extremes20,1,ens3,expanding,liquid,v2_all,relative,0.02,16197,1008,1008,0.5341729949990739,0.5001543495709082,0.034018645428165684,0.5202879439473215,0.5484118236068589,3.3777022438340256,0.8019925322336913,0.5218253968253969,"            day   n       acc   frac_up      y_up
0    2020-12-31  13  0.230769  0.538462  0.384615
1    2021-01-04  13  0.692308  0.538462  0.538462
2    2021-01-05  13  0.384615  0.692308  0.384615
3    2021-01-06  13  0.615385  0.230769  0.615385
4    2021-01-07  13  0.692308  0.076923  0.384615
...         ...  ..       ...       ...       ...
1003 2024-12-27  18  0.555556  0.388889  0.500000
1004 2024-12-30  18  0.500000  0.555556  0.277778
1005 2024-12-31  18  0.277778  0.444444  0.500000
1006 2025-01-02  18  0.611111  0.277778  0.222222
1007 2025-01-03  18  0.444444  0.277778  0.611111

[1008 rows x 5 columns]",111,0.0071744590968207764,0.022018764924938976,True
H_extremes20_1_ens3_v2_all,extremes20,1,ens3,expanding,liquid,v2_all,relative,0.01,7948,1008,1008,0.5358580775037746,0.5046552591847006,0.03120281831907401,0.5199740411606858,0.5513297343627034,2.1015405987801086,0.775646022297808,0.5218253968253969,"            day  n       acc   frac_up      y_up
0    2020-12-31  6  0.500000  0.333333  0.500000
1    2021-01-04  6  0.666667  0.666667  0.333333
2    2021-01-05  6  0.333333  0.500000  0.166667
3    2021-01-06  6  0.666667  0.333333  0.666667
4    2021-01-07  6  0.666667  0.000000  0.333333
...         ... ..       ...       ...       ...
1003 2024-12-27  9  0.777778  0.111111  0.333333
1004 2024-12-30  9  0.666667  0.333333  0.222222
1005 2024-12-31  9  0.333333  0.111111  0.555556
1006 2025-01-02  9  0.666667  0.111111  0.222222
1007 2025-01-03  9  0.222222  0.111111  0.666667

[1008 rows x 5 columns]",112,0.007998901327045303,0.024572382386124296,True
H_relative_1_ens_lh_v2_no_market,relative,1,ens_lh,expanding,liquid,v2_no_market,relative,1.0,829284,1008,1008,0.5196410397403061,0.514520960250047,0.005120079490259055,0.5147103215706318,0.5244729233090893,21.33306928548923,0.7513407884785293,0.6071428571428571,"            day    n       acc   frac_up      y_up
0    2020-12-31  693  0.450216  0.642136  0.383838
1    2021-01-04  695  0.479137  0.555396  0.474820
2    2021-01-05  696  0.429598  0.566092  0.550287
3    2021-01-06  696  0.530172  0.650862  0.497126
4    2021-01-07  696  0.593391  0.451149  0.515805
...         ...  ...       ...       ...       ...
1003 2024-12-27  917  0.511450  0.703381  0.435115
1004 2024-12-30  916  0.532751  0.720524  0.524017
1005 2024-12-31  911  0.379802  0.728869  0.462130
1006 2025-01-02  914  0.456236  0.719912  0.521882
1007 2025-01-03  917  0.483097  0.701200  0.496183

[1008 rows x 5 columns]",113,0.0024904596271575394,0.007657819394044852,False
H_relative_1_ens_lh_v2_no_market,relative,1,ens_lh,expanding,liquid,v2_no_market,relative,0.5,414381,1008,1008,0.5272852761106325,0.5190947461394224,0.008190529971210059,0.5192802769830286,0.5350499112256079,26.685758994530932,0.8135564781208457,0.566468253968254,"            day    n       acc   frac_up      y_up
0    2020-12-31  346  0.401734  0.696532  0.421965
1    2021-01-04  347  0.432277  0.570605  0.515850
2    2021-01-05  348  0.396552  0.577586  0.531609
3    2021-01-06  348  0.589080  0.660920  0.606322
4    2021-01-07  348  0.683908  0.367816  0.505747
...         ...  ...       ...       ...       ...
1003 2024-12-27  458  0.510917  0.764192  0.427948
1004 2024-12-30  458  0.517467  0.768559  0.486900
1005 2024-12-31  455  0.316484  0.782418  0.402198
1006 2025-01-02  457  0.407002  0.730853  0.466083
1007 2025-01-03  458  0.419214  0.740175  0.417031

[1008 rows x 5 columns]",114,0.0040228658782089964,0.012381278624050486,False
H_relative_1_ens_lh_v2_no_market,relative,1,ens_lh,expanding,liquid,v2_no_market,relative,0.25,206941,1008,1008,0.5319632165689737,0.5204768508898672,0.011486365679106547,0.5218895935857307,0.5417890640075576,21.747812034278734,0.7992809325591721,0.5744047619047619,"            day    n       acc   frac_up      y_up
0    2020-12-31  173  0.398844  0.658960  0.404624
1    2021-01-04  173  0.421965  0.491329  0.572254
2    2021-01-05  174  0.356322  0.551724  0.540230
3    2021-01-06  174  0.643678  0.637931  0.695402
4    2021-01-07  174  0.724138  0.212644  0.408046
...         ...  ...       ...       ...       ...
1003 2024-12-27  229  0.550218  0.694323  0.401747
1004 2024-12-30  229  0.489083  0.689956  0.423581
1005 2024-12-31  227  0.321586  0.696035  0.449339
1006 2025-01-02  228  0.394737  0.684211  0.438596
1007 2025-01-03  229  0.410480  0.624454  0.410480

[1008 rows x 5 columns]",115,0.00507639551577215,0.015638152787943598,False
H_relative_1_ens_lh_v2_no_market,relative,1,ens_lh,expanding,liquid,v2_no_market,relative,0.1,82459,1008,1008,0.5347748578081228,0.5121211753720031,0.02265368243611976,0.5232043461043627,0.5457600425050372,11.558710486534572,0.7490286954604329,0.564484126984127,"            day   n       acc   frac_up      y_up
0    2020-12-31  69  0.405797  0.550725  0.449275
1    2021-01-04  69  0.463768  0.405797  0.565217
2    2021-01-05  69  0.333333  0.594203  0.449275
3    2021-01-06  69  0.594203  0.420290  0.710145
4    2021-01-07  69  0.768116  0.043478  0.275362
...         ...  ..       ...       ...       ...
1003 2024-12-27  91  0.538462  0.516484  0.384615
1004 2024-12-30  91  0.472527  0.483516  0.351648
1005 2024-12-31  91  0.351648  0.549451  0.494505
1006 2025-01-02  91  0.428571  0.461538  0.417582
1007 2025-01-03  91  0.505495  0.384615  0.461538

[1008 rows x 5 columns]",116,0.005754004183845524,0.017741733048052474,True
H_relative_1_ens_lh_v2_no_market,relative,1,ens_lh,expanding,liquid,v2_no_market,relative,0.05,40948,1008,1008,0.5389029989254664,0.5031991794471037,0.035703819478362764,0.5268614902065448,0.5503165358864308,6.199160248001069,0.7055376431246002,0.5515873015873016,"            day   n       acc   frac_up      y_up
0    2020-12-31  34  0.323529  0.529412  0.441176
1    2021-01-04  34  0.500000  0.441176  0.588235
2    2021-01-05  34  0.352941  0.647059  0.352941
3    2021-01-06  34  0.500000  0.264706  0.764706
4    2021-01-07  34  0.676471  0.000000  0.323529
...         ...  ..       ...       ...       ...
1003 2024-12-27  45  0.511111  0.355556  0.311111
1004 2024-12-30  45  0.555556  0.355556  0.400000
1005 2024-12-31  45  0.377778  0.355556  0.577778
1006 2025-01-02  45  0.511111  0.222222  0.355556
1007 2025-01-03  45  0.533333  0.133333  0.422222

[1008 rows x 5 columns]",117,0.005983430020379079,0.01846578780744015,True
H_relative_1_ens_lh_v2_no_market,relative,1,ens_lh,expanding,liquid,v2_no_market,relative,0.02,16197,1008,1008,0.5426313514848429,0.5123170957584738,0.030314255726369033,0.5294395108805187,0.5550683321858318,2.730319720676396,0.693019335583236,0.5704365079365079,"            day   n       acc   frac_up      y_up
0    2020-12-31  13  0.307692  0.615385  0.230769
1    2021-01-04  13  0.615385  0.230769  0.615385
2    2021-01-05  13  0.384615  0.538462  0.230769
3    2021-01-06  13  0.230769  0.076923  0.846154
4    2021-01-07  13  0.846154  0.000000  0.153846
...         ...  ..       ...       ...       ...
1003 2024-12-27  18  0.555556  0.111111  0.333333
1004 2024-12-30  18  0.722222  0.000000  0.277778
1005 2024-12-31  18  0.333333  0.055556  0.611111
1006 2025-01-02  18  0.611111  0.055556  0.333333
1007 2025-01-03  18  0.500000  0.000000  0.500000

[1008 rows x 5 columns]",118,0.006537964618702344,0.02019518879957778,True
H_relative_1_ens_lh_v2_no_market,relative,1,ens_lh,expanding,liquid,v2_no_market,relative,0.01,7948,1008,1008,0.5466784096628082,0.5310770005032712,0.015601409159537005,0.5322962988662703,0.560737941363125,1.6769649960079565,0.7489193594104308,0.6557539682539683,"            day  n       acc   frac_up      y_up
0    2020-12-31  6  0.500000  0.333333  0.500000
1    2021-01-04  6  0.666667  0.333333  0.666667
2    2021-01-05  6  0.500000  0.333333  0.166667
3    2021-01-06  6  0.166667  0.000000  0.833333
4    2021-01-07  6  0.833333  0.000000  0.166667
...         ... ..       ...       ...       ...
1003 2024-12-27  9  0.666667  0.000000  0.333333
1004 2024-12-30  9  0.888889  0.000000  0.111111
1005 2024-12-31  9  0.444444  0.000000  0.555556
1006 2025-01-02  9  0.777778  0.111111  0.111111
1007 2025-01-03  9  0.333333  0.000000  0.666667

[1008 rows x 5 columns]",119,0.0072555210451160125,0.022431469757986128,False
H_relative_1_ens_lh_v2_all,relative,1,ens_lh,expanding,liquid,v2_all,relative,1.0,829284,1008,1008,0.5180999512832757,0.5145113133739467,0.003588637909328951,0.5131131597788027,0.52305968404091,22.374980314886596,0.7441583957815342,0.6011904761904762,"            day    n       acc   frac_up      y_up
0    2020-12-31  693  0.438672  0.650794  0.383838
1    2021-01-04  695  0.480576  0.441727  0.474820
2    2021-01-05  696  0.449713  0.442529  0.550287
3    2021-01-06  696  0.551724  0.612069  0.497126
4    2021-01-07  696  0.593391  0.442529  0.515805
...         ...  ...       ...       ...       ...
1003 2024-12-27  917  0.503817  0.669575  0.435115
1004 2024-12-30  916  0.520742  0.771834  0.524017
1005 2024-12-31  911  0.385291  0.716795  0.462130
1006 2025-01-02  914  0.422319  0.640044  0.521882
1007 2025-01-03  917  0.461287  0.685932  0.496183

[1008 rows x 5 columns]",120,0.002537378638292677,0.007851530030218911,False
H_relative_1_ens_lh_v2_all,relative,1,ens_lh,expanding,liquid,v2_all,relative,0.5,414381,1008,1008,0.526727818119074,0.5192395404229441,0.007488277696129919,0.5186085332026453,0.5345060409464056,27.92952561448034,0.8167231765643788,0.564484126984127,"            day    n       acc   frac_up      y_up
0    2020-12-31  346  0.395954  0.722543  0.407514
1    2021-01-04  347  0.472622  0.394813  0.547550
2    2021-01-05  348  0.402299  0.362069  0.568966
3    2021-01-06  348  0.612069  0.649425  0.600575
4    2021-01-07  348  0.683908  0.405172  0.497126
...         ...  ...       ...       ...       ...
1003 2024-12-27  458  0.534934  0.716157  0.425764
1004 2024-12-30  458  0.524017  0.842795  0.480349
1005 2024-12-31  455  0.331868  0.795604  0.435165
1006 2025-01-02  457  0.358862  0.652079  0.461707
1007 2025-01-03  458  0.399563  0.709607  0.401747

[1008 rows x 5 columns]",121,0.004055486669326609,0.012559954890140314,False
H_relative_1_ens_lh_v2_all,relative,1,ens_lh,expanding,liquid,v2_all,relative,0.25,206941,1008,1008,0.5306633291614519,0.5214094838625501,0.00925384529890172,0.5204594241855945,0.540616245876367,22.55374965022637,0.815714849006758,0.5505952380952381,"            day    n       acc   frac_up      y_up
0    2020-12-31  173  0.416185  0.763006  0.387283
1    2021-01-04  173  0.421965  0.283237  0.618497
2    2021-01-05  174  0.431034  0.419540  0.528736
3    2021-01-06  174  0.649425  0.603448  0.701149
4    2021-01-07  174  0.747126  0.344828  0.471264
...         ...  ...       ...       ...       ...
1003 2024-12-27  229  0.572052  0.615721  0.432314
1004 2024-12-30  229  0.462882  0.790393  0.401747
1005 2024-12-31  227  0.343612  0.753304  0.422907
1006 2025-01-02  228  0.320175  0.530702  0.429825
1007 2025-01-03  229  0.397380  0.668122  0.379913

[1008 rows x 5 columns]",122,0.005142046349686858,0.01593871978410144,False
H_relative_1_ens_lh_v2_all,relative,1,ens_lh,expanding,liquid,v2_all,relative,0.1,82459,1008,1008,0.5360118361852557,0.5186092482324549,0.017402587952800808,0.5247463018390544,0.5475959325391389,11.838034862453819,0.7795267167500529,0.5486111111111112,"            day   n       acc   frac_up      y_up
0    2020-12-31  69  0.391304  0.869565  0.318841
1    2021-01-04  69  0.304348  0.144928  0.666667
2    2021-01-05  69  0.434783  0.492754  0.536232
3    2021-01-06  69  0.652174  0.478261  0.739130
4    2021-01-07  69  0.782609  0.289855  0.449275
...         ...  ..       ...       ...       ...
1003 2024-12-27  91  0.648352  0.329670  0.373626
1004 2024-12-30  91  0.472527  0.659341  0.351648
1005 2024-12-31  91  0.384615  0.604396  0.516484
1006 2025-01-02  91  0.384615  0.340659  0.428571
1007 2025-01-03  91  0.461538  0.439560  0.494505

[1008 rows x 5 columns]",123,0.005828987423490944,0.018083364843519696,False
H_relative_1_ens_lh_v2_all,relative,1,ens_lh,expanding,liquid,v2_all,relative,0.05,40948,1008,1008,0.5410520660349711,0.5099882778157664,0.031063788219204747,0.5290476145575604,0.5530137463694152,6.482339625269586,0.7502946871464863,0.5555555555555556,"            day   n       acc   frac_up      y_up
0    2020-12-31  34  0.470588  0.794118  0.382353
1    2021-01-04  34  0.323529  0.176471  0.676471
2    2021-01-05  34  0.470588  0.529412  0.588235
3    2021-01-06  34  0.558824  0.323529  0.705882
4    2021-01-07  34  0.823529  0.235294  0.411765
...         ...  ..       ...       ...       ...
1003 2024-12-27  45  0.644444  0.266667  0.355556
1004 2024-12-30  45  0.577778  0.422222  0.355556
1005 2024-12-31  45  0.355556  0.400000  0.511111
1006 2025-01-02  45  0.444444  0.222222  0.333333
1007 2025-01-03  45  0.444444  0.288889  0.488889

[1008 rows x 5 columns]",124,0.006113809135677247,0.01898292264623799,True
H_relative_1_ens_lh_v2_all,relative,1,ens_lh,expanding,liquid,v2_all,relative,0.02,16197,1008,1008,0.5484348953509909,0.4980551954065568,0.050379699944434087,0.5350418960532867,0.5618020695432804,2.910234341617773,0.745267148882345,0.5773809523809523,"            day   n       acc   frac_up      y_up
0    2020-12-31  13  0.384615  0.923077  0.307692
1    2021-01-04  13  0.615385  0.307692  0.384615
2    2021-01-05  13  0.538462  0.692308  0.384615
3    2021-01-06  13  0.538462  0.307692  0.769231
4    2021-01-07  13  0.846154  0.307692  0.461538
...         ...  ..       ...       ...       ...
1003 2024-12-27  18  0.555556  0.055556  0.388889
1004 2024-12-30  18  0.666667  0.222222  0.333333
1005 2024-12-31  18  0.277778  0.111111  0.611111
1006 2025-01-02  18  0.555556  0.055556  0.388889
1007 2025-01-03  18  0.444444  0.055556  0.611111

[1008 rows x 5 columns]",125,0.006826574869896355,0.02121365964138061,True
H_relative_1_ens_lh_v2_all,relative,1,ens_lh,expanding,liquid,v2_all,relative,0.01,7948,1008,1008,0.5512078510317061,0.5154755913437342,0.03573225968797189,0.5369253489743702,0.5665046605862558,1.7549376076589778,0.7952412446460065,0.6180555555555556,"            day  n       acc   frac_up      y_up
0    2020-12-31  6  0.333333  0.833333  0.166667
1    2021-01-04  6  0.666667  0.166667  0.500000
2    2021-01-05  6  0.500000  0.666667  0.166667
3    2021-01-06  6  0.500000  0.333333  0.833333
4    2021-01-07  6  0.833333  0.500000  0.666667
...         ... ..       ...       ...       ...
1003 2024-12-27  9  0.666667  0.000000  0.333333
1004 2024-12-30  9  0.777778  0.222222  0.222222
1005 2024-12-31  9  0.555556  0.000000  0.444444
1006 2025-01-02  9  0.666667  0.000000  0.333333
1007 2025-01-03  9  0.333333  0.000000  0.666667

[1008 rows x 5 columns]",126,0.007545742758134095,0.02346782264314156,True
H_relative_1_ens3_v2_all,relative,1,ens3,expanding,liquid,v2_all,relative,1.0,829284,1008,1008,0.5187921146434755,0.5145101075144342,0.004282007129041365,0.513851041509246,0.5237620068207246,22.040992776972473,0.7542883637982736,0.6021825396825397,"            day    n       acc   frac_up      y_up
0    2020-12-31  693  0.437229  0.634921  0.383838
1    2021-01-04  695  0.489209  0.473381  0.474820
2    2021-01-05  696  0.442529  0.438218  0.550287
3    2021-01-06  696  0.550287  0.604885  0.497126
4    2021-01-07  696  0.602011  0.462644  0.515805
...         ...  ...       ...       ...       ...
1003 2024-12-27  917  0.494002  0.675027  0.435115
1004 2024-12-30  916  0.520742  0.780568  0.524017
1005 2024-12-31  911  0.380900  0.738749  0.462130
1006 2025-01-02  914  0.427790  0.654267  0.521882
1007 2025-01-03  917  0.461287  0.690294  0.496183

[1008 rows x 5 columns]",127,0.002528307477418014,0.00786964860519088,False
H_relative_1_ens3_v2_all,relative,1,ens3,expanding,liquid,v2_all,relative,0.5,414381,1008,1008,0.5273938718232738,0.5198307837473243,0.00756308807594952,0.5193019265759088,0.5352361096438373,28.010221987588366,0.8246632645721934,0.5654761904761905,"            day    n       acc   frac_up      y_up
0    2020-12-31  346  0.413295  0.708092  0.416185
1    2021-01-04  347  0.481268  0.426513  0.541787
2    2021-01-05  348  0.387931  0.373563  0.577586
3    2021-01-06  348  0.612069  0.655172  0.606322
4    2021-01-07  348  0.692529  0.416667  0.505747
...         ...  ...       ...       ...       ...
1003 2024-12-27  458  0.521834  0.727074  0.423581
1004 2024-12-30  458  0.524017  0.855895  0.480349
1005 2024-12-31  455  0.347253  0.824176  0.426374
1006 2025-01-02  457  0.374179  0.667396  0.474836
1007 2025-01-03  458  0.414847  0.731441  0.408297

[1008 rows x 5 columns]",128,0.004064842619369512,0.012662529898350733,False
H_relative_1_ens3_v2_all,relative,1,ens3,expanding,liquid,v2_all,relative,0.25,206941,1008,1008,0.531774757056359,0.5212741795970832,0.010500577459275795,0.5216186600495749,0.5414883396879567,22.59471897854658,0.8162719377362079,0.5545634920634921,"            day    n       acc   frac_up      y_up
0    2020-12-31  173  0.393064  0.739884  0.364162
1    2021-01-04  173  0.445087  0.346821  0.635838
2    2021-01-05  174  0.408046  0.425287  0.522989
3    2021-01-06  174  0.689655  0.591954  0.683908
4    2021-01-07  174  0.724138  0.362069  0.477011
...         ...  ...       ...       ...       ...
1003 2024-12-27  229  0.563319  0.628821  0.427948
1004 2024-12-30  229  0.471616  0.812227  0.414847
1005 2024-12-31  227  0.343612  0.806167  0.414097
1006 2025-01-02  228  0.333333  0.592105  0.390351
1007 2025-01-03  229  0.393013  0.668122  0.375546

[1008 rows x 5 columns]",129,0.005068795826117811,0.0158026364281276,False
H_relative_1_ens3_v2_all,relative,1,ens3,expanding,liquid,v2_all,relative,0.1,82459,1008,1008,0.5364362895499581,0.5172024885094411,0.019233801040517085,0.525118507543793,0.5476120967288001,11.555496227410394,0.7672791333140639,0.560515873015873,"            day   n       acc   frac_up      y_up
0    2020-12-31  69  0.391304  0.797101  0.304348
1    2021-01-04  69  0.376812  0.246377  0.637681
2    2021-01-05  69  0.405797  0.391304  0.550725
3    2021-01-06  69  0.652174  0.521739  0.782609
4    2021-01-07  69  0.753623  0.246377  0.463768
...         ...  ..       ...       ...       ...
1003 2024-12-27  91  0.582418  0.384615  0.362637
1004 2024-12-30  91  0.450549  0.714286  0.340659
1005 2024-12-31  91  0.417582  0.659341  0.494505
1006 2025-01-02  91  0.395604  0.384615  0.373626
1007 2025-01-03  91  0.505495  0.439560  0.450549

[1008 rows x 5 columns]",130,0.005738160506379363,0.017903675875233213,True
H_relative_1_ens3_v2_all,relative,1,ens3,expanding,liquid,v2_all,relative,0.05,40948,1008,1008,0.5375354107648725,0.503907394744554,0.03362801602031851,0.5257805717615381,0.5489089346320112,6.062533570535618,0.7202743875180765,0.5406746031746031,"            day   n       acc   frac_up      y_up
0    2020-12-31  34  0.352941  0.764706  0.352941
1    2021-01-04  34  0.441176  0.235294  0.617647
2    2021-01-05  34  0.382353  0.529412  0.500000
3    2021-01-06  34  0.529412  0.411765  0.705882
4    2021-01-07  34  0.823529  0.235294  0.411765
...         ...  ..       ...       ...       ...
1003 2024-12-27  45  0.666667  0.222222  0.377778
1004 2024-12-30  45  0.533333  0.511111  0.355556
1005 2024-12-31  45  0.377778  0.466667  0.555556
1006 2025-01-02  45  0.422222  0.222222  0.355556
1007 2025-01-03  45  0.466667  0.222222  0.488889

[1008 rows x 5 columns]",131,0.005900092568998224,0.018423405988555405,True
H_relative_1_ens3_v2_all,relative,1,ens3,expanding,liquid,v2_all,relative,0.02,16197,1008,1008,0.5467061801568192,0.5071309501759586,0.039575229980860605,0.5341433548120003,0.5594776006576313,2.562531910900275,0.7231061040869339,0.6071428571428571,"            day   n       acc   frac_up      y_up
0    2020-12-31  13  0.461538  0.769231  0.384615
1    2021-01-04  13  0.538462  0.384615  0.384615
2    2021-01-05  13  0.538462  0.692308  0.384615
3    2021-01-06  13  0.615385  0.384615  0.769231
4    2021-01-07  13  0.846154  0.230769  0.384615
...         ...  ..       ...       ...       ...
1003 2024-12-27  18  0.611111  0.111111  0.388889
1004 2024-12-30  18  0.666667  0.222222  0.333333
1005 2024-12-31  18  0.277778  0.166667  0.555556
1006 2025-01-02  18  0.611111  0.055556  0.333333
1007 2025-01-03  18  0.500000  0.000000  0.500000

[1008 rows x 5 columns]",132,0.006462817817763021,0.020196283805330468,True
H_relative_1_ens3_v2_all,relative,1,ens3,expanding,liquid,v2_all,relative,0.01,7948,1008,1008,0.5417715148465022,0.5269250125817816,0.014846502264720618,0.5280001479636444,0.555586333466422,1.6438238366666313,0.796315980095742,0.623015873015873,"            day  n       acc   frac_up      y_up
0    2020-12-31  6  0.333333  0.666667  0.333333
1    2021-01-04  6  0.666667  0.500000  0.500000
2    2021-01-05  6  0.500000  0.666667  0.166667
3    2021-01-06  6  0.500000  0.333333  0.833333
4    2021-01-07  6  0.833333  0.333333  0.500000
...         ... ..       ...       ...       ...
1003 2024-12-27  9  0.666667  0.111111  0.444444
1004 2024-12-30  9  0.777778  0.222222  0.222222
1005 2024-12-31  9  0.444444  0.111111  0.444444
1006 2025-01-02  9  0.777778  0.111111  0.111111
1007 2025-01-03  9  0.333333  0.000000  0.666667

[1008 rows x 5 columns]",133,0.0070372922200963505,0.022008503629427544,False
H_relative_1_ens3_v2_no_market,relative,1,ens3,expanding,liquid,v2_no_market,relative,1.0,829284,1008,1008,0.5198858292213524,0.5145125192334592,0.0053733099878932045,0.5149194884417234,0.5248332608895666,21.752802699093746,0.7549089212919918,0.6051587301587301,"            day    n       acc   frac_up      y_up
0    2020-12-31  693  0.440115  0.649351  0.383838
1    2021-01-04  695  0.486331  0.579856  0.474820
2    2021-01-05  696  0.413793  0.535920  0.550287
3    2021-01-06  696  0.543103  0.632184  0.497126
4    2021-01-07  696  0.597701  0.455460  0.515805
...         ...  ...       ...       ...       ...
1003 2024-12-27  917  0.497274  0.706652  0.435115
1004 2024-12-30  916  0.533843  0.723799  0.524017
1005 2024-12-31  911  0.384193  0.720088  0.462130
1006 2025-01-02  914  0.455142  0.725383  0.521882
1007 2025-01-03  917  0.482007  0.693566  0.496183

[1008 rows x 5 columns]",134,0.002529023583633468,0.007915350762978087,False
H_relative_1_ens3_v2_no_market,relative,1,ens3,expanding,liquid,v2_no_market,relative,0.5,414381,1008,1008,0.5275941705821454,0.519603939369807,0.007990231212338439,0.5195556517394923,0.5354739228434086,27.31079742573614,0.8196360055495379,0.5625,"            day    n       acc   frac_up      y_up
0    2020-12-31  346  0.404624  0.705202  0.421965
1    2021-01-04  347  0.446686  0.573487  0.533141
2    2021-01-05  348  0.387931  0.531609  0.563218
3    2021-01-06  348  0.591954  0.649425  0.614943
4    2021-01-07  348  0.678161  0.362069  0.500000
...         ...  ...       ...       ...       ...
1003 2024-12-27  458  0.515284  0.766376  0.425764
1004 2024-12-30  458  0.515284  0.768559  0.484716
1005 2024-12-31  455  0.329670  0.778022  0.419780
1006 2025-01-02  457  0.402626  0.735230  0.457330
1007 2025-01-03  458  0.419214  0.737991  0.414847

[1008 rows x 5 columns]",135,0.004060783444876608,0.01271910339680368,False
H_relative_1_ens3_v2_no_market,relative,1,ens3,expanding,liquid,v2_no_market,relative,0.25,206941,1008,1008,0.532412620022132,0.5203125528532287,0.012100067168903217,0.522007985486211,0.5424358760775605,22.571365044316398,0.8052259807682418,0.5714285714285714,"            day    n       acc   frac_up      y_up
0    2020-12-31  173  0.398844  0.682081  0.369942
1    2021-01-04  173  0.427746  0.526012  0.554913
2    2021-01-05  174  0.367816  0.540230  0.540230
3    2021-01-06  174  0.666667  0.603448  0.706897
4    2021-01-07  174  0.729885  0.241379  0.408046
...         ...  ...       ...       ...       ...
1003 2024-12-27  229  0.537118  0.689956  0.401747
1004 2024-12-30  229  0.502183  0.698690  0.427948
1005 2024-12-31  227  0.339207  0.713656  0.458150
1006 2025-01-02  228  0.390351  0.692982  0.407895
1007 2025-01-03  229  0.423581  0.650655  0.414847

[1008 rows x 5 columns]",136,0.0052111965794259,0.01633467815757796,False
H_relative_1_ens3_v2_no_market,relative,1,ens3,expanding,liquid,v2_no_market,relative,0.1,82459,1008,1008,0.5351265477388762,0.51258201045368,0.02254453728519623,0.5232592212223848,0.5462786934457107,11.906659288726082,0.7492864224872248,0.560515873015873,"            day   n       acc   frac_up      y_up
0    2020-12-31  69  0.376812  0.565217  0.376812
1    2021-01-04  69  0.478261  0.478261  0.594203
2    2021-01-05  69  0.347826  0.565217  0.463768
3    2021-01-06  69  0.637681  0.478261  0.724638
4    2021-01-07  69  0.739130  0.043478  0.304348
...         ...  ..       ...       ...       ...
1003 2024-12-27  91  0.549451  0.494505  0.351648
1004 2024-12-30  91  0.494505  0.505495  0.351648
1005 2024-12-31  91  0.362637  0.560440  0.494505
1006 2025-01-02  91  0.406593  0.472527  0.384615
1007 2025-01-03  91  0.494505  0.417582  0.461538

[1008 rows x 5 columns]",137,0.005872314342685178,0.01842069460591528,True
H_relative_1_ens3_v2_no_market,relative,1,ens3,expanding,liquid,v2_no_market,relative,0.05,40948,1008,1008,0.5381703624108626,0.49865683305655956,0.03951352935430302,0.5261109273797355,0.549089831184468,6.1633856914798795,0.6983893735707183,0.5436507936507936,"            day   n       acc   frac_up      y_up
0    2020-12-31  34  0.352941  0.588235  0.411765
1    2021-01-04  34  0.529412  0.529412  0.588235
2    2021-01-05  34  0.411765  0.529412  0.411765
3    2021-01-06  34  0.500000  0.264706  0.764706
4    2021-01-07  34  0.647059  0.058824  0.411765
...         ...  ..       ...       ...       ...
1003 2024-12-27  45  0.488889  0.355556  0.377778
1004 2024-12-30  45  0.577778  0.311111  0.377778
1005 2024-12-31  45  0.377778  0.355556  0.577778
1006 2025-01-02  45  0.488889  0.288889  0.400000
1007 2025-01-03  45  0.577778  0.111111  0.400000

[1008 rows x 5 columns]",138,0.005861965256309297,0.018401816657337953,True
H_relative_1_ens3_v2_no_market,relative,1,ens3,expanding,liquid,v2_no_market,relative,0.02,16197,1008,1008,0.5401000185219486,0.5161449651169969,0.02395505340495163,0.5273087242584005,0.5524698404855294,2.6568054116154274,0.6965906287728766,0.5952380952380952,"            day   n       acc   frac_up      y_up
0    2020-12-31  13  0.307692  0.538462  0.307692
1    2021-01-04  13  0.615385  0.461538  0.538462
2    2021-01-05  13  0.307692  0.615385  0.230769
3    2021-01-06  13  0.384615  0.076923  0.692308
4    2021-01-07  13  0.769231  0.000000  0.230769
...         ...  ..       ...       ...       ...
1003 2024-12-27  18  0.666667  0.055556  0.388889
1004 2024-12-30  18  0.666667  0.055556  0.277778
1005 2024-12-31  18  0.333333  0.055556  0.611111
1006 2025-01-02  18  0.611111  0.055556  0.333333
1007 2025-01-03  18  0.500000  0.000000  0.500000

[1008 rows x 5 columns]",139,0.006418652098757375,0.020164119578394372,True
H_relative_1_ens3_v2_no_market,relative,1,ens3,expanding,liquid,v2_no_market,relative,0.01,7948,1008,1008,0.5424006039255158,0.5358580775037746,0.006542526421741246,0.5284087868198418,0.5560731217076809,1.6342760885713312,0.7752090419501133,0.6498015873015873,"            day  n       acc   frac_up      y_up
0    2020-12-31  6  0.500000  0.500000  0.333333
1    2021-01-04  6  0.833333  0.666667  0.500000
2    2021-01-05  6  0.333333  0.500000  0.166667
3    2021-01-06  6  0.333333  0.166667  0.833333
4    2021-01-07  6  0.833333  0.000000  0.166667
...         ... ..       ...       ...       ...
1003 2024-12-27  9  0.555556  0.000000  0.444444
1004 2024-12-30  9  0.888889  0.000000  0.111111
1005 2024-12-31  9  0.333333  0.111111  0.555556
1006 2025-01-02  9  0.777778  0.111111  0.111111
1007 2025-01-03  9  0.222222  0.000000  0.777778

[1008 rows x 5 columns]",140,0.0070572282877140406,0.022186296998266686,False
H_relative_5_ens_lh_v2_no_market,relative,5,ens_lh,expanding,liquid,v2_no_market,relative,1.0,829603,1008,202,0.5276572047111691,0.5255176271059772,0.0021395776051919,0.5196395133608815,0.5352776258016048,54.15137344873319,0.7738290397499006,0.6994047619047619,"            day    n       acc   frac_up      y_up
0    2021-01-07  696  0.459770  0.458333  0.438218
1    2021-01-08  696  0.465517  0.390805  0.408046
2    2021-01-11  697  0.513630  0.407461  0.403156
3    2021-01-12  700  0.485714  0.471429  0.460000
4    2021-01-13  700  0.554286  0.470000  0.450000
...         ...  ...       ...       ...       ...
1003 2025-01-03  917  0.631407  0.739368  0.527808
1004 2025-01-06  917  0.659760  0.723010  0.524537
1005 2025-01-07  922  0.658351  0.733189  0.567245
1006 2025-01-08  918  0.624183  0.740741  0.574074
1007 2025-01-10  915  0.603279  0.772678  0.572678

[1008 rows x 5 columns]",141,0.003989314398143678,0.012550512298931405,False
H_relative_5_ens_lh_v2_no_market,relative,5,ens_lh,expanding,liquid,v2_no_market,relative,0.5,414551,1008,202,0.5377046491264043,0.5308418023355389,0.006862846790865351,0.5251416484554157,0.5498882229209899,68.61599958602868,0.8296528152580936,0.6488095238095238,"            day    n       acc   frac_up      y_up
0    2021-01-07  348  0.468391  0.456897  0.500000
1    2021-01-08  348  0.454023  0.347701  0.468391
2    2021-01-11  348  0.494253  0.367816  0.454023
3    2021-01-12  350  0.462857  0.440000  0.520000
4    2021-01-13  350  0.560000  0.451429  0.474286
...         ...  ...       ...       ...       ...
1003 2025-01-03  458  0.661572  0.788210  0.554585
1004 2025-01-06  458  0.720524  0.770742  0.561135
1005 2025-01-07  461  0.715835  0.767896  0.579176
1006 2025-01-08  459  0.642702  0.779956  0.579521
1007 2025-01-10  457  0.636761  0.829322  0.579869

[1008 rows x 5 columns]",142,0.00631290164938119,0.019874769128179832,False
H_relative_5_ens_lh_v2_no_market,relative,5,ens_lh,expanding,liquid,v2_no_market,relative,0.25,207031,1008,202,0.5426723534156721,0.5292250918944506,0.013447261521221554,0.5261594404239547,0.5589551645774365,59.374406685249944,0.8118591157640728,0.6071428571428571,"            day    n       acc   frac_up      y_up
0    2021-01-07  174  0.431034  0.500000  0.517241
1    2021-01-08  174  0.442529  0.316092  0.482759
2    2021-01-11  174  0.534483  0.310345  0.511494
3    2021-01-12  175  0.480000  0.428571  0.514286
4    2021-01-13  175  0.594286  0.377143  0.451429
...         ...  ...       ...       ...       ...
1003 2025-01-03  229  0.720524  0.681223  0.524017
1004 2025-01-06  229  0.764192  0.681223  0.524017
1005 2025-01-07  230  0.739130  0.682609  0.526087
1006 2025-01-08  229  0.628821  0.720524  0.524017
1007 2025-01-10  228  0.644737  0.815789  0.565789

[1008 rows x 5 columns]",143,0.008366256161602517,0.026357941833935757,False
H_relative_5_ens_lh_v2_no_market,relative,5,ens_lh,expanding,liquid,v2_no_market,relative,0.1,82500,1008,202,0.549030303030303,0.5206181818181819,0.02841212121212111,0.5294192335804083,0.5679496674179629,32.720685532204335,0.7544789021872353,0.5615079365079365,"            day   n       acc   frac_up      y_up
0    2021-01-07  69  0.492754  0.434783  0.594203
1    2021-01-08  69  0.507246  0.304348  0.507246
2    2021-01-11  69  0.550725  0.289855  0.478261
3    2021-01-12  70  0.457143  0.428571  0.542857
4    2021-01-13  70  0.628571  0.357143  0.471429
...         ...  ..       ...       ...       ...
1003 2025-01-03  91  0.747253  0.472527  0.461538
1004 2025-01-06  91  0.813187  0.494505  0.417582
1005 2025-01-07  92  0.793478  0.532609  0.500000
1006 2025-01-08  91  0.615385  0.571429  0.450549
1007 2025-01-10  91  0.648352  0.648352  0.450549

[1008 rows x 5 columns]",144,0.009829192305498625,0.03098866497798695,False
H_relative_5_ens_lh_v2_no_market,relative,5,ens_lh,expanding,liquid,v2_no_market,relative,0.05,40970,1008,202,0.5563094947522578,0.5068586770807908,0.04945081767146697,0.5356660768384932,0.575859076915209,17.204001625848083,0.6980222068016605,0.5267857142857143,"            day   n       acc   frac_up      y_up
0    2021-01-07  34  0.558824  0.500000  0.705882
1    2021-01-08  34  0.558824  0.323529  0.470588
2    2021-01-11  34  0.500000  0.352941  0.558824
3    2021-01-12  35  0.457143  0.457143  0.542857
4    2021-01-13  35  0.685714  0.400000  0.485714
...         ...  ..       ...       ...       ...
1003 2025-01-03  45  0.733333  0.266667  0.400000
1004 2025-01-06  45  0.844444  0.288889  0.311111
1005 2025-01-07  46  0.826087  0.326087  0.326087
1006 2025-01-08  45  0.577778  0.400000  0.333333
1007 2025-01-10  45  0.622222  0.444444  0.333333

[1008 rows x 5 columns]",145,0.010253316346100964,0.03234830713544523,True
H_relative_5_ens_lh_v2_no_market,relative,5,ens_lh,expanding,liquid,v2_no_market,relative,0.02,16208,1008,202,0.5604639684106614,0.5234452122408687,0.037018756169792666,0.5390572955832184,0.5809196186267156,7.487844586974038,0.6854375448541239,0.5654761904761905,"            day   n       acc   frac_up      y_up
0    2021-01-07  13  0.538462  0.692308  0.692308
1    2021-01-08  13  0.615385  0.307692  0.538462
2    2021-01-11  13  0.615385  0.230769  0.615385
3    2021-01-12  14  0.642857  0.285714  0.500000
4    2021-01-13  14  0.714286  0.428571  0.714286
...         ...  ..       ...       ...       ...
1003 2025-01-03  18  0.833333  0.055556  0.222222
1004 2025-01-06  18  0.944444  0.055556  0.111111
1005 2025-01-07  18  0.888889  0.000000  0.111111
1006 2025-01-08  18  0.611111  0.111111  0.277778
1007 2025-01-10  18  0.444444  0.222222  0.333333

[1008 rows x 5 columns]",146,0.01067916404170848,0.03371507519749531,True
H_relative_5_ens_lh_v2_no_market,relative,5,ens_lh,expanding,liquid,v2_no_market,relative,0.01,7959,1008,202,0.5628847845206685,0.5484357331323031,0.014449051388365386,0.5400316367699302,0.5850599082100154,4.150934303752567,0.7483721497858402,0.6537698412698413,"            day  n       acc   frac_up      y_up
0    2021-01-07  6  0.500000  0.500000  0.666667
1    2021-01-08  6  0.500000  0.000000  0.500000
2    2021-01-11  6  0.333333  0.000000  0.666667
3    2021-01-12  7  0.571429  0.142857  0.571429
4    2021-01-13  7  0.714286  0.285714  0.571429
...         ... ..       ...       ...       ...
1003 2025-01-03  9  0.888889  0.000000  0.111111
1004 2025-01-06  9  1.000000  0.000000  0.000000
1005 2025-01-07  9  0.888889  0.000000  0.111111
1006 2025-01-08  9  0.555556  0.000000  0.444444
1007 2025-01-10  9  0.444444  0.000000  0.555556

[1008 rows x 5 columns]",147,0.011486803938797259,0.03628969372637959,False
H_relative_5_ens_lh_v2_all,relative,5,ens_lh,expanding,liquid,v2_all,relative,1.0,829603,1008,202,0.5272955859609958,0.5255513781893267,0.0017442077716690596,0.5195229174807198,0.5347426836310346,50.878453266467446,0.7742311838205687,0.6755952380952381,"            day    n       acc   frac_up      y_up
0    2021-01-07  696  0.500000  0.420977  0.438218
1    2021-01-08  696  0.469828  0.487069  0.408046
2    2021-01-11  697  0.576758  0.318508  0.403156
3    2021-01-12  700  0.470000  0.575714  0.460000
4    2021-01-13  700  0.502857  0.601429  0.450000
...         ...  ...       ...       ...       ...
1003 2025-01-03  917  0.640131  0.719738  0.527808
1004 2025-01-06  917  0.679389  0.661941  0.524537
1005 2025-01-07  922  0.655098  0.753796  0.567245
1006 2025-01-08  918  0.616558  0.765795  0.574074
1007 2025-01-10  915  0.594536  0.707104  0.572678

[1008 rows x 5 columns]",148,0.0038825934056925613,0.012274415187904494,False
H_relative_5_ens_lh_v2_all,relative,5,ens_lh,expanding,liquid,v2_all,relative,0.5,414551,1008,202,0.5362331775824929,0.5295030044554229,0.006730173127070027,0.52361285550594,0.5481617433195503,66.23907351665287,0.8371848847839225,0.6240079365079365,"            day    n       acc   frac_up      y_up
0    2021-01-07  348  0.508621  0.390805  0.451149
1    2021-01-08  348  0.428161  0.520115  0.454023
2    2021-01-11  348  0.571839  0.221264  0.419540
3    2021-01-12  350  0.485714  0.602857  0.482857
4    2021-01-13  350  0.565714  0.614286  0.460000
...         ...  ...       ...       ...       ...
1003 2025-01-03  458  0.676856  0.786026  0.554585
1004 2025-01-06  458  0.729258  0.689956  0.519651
1005 2025-01-07  461  0.722343  0.813449  0.600868
1006 2025-01-08  459  0.647059  0.825708  0.590414
1007 2025-01-10  457  0.643326  0.754923  0.568928

[1008 rows x 5 columns]",149,0.006262471381023038,0.019811486939602035,False
H_relative_5_ens_lh_v2_all,relative,5,ens_lh,expanding,liquid,v2_all,relative,0.25,207031,1008,202,0.5394264627036531,0.5260806352671822,0.013345827436470947,0.5231551504322111,0.5546584670434748,54.449175812172356,0.8248391824044454,0.6041666666666666,"            day    n       acc   frac_up      y_up
0    2021-01-07  174  0.505747  0.362069  0.500000
1    2021-01-08  174  0.482759  0.477011  0.454023
2    2021-01-11  174  0.574713  0.178161  0.454023
3    2021-01-12  175  0.474286  0.577143  0.485714
4    2021-01-13  175  0.565714  0.662857  0.491429
...         ...  ...       ...       ...       ...
1003 2025-01-03  229  0.711790  0.694323  0.519651
1004 2025-01-06  229  0.799127  0.567686  0.462882
1005 2025-01-07  230  0.747826  0.760870  0.586957
1006 2025-01-08  229  0.602620  0.794760  0.510917
1007 2025-01-10  228  0.605263  0.684211  0.508772

[1008 rows x 5 columns]",150,0.008036560360016253,0.025440849294854573,False
H_relative_5_ens_lh_v2_all,relative,5,ens_lh,expanding,liquid,v2_all,relative,0.1,82500,1008,202,0.5435515151515151,0.5155636363636363,0.027987878787878784,0.5243959128014218,0.5617888099028012,30.306175643943487,0.7771284204211801,0.5565476190476191,"            day   n       acc   frac_up      y_up
0    2021-01-07  69  0.521739  0.391304  0.492754
1    2021-01-08  69  0.507246  0.463768  0.492754
2    2021-01-11  69  0.666667  0.173913  0.420290
3    2021-01-12  70  0.442857  0.571429  0.471429
4    2021-01-13  70  0.571429  0.700000  0.500000
...         ...  ..       ...       ...       ...
1003 2025-01-03  91  0.747253  0.582418  0.461538
1004 2025-01-06  91  0.868132  0.340659  0.318681
1005 2025-01-07  92  0.815217  0.630435  0.554348
1006 2025-01-08  91  0.670330  0.659341  0.549451
1007 2025-01-10  91  0.593407  0.494505  0.417582

[1008 rows x 5 columns]",151,0.009539004362596783,0.030217060032394133,False
H_relative_5_ens_lh_v2_all,relative,5,ens_lh,expanding,liquid,v2_all,relative,0.05,40970,1008,202,0.5464974371491335,0.4952160117158897,0.051281425433243766,0.5264054869002762,0.5648412760677953,16.242610857796866,0.7267945259030728,0.5257936507936508,"            day   n       acc   frac_up      y_up
0    2021-01-07  34  0.470588  0.558824  0.617647
1    2021-01-08  34  0.588235  0.470588  0.411765
2    2021-01-11  34  0.588235  0.205882  0.558824
3    2021-01-12  35  0.428571  0.771429  0.371429
4    2021-01-13  35  0.542857  0.714286  0.600000
...         ...  ..       ...       ...       ...
1003 2025-01-03  45  0.844444  0.333333  0.355556
1004 2025-01-06  45  0.888889  0.200000  0.266667
1005 2025-01-07  46  0.804348  0.434783  0.369565
1006 2025-01-08  45  0.644444  0.466667  0.466667
1007 2025-01-10  45  0.600000  0.311111  0.266667

[1008 rows x 5 columns]",152,0.009805048257020181,0.031080241483015504,True
H_relative_5_ens_lh_v2_all,relative,5,ens_lh,expanding,liquid,v2_all,relative,0.02,16208,1008,202,0.5532453109575518,0.5309723593287266,0.022272951628825255,0.5310011449319749,0.573599679360761,7.67976995987439,0.7105679237506969,0.5525793650793651,"            day   n       acc   frac_up      y_up
0    2021-01-07  13  0.461538  0.538462  0.769231
1    2021-01-08  13  0.615385  0.461538  0.538462
2    2021-01-11  13  0.538462  0.153846  0.615385
3    2021-01-12  14  0.642857  0.642857  0.571429
4    2021-01-13  14  0.714286  0.714286  0.714286
...         ...  ..       ...       ...       ...
1003 2025-01-03  18  0.777778  0.055556  0.166667
1004 2025-01-06  18  0.833333  0.000000  0.166667
1005 2025-01-07  18  0.833333  0.166667  0.111111
1006 2025-01-08  18  0.666667  0.111111  0.333333
1007 2025-01-10  18  0.722222  0.000000  0.277778

[1008 rows x 5 columns]",153,0.010866973068567865,0.034468825512211476,False
H_relative_5_ens_lh_v2_all,relative,5,ens_lh,expanding,liquid,v2_all,relative,0.01,7959,1008,202,0.558612891066717,0.5593667546174143,-0.0007538635506972868,0.5359839107323265,0.5804373679343628,4.220228507281223,0.777277809271857,0.6299603174603174,"            day  n       acc   frac_up      y_up
0    2021-01-07  6  0.500000  0.333333  0.833333
1    2021-01-08  6  0.500000  0.166667  0.666667
2    2021-01-11  6  0.500000  0.000000  0.500000
3    2021-01-12  7  0.571429  0.714286  0.571429
4    2021-01-13  7  0.571429  0.857143  0.714286
...         ... ..       ...       ...       ...
1003 2025-01-03  9  0.888889  0.000000  0.111111
1004 2025-01-06  9  1.000000  0.000000  0.000000
1005 2025-01-07  9  0.888889  0.000000  0.111111
1006 2025-01-08  9  0.555556  0.000000  0.444444
1007 2025-01-10  9  0.444444  0.000000  0.555556

[1008 rows x 5 columns]",154,0.011340167653580691,0.035993029732005744,False
H_relative_5_ens3_v2_no_market,relative,5,ens3,expanding,liquid,v2_no_market,relative,1.0,829603,1008,202,0.5277922090445671,0.5255116001268076,0.002280608917759497,0.5197351761710304,0.5353502101254592,54.47835303891201,0.7759790593540462,0.7033730158730159,"            day    n       acc   frac_up      y_up
0    2021-01-07  696  0.452586  0.448276  0.438218
1    2021-01-08  696  0.451149  0.387931  0.408046
2    2021-01-11  697  0.486370  0.394548  0.403156
3    2021-01-12  700  0.482857  0.457143  0.460000
4    2021-01-13  700  0.545714  0.464286  0.450000
...         ...  ...       ...       ...       ...
1003 2025-01-03  917  0.627045  0.730643  0.527808
1004 2025-01-06  917  0.657579  0.725191  0.524537
1005 2025-01-07  922  0.662690  0.724512  0.567245
1006 2025-01-08  918  0.624183  0.734205  0.574074
1007 2025-01-10  915  0.605464  0.755191  0.572678

[1008 rows x 5 columns]",155,0.003983427029191038,0.012651285374766045,False
H_relative_5_ens3_v2_no_market,relative,5,ens3,expanding,liquid,v2_no_market,relative,0.5,414551,1008,202,0.5381267926021165,0.5317005627775593,0.006426229824557206,0.5252778482358642,0.550903672368041,71.20909149519409,0.8343210739721433,0.6398809523809523,"            day    n       acc   frac_up      y_up
0    2021-01-07  348  0.456897  0.436782  0.508621
1    2021-01-08  348  0.442529  0.321839  0.482759
2    2021-01-11  348  0.508621  0.356322  0.462644
3    2021-01-12  350  0.485714  0.437143  0.505714
4    2021-01-13  350  0.580000  0.448571  0.468571
...         ...  ...       ...       ...       ...
1003 2025-01-03  458  0.659389  0.794760  0.558952
1004 2025-01-06  458  0.724891  0.772926  0.558952
1005 2025-01-07  461  0.713666  0.765727  0.574837
1006 2025-01-08  459  0.638344  0.784314  0.583878
1007 2025-01-10  457  0.636761  0.846827  0.579869

[1008 rows x 5 columns]",156,0.006537200033718583,0.02077525052028813,False
H_relative_5_ens3_v2_no_market,relative,5,ens3,expanding,liquid,v2_no_market,relative,0.25,207031,1008,202,0.5416242012065826,0.5286068269969232,0.013017374209659427,0.5253290337759782,0.5580304579581216,59.3368444834134,0.816906748666223,0.6041666666666666,"            day    n       acc   frac_up      y_up
0    2021-01-07  174  0.396552  0.425287  0.568966
1    2021-01-08  174  0.419540  0.287356  0.500000
2    2021-01-11  174  0.511494  0.310345  0.511494
3    2021-01-12  175  0.468571  0.422857  0.520000
4    2021-01-13  175  0.565714  0.428571  0.474286
...         ...  ...       ...       ...       ...
1003 2025-01-03  229  0.703057  0.711790  0.528384
1004 2025-01-06  229  0.759825  0.681223  0.510917
1005 2025-01-07  230  0.734783  0.673913  0.513043
1006 2025-01-08  229  0.624454  0.724891  0.506550
1007 2025-01-10  228  0.622807  0.820175  0.557018

[1008 rows x 5 columns]",157,0.00834220004646515,0.026528316310184763,False
H_relative_5_ens3_v2_no_market,relative,5,ens3,expanding,liquid,v2_no_market,relative,0.1,82500,1008,202,0.5457818181818181,0.5185333333333333,0.027248484848484855,0.5260891870787707,0.5644545499436041,32.7656673086272,0.7517954780665982,0.560515873015873,"            day   n       acc   frac_up      y_up
0    2021-01-07  69  0.449275  0.449275  0.710145
1    2021-01-08  69  0.463768  0.318841  0.536232
2    2021-01-11  69  0.507246  0.318841  0.521739
3    2021-01-12  70  0.428571  0.414286  0.500000
4    2021-01-13  70  0.657143  0.385714  0.500000
...         ...  ..       ...       ...       ...
1003 2025-01-03  91  0.736264  0.472527  0.450549
1004 2025-01-06  91  0.791209  0.505495  0.384615
1005 2025-01-07  92  0.771739  0.500000  0.423913
1006 2025-01-08  91  0.626374  0.549451  0.417582
1007 2025-01-10  91  0.637363  0.659341  0.450549

[1008 rows x 5 columns]",158,0.009787082363477905,0.03114259768222977,False
H_relative_5_ens3_v2_no_market,relative,5,ens3,expanding,liquid,v2_no_market,relative,0.05,40970,1008,202,0.5524286062972907,0.49978032706858677,0.052648279228703965,0.5322740189330207,0.5714600683759183,16.72833908004898,0.6896813905668446,0.5138888888888888,"            day   n       acc   frac_up      y_up
0    2021-01-07  34  0.411765  0.529412  0.764706
1    2021-01-08  34  0.470588  0.294118  0.529412
2    2021-01-11  34  0.441176  0.382353  0.588235
3    2021-01-12  35  0.428571  0.542857  0.485714
4    2021-01-13  35  0.657143  0.400000  0.571429
...         ...  ..       ...       ...       ...
1003 2025-01-03  45  0.822222  0.244444  0.377778
1004 2025-01-06  45  0.888889  0.244444  0.311111
1005 2025-01-07  46  0.804348  0.260870  0.282609
1006 2025-01-08  45  0.600000  0.333333  0.288889
1007 2025-01-10  45  0.622222  0.422222  0.355556

[1008 rows x 5 columns]",159,0.009996441184412655,0.03182859401591079,True
H_relative_5_ens3_v2_no_market,relative,5,ens3,expanding,liquid,v2_no_market,relative,0.02,16208,1008,202,0.5570705824284304,0.5310340572556762,0.026036525172754232,0.5359255854483066,0.5774339035598606,6.869323764518404,0.6963865674474918,0.5684523809523809,"            day   n       acc   frac_up      y_up
0    2021-01-07  13  0.384615  0.461538  0.769231
1    2021-01-08  13  0.615385  0.384615  0.461538
2    2021-01-11  13  0.538462  0.384615  0.692308
3    2021-01-12  14  0.714286  0.428571  0.571429
4    2021-01-13  14  0.785714  0.571429  0.642857
...         ...  ..       ...       ...       ...
1003 2025-01-03  18  0.888889  0.055556  0.166667
1004 2025-01-06  18  0.944444  0.055556  0.111111
1005 2025-01-07  18  0.888889  0.000000  0.111111
1006 2025-01-08  18  0.666667  0.055556  0.277778
1007 2025-01-10  18  0.500000  0.166667  0.333333

[1008 rows x 5 columns]",160,0.010588856661110709,0.03373568458446681,False
H_relative_5_ens3_v2_no_market,relative,5,ens3,expanding,liquid,v2_no_market,relative,0.01,7959,1008,202,0.5635130041462495,0.5527076265862546,0.010805377559994889,0.5420357784325381,0.585584096257412,3.8522011400513323,0.7816594230284706,0.6507936507936508,"            day  n       acc   frac_up      y_up
0    2021-01-07  6  0.500000  0.333333  0.833333
1    2021-01-08  6  0.333333  0.166667  0.500000
2    2021-01-11  6  0.500000  0.166667  0.666667
3    2021-01-12  7  0.714286  0.285714  0.571429
4    2021-01-13  7  0.714286  0.571429  0.571429
...         ... ..       ...       ...       ...
1003 2025-01-03  9  0.888889  0.000000  0.111111
1004 2025-01-06  9  1.000000  0.000000  0.000000
1005 2025-01-07  9  1.000000  0.000000  0.000000
1006 2025-01-08  9  0.555556  0.000000  0.444444
1007 2025-01-10  9  0.555556  0.000000  0.444444

[1008 rows x 5 columns]",161,0.01110926475124334,0.035415403383490474,False
H_relative_5_ens3_v2_all,relative,5,ens3,expanding,liquid,v2_all,relative,1.0,829603,1008,202,0.5278512734404287,0.5255224486893129,0.0023288247511158433,0.5199386546086554,0.5354886875043499,53.12424235796805,0.7772784291776634,0.6795634920634921,"            day    n       acc   frac_up      y_up
0    2021-01-07  696  0.465517  0.435345  0.438218
1    2021-01-08  696  0.445402  0.462644  0.408046
2    2021-01-11  697  0.520803  0.362984  0.403156
3    2021-01-12  700  0.482857  0.557143  0.460000
4    2021-01-13  700  0.521429  0.582857  0.450000
...         ...  ...       ...       ...       ...
1003 2025-01-03  917  0.630316  0.716467  0.527808
1004 2025-01-06  917  0.678299  0.663032  0.524537
1005 2025-01-07  922  0.657267  0.736443  0.567245
1006 2025-01-08  918  0.624183  0.745098  0.574074
1007 2025-01-10  915  0.594536  0.711475  0.572678

[1008 rows x 5 columns]",162,0.003966845126452667,0.012653671797274606,False
H_relative_5_ens3_v2_all,relative,5,ens3,expanding,liquid,v2_all,relative,0.5,414551,1008,202,0.5369375541248242,0.5309310555275467,0.006006498597277532,0.5239630143539057,0.5492642333680657,69.01891879439975,0.8391833413918002,0.6319444444444444,"            day    n       acc   frac_up      y_up
0    2021-01-07  348  0.456897  0.422414  0.482759
1    2021-01-08  348  0.408046  0.465517  0.477011
2    2021-01-11  348  0.528736  0.281609  0.459770
3    2021-01-12  350  0.442857  0.605714  0.494286
4    2021-01-13  350  0.565714  0.574286  0.488571
...         ...  ...       ...       ...       ...
1003 2025-01-03  458  0.683406  0.779476  0.558952
1004 2025-01-06  458  0.735808  0.670306  0.519651
1005 2025-01-07  461  0.722343  0.791757  0.579176
1006 2025-01-08  459  0.655773  0.801743  0.592593
1007 2025-01-10  457  0.654267  0.765864  0.573304

[1008 rows x 5 columns]",163,0.0064543926056530735,0.020601042517132847,False
H_relative_5_ens3_v2_all,relative,5,ens3,expanding,liquid,v2_all,relative,0.25,207031,1008,202,0.5385908390530887,0.5260758050726703,0.012515033980418422,0.5219007034467806,0.554545242203764,56.49574206692896,0.823766472791047,0.5992063492063492,"            day    n       acc   frac_up      y_up
0    2021-01-07  174  0.431034  0.390805  0.545977
1    2021-01-08  174  0.431034  0.459770  0.477011
2    2021-01-11  174  0.534483  0.264368  0.477011
3    2021-01-12  175  0.457143  0.594286  0.497143
4    2021-01-13  175  0.582857  0.634286  0.491429
...         ...  ...       ...       ...       ...
1003 2025-01-03  229  0.703057  0.698690  0.515284
1004 2025-01-06  229  0.794760  0.572052  0.462882
1005 2025-01-07  230  0.752174  0.708696  0.556522
1006 2025-01-08  229  0.624454  0.768559  0.515284
1007 2025-01-10  228  0.609649  0.688596  0.517544

[1008 rows x 5 columns]",164,0.008327688458414124,0.026596155794584242,False
H_relative_5_ens3_v2_all,relative,5,ens3,expanding,liquid,v2_all,relative,0.1,82500,1008,202,0.5429939393939394,0.5130181818181818,0.029975757575757545,0.5236582829042468,0.5606798548680492,30.47932524035655,0.7679733914583391,0.5496031746031746,"            day   n       acc   frac_up      y_up
0    2021-01-07  69  0.405797  0.478261  0.666667
1    2021-01-08  69  0.507246  0.463768  0.492754
2    2021-01-11  69  0.536232  0.304348  0.507246
3    2021-01-12  70  0.500000  0.714286  0.500000
4    2021-01-13  70  0.585714  0.757143  0.542857
...         ...  ..       ...       ...       ...
1003 2025-01-03  91  0.780220  0.527473  0.461538
1004 2025-01-06  91  0.846154  0.285714  0.307692
1005 2025-01-07  92  0.826087  0.554348  0.489130
1006 2025-01-08  91  0.670330  0.571429  0.461538
1007 2025-01-10  91  0.582418  0.483516  0.417582

[1008 rows x 5 columns]",165,0.009444278562194491,0.03018018325061787,False
H_relative_5_ens3_v2_all,relative,5,ens3,expanding,liquid,v2_all,relative,0.05,40970,1008,202,0.5456187454234805,0.49985355137905785,0.0457651940444227,0.5251333335639848,0.5645636369284598,15.92086235278084,0.7113257508526986,0.5178571428571429,"            day   n       acc   frac_up      y_up
0    2021-01-07  34  0.382353  0.558824  0.705882
1    2021-01-08  34  0.500000  0.529412  0.441176
2    2021-01-11  34  0.558824  0.382353  0.529412
3    2021-01-12  35  0.457143  0.685714  0.428571
4    2021-01-13  35  0.600000  0.714286  0.657143
...         ...  ..       ...       ...       ...
1003 2025-01-03  45  0.888889  0.311111  0.377778
1004 2025-01-06  45  0.888889  0.133333  0.200000
1005 2025-01-07  46  0.804348  0.326087  0.304348
1006 2025-01-08  45  0.666667  0.355556  0.422222
1007 2025-01-10  45  0.600000  0.288889  0.244444

[1008 rows x 5 columns]",166,0.010058750858284426,0.03216280762304976,True
H_relative_5_ens3_v2_all,relative,5,ens3,expanding,liquid,v2_all,relative,0.02,16208,1008,202,0.5499753208292202,0.536957058242843,0.013018262586377172,0.5296331530535168,0.5698953212148771,6.780543771963055,0.7096118896276459,0.5892857142857143,"            day   n       acc   frac_up      y_up
0    2021-01-07  13  0.538462  0.615385  0.769231
1    2021-01-08  13  0.538462  0.461538  0.615385
2    2021-01-11  13  0.538462  0.384615  0.692308
3    2021-01-12  14  0.714286  0.571429  0.428571
4    2021-01-13  14  0.642857  0.642857  0.714286
...         ...  ..       ...       ...       ...
1003 2025-01-03  18  0.833333  0.055556  0.222222
1004 2025-01-06  18  0.833333  0.000000  0.166667
1005 2025-01-07  18  0.888889  0.055556  0.055556
1006 2025-01-08  18  0.666667  0.055556  0.277778
1007 2025-01-10  18  0.666667  0.000000  0.333333

[1008 rows x 5 columns]",167,0.010270961265653139,0.03286063620826704,False
H_relative_5_ens3_v2_all,relative,5,ens3,expanding,liquid,v2_all,relative,0.01,7959,1008,202,0.5572308078904386,0.5630104284457846,-0.005779620555346088,0.5364606687743237,0.5780601463023894,3.6833745544943386,0.793593710632401,0.6587301587301587,"            day  n       acc   frac_up      y_up
0    2021-01-07  6  0.500000  0.666667  0.833333
1    2021-01-08  6  0.500000  0.166667  0.666667
2    2021-01-11  6  0.500000  0.000000  0.500000
3    2021-01-12  7  0.714286  0.571429  0.571429
4    2021-01-13  7  0.714286  0.571429  0.571429
...         ... ..       ...       ...       ...
1003 2025-01-03  9  0.888889  0.000000  0.111111
1004 2025-01-06  9  1.000000  0.000000  0.000000
1005 2025-01-07  9  1.000000  0.000000  0.000000
1006 2025-01-08  9  0.555556  0.000000  0.444444
1007 2025-01-10  9  0.444444  0.000000  0.555556

[1008 rows x 5 columns]",168,0.010612111614302474,0.03397190030731423,False
