id,target,horizon,model,window,universe,features,eval_on,coverage,n,days,blocks,acc,null,skill,ci_lo,ci_hi,deff,agreement,day_acc,by_day,k,sel,calls_up,trials,se,bar,passes
I_extremes10_21_logit_v2_no_market,extremes10,21,logit,expanding,liquid,v2_no_market,relative,1.0,830525,1008,48,0.5288702928870292,0.5442822311188706,-0.015411938231841393,0.5123580395148524,0.5442077198033655,215.75644226343317,0.8515043593376406,0.7113095238095238,"            day    n       acc   frac_up      y_up
0    2021-02-01  699  0.402003  0.237482  0.500715
1    2021-02-02  699  0.389127  0.230329  0.520744
2    2021-02-03  699  0.354793  0.208870  0.562232
3    2021-02-04  700  0.352857  0.217143  0.552857
4    2021-02-05  701  0.345221  0.216833  0.563481
...         ...  ...       ...       ...       ...
1003 2025-01-29  898  0.521158  0.928731  0.496659
1004 2025-01-30  897  0.527313  0.929766  0.510591
1005 2025-01-31  898  0.504454  0.925390  0.496659
1006 2025-02-03  898  0.516704  0.928731  0.507795
1007 2025-02-04  899  0.509455  0.929922  0.503893

[1008 rows x 5 columns]",,,,1,0.008124918440947218,0.009566360404492059,False
I_extremes10_21_logit_v2_no_market,extremes10,21,logit,expanding,liquid,v2_no_market,relative,0.5,414995,1008,48,0.5452812684490175,0.5639248665646575,-0.01864359811563998,0.520556799151478,0.5694746680422754,262.889208263566,0.9083166729639877,0.6825396825396826,"            day    n       acc   frac_up      y_up
0    2021-02-01  349  0.352436  0.174785  0.535817
1    2021-02-02  349  0.320917  0.160458  0.587393
2    2021-02-03  349  0.309456  0.131805  0.616046
3    2021-02-04  350  0.314286  0.145714  0.608571
4    2021-02-05  350  0.291429  0.154286  0.617143
...         ...  ...       ...       ...       ...
1003 2025-01-29  449  0.625835  0.966592  0.605791
1004 2025-01-30  448  0.665179  0.970982  0.658482
1005 2025-01-31  449  0.608018  0.964365  0.603563
1006 2025-02-03  449  0.612472  0.966592  0.605791
1007 2025-02-04  449  0.632517  0.966592  0.630290

[1008 rows x 5 columns]",,,,2,0.01247904818642791,0.014692956406153779,False
I_extremes10_21_logit_v2_no_market,extremes10,21,logit,expanding,liquid,v2_no_market,relative,0.25,207241,1008,48,0.5578288080061378,0.5664564444294324,-0.008627636423294671,0.5311234886529551,0.5852980228989642,167.82129850587955,0.9050724549762003,0.685515873015873,"            day    n       acc   frac_up      y_up
0    2021-02-01  174  0.298851  0.201149  0.591954
1    2021-02-02  174  0.281609  0.206897  0.614943
2    2021-02-03  174  0.275862  0.189655  0.637931
3    2021-02-04  175  0.268571  0.200000  0.634286
4    2021-02-05  175  0.274286  0.211429  0.617143
...         ...  ...       ...       ...       ...
1003 2025-01-29  224  0.656250  0.959821  0.642857
1004 2025-01-30  224  0.732143  0.955357  0.714286
1005 2025-01-31  224  0.669643  0.955357  0.660714
1006 2025-02-03  224  0.625000  0.950893  0.611607
1007 2025-02-04  224  0.669643  0.955357  0.660714

[1008 rows x 5 columns]",,,,3,0.01382003424643088,0.020485489381433887,False
I_extremes10_21_logit_v2_no_market,extremes10,21,logit,expanding,liquid,v2_no_market,relative,0.1,82572,1008,48,0.5725548612120331,0.5607106525214358,0.011844208690597324,0.5420693868648668,0.6043837193324534,84.73511271411023,0.877711852499646,0.6954365079365079,"            day   n       acc   frac_up      y_up
0    2021-02-01  69  0.275362  0.231884  0.666667
1    2021-02-02  69  0.260870  0.260870  0.681159
2    2021-02-03  69  0.275362  0.231884  0.637681
3    2021-02-04  70  0.285714  0.242857  0.614286
4    2021-02-05  70  0.300000  0.257143  0.642857
...         ...  ..       ...       ...       ...
1003 2025-01-29  89  0.662921  0.910112  0.640449
1004 2025-01-30  89  0.696629  0.898876  0.662921
1005 2025-01-31  89  0.651685  0.887640  0.629213
1006 2025-02-03  89  0.640449  0.898876  0.629213
1007 2025-02-04  89  0.685393  0.910112  0.685393

[1008 rows x 5 columns]",,,,4,0.015896513384588407,0.026469431039338277,False
I_extremes10_21_logit_v2_no_market,extremes10,21,logit,expanding,liquid,v2_no_market,relative,0.05,40985,1008,48,0.5782115408076125,0.5512504574844456,0.026961083323166934,0.5457905017790826,0.6117099157769103,47.151993238053414,0.8378787390329359,0.6785714285714286,"            day   n       acc   frac_up      y_up
0    2021-02-01  34  0.323529  0.382353  0.588235
1    2021-02-02  34  0.352941  0.382353  0.558824
2    2021-02-03  34  0.382353  0.352941  0.500000
3    2021-02-04  35  0.342857  0.371429  0.514286
4    2021-02-05  35  0.342857  0.400000  0.542857
...         ...  ..       ...       ...       ...
1003 2025-01-29  44  0.590909  0.840909  0.568182
1004 2025-01-30  44  0.681818  0.818182  0.636364
1005 2025-01-31  44  0.636364  0.772727  0.590909
1006 2025-02-03  44  0.636364  0.840909  0.613636
1007 2025-02-04  44  0.636364  0.840909  0.613636

[1008 rows x 5 columns]",,,,5,0.016816177040262153,0.030170282903480353,False
I_extremes10_21_logit_v2_no_market,extremes10,21,logit,expanding,liquid,v2_no_market,relative,0.02,16227,1008,48,0.5811302150736427,0.5310285326924262,0.050101682381216484,0.5464443556180528,0.6181447213785065,21.98164509103693,0.7524939721258874,0.6011904761904762,"            day   n       acc   frac_up      y_up
0    2021-02-01  13  0.461538  0.692308  0.461538
1    2021-02-02  13  0.692308  0.615385  0.307692
2    2021-02-03  13  0.538462  0.692308  0.230769
3    2021-02-04  14  0.428571  0.642857  0.357143
4    2021-02-05  14  0.642857  0.642857  0.285714
...         ...  ..       ...       ...       ...
1003 2025-01-29  17  0.588235  0.764706  0.470588
1004 2025-01-30  17  0.588235  0.705882  0.529412
1005 2025-01-31  17  0.588235  0.705882  0.529412
1006 2025-02-03  17  0.647059  0.588235  0.588235
1007 2025-02-04  17  0.588235  0.705882  0.529412

[1008 rows x 5 columns]",,,,6,0.018290909632768797,0.03462502981960124,True
I_extremes10_21_logit_v2_no_market,extremes10,21,logit,expanding,liquid,v2_no_market,relative,0.01,7972,1008,48,0.5692423482187656,0.49811841445057703,0.0711239337681886,0.5326787455992296,0.6079851186092097,11.822184276711672,0.694588136180398,0.5783730158730159,"            day  n       acc   frac_up      y_up
0    2021-02-01  6  0.500000  0.666667  0.500000
1    2021-02-02  6  0.833333  0.666667  0.500000
2    2021-02-03  6  0.666667  0.500000  0.166667
3    2021-02-04  7  0.714286  0.714286  0.428571
4    2021-02-05  7  0.571429  0.857143  0.428571
...         ... ..       ...       ...       ...
1003 2025-01-29  8  0.500000  0.500000  0.250000
1004 2025-01-30  8  0.625000  0.625000  0.500000
1005 2025-01-31  8  0.625000  0.500000  0.375000
1006 2025-02-03  8  0.625000  0.500000  0.625000
1007 2025-02-04  8  0.625000  0.375000  0.500000

[1008 rows x 5 columns]",,,,7,0.019210809441321457,0.037898502821513226,True
I_extremes10_21_logit_v2_no_market,extremes10,21,logit,expanding,liquid,v2_no_market,relative,,10080,1008,48,0.5740079365079365,0.5201388888888889,0.05386904761904754,0.5382886904761904,0.6123115079365079,14.194823346989693,0.5,0.6498015873015873,,5.0,balanced,0.5,8,0.018883371801101397,0.03850950177733524,True
I_extremes10_21_logit_v2_no_market,extremes10,21,logit,expanding,liquid,v2_no_market,relative,,20160,1008,48,0.5807539682539683,0.5129960317460317,0.0677579365079366,0.549000496031746,0.6129117063492063,21.89129214796845,0.5,0.6101190476190477,,10.0,balanced,0.5,9,0.01630388018302558,0.034177728616332934,True
I_extremes10_21_logit_v2_no_market,extremes10,21,logit,expanding,liquid,v2_no_market,relative,,40320,1008,48,0.5767609126984127,0.5050347222222222,0.07172619047619044,0.547866443452381,0.604836929563492,34.106981797032475,0.5,0.5873015873015873,,20.0,balanced,0.5,10,0.014533287273242601,0.031187940738681967,True
I_extremes10_21_logit_v2_no_market,extremes10,21,logit,expanding,liquid,v2_no_market,relative,,80640,1008,48,0.5632068452380953,0.5058159722222222,0.05739087301587309,0.5376460193452381,0.5876261780753967,54.18431250396661,0.5,0.4861111111111111,,40.0,balanced,0.5,11,0.012750040492387397,0.027921687851885927,True
I_extremes10_21_logit_v2_no_market,extremes10,21,logit,expanding,liquid,v2_no_market,relative,,161280,1008,48,0.5516679067460317,0.5180741567460317,0.03359374999999998,0.5278462921626984,0.5751441592261904,98.62682179663503,0.5,0.39285714285714285,,80.0,balanced,0.5,12,0.012065782414156132,0.02689834293675623,True
I_extremes10_42_logit_v2_all,extremes10,42,logit,expanding,liquid,v2_all,relative,1.0,717587,882,21,0.5285839905126486,0.5551006358810848,-0.02651664536843623,0.5061109440787942,0.549865624636,397.3128535909983,0.8669673054730703,0.7698412698412699,"           day    n       acc   frac_up      y_up
0   2021-03-03  713  0.326788  0.136045  0.660589
1   2021-03-04  713  0.332398  0.150070  0.652174
2   2021-03-05  713  0.356241  0.173913  0.652174
3   2021-03-08  712  0.300562  0.165730  0.679775
4   2021-03-09  711  0.331927  0.191280  0.682138
..         ...  ...       ...       ...       ...
877 2024-08-27  892  0.554933  0.912556  0.543722
878 2024-08-28  891  0.539843  0.924804  0.534231
879 2024-08-29  893  0.536394  0.924972  0.533035
880 2024-08-30  895  0.534078  0.921788  0.527374
881 2024-09-03  894  0.529083  0.904922  0.525727

[882 rows x 5 columns]",,,,13,0.011161908305409637,0.025280918333382047,False
I_extremes10_42_logit_v2_all,extremes10,42,logit,expanding,liquid,v2_all,relative,0.5,358570,882,21,0.5489583623839139,0.578422623197702,-0.029464260813788057,0.5129217047308989,0.584425984008135,504.5916061335666,0.9179710492114791,0.7403628117913832,"           day    n       acc   frac_up      y_up
0   2021-03-03  356  0.247191  0.050562  0.741573
1   2021-03-04  356  0.280899  0.067416  0.724719
2   2021-03-05  356  0.300562  0.078652  0.688202
3   2021-03-08  356  0.264045  0.070225  0.733146
4   2021-03-09  355  0.287324  0.101408  0.712676
..         ...  ...       ...       ...       ...
877 2024-08-27  446  0.605381  0.964126  0.591928
878 2024-08-28  445  0.577528  0.973034  0.568539
879 2024-08-29  446  0.556054  0.968610  0.542601
880 2024-08-30  447  0.554810  0.964206  0.545861
881 2024-09-03  447  0.568233  0.957494  0.552573

[882 rows x 5 columns]",,,,14,0.018240887570723473,0.04190688465713618,False
I_extremes10_42_logit_v2_all,extremes10,42,logit,expanding,liquid,v2_all,relative,0.25,179070,882,21,0.5660467973418216,0.5843524878539119,-0.0183056905120903,0.5237355140036856,0.606280457958224,332.9602323774922,0.9183563620941668,0.7392290249433107,"           day    n       acc   frac_up      y_up
0   2021-03-03  178  0.247191  0.061798  0.724719
1   2021-03-04  178  0.320225  0.073034  0.685393
2   2021-03-05  178  0.292135  0.067416  0.696629
3   2021-03-08  178  0.297753  0.050562  0.707865
4   2021-03-09  177  0.305085  0.079096  0.683616
..         ...  ...       ...       ...       ...
877 2024-08-27  223  0.632287  0.955157  0.623318
878 2024-08-28  222  0.585586  0.959459  0.563063
879 2024-08-29  223  0.547085  0.959641  0.533632
880 2024-08-30  223  0.556054  0.955157  0.538117
881 2024-09-03  223  0.569507  0.946188  0.551570

[882 rows x 5 columns]",,,,15,0.021057383661872063,0.04900583159461868,False
I_extremes10_42_logit_v2_all,extremes10,42,logit,expanding,liquid,v2_all,relative,0.1,71345,882,21,0.5803630247389445,0.5830541733828579,-0.002691148643913399,0.5330798774965388,0.6240385436545568,157.79522924521078,0.9017396655423521,0.7290249433106576,"           day   n       acc   frac_up      y_up
0   2021-03-03  71  0.295775  0.098592  0.661972
1   2021-03-04  71  0.380282  0.098592  0.605634
2   2021-03-05  71  0.380282  0.084507  0.591549
3   2021-03-08  71  0.394366  0.056338  0.605634
4   2021-03-09  71  0.394366  0.098592  0.619718
..         ...  ..       ...       ...       ...
877 2024-08-27  89  0.595506  0.932584  0.617978
878 2024-08-28  89  0.617978  0.943820  0.606742
879 2024-08-29  89  0.595506  0.921348  0.561798
880 2024-08-30  89  0.561798  0.921348  0.550562
881 2024-09-03  89  0.595506  0.910112  0.573034

[882 rows x 5 columns]",,,,16,0.023203741366841314,0.05464063529035176,False
I_extremes10_42_logit_v2_all,extremes10,42,logit,expanding,liquid,v2_all,relative,0.05,35424,882,21,0.5883864046973803,0.5748927280939476,0.013493676603432703,0.541569309125973,0.6329292617966348,82.34852715207903,0.8773610600961649,0.7018140589569161,"           day   n       acc   frac_up      y_up
0   2021-03-03  35  0.514286  0.200000  0.400000
1   2021-03-04  35  0.485714  0.171429  0.457143
2   2021-03-05  35  0.542857  0.114286  0.457143
3   2021-03-08  35  0.542857  0.114286  0.457143
4   2021-03-09  35  0.485714  0.114286  0.514286
..         ...  ..       ...       ...       ...
877 2024-08-27  44  0.613636  0.886364  0.636364
878 2024-08-28  44  0.590909  0.931818  0.568182
879 2024-08-29  44  0.522727  0.886364  0.500000
880 2024-08-30  44  0.568182  0.909091  0.568182
881 2024-09-03  44  0.659091  0.840909  0.636364

[882 rows x 5 columns]",,,,17,0.02330611037516882,0.05547846496024858,False
I_extremes10_42_logit_v2_all,extremes10,42,logit,expanding,liquid,v2_all,relative,0.02,14004,882,21,0.5864752927734933,0.5448443301913739,0.0416309625821194,0.5407961704291117,0.6297705536555919,28.452126991763073,0.8336471493359249,0.63718820861678,"           day   n       acc   frac_up      y_up
0   2021-03-03  14  0.571429  0.214286  0.214286
1   2021-03-04  14  0.714286  0.214286  0.357143
2   2021-03-05  14  0.785714  0.214286  0.285714
3   2021-03-08  14  0.714286  0.214286  0.357143
4   2021-03-09  14  0.785714  0.214286  0.285714
..         ...  ..       ...       ...       ...
877 2024-08-27  17  0.588235  0.764706  0.588235
878 2024-08-28  17  0.470588  0.882353  0.470588
879 2024-08-29  17  0.529412  0.764706  0.529412
880 2024-08-30  17  0.529412  0.764706  0.529412
881 2024-09-03  17  0.470588  0.705882  0.411765

[882 rows x 5 columns]",,,,18,0.022697546741449033,0.05457211296761169,False
I_extremes10_42_logit_v2_all,extremes10,42,logit,expanding,liquid,v2_all,relative,0.01,6883,882,21,0.5898590730785994,0.514746476826965,0.07511259625163447,0.5480104697865311,0.6301657306706901,12.30071564137663,0.7957766439909297,0.5884353741496599,"           day  n       acc   frac_up      y_up
0   2021-03-03  7  0.714286  0.142857  0.142857
1   2021-03-04  7  1.000000  0.285714  0.285714
2   2021-03-05  7  1.000000  0.285714  0.285714
3   2021-03-08  7  0.857143  0.428571  0.285714
4   2021-03-09  7  0.857143  0.428571  0.285714
..         ... ..       ...       ...       ...
877 2024-08-27  8  0.500000  0.500000  0.500000
878 2024-08-28  8  0.375000  0.750000  0.375000
879 2024-08-29  8  0.250000  0.625000  0.375000
880 2024-08-30  8  0.500000  0.500000  0.500000
881 2024-09-03  8  0.500000  0.375000  0.375000

[882 rows x 5 columns]",,,,19,0.020957974715346692,0.050858739127826,True
I_extremes10_42_logit_v2_all,extremes10,42,logit,expanding,liquid,v2_all,relative,,8820,882,21,0.5976190476190476,0.5551020408163265,0.04251700680272108,0.551357709750567,0.6398100907029478,18.6622675498008,0.5,0.746031746031746,,5.0,balanced,0.5,20,0.02256438289601552,0.05523189671999041,False
I_extremes10_42_logit_v2_all,extremes10,42,logit,expanding,liquid,v2_all,relative,,17640,882,21,0.5947845804988662,0.5260770975056689,0.06870748299319729,0.5513010204081633,0.63718820861678,34.7840780393749,0.5,0.6564625850340136,,10.0,balanced,0.5,21,0.021909996991994068,0.054065086892291704,True
I_extremes10_42_logit_v2_all,extremes10,42,logit,expanding,liquid,v2_all,relative,,35280,882,21,0.5823696145124716,0.5059523809523809,0.07641723356009067,0.5408680555555555,0.6222278911564626,63.7618277201573,0.5,0.5714285714285714,,20.0,balanced,0.5,22,0.020755060102272217,0.05160496384250621,True
I_extremes10_42_logit_v2_all,extremes10,42,logit,expanding,liquid,v2_all,relative,,70560,882,21,0.5655753968253968,0.5166241496598639,0.048951247165532896,0.5269398384353742,0.603829365079365,113.90818089611487,0.5,0.41609977324263037,,40.0,balanced,0.5,23,0.01961467516428338,0.04911895515679723,False
I_extremes10_42_logit_v2_all,extremes10,42,logit,expanding,liquid,v2_all,relative,,141120,882,21,0.5526431405895692,0.5311295351473923,0.021513605442176953,0.5158615008503401,0.5883308531746032,200.40491948138666,0.5,0.2766439909297052,,80.0,balanced,0.5,24,0.018487079674556914,0.04660837218447211,False
I_extremes10_42_logit_v2_no_market,extremes10,42,logit,expanding,liquid,v2_no_market,relative,1.0,717587,882,21,0.5269995136478225,0.5550992423218369,-0.028099728674014446,0.5038740912396631,0.5492942104706676,419.1963942005084,0.8689829510248588,0.7346938775510204,"           day    n       acc   frac_up      y_up
0   2021-03-03  713  0.325386  0.165498  0.660589
1   2021-03-04  713  0.347826  0.182328  0.652174
2   2021-03-05  713  0.350631  0.193548  0.652174
3   2021-03-08  712  0.308989  0.165730  0.679775
4   2021-03-09  711  0.329114  0.185654  0.682138
..         ...  ...       ...       ...       ...
877 2024-08-27  892  0.554933  0.917040  0.543722
878 2024-08-28  891  0.540965  0.928171  0.534231
879 2024-08-29  893  0.539754  0.926092  0.533035
880 2024-08-30  895  0.536313  0.924022  0.527374
881 2024-09-03  894  0.525727  0.919463  0.525727

[882 rows x 5 columns]",,,,25,0.011586765109950135,0.029398780273034282,False
I_extremes10_42_logit_v2_no_market,extremes10,42,logit,expanding,liquid,v2_no_market,relative,0.5,358570,882,21,0.547708955015757,0.579797529073821,-0.03208857405806398,0.5103901552325647,0.5845474638410563,531.8947832962532,0.9195634231959487,0.7018140589569161,"           day    n       acc   frac_up      y_up
0   2021-03-03  356  0.235955  0.073034  0.752809
1   2021-03-04  356  0.278090  0.084270  0.727528
2   2021-03-05  356  0.300562  0.101124  0.682584
3   2021-03-08  356  0.261236  0.073034  0.733146
4   2021-03-09  355  0.287324  0.095775  0.723944
..         ...  ...       ...       ...       ...
877 2024-08-27  446  0.612108  0.968610  0.598655
878 2024-08-28  445  0.575281  0.973034  0.566292
879 2024-08-29  446  0.551570  0.970852  0.540359
880 2024-08-30  447  0.554810  0.966443  0.548098
881 2024-09-03  447  0.563758  0.966443  0.552573

[882 rows x 5 columns]",,,,26,0.01891768076747234,0.04829085164555116,False
I_extremes10_42_logit_v2_no_market,extremes10,42,logit,expanding,liquid,v2_no_market,relative,0.25,179070,882,21,0.5650918635170604,0.5864857318367119,-0.02139386831965151,0.5219674418963987,0.6058259807256221,345.2160956880876,0.9194442975475864,0.7278911564625851,"           day    n       acc   frac_up      y_up
0   2021-03-03  178  0.252809  0.084270  0.719101
1   2021-03-04  178  0.314607  0.095506  0.679775
2   2021-03-05  178  0.303371  0.089888  0.674157
3   2021-03-08  178  0.308989  0.061798  0.696629
4   2021-03-09  177  0.299435  0.084746  0.694915
..         ...  ...       ...       ...       ...
877 2024-08-27  223  0.627803  0.968610  0.632287
878 2024-08-28  222  0.585586  0.968468  0.572072
879 2024-08-29  223  0.556054  0.959641  0.542601
880 2024-08-30  223  0.560538  0.950673  0.547085
881 2024-09-03  223  0.582960  0.950673  0.569507

[882 rows x 5 columns]",,,,27,0.021392484395210066,0.05492361008608972,False
I_extremes10_42_logit_v2_no_market,extremes10,42,logit,expanding,liquid,v2_no_market,relative,0.1,71345,882,21,0.578779171630808,0.5841614689186349,-0.005382297287826798,0.5314517305619707,0.6220300593504401,157.4240305566469,0.9041204622095358,0.7426303854875284,"           day   n       acc   frac_up      y_up
0   2021-03-03  71  0.267606  0.098592  0.661972
1   2021-03-04  71  0.366197  0.112676  0.605634
2   2021-03-05  71  0.408451  0.126761  0.577465
3   2021-03-08  71  0.366197  0.084507  0.605634
4   2021-03-09  71  0.394366  0.154930  0.563380
..         ...  ..       ...       ...       ...
877 2024-08-27  89  0.629213  0.932584  0.629213
878 2024-08-28  89  0.606742  0.943820  0.595506
879 2024-08-29  89  0.561798  0.921348  0.550562
880 2024-08-30  89  0.561798  0.932584  0.539326
881 2024-09-03  89  0.617978  0.932584  0.595506

[882 rows x 5 columns]",,,,28,0.02310671652767076,0.05965118261995447,False
I_extremes10_42_logit_v2_no_market,extremes10,42,logit,expanding,liquid,v2_no_market,relative,0.05,35424,882,21,0.5868620144534779,0.5761065943992774,0.010755420054200493,0.5390601926395541,0.631769360215986,80.91988718528982,0.8829504104583109,0.7346938775510204,"           day   n       acc   frac_up      y_up
0   2021-03-03  35  0.457143  0.171429  0.428571
1   2021-03-04  35  0.485714  0.171429  0.457143
2   2021-03-05  35  0.571429  0.171429  0.371429
3   2021-03-08  35  0.514286  0.114286  0.485714
4   2021-03-09  35  0.485714  0.171429  0.457143
..         ...  ..       ...       ...       ...
877 2024-08-27  44  0.613636  0.886364  0.636364
878 2024-08-28  44  0.613636  0.909091  0.613636
879 2024-08-29  44  0.568182  0.863636  0.522727
880 2024-08-30  44  0.545455  0.863636  0.500000
881 2024-09-03  44  0.659091  0.863636  0.613636

[882 rows x 5 columns]",,,,29,0.023650297851130583,0.06137510508075877,False
I_extremes10_42_logit_v2_no_market,extremes10,42,logit,expanding,liquid,v2_no_market,relative,0.02,14004,882,21,0.5914738646101114,0.5544844330191374,0.03698943159097401,0.5459459851327856,0.6348670348221922,29.646648381699812,0.8334371843975685,0.6836734693877551,"           day   n       acc   frac_up      y_up
0   2021-03-03  14  0.571429  0.214286  0.214286
1   2021-03-04  14  0.714286  0.285714  0.285714
2   2021-03-05  14  0.857143  0.214286  0.214286
3   2021-03-08  14  0.714286  0.214286  0.357143
4   2021-03-09  14  0.785714  0.214286  0.285714
..         ...  ..       ...       ...       ...
877 2024-08-27  17  0.588235  0.764706  0.588235
878 2024-08-28  17  0.588235  0.823529  0.529412
879 2024-08-29  17  0.588235  0.647059  0.470588
880 2024-08-30  17  0.588235  0.705882  0.529412
881 2024-09-03  17  0.588235  0.647059  0.470588

[882 rows x 5 columns]",,,,30,0.022683941247297605,0.05916289671526342,False
I_extremes10_42_logit_v2_no_market,extremes10,42,logit,expanding,liquid,v2_no_market,relative,0.01,6883,882,21,0.5927647827981984,0.5273863141072207,0.06537846869097774,0.5472040275989777,0.6343197242172658,13.513275842011181,0.7808956916099773,0.5986394557823129,"           day  n       acc   frac_up      y_up
0   2021-03-03  7  0.714286  0.142857  0.142857
1   2021-03-04  7  1.000000  0.285714  0.285714
2   2021-03-05  7  0.857143  0.428571  0.285714
3   2021-03-08  7  0.857143  0.428571  0.285714
4   2021-03-09  7  0.857143  0.428571  0.285714
..         ... ..       ...       ...       ...
877 2024-08-27  8  0.500000  0.500000  0.500000
878 2024-08-28  8  0.500000  0.625000  0.375000
879 2024-08-29  8  0.500000  0.625000  0.375000
880 2024-08-30  8  0.500000  0.500000  0.500000
881 2024-09-03  8  0.500000  0.500000  0.500000

[882 rows x 5 columns]",,,,31,0.02222339199446125,0.05824044449753741,True
I_extremes10_42_logit_v2_no_market,extremes10,42,logit,expanding,liquid,v2_no_market,relative,,8820,882,21,0.5986394557823129,0.5450113378684808,0.05362811791383215,0.5499971655328799,0.6447845804988662,21.246667029237283,0.5,0.7290249433106576,,5.0,balanced,0.5,32,0.024180463001527118,0.06366156971420903,False
I_extremes10_42_logit_v2_no_market,extremes10,42,logit,expanding,liquid,v2_no_market,relative,,17640,882,21,0.5912698412698413,0.5196145124716554,0.07165532879818592,0.5481845238095239,0.6331136621315192,35.01102837951392,0.5,0.645124716553288,,10.0,balanced,0.5,33,0.021665596510713096,0.05729317426470265,True
I_extremes10_42_logit_v2_no_market,extremes10,42,logit,expanding,liquid,v2_no_market,relative,,35280,882,21,0.5800736961451247,0.5026927437641724,0.07738095238095233,0.5385487528344671,0.6206660997732426,64.91768651578678,0.5,0.5736961451247166,,20.0,balanced,0.5,34,0.02094830279050395,0.0556323231577194,True
I_extremes10_42_logit_v2_no_market,extremes10,42,logit,expanding,liquid,v2_no_market,relative,,70560,882,21,0.563577097505669,0.516921768707483,0.04665532879818601,0.5244571995464852,0.6017049319727892,112.62016178370897,0.5,0.4308390022675737,,40.0,balanced,0.5,35,0.019706054190383675,0.052547944485160175,False
I_extremes10_42_logit_v2_no_market,extremes10,42,logit,expanding,liquid,v2_no_market,relative,,141120,882,21,0.550765306122449,0.5309382086167801,0.01982709750566891,0.5139556760204083,0.586453373015873,197.64448528258188,0.5,0.2800453514739229,,80.0,balanced,0.5,36,0.018494310458026714,0.049511717707549474,False
I_extremes20_42_logit_v2_no_market,extremes20,42,logit,expanding,liquid,v2_no_market,relative,1.0,717587,882,21,0.5234069179068183,0.5551076036773241,-0.03170068577050589,0.4969996516906406,0.5483324839094386,534.5958374926334,0.8448561969043916,0.7018140589569161,"           day    n       acc   frac_up      y_up
0   2021-03-03  713  0.333801  0.162693  0.660589
1   2021-03-04  713  0.346424  0.180926  0.652174
2   2021-03-05  713  0.350631  0.196353  0.652174
3   2021-03-08  712  0.307584  0.167135  0.679775
4   2021-03-09  711  0.326301  0.191280  0.682138
..         ...  ...       ...       ...       ...
877 2024-08-27  892  0.553812  0.886771  0.543722
878 2024-08-28  891  0.538721  0.892256  0.534231
879 2024-08-29  893  0.526316  0.892497  0.533035
880 2024-08-30  895  0.534078  0.890503  0.527374
881 2024-09-03  894  0.524609  0.889262  0.525727

[882 rows x 5 columns]",,,,37,0.013095110259897442,0.03519110996632717,False
I_extremes20_42_logit_v2_no_market,extremes20,42,logit,expanding,liquid,v2_no_market,relative,0.5,358570,882,21,0.5416431937975849,0.5787879632986586,-0.037144769501073704,0.5016485345936464,0.5802440566659659,612.4027486718699,0.9050055343045105,0.6689342403628118,"           day    n       acc   frac_up      y_up
0   2021-03-03  356  0.247191  0.070225  0.738764
1   2021-03-04  356  0.266854  0.087079  0.730337
2   2021-03-05  356  0.286517  0.112360  0.696629
3   2021-03-08  356  0.261236  0.081461  0.741573
4   2021-03-09  355  0.278873  0.104225  0.735211
..         ...  ...       ...       ...       ...
877 2024-08-27  446  0.596413  0.950673  0.573991
878 2024-08-28  445  0.548315  0.955056  0.525843
879 2024-08-29  446  0.535874  0.957399  0.515695
880 2024-08-30  447  0.548098  0.953020  0.527964
881 2024-09-03  447  0.541387  0.953020  0.521253

[882 rows x 5 columns]",,,,38,0.02004987807967333,0.054079588497920224,False
I_extremes20_42_logit_v2_no_market,extremes20,42,logit,expanding,liquid,v2_no_market,relative,0.25,179070,882,21,0.5554364215111409,0.5804880772882113,-0.02505165577707036,0.5103896052167635,0.5993453796327276,392.6676611367336,0.8959036669670679,0.6893424036281179,"           day    n       acc   frac_up      y_up
0   2021-03-03  178  0.258427  0.084270  0.679775
1   2021-03-04  178  0.353933  0.095506  0.640449
2   2021-03-05  178  0.320225  0.112360  0.657303
3   2021-03-08  178  0.320225  0.084270  0.685393
4   2021-03-09  177  0.310734  0.101695  0.689266
..         ...  ...       ...       ...       ...
877 2024-08-27  223  0.636771  0.932735  0.605381
878 2024-08-28  222  0.608108  0.932432  0.567568
879 2024-08-29  223  0.560538  0.937220  0.533632
880 2024-08-30  223  0.547085  0.932735  0.524664
881 2024-09-03  223  0.542601  0.928251  0.515695

[882 rows x 5 columns]",,,,39,0.02269279959590922,0.061426366624323984,False
I_extremes20_42_logit_v2_no_market,extremes20,42,logit,expanding,liquid,v2_no_market,relative,0.1,71345,882,21,0.5724717919966361,0.5718270376340319,0.0006447543626042496,0.5241613581121353,0.6186509253838633,176.38981776862667,0.8633084923236788,0.719954648526077,"           day   n       acc   frac_up      y_up
0   2021-03-03  71  0.366197  0.098592  0.563380
1   2021-03-04  71  0.450704  0.140845  0.521127
2   2021-03-05  71  0.436620  0.154930  0.492958
3   2021-03-08  71  0.394366  0.098592  0.591549
4   2021-03-09  71  0.394366  0.126761  0.591549
..         ...  ..       ...       ...       ...
877 2024-08-27  89  0.584270  0.865169  0.539326
878 2024-08-28  89  0.595506  0.898876  0.561798
879 2024-08-29  89  0.550562  0.876404  0.516854
880 2024-08-30  89  0.584270  0.853933  0.528090
881 2024-09-03  89  0.584270  0.853933  0.528090

[882 rows x 5 columns]",,,,40,0.02410448144686941,0.06547266557826997,False
I_extremes20_42_logit_v2_no_market,extremes20,42,logit,expanding,liquid,v2_no_market,relative,0.05,35424,882,21,0.5860998193315267,0.5578421409214093,0.028257678410117393,0.5383356403755181,0.6333644082939893,84.94571503272,0.8270220537299207,0.6927437641723356,"           day   n       acc   frac_up      y_up
0   2021-03-03  35  0.485714  0.171429  0.400000
1   2021-03-04  35  0.542857  0.200000  0.371429
2   2021-03-05  35  0.571429  0.142857  0.400000
3   2021-03-08  35  0.514286  0.171429  0.428571
4   2021-03-09  35  0.542857  0.171429  0.400000
..         ...  ..       ...       ...       ...
877 2024-08-27  44  0.636364  0.772727  0.590909
878 2024-08-28  44  0.613636  0.795455  0.545455
879 2024-08-29  44  0.613636  0.772727  0.522727
880 2024-08-30  44  0.590909  0.750000  0.477273
881 2024-09-03  44  0.636364  0.727273  0.545455

[882 rows x 5 columns]",,,,41,0.024242032632263075,0.0660662958033476,False
I_extremes20_42_logit_v2_no_market,extremes20,42,logit,expanding,liquid,v2_no_market,relative,0.02,14004,882,21,0.6016852327906312,0.5044273064838618,0.09725792630676944,0.5604160146967873,0.6423032689427576,25.469764879229587,0.7639384722142825,0.6643990929705216,"           day   n       acc   frac_up      y_up
0   2021-03-03  14  0.642857  0.214286  0.142857
1   2021-03-04  14  0.785714  0.285714  0.214286
2   2021-03-05  14  0.785714  0.214286  0.285714
3   2021-03-08  14  0.785714  0.285714  0.214286
4   2021-03-09  14  0.785714  0.357143  0.142857
..         ...  ..       ...       ...       ...
877 2024-08-27  17  0.647059  0.470588  0.470588
878 2024-08-28  17  0.647059  0.588235  0.352941
879 2024-08-29  17  0.588235  0.411765  0.352941
880 2024-08-30  17  0.705882  0.470588  0.411765
881 2024-09-03  17  0.647059  0.470588  0.352941

[882 rows x 5 columns]",,,,42,0.02088960567499243,0.05711441003251782,True
I_extremes20_42_logit_v2_no_market,extremes20,42,logit,expanding,liquid,v2_no_market,relative,0.01,6883,882,21,0.6099084701438326,0.5381374400697371,0.07177103007409558,0.573096515378799,0.6503219547681162,11.488157280430979,0.7536038224813735,0.6825396825396826,"           day  n       acc   frac_up      y_up
0   2021-03-03  7  0.714286  0.142857  0.142857
1   2021-03-04  7  0.714286  0.285714  0.285714
2   2021-03-05  7  0.857143  0.285714  0.142857
3   2021-03-08  7  0.857143  0.285714  0.142857
4   2021-03-09  7  0.857143  0.285714  0.142857
..         ... ..       ...       ...       ...
877 2024-08-27  8  0.500000  0.125000  0.375000
878 2024-08-28  8  0.625000  0.250000  0.125000
879 2024-08-29  8  0.625000  0.125000  0.250000
880 2024-08-30  8  0.625000  0.125000  0.250000
881 2024-09-03  8  0.500000  0.250000  0.250000

[882 rows x 5 columns]",,,,43,0.019700367191152333,0.05403218611041344,True
I_extremes20_42_logit_v2_no_market,extremes20,42,logit,expanding,liquid,v2_no_market,relative,,8820,882,21,0.6005668934240362,0.553968253968254,0.04659863945578224,0.5579280045351475,0.6429733560090702,17.426489824091323,0.5,0.7482993197278912,,5.0,balanced,0.5,44,0.021695242722939486,0.059685104281148836,False
I_extremes20_42_logit_v2_no_market,extremes20,42,logit,expanding,liquid,v2_no_market,relative,,17640,882,21,0.5972222222222222,0.5329365079365079,0.06428571428571428,0.5518664965986394,0.6410459183673469,38.62250931385366,0.5,0.7052154195011338,,10.0,balanced,0.5,45,0.022749852492017227,0.06277197154938345,True
I_extremes20_42_logit_v2_no_market,extremes20,42,logit,expanding,liquid,v2_no_market,relative,,35280,882,21,0.5778628117913832,0.5051303854875283,0.0727324263038549,0.5326495181405895,0.6212613378684807,75.66502822039222,0.5,0.5782312925170068,,20.0,balanced,0.5,46,0.022605056053033475,0.06255224937178998,True
I_extremes20_42_logit_v2_no_market,extremes20,42,logit,expanding,liquid,v2_no_market,relative,,70560,882,21,0.5602749433106576,0.5158021541950113,0.04447278911564634,0.5170989229024944,0.6009378543083901,134.07153977967678,0.5,0.427437641723356,,40.0,balanced,0.5,47,0.021387482501504008,0.05934899302381711,False
I_extremes20_42_logit_v2_no_market,extremes20,42,logit,expanding,liquid,v2_no_market,relative,,141120,882,21,0.5471938775510204,0.527125850340136,0.02006802721088441,0.5068413407029478,0.585735721371882,234.13079738708922,0.5,0.2891156462585034,,80.0,balanced,0.5,48,0.020126117517585248,0.056001268355458766,False
I_extremes10_21_logit_v2_all,extremes10,21,logit,expanding,liquid,v2_all,relative,1.0,830525,1008,48,0.5295806869149032,0.5442858432918937,-0.014705156376990436,0.5134094911296941,0.5444913034505109,208.5669600428384,0.8500138910452766,0.7182539682539683,"            day    n       acc   frac_up      y_up
0    2021-02-01  699  0.406295  0.204578  0.500715
1    2021-02-02  699  0.386266  0.210300  0.520744
2    2021-02-03  699  0.353362  0.187411  0.562232
3    2021-02-04  700  0.345714  0.192857  0.552857
4    2021-02-05  701  0.339515  0.194009  0.563481
...         ...  ...       ...       ...       ...
1003 2025-01-29  898  0.520045  0.925390  0.496659
1004 2025-01-30  897  0.526198  0.926421  0.510591
1005 2025-01-31  898  0.504454  0.920935  0.496659
1006 2025-02-03  898  0.520045  0.929844  0.507795
1007 2025-02-04  899  0.511680  0.929922  0.503893

[1008 rows x 5 columns]",,,,49,0.007929033755310394,0.02212135136695472,False
I_extremes10_21_logit_v2_all,extremes10,21,logit,expanding,liquid,v2_all,relative,0.5,414995,1008,48,0.5466403209677225,0.5637007674791262,-0.017060446511403704,0.5221647130992133,0.5706336154127568,257.8906166706365,0.9050419986869112,0.6904761904761905,"            day    n       acc   frac_up      y_up
0    2021-02-01  349  0.369628  0.131805  0.555874
1    2021-02-02  349  0.346705  0.146132  0.570201
2    2021-02-03  349  0.320917  0.111748  0.624642
3    2021-02-04  350  0.320000  0.111429  0.625714
4    2021-02-05  350  0.302857  0.137143  0.622857
...         ...  ...       ...       ...       ...
1003 2025-01-29  449  0.619154  0.966592  0.599109
1004 2025-01-30  448  0.669643  0.973214  0.660714
1005 2025-01-31  449  0.603563  0.959911  0.603563
1006 2025-02-03  449  0.610245  0.968820  0.601336
1007 2025-02-04  449  0.636971  0.968820  0.636971

[1008 rows x 5 columns]",,,,50,0.01236451589631212,0.034585400972216455,False
I_extremes10_21_logit_v2_all,extremes10,21,logit,expanding,liquid,v2_all,relative,0.25,207241,1008,48,0.5588565969089128,0.5668472937304877,-0.007990696821574939,0.5320340863236602,0.586120481183305,167.12042056005671,0.9011559011371489,0.6944444444444444,"            day    n       acc   frac_up      y_up
0    2021-02-01  174  0.316092  0.160920  0.614943
1    2021-02-02  174  0.281609  0.178161  0.632184
2    2021-02-03  174  0.275862  0.160920  0.655172
3    2021-02-04  175  0.274286  0.154286  0.674286
4    2021-02-05  175  0.274286  0.182857  0.634286
...         ...  ...       ...       ...       ...
1003 2025-01-29  224  0.665179  0.959821  0.651786
1004 2025-01-30  224  0.718750  0.955357  0.700893
1005 2025-01-31  224  0.660714  0.955357  0.651786
1006 2025-02-03  224  0.629464  0.955357  0.620536
1007 2025-02-04  224  0.683036  0.955357  0.674107

[1008 rows x 5 columns]",,,,51,0.013797549709093042,0.03869136842977695,False
I_extremes10_21_logit_v2_all,extremes10,21,logit,expanding,liquid,v2_all,relative,0.1,82572,1008,48,0.5720825461415492,0.5590151625248269,0.013067383616722328,0.5421786480120228,0.602310873828704,80.36381778050972,0.8720534541110374,0.7013888888888888,"            day   n       acc   frac_up      y_up
0    2021-02-01  69  0.275362  0.202899  0.666667
1    2021-02-02  69  0.289855  0.260870  0.652174
2    2021-02-03  69  0.260870  0.217391  0.637681
3    2021-02-04  70  0.257143  0.214286  0.642857
4    2021-02-05  70  0.314286  0.257143  0.628571
...         ...  ..       ...       ...       ...
1003 2025-01-29  89  0.674157  0.910112  0.651685
1004 2025-01-30  89  0.696629  0.887640  0.651685
1005 2025-01-31  89  0.640449  0.887640  0.617978
1006 2025-02-03  89  0.629213  0.898876  0.617978
1007 2025-02-04  89  0.651685  0.910112  0.651685

[1008 rows x 5 columns]",,,,52,0.015339853524663574,0.04312241946180136,False
I_extremes10_21_logit_v2_all,extremes10,21,logit,expanding,liquid,v2_all,relative,0.05,40985,1008,48,0.5792363059655972,0.5499817006221789,0.029254605343418283,0.547059717800639,0.6119838905060727,44.94777204700486,0.8305447605451793,0.6626984126984127,"            day   n       acc   frac_up      y_up
0    2021-02-01  34  0.323529  0.323529  0.588235
1    2021-02-02  34  0.352941  0.352941  0.588235
2    2021-02-03  34  0.411765  0.323529  0.500000
3    2021-02-04  35  0.342857  0.314286  0.571429
4    2021-02-05  35  0.342857  0.371429  0.514286
...         ...  ..       ...       ...       ...
1003 2025-01-29  44  0.590909  0.863636  0.545455
1004 2025-01-30  44  0.681818  0.863636  0.636364
1005 2025-01-31  44  0.613636  0.772727  0.568182
1006 2025-02-03  44  0.636364  0.840909  0.613636
1007 2025-02-04  44  0.659091  0.840909  0.636364

[1008 rows x 5 columns]",,,,53,0.016562288955467783,0.04667094286491652,False
I_extremes10_21_logit_v2_all,extremes10,21,logit,expanding,liquid,v2_all,relative,0.02,16227,1008,48,0.5790965674493129,0.5252357182473655,0.05386084920194745,0.5452955478473884,0.6152071842027145,21.21962239597799,0.7429320508474045,0.5823412698412699,"            day   n       acc   frac_up      y_up
0    2021-02-01  13  0.461538  0.615385  0.538462
1    2021-02-02  13  0.692308  0.615385  0.307692
2    2021-02-03  13  0.615385  0.615385  0.230769
3    2021-02-04  14  0.500000  0.500000  0.428571
4    2021-02-05  14  0.500000  0.500000  0.428571
...         ...  ..       ...       ...       ...
1003 2025-01-29  17  0.588235  0.764706  0.470588
1004 2025-01-30  17  0.647059  0.764706  0.529412
1005 2025-01-31  17  0.647059  0.588235  0.470588
1006 2025-02-03  17  0.705882  0.764706  0.705882
1007 2025-02-04  17  0.647059  0.764706  0.647059

[1008 rows x 5 columns]",,,,54,0.01783460111105256,0.0503743607371771,True
I_extremes10_21_logit_v2_all,extremes10,21,logit,expanding,liquid,v2_all,relative,0.01,7972,1008,48,0.5746362267937782,0.4988710486703462,0.07576517812343203,0.538372454414355,0.6137498778261706,11.905204309937165,0.6970210537918871,0.5674603174603174,"            day  n       acc   frac_up      y_up
0    2021-02-01  6  0.333333  0.833333  0.500000
1    2021-02-02  6  0.666667  0.833333  0.500000
2    2021-02-03  6  0.666667  0.666667  0.333333
3    2021-02-04  7  0.714286  0.714286  0.428571
4    2021-02-05  7  0.714286  0.714286  0.428571
...         ... ..       ...       ...       ...
1003 2025-01-29  8  0.500000  0.500000  0.250000
1004 2025-01-30  8  0.500000  0.625000  0.375000
1005 2025-01-31  8  0.625000  0.500000  0.375000
1006 2025-02-03  8  0.750000  0.750000  0.750000
1007 2025-02-04  8  0.625000  0.625000  0.750000

[1008 rows x 5 columns]",,,,55,0.01922893454383052,0.05443747154507017,True
I_extremes10_21_logit_v2_all,extremes10,21,logit,expanding,liquid,v2_all,relative,,10080,1008,48,0.5774801587301587,0.5222222222222223,0.05525793650793642,0.5421602182539682,0.6153794642857143,14.260185223240788,0.5,0.6498015873015873,,5.0,balanced,0.5,56,0.018678379089731155,0.05299758723426969,True
I_extremes10_21_logit_v2_all,extremes10,21,logit,expanding,liquid,v2_all,relative,,20160,1008,48,0.5813988095238095,0.5160218253968254,0.06537698412698412,0.5503459821428571,0.6131944444444445,21.802398318371022,0.5,0.6101190476190477,,10.0,balanced,0.5,57,0.016032770995302897,0.04559090480795524,True
I_extremes10_21_logit_v2_all,extremes10,21,logit,expanding,liquid,v2_all,relative,,40320,1008,48,0.576140873015873,0.5076388888888889,0.06850198412698416,0.5475427827380953,0.6037468998015872,32.994943877283035,0.5,0.6121031746031746,,20.0,balanced,0.5,58,0.014337784965176513,0.0408586271451085,True
I_extremes10_21_logit_v2_all,extremes10,21,logit,expanding,liquid,v2_all,relative,,80640,1008,48,0.5630580357142857,0.5059895833333333,0.05706845238095237,0.5378342013888889,0.5871899801587301,53.41183817458196,0.5,0.48908730158730157,,40.0,balanced,0.5,59,0.012590759890265615,0.03595554852922487,True
I_extremes10_21_logit_v2_all,extremes10,21,logit,expanding,liquid,v2_all,relative,,161280,1008,48,0.5514756944444444,0.5172619047619048,0.03421378968253963,0.5274071490575397,0.5753233506944445,98.5909330960746,0.5,0.3998015873015873,,80.0,balanced,0.5,60,0.01222352082574102,0.0349786874384272,False
I_extremes20_42_logit_v2_all,extremes20,42,logit,expanding,liquid,v2_all,relative,1.0,717587,882,21,0.5239364704210082,0.5551020294403327,-0.031165559019324496,0.4979558282229142,0.5486438386736904,515.7778287275142,0.8390192957033004,0.7052154195011338,"           day    n       acc   frac_up      y_up
0   2021-03-03  713  0.328191  0.123422  0.660589
1   2021-03-04  713  0.342216  0.151473  0.652174
2   2021-03-05  713  0.345021  0.173913  0.652174
3   2021-03-08  712  0.310393  0.158708  0.679775
4   2021-03-09  711  0.329114  0.185654  0.682138
..         ...  ...       ...       ...       ...
877 2024-08-27  892  0.553812  0.880045  0.543722
878 2024-08-28  891  0.537598  0.893378  0.534231
879 2024-08-29  893  0.531915  0.893617  0.533035
880 2024-08-30  895  0.529609  0.892737  0.527374
881 2024-09-03  894  0.517897  0.878076  0.525727

[882 rows x 5 columns]",,,,61,0.012930614910912295,0.037076715251084406,False
I_extremes20_42_logit_v2_all,extremes20,42,logit,expanding,liquid,v2_all,relative,0.5,358570,882,21,0.5420280558886689,0.5772457260785899,-0.03521767018992106,0.5029201248846398,0.5804260570912838,586.9786369519187,0.8968736241010216,0.6757369614512472,"           day    n       acc   frac_up      y_up
0   2021-03-03  356  0.238764  0.053371  0.741573
1   2021-03-04  356  0.266854  0.075843  0.730337
2   2021-03-05  356  0.275281  0.092697  0.710674
3   2021-03-08  356  0.258427  0.070225  0.744382
4   2021-03-09  355  0.278873  0.098592  0.729577
..         ...  ...       ...       ...       ...
877 2024-08-27  446  0.600897  0.939462  0.571749
878 2024-08-28  445  0.550562  0.952809  0.525843
879 2024-08-29  446  0.531390  0.957399  0.511211
880 2024-08-30  447  0.545861  0.953020  0.525727
881 2024-09-03  447  0.530201  0.946309  0.507830

[882 rows x 5 columns]",,,,62,0.019771921481286744,0.05680521136101174,False
I_extremes20_42_logit_v2_all,extremes20,42,logit,expanding,liquid,v2_all,relative,0.25,179070,882,21,0.5563969397442341,0.5793041827218406,-0.02290724297760649,0.5113235097874138,0.6001108798406203,390.2455477170449,0.8888897104209741,0.7029478458049887,"           day    n       acc   frac_up      y_up
0   2021-03-03  178  0.269663  0.056180  0.696629
1   2021-03-04  178  0.331461  0.061798  0.651685
2   2021-03-05  178  0.303371  0.084270  0.668539
3   2021-03-08  178  0.314607  0.067416  0.685393
4   2021-03-09  177  0.333333  0.101695  0.677966
..         ...  ...       ...       ...       ...
877 2024-08-27  223  0.645740  0.932735  0.614350
878 2024-08-28  222  0.599099  0.936937  0.563063
879 2024-08-29  223  0.560538  0.937220  0.533632
880 2024-08-30  223  0.560538  0.923767  0.529148
881 2024-09-03  223  0.538117  0.923767  0.506726

[882 rows x 5 columns]",,,,63,0.022649839299287367,0.06519955788690819,False
I_extremes20_42_logit_v2_all,extremes20,42,logit,expanding,liquid,v2_all,relative,0.1,71345,882,21,0.5718270376340319,0.5701030205340248,0.0017240171000070248,0.5234188452166193,0.6180888985834226,177.98273182749168,0.8553082904535678,0.7154195011337868,"           day   n       acc   frac_up      y_up
0   2021-03-03  71  0.380282  0.070423  0.577465
1   2021-03-04  71  0.436620  0.070423  0.549296
2   2021-03-05  71  0.436620  0.098592  0.521127
3   2021-03-08  71  0.408451  0.084507  0.591549
4   2021-03-09  71  0.408451  0.112676  0.591549
..         ...  ..       ...       ...       ...
877 2024-08-27  89  0.629213  0.865169  0.584270
878 2024-08-28  89  0.584270  0.887640  0.539326
879 2024-08-29  89  0.561798  0.876404  0.505618
880 2024-08-30  89  0.550562  0.853933  0.494382
881 2024-09-03  89  0.595506  0.842697  0.528090

[882 rows x 5 columns]",,,,64,0.024150523818062077,0.06965140934228105,False
I_extremes20_42_logit_v2_all,extremes20,42,logit,expanding,liquid,v2_all,relative,0.05,35424,882,21,0.5858457542908763,0.5485546522131888,0.03729110207768749,0.5397626943047532,0.6302417108707843,81.15860262845612,0.8287350730798531,0.6904761904761905,"           day   n       acc   frac_up      y_up
0   2021-03-03  35  0.542857  0.114286  0.400000
1   2021-03-04  35  0.571429  0.114286  0.428571
2   2021-03-05  35  0.600000  0.114286  0.400000
3   2021-03-08  35  0.514286  0.142857  0.457143
4   2021-03-09  35  0.542857  0.171429  0.400000
..         ...  ..       ...       ...       ...
877 2024-08-27  44  0.636364  0.795455  0.568182
878 2024-08-28  44  0.613636  0.795455  0.545455
879 2024-08-29  44  0.636364  0.772727  0.545455
880 2024-08-30  44  0.613636  0.750000  0.500000
881 2024-09-03  44  0.613636  0.704545  0.500000

[882 rows x 5 columns]",,,,65,0.023081381777048746,0.06669191239129894,False
I_extremes20_42_logit_v2_all,extremes20,42,logit,expanding,liquid,v2_all,relative,0.02,14004,882,21,0.6004712939160239,0.4995715509854327,0.10089974293059123,0.5565797792518363,0.6416546481528528,26.99074576722102,0.7689590518747182,0.6405895691609977,"           day   n       acc   frac_up      y_up
0   2021-03-03  14  0.642857  0.214286  0.142857
1   2021-03-04  14  0.785714  0.285714  0.214286
2   2021-03-05  14  0.857143  0.214286  0.214286
3   2021-03-08  14  0.857143  0.214286  0.214286
4   2021-03-09  14  0.928571  0.214286  0.142857
..         ...  ..       ...       ...       ...
877 2024-08-27  17  0.588235  0.470588  0.411765
878 2024-08-28  17  0.647059  0.588235  0.352941
879 2024-08-29  17  0.588235  0.470588  0.294118
880 2024-08-30  17  0.647059  0.470588  0.352941
881 2024-09-03  17  0.529412  0.411765  0.294118

[882 rows x 5 columns]",,,,66,0.02170277267883073,0.06282309627342673,True
I_extremes20_42_logit_v2_all,extremes20,42,logit,expanding,liquid,v2_all,relative,0.01,6883,882,21,0.6039517652186547,0.5455469998547146,0.058404765363940125,0.5630483445437298,0.6467028852240888,13.739482871462048,0.7511742792355037,0.6621315192743764,"           day  n       acc   frac_up      y_up
0   2021-03-03  7  0.714286  0.142857  0.142857
1   2021-03-04  7  0.857143  0.142857  0.285714
2   2021-03-05  7  0.857143  0.285714  0.142857
3   2021-03-08  7  0.857143  0.285714  0.142857
4   2021-03-09  7  0.857143  0.285714  0.142857
..         ... ..       ...       ...       ...
877 2024-08-27  8  0.500000  0.125000  0.375000
878 2024-08-28  8  0.625000  0.250000  0.125000
879 2024-08-29  8  0.625000  0.125000  0.250000
880 2024-08-30  8  0.625000  0.125000  0.250000
881 2024-09-03  8  0.625000  0.125000  0.250000

[882 rows x 5 columns]",,,,67,0.021340444051112004,0.06188502576251124,False
I_extremes20_42_logit_v2_all,extremes20,42,logit,expanding,liquid,v2_all,relative,,8820,882,21,0.5986394557823129,0.5529478458049887,0.04569160997732424,0.5555527210884355,0.6416156462585034,18.156260054966776,0.5,0.7278911564625851,,5.0,balanced,0.5,68,0.021954827849507134,0.06377873866544713,False
I_extremes20_42_logit_v2_all,extremes20,42,logit,expanding,liquid,v2_all,relative,,17640,882,21,0.5959750566893424,0.5349773242630386,0.0609977324263038,0.551016156462585,0.6421782879818594,39.70652570096654,0.5,0.7131519274376418,,10.0,balanced,0.5,69,0.023255645795733276,0.06767438082796035,False
I_extremes20_42_logit_v2_all,extremes20,42,logit,expanding,liquid,v2_all,relative,,35280,882,21,0.5792517006802721,0.5067460317460317,0.07250566893424037,0.5345443594104309,0.6230201247165533,77.5024366882584,0.5,0.5963718820861678,,20.0,balanced,0.5,70,0.022570348292378174,0.06579165735768654,True
I_extremes20_42_logit_v2_all,extremes20,42,logit,expanding,liquid,v2_all,relative,,70560,882,21,0.5619189342403628,0.51265589569161,0.0492630385487528,0.5189041241496598,0.6030945294784581,134.40809332688477,0.5,0.427437641723356,,40.0,balanced,0.5,71,0.021477144216530176,0.06270943539427802,False
I_extremes20_42_logit_v2_all,extremes20,42,logit,expanding,liquid,v2_all,relative,,141120,882,21,0.5481150793650794,0.5275651927437641,0.020549886621315294,0.5079892998866213,0.5864096159297052,236.0590114652261,0.5,0.2755102040816326,,80.0,balanced,0.5,72,0.020005182664052004,0.058507318233328734,False
I_extremes20_21_logit_v2_no_market,extremes20,21,logit,expanding,liquid,v2_no_market,relative,1.0,830525,1008,48,0.5273712410824478,0.5442882514072424,-0.016917010324794535,0.5098094921941557,0.5435757735252059,247.72513049152187,0.8317916087243589,0.6924603174603174,"            day    n       acc   frac_up      y_up
0    2021-02-01  699  0.409156  0.210300  0.500715
1    2021-02-02  699  0.407725  0.203147  0.520744
2    2021-02-03  699  0.376252  0.175966  0.562232
3    2021-02-04  700  0.382857  0.184286  0.552857
4    2021-02-05  701  0.363766  0.181170  0.563481
...         ...  ...       ...       ...       ...
1003 2025-01-29  898  0.541203  0.886414  0.496659
1004 2025-01-30  897  0.559643  0.884058  0.510591
1005 2025-01-31  898  0.531180  0.880846  0.496659
1006 2025-02-03  898  0.545657  0.881960  0.507795
1007 2025-02-04  899  0.542825  0.883204  0.503893

[1008 rows x 5 columns]",,,,73,0.008613847278329131,0.025232719843507816,False
I_extremes20_21_logit_v2_no_market,extremes20,21,logit,expanding,liquid,v2_no_market,relative,0.5,414995,1008,48,0.5434282340751093,0.5626164170652659,-0.019188182990156566,0.5169925047568715,0.5693782853050045,298.354282572426,0.8975601587392404,0.6646825396825397,"            day    n       acc   frac_up      y_up
0    2021-02-01  349  0.381089  0.128940  0.553009
1    2021-02-02  349  0.355301  0.117479  0.578797
2    2021-02-03  349  0.340974  0.094556  0.616046
3    2021-02-04  350  0.325714  0.108571  0.622857
4    2021-02-05  350  0.328571  0.120000  0.608571
...         ...  ...       ...       ...       ...
1003 2025-01-29  449  0.643653  0.951002  0.612472
1004 2025-01-30  448  0.685268  0.953125  0.674107
1005 2025-01-31  449  0.632517  0.953229  0.625835
1006 2025-02-03  449  0.634744  0.948775  0.623608
1007 2025-02-04  449  0.636971  0.951002  0.632517

[1008 rows x 5 columns]",,,,74,0.013363719527584928,0.039208638825138205,False
I_extremes20_21_logit_v2_no_market,extremes20,21,logit,expanding,liquid,v2_no_market,relative,0.25,207241,1008,48,0.5549095014982557,0.5647048605247031,-0.009795359026447459,0.5260580842147011,0.5841180822415108,195.0574608773344,0.8893477797239653,0.6527777777777778,"            day    n       acc   frac_up      y_up
0    2021-02-01  174  0.350575  0.155172  0.574713
1    2021-02-02  174  0.304598  0.132184  0.632184
2    2021-02-03  174  0.310345  0.109195  0.637931
3    2021-02-04  175  0.285714  0.125714  0.657143
4    2021-02-05  175  0.314286  0.142857  0.622857
...         ...  ...       ...       ...       ...
1003 2025-01-29  224  0.714286  0.933036  0.674107
1004 2025-01-30  224  0.767857  0.946429  0.741071
1005 2025-01-31  224  0.727679  0.946429  0.700893
1006 2025-02-03  224  0.683036  0.937500  0.656250
1007 2025-02-04  224  0.700893  0.933036  0.678571

[1008 rows x 5 columns]",,,,75,0.014811223986431052,0.04352327054268398,False
I_extremes20_21_logit_v2_no_market,extremes20,21,logit,expanding,liquid,v2_no_market,relative,0.1,82572,1008,48,0.5721188780700479,0.5565688126725766,0.01555006539747128,0.5396910331959625,0.6044636016318866,91.4764512473828,0.8480044061850224,0.6478174603174603,"            day   n       acc   frac_up      y_up
0    2021-02-01  69  0.376812  0.217391  0.579710
1    2021-02-02  69  0.333333  0.202899  0.637681
2    2021-02-03  69  0.318841  0.202899  0.623188
3    2021-02-04  70  0.300000  0.200000  0.642857
4    2021-02-05  70  0.300000  0.214286  0.657143
...         ...  ..       ...       ...       ...
1003 2025-01-29  89  0.741573  0.887640  0.674157
1004 2025-01-30  89  0.786517  0.887640  0.719101
1005 2025-01-31  89  0.764045  0.887640  0.719101
1006 2025-02-03  89  0.741573  0.887640  0.696629
1007 2025-02-04  89  0.786517  0.887640  0.741573

[1008 rows x 5 columns]",,,,76,0.01652361439691943,0.048629608255292715,False
I_extremes20_21_logit_v2_no_market,extremes20,21,logit,expanding,liquid,v2_no_market,relative,0.05,40985,1008,48,0.5767475905819203,0.5367573502500915,0.03999024033182874,0.5434975282240707,0.6108008349743095,48.933020412292386,0.7926548369909245,0.6279761904761905,"            day   n       acc   frac_up      y_up
0    2021-02-01  34  0.411765  0.323529  0.500000
1    2021-02-02  34  0.382353  0.352941  0.558824
2    2021-02-03  34  0.382353  0.352941  0.500000
3    2021-02-04  35  0.314286  0.371429  0.542857
4    2021-02-05  35  0.400000  0.400000  0.542857
...         ...  ..       ...       ...       ...
1003 2025-01-29  44  0.840909  0.795455  0.727273
1004 2025-01-30  44  0.818182  0.772727  0.681818
1005 2025-01-31  44  0.840909  0.795455  0.727273
1006 2025-02-03  44  0.795455  0.772727  0.704545
1007 2025-02-04  44  0.750000  0.795455  0.681818

[1008 rows x 5 columns]",,,,77,0.017169210905673155,0.05060582564629499,False
I_extremes20_21_logit_v2_no_market,extremes20,21,logit,expanding,liquid,v2_no_market,relative,0.02,16227,1008,48,0.5883404202871757,0.5040364824058667,0.08430393788130897,0.5555822531355593,0.621977434210977,19.40035680584962,0.6988757762720472,0.6071428571428571,"            day   n       acc   frac_up      y_up
0    2021-02-01  13  0.692308  0.538462  0.384615
1    2021-02-02  13  0.692308  0.615385  0.307692
2    2021-02-03  13  0.538462  0.461538  0.307692
3    2021-02-04  14  0.500000  0.500000  0.285714
4    2021-02-05  14  0.500000  0.571429  0.357143
...         ...  ..       ...       ...       ...
1003 2025-01-29  17  0.705882  0.529412  0.470588
1004 2025-01-30  17  0.882353  0.588235  0.588235
1005 2025-01-31  17  0.823529  0.470588  0.529412
1006 2025-02-03  17  0.764706  0.411765  0.529412
1007 2025-02-04  17  0.764706  0.470588  0.588235

[1008 rows x 5 columns]",,,,78,0.016937546192708583,0.04999709352236119,True
I_extremes20_21_logit_v2_no_market,extremes20,21,logit,expanding,liquid,v2_no_market,relative,0.01,7972,1008,48,0.5852985449071751,0.5407676869041645,0.0445308580030106,0.5497067382364361,0.6214224388023853,11.02959274257018,0.7243106733434114,0.6458333333333334,"            day  n       acc   frac_up      y_up
0    2021-02-01  6  0.333333  0.666667  0.333333
1    2021-02-02  6  0.666667  0.666667  0.333333
2    2021-02-03  6  0.666667  0.666667  0.333333
3    2021-02-04  7  0.571429  0.714286  0.285714
4    2021-02-05  7  0.714286  0.714286  0.428571
...         ... ..       ...       ...       ...
1003 2025-01-29  8  0.875000  0.250000  0.375000
1004 2025-01-30  8  0.875000  0.125000  0.250000
1005 2025-01-31  8  0.750000  0.125000  0.375000
1006 2025-02-03  8  0.875000  0.125000  0.250000
1007 2025-02-04  8  0.750000  0.000000  0.250000

[1008 rows x 5 columns]",,,,79,0.01829482157294623,0.05408246231733882,False
I_extremes20_21_logit_v2_no_market,extremes20,21,logit,expanding,liquid,v2_no_market,relative,,10080,1008,48,0.5795634920634921,0.5235119047619048,0.056051587301587324,0.5447420634920634,0.6159747023809524,13.845255375569568,0.5,0.6577380952380952,,5.0,balanced,0.5,80,0.018171591553288003,0.053795440843742756,True
I_extremes20_21_logit_v2_no_market,extremes20,21,logit,expanding,liquid,v2_no_market,relative,,20160,1008,48,0.5845734126984127,0.5254464285714285,0.05912698412698414,0.5537698412698413,0.6168154761904762,21.54555949743187,0.5,0.6448412698412699,,10.0,balanced,0.5,81,0.016083070132815017,0.047679992184060806,True
I_extremes20_21_logit_v2_no_market,extremes20,21,logit,expanding,liquid,v2_no_market,relative,,40320,1008,48,0.5745287698412699,0.5101438492063493,0.06438492063492063,0.5455524553571429,0.6033010912698413,36.10572420716381,0.5,0.5684523809523809,,20.0,balanced,0.5,82,0.01473179487568837,0.04373492158496356,True
I_extremes20_21_logit_v2_no_market,extremes20,21,logit,expanding,liquid,v2_no_market,relative,,80640,1008,48,0.5611111111111111,0.5061755952380952,0.05493551587301593,0.533444320436508,0.5880350942460317,63.80054512357075,0.5,0.49107142857142855,,40.0,balanced,0.5,83,0.013926217808551966,0.041400191440160924,True
I_extremes20_21_logit_v2_no_market,extremes20,21,logit,expanding,liquid,v2_no_market,relative,,161280,1008,48,0.5515873015873016,0.5168154761904762,0.03477182539682544,0.5258093067956349,0.5770895337301587,116.49601545058611,0.5,0.376984126984127,,80.0,balanced,0.5,84,0.013081690544521386,0.03894222538929195,False
I_relative_21_logit_v2_no_market,relative,21,logit,expanding,liquid,v2_no_market,relative,1.0,830525,1008,48,0.5292459588814304,0.5443027000993348,-0.015056741217904346,0.5125438036413529,0.5453628572325776,239.365997551326,0.7683723576217696,0.7132936507936508,"            day    n       acc   frac_up      y_up
0    2021-02-01  699  0.426323  0.256080  0.500715
1    2021-02-02  699  0.420601  0.247496  0.520744
2    2021-02-03  699  0.383405  0.223176  0.562232
3    2021-02-04  700  0.391429  0.227143  0.552857
4    2021-02-05  701  0.372325  0.221113  0.563481
...         ...  ...       ...       ...       ...
1003 2025-01-29  898  0.583519  0.792873  0.496659
1004 2025-01-30  897  0.618729  0.800446  0.510591
1005 2025-01-31  898  0.589087  0.796214  0.496659
1006 2025-02-03  898  0.586860  0.793987  0.507795
1007 2025-02-04  899  0.598443  0.796440  0.503893

[1008 rows x 5 columns]",,,,85,0.008372207548781816,0.024956064265997748,False
I_relative_21_logit_v2_no_market,relative,21,logit,expanding,liquid,v2_no_market,relative,0.5,414995,1008,48,0.5441535440186026,0.5538741430619646,-0.009720599043361977,0.5195659304131376,0.5681648556533755,265.6253150641976,0.8329111273368286,0.6507936507936508,"            day    n       acc   frac_up      y_up
0    2021-02-01  349  0.392550  0.194842  0.532951
1    2021-02-02  349  0.355301  0.180516  0.567335
2    2021-02-03  349  0.338109  0.140401  0.601719
3    2021-02-04  350  0.314286  0.154286  0.622857
4    2021-02-05  350  0.322857  0.151429  0.605714
...         ...  ...       ...       ...       ...
1003 2025-01-29  449  0.668151  0.879733  0.623608
1004 2025-01-30  448  0.694196  0.883929  0.658482
1005 2025-01-31  449  0.628062  0.881960  0.612472
1006 2025-02-03  449  0.634744  0.884187  0.608018
1007 2025-02-04  449  0.652561  0.888641  0.630290

[1008 rows x 5 columns]",,,,86,0.01239768501026477,0.037003911476775835,False
I_relative_21_logit_v2_no_market,relative,21,logit,expanding,liquid,v2_no_market,relative,0.25,207241,1008,48,0.5527911947925362,0.5480768766798075,0.00471431811272871,0.525584315541864,0.5797123081277518,169.33866418533324,0.8105589436078625,0.6150793650793651,"            day    n       acc   frac_up      y_up
0    2021-02-01  174  0.356322  0.218391  0.528736
1    2021-02-02  174  0.339080  0.201149  0.574713
2    2021-02-03  174  0.321839  0.149425  0.597701
3    2021-02-04  175  0.320000  0.154286  0.628571
4    2021-02-05  175  0.337143  0.177143  0.600000
...         ...  ...       ...       ...       ...
1003 2025-01-29  224  0.687500  0.825893  0.620536
1004 2025-01-30  224  0.732143  0.834821  0.700893
1005 2025-01-31  224  0.683036  0.834821  0.660714
1006 2025-02-03  224  0.651786  0.843750  0.638393
1007 2025-02-04  224  0.696429  0.843750  0.674107

[1008 rows x 5 columns]",,,,87,0.013808161373950955,0.0412672703942642,False
I_relative_21_logit_v2_no_market,relative,21,logit,expanding,liquid,v2_no_market,relative,0.1,82572,1008,48,0.5634355471588431,0.5223320253839073,0.041103521774935814,0.5337726490801546,0.5921607263554617,74.14273799079302,0.7312539304123408,0.5882936507936508,"            day   n       acc   frac_up      y_up
0    2021-02-01  69  0.318841  0.333333  0.550725
1    2021-02-02  69  0.347826  0.304348  0.550725
2    2021-02-03  69  0.333333  0.275362  0.565217
3    2021-02-04  70  0.271429  0.285714  0.614286
4    2021-02-05  70  0.314286  0.314286  0.571429
...         ...  ..       ...       ...       ...
1003 2025-01-29  89  0.764045  0.651685  0.640449
1004 2025-01-30  89  0.775281  0.730337  0.685393
1005 2025-01-31  89  0.775281  0.719101  0.674157
1006 2025-02-03  89  0.719101  0.719101  0.662921
1007 2025-02-04  89  0.730337  0.707865  0.707865

[1008 rows x 5 columns]",,,,88,0.014894917672272204,0.04457208889203206,False
I_relative_21_logit_v2_no_market,relative,21,logit,expanding,liquid,v2_no_market,relative,0.05,40985,1008,48,0.566377943149933,0.5177259973160913,0.04865194583384169,0.5382884851227568,0.595790497542621,35.48895967847664,0.6689655864335222,0.5694444444444444,"            day   n       acc   frac_up      y_up
0    2021-02-01  34  0.411765  0.441176  0.558824
1    2021-02-02  34  0.441176  0.500000  0.470588
2    2021-02-03  34  0.411765  0.441176  0.441176
3    2021-02-04  35  0.371429  0.428571  0.485714
4    2021-02-05  35  0.371429  0.485714  0.542857
...         ...  ..       ...       ...       ...
1003 2025-01-29  44  0.727273  0.545455  0.545455
1004 2025-01-30  44  0.772727  0.522727  0.568182
1005 2025-01-31  44  0.750000  0.568182  0.590909
1006 2025-02-03  44  0.704545  0.590909  0.613636
1007 2025-02-04  44  0.750000  0.568182  0.636364

[1008 rows x 5 columns]",,,,89,0.01466888071935311,0.04395104312317732,True
I_relative_21_logit_v2_no_market,relative,21,logit,expanding,liquid,v2_no_market,relative,0.02,16227,1008,48,0.5760152831700253,0.5843963764096876,-0.008381093239662296,0.5464897462040362,0.6048739337969006,14.591644857484006,0.7377077763085292,0.6795634920634921,"            day   n       acc   frac_up      y_up
0    2021-02-01  13  0.461538  0.538462  0.461538
1    2021-02-02  13  0.615385  0.615385  0.384615
2    2021-02-03  13  0.461538  0.615385  0.384615
3    2021-02-04  14  0.500000  0.571429  0.357143
4    2021-02-05  14  0.500000  0.642857  0.428571
...         ...  ..       ...       ...       ...
1003 2025-01-29  17  0.764706  0.117647  0.235294
1004 2025-01-30  17  0.705882  0.117647  0.294118
1005 2025-01-31  17  0.764706  0.176471  0.411765
1006 2025-02-03  17  0.705882  0.117647  0.411765
1007 2025-02-04  17  0.647059  0.117647  0.470588

[1008 rows x 5 columns]",,,,90,0.014893925406342946,0.04468083129040263,False
I_relative_21_logit_v2_no_market,relative,21,logit,expanding,liquid,v2_no_market,relative,0.01,7972,1008,48,0.5824134470647265,0.6011038635223281,-0.01869041645760161,0.5481841585621287,0.6150659906392969,9.97779733516502,0.8391498960695388,0.7400793650793651,"            day  n       acc   frac_up      y_up
0    2021-02-01  6  0.333333  0.666667  0.333333
1    2021-02-02  6  0.666667  0.666667  0.333333
2    2021-02-03  6  0.500000  0.666667  0.166667
3    2021-02-04  7  0.571429  0.714286  0.285714
4    2021-02-05  7  0.714286  0.714286  0.428571
...         ... ..       ...       ...       ...
1003 2025-01-29  8  0.750000  0.000000  0.250000
1004 2025-01-30  8  0.750000  0.000000  0.250000
1005 2025-01-31  8  0.750000  0.000000  0.250000
1006 2025-02-03  8  0.625000  0.000000  0.375000
1007 2025-02-04  8  0.750000  0.000000  0.250000

[1008 rows x 5 columns]",,,,91,0.01706169185642047,0.051246798871634455,False
I_relative_21_logit_v2_no_market,relative,21,logit,expanding,liquid,v2_no_market,relative,,10080,1008,48,0.5645833333333333,0.5551587301587302,0.009424603174603141,0.5322395833333333,0.5964335317460318,10.700627704686068,0.5,0.6974206349206349,,5.0,balanced,0.5,92,0.016376007248137356,0.049246814753801146,False
I_relative_21_logit_v2_no_market,relative,21,logit,expanding,liquid,v2_no_market,relative,,20160,1008,48,0.5727678571428572,0.5485615079365079,0.02420634920634923,0.5433457341269841,0.6038194444444445,19.130441209775608,0.5,0.6944444444444444,,10.0,balanced,0.5,93,0.015426966917719491,0.0464482353440187,False
I_relative_21_logit_v2_no_market,relative,21,logit,expanding,liquid,v2_no_market,relative,,40320,1008,48,0.5685019841269842,0.5262400793650793,0.042261904761904834,0.5404476686507936,0.5963318452380952,32.56248327244784,0.5,0.6369047619047619,,20.0,balanced,0.5,94,0.014256167496760614,0.04297374922169138,False
I_relative_21_logit_v2_no_market,relative,21,logit,expanding,liquid,v2_no_market,relative,,80640,1008,48,0.5543650793650794,0.5042410714285714,0.05012400793650795,0.52755859375,0.5813405257936508,61.496321339220295,0.5,0.5486111111111112,,40.0,balanced,0.5,95,0.013719880623380303,0.04140530359332052,True
I_relative_21_logit_v2_no_market,relative,21,logit,expanding,liquid,v2_no_market,relative,,161280,1008,48,0.5453249007936508,0.5110863095238095,0.0342385912698413,0.5190556795634921,0.5715417286706349,116.91535341952908,0.5,0.4226190476190476,,80.0,balanced,0.5,96,0.013389298241618068,0.040454067692219174,False
I_relative_21_logit_v2_all,relative,21,logit,expanding,liquid,v2_all,relative,1.0,830525,1008,48,0.5297432347009422,0.5443027000993348,-0.01455946539839259,0.513335610386668,0.545646764128788,233.98518511628353,0.7653970861065937,0.7222222222222222,"            day    n       acc   frac_up      y_up
0    2021-02-01  699  0.426323  0.236052  0.500715
1    2021-02-02  699  0.420601  0.236052  0.520744
2    2021-02-03  699  0.387697  0.198856  0.562232
3    2021-02-04  700  0.394286  0.195714  0.552857
4    2021-02-05  701  0.375178  0.201141  0.563481
...         ...  ...       ...       ...       ...
1003 2025-01-29  898  0.591314  0.789532  0.496659
1004 2025-01-30  897  0.619844  0.806020  0.510591
1005 2025-01-31  898  0.595768  0.793987  0.496659
1006 2025-02-03  898  0.585746  0.812918  0.507795
1007 2025-02-04  899  0.602892  0.807564  0.503893

[1008 rows x 5 columns]",,,,97,0.008242641260744902,0.024932350709991162,False
I_relative_21_logit_v2_all,relative,21,logit,expanding,liquid,v2_all,relative,0.5,414995,1008,48,0.5446716225496693,0.5534837769129749,-0.008812154363305624,0.520525640994013,0.5681372545338467,258.40944172268337,0.8277880370421056,0.6607142857142857,"            day    n       acc   frac_up      y_up
0    2021-02-01  349  0.386819  0.151862  0.547278
1    2021-02-02  349  0.358166  0.146132  0.575931
2    2021-02-03  349  0.346705  0.108883  0.607450
3    2021-02-04  350  0.320000  0.111429  0.631429
4    2021-02-05  350  0.320000  0.128571  0.614286
...         ...  ...       ...       ...       ...
1003 2025-01-29  449  0.659243  0.884187  0.614699
1004 2025-01-30  448  0.694196  0.892857  0.662946
1005 2025-01-31  449  0.628062  0.877506  0.612472
1006 2025-02-03  449  0.619154  0.904232  0.612472
1007 2025-02-04  449  0.643653  0.902004  0.630290

[1008 rows x 5 columns]",,,,98,0.012145819780569816,0.0367798505653412,False
I_relative_21_logit_v2_all,relative,21,logit,expanding,liquid,v2_all,relative,0.25,207241,1008,48,0.5531916946936176,0.5481154790799118,0.005076215613705859,0.5259972793779631,0.5799638338478776,169.57582706301108,0.8069264484204733,0.6299603174603174,"            day    n       acc   frac_up      y_up
0    2021-02-01  174  0.379310  0.166667  0.557471
1    2021-02-02  174  0.339080  0.166667  0.586207
2    2021-02-03  174  0.321839  0.143678  0.603448
3    2021-02-04  175  0.325714  0.142857  0.622857
4    2021-02-05  175  0.342857  0.165714  0.605714
...         ...  ...       ...       ...       ...
1003 2025-01-29  224  0.678571  0.825893  0.620536
1004 2025-01-30  224  0.718750  0.848214  0.683036
1005 2025-01-31  224  0.674107  0.839286  0.665179
1006 2025-02-03  224  0.660714  0.861607  0.638393
1007 2025-02-04  224  0.714286  0.852679  0.700893

[1008 rows x 5 columns]",,,,99,0.013766978181100637,0.04173515622628947,False
I_relative_21_logit_v2_all,relative,21,logit,expanding,liquid,v2_all,relative,0.1,82572,1008,48,0.5615583975197403,0.5205759821731337,0.04098241534660663,0.5316614749810661,0.5905649387417606,74.33097838241524,0.7379859597803888,0.5793650793650794,"            day   n       acc   frac_up      y_up
0    2021-02-01  69  0.347826  0.275362  0.579710
1    2021-02-02  69  0.347826  0.289855  0.565217
2    2021-02-03  69  0.333333  0.231884  0.579710
3    2021-02-04  70  0.271429  0.257143  0.642857
4    2021-02-05  70  0.328571  0.271429  0.600000
...         ...  ..       ...       ...       ...
1003 2025-01-29  89  0.752809  0.719101  0.629213
1004 2025-01-30  89  0.775281  0.730337  0.685393
1005 2025-01-31  89  0.707865  0.707865  0.662921
1006 2025-02-03  89  0.719101  0.741573  0.662921
1007 2025-02-04  89  0.741573  0.741573  0.707865

[1008 rows x 5 columns]",,,,100,0.015026393816503713,0.045602915267975885,False
I_relative_21_logit_v2_all,relative,21,logit,expanding,liquid,v2_all,relative,0.05,40985,1008,48,0.5625716725631329,0.5181163840429426,0.04445528852019032,0.5337867216475687,0.5921771011299964,37.05512488299303,0.6893926729929898,0.564484126984127,"            day   n       acc   frac_up      y_up
0    2021-02-01  34  0.411765  0.441176  0.558824
1    2021-02-02  34  0.411765  0.470588  0.470588
2    2021-02-03  34  0.441176  0.411765  0.441176
3    2021-02-04  35  0.342857  0.428571  0.514286
4    2021-02-05  35  0.371429  0.428571  0.542857
...         ...  ..       ...       ...       ...
1003 2025-01-29  44  0.772727  0.545455  0.545455
1004 2025-01-30  44  0.750000  0.545455  0.568182
1005 2025-01-31  44  0.727273  0.590909  0.636364
1006 2025-02-03  44  0.704545  0.613636  0.636364
1007 2025-02-04  44  0.750000  0.590909  0.613636

[1008 rows x 5 columns]",,,,101,0.01489550497000708,0.045254498009822244,False
I_relative_21_logit_v2_all,relative,21,logit,expanding,liquid,v2_all,relative,0.02,16227,1008,48,0.576569914340297,0.5789116903925556,-0.002341776052258604,0.546674694613149,0.6060008802632023,15.16210393598718,0.7316071122181066,0.6567460317460317,"            day   n       acc   frac_up      y_up
0    2021-02-01  13  0.461538  0.538462  0.461538
1    2021-02-02  13  0.615385  0.538462  0.461538
2    2021-02-03  13  0.615385  0.461538  0.384615
3    2021-02-04  14  0.500000  0.500000  0.428571
4    2021-02-05  14  0.571429  0.571429  0.428571
...         ...  ..       ...       ...       ...
1003 2025-01-29  17  0.705882  0.235294  0.294118
1004 2025-01-30  17  0.823529  0.235294  0.294118
1005 2025-01-31  17  0.705882  0.176471  0.470588
1006 2025-02-03  17  0.705882  0.294118  0.470588
1007 2025-02-04  17  0.705882  0.235294  0.529412

[1008 rows x 5 columns]",,,,102,0.015134231033176867,0.04602883144260479,False
I_relative_21_logit_v2_all,relative,21,logit,expanding,liquid,v2_all,relative,0.01,7972,1008,48,0.5829152032112394,0.6063723030607125,-0.023457099849473195,0.5485873235277103,0.6159649300980198,9.703282507090002,0.8233438051146384,0.7529761904761905,"            day  n       acc   frac_up      y_up
0    2021-02-01  6  0.333333  0.666667  0.333333
1    2021-02-02  6  0.666667  0.833333  0.500000
2    2021-02-03  6  0.500000  0.666667  0.166667
3    2021-02-04  7  0.714286  0.714286  0.428571
4    2021-02-05  7  0.714286  0.714286  0.428571
...         ... ..       ...       ...       ...
1003 2025-01-29  8  0.750000  0.000000  0.250000
1004 2025-01-30  8  0.750000  0.000000  0.250000
1005 2025-01-31  8  0.750000  0.000000  0.250000
1006 2025-02-03  8  0.750000  0.000000  0.250000
1007 2025-02-04  8  0.625000  0.000000  0.375000

[1008 rows x 5 columns]",,,,103,0.01718816494140547,0.052330716683632525,False
I_relative_21_logit_v2_all,relative,21,logit,expanding,liquid,v2_all,relative,,10080,1008,48,0.5700396825396825,0.5576388888888889,0.012400793650793607,0.5368973214285714,0.6036830357142856,11.514522698882761,0.5,0.7013888888888888,,5.0,balanced,0.5,104,0.017037172011661793,0.05192504585012583,False
I_relative_21_logit_v2_all,relative,21,logit,expanding,liquid,v2_all,relative,,20160,1008,48,0.5704861111111111,0.546875,0.023611111111111138,0.5404687499999999,0.6009920634920635,18.97025505257601,0.5,0.6944444444444444,,10.0,balanced,0.5,105,0.015439620788791715,0.04710456166294025,False
I_relative_21_logit_v2_all,relative,21,logit,expanding,liquid,v2_all,relative,,40320,1008,48,0.5676587301587301,0.5285714285714286,0.03908730158730156,0.5393836805555555,0.5956603422619047,33.485735187629565,0.5,0.6418650793650794,,20.0,balanced,0.5,106,0.014356291251619682,0.04384402460926098,False
I_relative_21_logit_v2_all,relative,21,logit,expanding,liquid,v2_all,relative,,80640,1008,48,0.5538194444444444,0.5057787698412698,0.04804067460317463,0.526449962797619,0.5816852678571428,63.34028061092805,0.5,0.5595238095238095,,40.0,balanced,0.5,107,0.014090639045796884,0.043076025392137826,True
I_relative_21_logit_v2_all,relative,21,logit,expanding,liquid,v2_all,relative,,161280,1008,48,0.5449714781746032,0.5107328869047619,0.0342385912698413,0.5185258556547618,0.5715905567956349,117.80795705657239,0.5,0.4365079365079365,,80.0,balanced,0.5,108,0.01353691355634516,0.04142442074831366,False
I_extremes20_21_logit_v2_all,extremes20,21,logit,expanding,liquid,v2_all,relative,1.0,830525,1008,48,0.5285355648535565,0.5442942716956142,-0.015758706842057713,0.5117382753261092,0.5441477825210326,231.67384673133392,0.8278981698847445,0.7093253968253969,"            day    n       acc   frac_up      y_up
0    2021-02-01  699  0.416309  0.174535  0.500715
1    2021-02-02  699  0.410587  0.168813  0.520744
2    2021-02-03  699  0.374821  0.143062  0.562232
3    2021-02-04  700  0.380000  0.155714  0.552857
4    2021-02-05  701  0.369472  0.158345  0.563481
...         ...  ...       ...       ...       ...
1003 2025-01-29  898  0.541203  0.886414  0.496659
1004 2025-01-30  897  0.556299  0.887402  0.510591
1005 2025-01-31  898  0.537862  0.869710  0.496659
1006 2025-02-03  898  0.538976  0.886414  0.507795
1007 2025-02-04  899  0.540601  0.887653  0.503893

[1008 rows x 5 columns]",,,,109,0.008267731427276381,0.025325042193773708,False
I_extremes20_21_logit_v2_all,extremes20,21,logit,expanding,liquid,v2_all,relative,0.5,414995,1008,48,0.5447921059289871,0.5624573790045663,-0.01766527307557919,0.5189264855853858,0.5702152910215295,289.02997210330176,0.8894581394711011,0.6656746031746031,"            day    n       acc   frac_up      y_up
0    2021-02-01  349  0.395415  0.091691  0.558739
1    2021-02-02  349  0.366762  0.091691  0.587393
2    2021-02-03  349  0.335244  0.074499  0.636103
3    2021-02-04  350  0.340000  0.077143  0.634286
4    2021-02-05  350  0.342857  0.085714  0.622857
...         ...  ...       ...       ...       ...
1003 2025-01-29  449  0.645880  0.948775  0.616927
1004 2025-01-30  448  0.685268  0.957589  0.674107
1005 2025-01-31  449  0.632517  0.946548  0.632517
1006 2025-02-03  449  0.630290  0.948775  0.619154
1007 2025-02-04  449  0.645880  0.951002  0.641425

[1008 rows x 5 columns]",,,,110,0.013083878937791752,0.04011646312131256,False
I_extremes20_21_logit_v2_all,extremes20,21,logit,expanding,liquid,v2_all,relative,0.25,207241,1008,48,0.5556043447001318,0.5642850594235697,-0.008680714723437899,0.5265626376096104,0.5846948143471922,190.9011298324777,0.8802181912874171,0.6617063492063492,"            day    n       acc   frac_up      y_up
0    2021-02-01  174  0.373563  0.109195  0.586207
1    2021-02-02  174  0.327586  0.097701  0.643678
2    2021-02-03  174  0.316092  0.086207  0.655172
3    2021-02-04  175  0.291429  0.102857  0.662857
4    2021-02-05  175  0.342857  0.102857  0.634286
...         ...  ...       ...       ...       ...
1003 2025-01-29  224  0.718750  0.933036  0.678571
1004 2025-01-30  224  0.763393  0.941964  0.732143
1005 2025-01-31  224  0.709821  0.933036  0.696429
1006 2025-02-03  224  0.700893  0.946429  0.674107
1007 2025-02-04  224  0.718750  0.941964  0.696429

[1008 rows x 5 columns]",,,,111,0.014829636922852489,0.04551287907839351,False
I_extremes20_21_logit_v2_all,extremes20,21,logit,expanding,liquid,v2_all,relative,0.1,82572,1008,48,0.5686552342198324,0.5527297388945405,0.015925495325291972,0.5371344991484247,0.6001572421604601,87.51273695320072,0.8369097209695796,0.6329365079365079,"            day   n       acc   frac_up      y_up
0    2021-02-01  69  0.391304  0.159420  0.565217
1    2021-02-02  69  0.318841  0.173913  0.652174
2    2021-02-03  69  0.318841  0.159420  0.637681
3    2021-02-04  70  0.285714  0.171429  0.657143
4    2021-02-05  70  0.314286  0.200000  0.657143
...         ...  ..       ...       ...       ...
1003 2025-01-29  89  0.741573  0.887640  0.674157
1004 2025-01-30  89  0.764045  0.898876  0.707865
1005 2025-01-31  89  0.752809  0.865169  0.707865
1006 2025-02-03  89  0.752809  0.887640  0.707865
1007 2025-02-04  89  0.764045  0.876404  0.730337

[1008 rows x 5 columns]",,,,112,0.016077230360213104,0.049388764277567616,False
I_extremes20_21_logit_v2_all,extremes20,21,logit,expanding,liquid,v2_all,relative,0.05,40985,1008,48,0.5752836403562279,0.5304379651091863,0.04484567524704164,0.5428452523540259,0.6082302721829924,45.262494187277795,0.7853196571580071,0.6071428571428571,"            day   n       acc   frac_up      y_up
0    2021-02-01  34  0.411765  0.323529  0.500000
1    2021-02-02  34  0.382353  0.294118  0.558824
2    2021-02-03  34  0.382353  0.264706  0.529412
3    2021-02-04  35  0.314286  0.257143  0.600000
4    2021-02-05  35  0.371429  0.285714  0.571429
...         ...  ..       ...       ...       ...
1003 2025-01-29  44  0.818182  0.772727  0.681818
1004 2025-01-30  44  0.795455  0.840909  0.681818
1005 2025-01-31  44  0.818182  0.772727  0.727273
1006 2025-02-03  44  0.772727  0.772727  0.681818
1007 2025-02-04  44  0.750000  0.772727  0.704545

[1008 rows x 5 columns]",,,,113,0.01667985199718533,0.05128824122301809,False
I_extremes20_21_logit_v2_all,extremes20,21,logit,expanding,liquid,v2_all,relative,0.02,16227,1008,48,0.5837184938682443,0.5178406359770752,0.06587785789116907,0.5511708488694153,0.616613377138419,18.641964402276606,0.7075763718949118,0.6180555555555556,"            day   n       acc   frac_up      y_up
0    2021-02-01  13  0.538462  0.384615  0.384615
1    2021-02-02  13  0.769231  0.461538  0.384615
2    2021-02-03  13  0.692308  0.384615  0.230769
3    2021-02-04  14  0.500000  0.357143  0.428571
4    2021-02-05  14  0.571429  0.428571  0.428571
...         ...  ..       ...       ...       ...
1003 2025-01-29  17  0.764706  0.647059  0.529412
1004 2025-01-30  17  0.882353  0.588235  0.588235
1005 2025-01-31  17  0.823529  0.470588  0.529412
1006 2025-02-03  17  0.823529  0.470588  0.529412
1007 2025-02-04  17  0.764706  0.529412  0.647059

[1008 rows x 5 columns]",,,,114,0.016694522517603002,0.05138116483215975,True
I_extremes20_21_logit_v2_all,extremes20,21,logit,expanding,liquid,v2_all,relative,0.01,7972,1008,48,0.5826643251379829,0.553687907676869,0.0289764174611139,0.5452359816818906,0.6203714169760978,12.188310007773135,0.7291450144872764,0.6468253968253969,"            day  n       acc   frac_up      y_up
0    2021-02-01  6  0.333333  0.666667  0.333333
1    2021-02-02  6  0.666667  0.666667  0.333333
2    2021-02-03  6  0.500000  0.666667  0.166667
3    2021-02-04  7  0.714286  0.571429  0.285714
4    2021-02-05  7  0.714286  0.714286  0.428571
...         ... ..       ...       ...       ...
1003 2025-01-29  8  0.625000  0.375000  0.250000
1004 2025-01-30  8  0.750000  0.375000  0.375000
1005 2025-01-31  8  0.750000  0.000000  0.250000
1006 2025-02-03  8  0.750000  0.125000  0.375000
1007 2025-02-04  8  0.750000  0.250000  0.500000

[1008 rows x 5 columns]",,,,115,0.019167202881175304,0.05904576312898661,False
I_extremes20_21_logit_v2_all,extremes20,21,logit,expanding,liquid,v2_all,relative,,10080,1008,48,0.5815476190476191,0.5324404761904762,0.049107142857142905,0.546329365079365,0.6168650793650794,13.677136810947673,0.5,0.6666666666666666,,5.0,balanced,0.5,116,0.017993804664723053,0.05548158615813901,False
I_extremes20_21_logit_v2_all,extremes20,21,logit,expanding,liquid,v2_all,relative,,20160,1008,48,0.5833333333333334,0.5261904761904762,0.05714285714285716,0.5513306051587301,0.6160243055555555,22.139943852244905,0.5,0.6378968253968254,,10.0,balanced,0.5,117,0.01650349499919016,0.050932330736423954,True
I_extremes20_21_logit_v2_all,extremes20,21,logit,expanding,liquid,v2_all,relative,,40320,1008,48,0.5739335317460318,0.5096478174603175,0.06428571428571428,0.5451878720238096,0.6025062003968255,35.592465504869374,0.5,0.5902777777777778,,20.0,balanced,0.5,118,0.014622022544136701,0.04516612174159079,True
I_extremes20_21_logit_v2_all,extremes20,21,logit,expanding,liquid,v2_all,relative,,80640,1008,48,0.5602430555555555,0.5038938492063492,0.05634920634920637,0.5325998263888889,0.5878856646825397,62.61330935391256,0.5,0.49702380952380953,,40.0,balanced,0.5,119,0.014103530176951722,0.043603058784881354,True
I_extremes20_21_logit_v2_all,extremes20,21,logit,expanding,liquid,v2_all,relative,,161280,1008,48,0.5504588293650794,0.5164434523809524,0.034015376984127044,0.5244642857142857,0.576271236359127,118.25144733634811,0.5,0.38492063492063494,,80.0,balanced,0.5,120,0.013216058837969722,0.04089507229290794,False
I_extremes10_21_ens_lh_v2_no_market,extremes10,21,ens_lh,expanding,liquid,v2_no_market,relative,1.0,830525,1008,48,0.5339273351193522,0.5443159447337528,-0.010388609614400579,0.5182933356768135,0.5484368776212168,191.3072295009755,0.8511617842332035,0.7400793650793651,"            day    n       acc   frac_up      y_up
0    2021-02-01  699  0.442060  0.237482  0.500715
1    2021-02-02  699  0.433476  0.226037  0.520744
2    2021-02-03  699  0.407725  0.213162  0.562232
3    2021-02-04  700  0.385714  0.218571  0.552857
4    2021-02-05  701  0.379458  0.222539  0.563481
...         ...  ...       ...       ...       ...
1003 2025-01-29  898  0.528953  0.920935  0.496659
1004 2025-01-30  897  0.532887  0.926421  0.510591
1005 2025-01-31  898  0.513363  0.923163  0.496659
1006 2025-02-03  898  0.525612  0.922049  0.507795
1007 2025-02-04  899  0.517241  0.926585  0.503893

[1008 rows x 5 columns]",,,,121,0.007689679067449843,0.023815149717373665,False
I_extremes10_21_ens_lh_v2_no_market,extremes10,21,ens_lh,expanding,liquid,v2_no_market,relative,0.5,414995,1008,48,0.5466885143194496,0.5628935288376968,-0.016205014518247185,0.5217533695048057,0.5707864974274658,253.57320729361777,0.9196252936721625,0.6934523809523809,"            day    n       acc   frac_up      y_up
0    2021-02-01  349  0.415473  0.146132  0.507163
1    2021-02-02  349  0.381089  0.146132  0.535817
2    2021-02-03  349  0.349570  0.137536  0.570201
3    2021-02-04  350  0.337143  0.137143  0.577143
4    2021-02-05  350  0.328571  0.140000  0.594286
...         ...  ...       ...       ...       ...
1003 2025-01-29  449  0.632517  0.977728  0.619154
1004 2025-01-30  448  0.665179  0.979911  0.662946
1005 2025-01-31  449  0.612472  0.971047  0.614699
1006 2025-02-03  449  0.619154  0.977728  0.614699
1007 2025-02-04  449  0.634744  0.977728  0.634744

[1008 rows x 5 columns]",,,,122,0.012508451000678603,0.03877224783186186,False
I_extremes10_21_ens_lh_v2_no_market,extremes10,21,ens_lh,expanding,liquid,v2_no_market,relative,0.25,207241,1008,48,0.5504991772863478,0.5657326494274781,-0.015233472141130355,0.5211712875677084,0.5796783506447639,185.00974370512333,0.928441207306823,0.6547619047619048,"            day    n       acc   frac_up      y_up
0    2021-02-01  174  0.482759  0.109195  0.488506
1    2021-02-02  174  0.425287  0.126437  0.517241
2    2021-02-03  174  0.373563  0.109195  0.586207
3    2021-02-04  175  0.314286  0.114286  0.628571
4    2021-02-05  175  0.291429  0.120000  0.657143
...         ...  ...       ...       ...       ...
1003 2025-01-29  224  0.683036  0.977679  0.669643
1004 2025-01-30  224  0.741071  0.977679  0.727679
1005 2025-01-31  224  0.714286  0.968750  0.700893
1006 2025-02-03  224  0.700893  0.968750  0.687500
1007 2025-02-04  224  0.741071  0.968750  0.727679

[1008 rows x 5 columns]",,,,123,0.014925271193126418,0.04630291760213452,False
I_extremes10_21_ens_lh_v2_no_market,extremes10,21,ens_lh,expanding,liquid,v2_no_market,relative,0.1,82572,1008,48,0.5556726251029405,0.5620791551615559,-0.006406530058615467,0.5220928017812249,0.5910199013141816,100.26334236673584,0.9240310782629784,0.6319444444444444,"            day   n       acc   frac_up      y_up
0    2021-02-01  69  0.449275  0.188406  0.536232
1    2021-02-02  69  0.391304  0.173913  0.579710
2    2021-02-03  69  0.347826  0.144928  0.623188
3    2021-02-04  70  0.271429  0.171429  0.642857
4    2021-02-05  70  0.328571  0.157143  0.657143
...         ...  ..       ...       ...       ...
1003 2025-01-29  89  0.786517  0.966292  0.752809
1004 2025-01-30  89  0.865169  0.955056  0.820225
1005 2025-01-31  89  0.820225  0.943820  0.786517
1006 2025-02-03  89  0.775281  0.943820  0.741573
1007 2025-02-04  89  0.797753  0.943820  0.764045

[1008 rows x 5 columns]",,,,124,0.017583443758407327,0.054595285085449106,False
I_extremes10_21_ens_lh_v2_no_market,extremes10,21,ens_lh,expanding,liquid,v2_no_market,relative,0.05,40985,1008,48,0.5603025497133097,0.5559594973770892,0.004343052336220565,0.522800326912902,0.5994910974683764,60.54657716759352,0.9129795427195535,0.5863095238095238,"            day   n       acc   frac_up      y_up
0    2021-02-01  34  0.352941  0.235294  0.588235
1    2021-02-02  34  0.264706  0.294118  0.676471
2    2021-02-03  34  0.294118  0.264706  0.617647
3    2021-02-04  35  0.314286  0.257143  0.600000
4    2021-02-05  35  0.342857  0.257143  0.571429
...         ...  ..       ...       ...       ...
1003 2025-01-29  44  0.886364  0.954545  0.840909
1004 2025-01-30  44  0.954545  0.931818  0.886364
1005 2025-01-31  44  0.931818  0.931818  0.863636
1006 2025-02-03  44  0.840909  0.954545  0.795455
1007 2025-02-04  44  0.818182  0.977273  0.795455

[1008 rows x 5 columns]",,,,125,0.01956397208047815,0.060795267445010466,False
I_extremes10_21_ens_lh_v2_no_market,extremes10,21,ens_lh,expanding,liquid,v2_no_market,relative,0.02,16227,1008,48,0.5676958156159487,0.5385468663338879,0.0291489492820608,0.5247123889236046,0.6118325480669156,32.65154444348234,0.8911339295333518,0.5843253968253969,"            day   n       acc   frac_up      y_up
0    2021-02-01  13  0.307692  0.461538  0.384615
1    2021-02-02  13  0.153846  0.461538  0.384615
2    2021-02-03  13  0.230769  0.384615  0.538462
3    2021-02-04  14  0.285714  0.357143  0.500000
4    2021-02-05  14  0.214286  0.428571  0.500000
...         ...  ..       ...       ...       ...
1003 2025-01-29  17  0.941176  0.941176  0.882353
1004 2025-01-30  17  1.000000  0.941176  0.941176
1005 2025-01-31  17  0.882353  0.882353  0.764706
1006 2025-02-03  17  0.882353  0.941176  0.823529
1007 2025-02-04  17  0.823529  0.941176  0.764706

[1008 rows x 5 columns]",,,,126,0.022224530393701772,0.06911994674669687,False
I_extremes10_21_ens_lh_v2_no_market,extremes10,21,ens_lh,expanding,liquid,v2_no_market,relative,0.01,7972,1008,48,0.5691169091821375,0.515805318615153,0.053311590566984535,0.5197921640343801,0.6171600710511481,20.458944559392382,0.8736142605190224,0.5307539682539683,"            day  n       acc   frac_up      y_up
0    2021-02-01  6  0.166667  0.500000  0.333333
1    2021-02-02  6  0.166667  0.333333  0.500000
2    2021-02-03  6  0.333333  0.666667  0.333333
3    2021-02-04  7  0.428571  0.571429  0.285714
4    2021-02-05  7  0.142857  0.571429  0.285714
...         ... ..       ...       ...       ...
1003 2025-01-29  8  1.000000  0.875000  0.875000
1004 2025-01-30  8  1.000000  0.875000  0.875000
1005 2025-01-31  8  1.000000  0.875000  0.875000
1006 2025-02-03  8  0.750000  0.875000  0.625000
1007 2025-02-04  8  0.750000  1.000000  0.750000

[1008 rows x 5 columns]",,,,127,0.02483875178999184,0.07731347952125431,False
I_extremes10_21_ens_lh_v2_no_market,extremes10,21,ens_lh,expanding,liquid,v2_no_market,relative,,10080,1008,48,0.5936507936507937,0.5423611111111111,0.05128968253968258,0.5537673611111111,0.6328373015873016,16.119371444713572,0.5,0.6954365079365079,,5.0,balanced,0.5,128,0.02017090318270164,0.06283506854868447,False
I_extremes10_21_ens_lh_v2_no_market,extremes10,21,ens_lh,expanding,liquid,v2_no_market,relative,,20160,1008,48,0.5861111111111111,0.5282738095238095,0.057837301587301604,0.5513851686507937,0.6196924603174603,24.84275174096209,0.5,0.6339285714285714,,10.0,balanced,0.5,129,0.017425329506802704,0.054325752364586755,True
I_extremes10_21_ens_lh_v2_no_market,extremes10,21,ens_lh,expanding,liquid,v2_no_market,relative,,40320,1008,48,0.5661458333333333,0.5094494047619048,0.05669642857142854,0.5340997023809524,0.5969748263888889,40.98612100697712,0.5,0.5843253968253969,,20.0,balanced,0.5,130,0.016039572451004208,0.050045185390133806,True
I_extremes10_21_ens_lh_v2_no_market,extremes10,21,ens_lh,expanding,liquid,v2_no_market,relative,,80640,1008,48,0.5536210317460317,0.5023809523809524,0.05124007936507935,0.5246230158730159,0.5818957713293651,68.1399089126416,0.5,0.5317460317460317,,40.0,balanced,0.5,131,0.014610396800089093,0.04562187266625123,True
I_extremes10_21_ens_lh_v2_no_market,extremes10,21,ens_lh,expanding,liquid,v2_no_market,relative,,161280,1008,48,0.5441840277777777,0.5146825396825396,0.029501488095238115,0.5169478546626984,0.570501457093254,117.86443945711028,0.5,0.4365079365079365,,80.0,balanced,0.5,132,0.013661633273100897,0.04269255773689654,False
I_extremes10_21_ens_lh_v2_all,extremes10,21,ens_lh,expanding,liquid,v2_all,relative,1.0,830525,1008,48,0.5350230276030222,0.5443279853104964,-0.009304957707474193,0.5195436506636777,0.5488836585141932,179.31666763221048,0.8456950498688518,0.753968253968254,"            day    n       acc   frac_up      y_up
0    2021-02-01  699  0.456366  0.228898  0.500715
1    2021-02-02  699  0.434907  0.221745  0.520744
2    2021-02-03  699  0.399142  0.167382  0.562232
3    2021-02-04  700  0.392857  0.160000  0.552857
4    2021-02-05  701  0.386591  0.161198  0.563481
...         ...  ...       ...       ...       ...
1003 2025-01-29  898  0.525612  0.922049  0.496659
1004 2025-01-30  897  0.527313  0.931996  0.510591
1005 2025-01-31  898  0.508909  0.925390  0.496659
1006 2025-02-03  898  0.522272  0.932071  0.507795
1007 2025-02-04  899  0.511680  0.932147  0.503893

[1008 rows x 5 columns]",,,,133,0.0074846958802335445,0.02340771866412931,False
I_extremes10_21_ens_lh_v2_all,extremes10,21,ens_lh,expanding,liquid,v2_all,relative,0.5,414995,1008,48,0.5471824961746528,0.5611513391727612,-0.01396884299810841,0.5237161635414231,0.5694912191809531,223.42408051057197,0.9105594077101367,0.7152777777777778,"            day    n       acc   frac_up      y_up
0    2021-02-01  349  0.449857  0.123209  0.484241
1    2021-02-02  349  0.424069  0.131805  0.495702
2    2021-02-03  349  0.389685  0.065903  0.578797
3    2021-02-04  350  0.382857  0.062857  0.582857
4    2021-02-05  350  0.360000  0.068571  0.617143
...         ...  ...       ...       ...       ...
1003 2025-01-29  449  0.643653  0.984410  0.632517
1004 2025-01-30  448  0.674107  0.986607  0.665179
1005 2025-01-31  449  0.621381  0.982183  0.612472
1006 2025-02-03  449  0.623608  0.984410  0.616927
1007 2025-02-04  449  0.650334  0.984410  0.643653

[1008 rows x 5 columns]",,,,134,0.011677310112124998,0.03654770406401091,False
I_extremes10_21_ens_lh_v2_all,extremes10,21,ens_lh,expanding,liquid,v2_all,relative,0.25,207241,1008,48,0.5519612431902954,0.5647000352246901,-0.012738792034394764,0.5239947959629084,0.5801178124907747,165.00353999207363,0.9180144224900008,0.6825396825396826,"            day    n       acc   frac_up      y_up
0    2021-02-01  174  0.494253  0.091954  0.482759
1    2021-02-02  174  0.454023  0.080460  0.522989
2    2021-02-03  174  0.419540  0.045977  0.568966
3    2021-02-04  175  0.354286  0.051429  0.617143
4    2021-02-05  175  0.314286  0.057143  0.662857
...         ...  ...       ...       ...       ...
1003 2025-01-29  224  0.705357  0.986607  0.691964
1004 2025-01-30  224  0.745536  0.982143  0.727679
1005 2025-01-31  224  0.714286  0.973214  0.696429
1006 2025-02-03  224  0.718750  0.977679  0.696429
1007 2025-02-04  224  0.745536  0.977679  0.723214

[1008 rows x 5 columns]",,,,135,0.014317096053027098,0.044843717354633494,False
I_extremes10_21_ens_lh_v2_all,extremes10,21,ens_lh,expanding,liquid,v2_all,relative,0.1,82572,1008,48,0.558058421741026,0.5627452405173666,-0.004686818776340584,0.5254333519538464,0.5907239942474319,91.02918512354364,0.9122649748727205,0.6488095238095238,"            day   n       acc   frac_up      y_up
0    2021-02-01  69  0.565217  0.144928  0.434783
1    2021-02-02  69  0.434783  0.144928  0.565217
2    2021-02-03  69  0.391304  0.086957  0.579710
3    2021-02-04  70  0.271429  0.085714  0.671429
4    2021-02-05  70  0.300000  0.100000  0.628571
...         ...  ..       ...       ...       ...
1003 2025-01-29  89  0.808989  0.977528  0.786517
1004 2025-01-30  89  0.842697  0.966292  0.808989
1005 2025-01-31  89  0.853933  0.955056  0.808989
1006 2025-02-03  89  0.831461  0.988764  0.820225
1007 2025-02-04  89  0.831461  0.988764  0.820225

[1008 rows x 5 columns]",,,,136,0.016655776095302423,0.05220811340251115,False
I_extremes10_21_ens_lh_v2_all,extremes10,21,ens_lh,expanding,liquid,v2_all,relative,0.05,40985,1008,48,0.5648163962425278,0.5549347322191045,0.009881664023423276,0.5300705796670385,0.6002757522719756,51.733565563348094,0.9005091688521069,0.6021825396825397,"            day   n       acc   frac_up      y_up
0    2021-02-01  34  0.470588  0.176471  0.470588
1    2021-02-02  34  0.323529  0.176471  0.558824
2    2021-02-03  34  0.382353  0.147059  0.588235
3    2021-02-04  35  0.342857  0.114286  0.600000
4    2021-02-05  35  0.371429  0.171429  0.514286
...         ...  ..       ...       ...       ...
1003 2025-01-29  44  0.909091  0.977273  0.886364
1004 2025-01-30  44  0.931818  0.954545  0.886364
1005 2025-01-31  44  0.931818  0.954545  0.886364
1006 2025-02-03  44  0.886364  0.977273  0.863636
1007 2025-02-04  44  0.863636  0.977273  0.840909

[1008 rows x 5 columns]",,,,137,0.01790948280738191,0.056179743469560214,False
I_extremes10_21_ens_lh_v2_all,extremes10,21,ens_lh,expanding,liquid,v2_all,relative,0.02,16227,1008,48,0.5754606519997535,0.540765391014975,0.034695260984778487,0.535793444264596,0.6155281790096699,27.31171192876357,0.8795643978745344,0.5922619047619048,"            day   n       acc   frac_up      y_up
0    2021-02-01  13  0.461538  0.384615  0.307692
1    2021-02-02  13  0.230769  0.384615  0.538462
2    2021-02-03  13  0.153846  0.307692  0.692308
3    2021-02-04  14  0.357143  0.285714  0.500000
4    2021-02-05  14  0.357143  0.214286  0.571429
...         ...  ..       ...       ...       ...
1003 2025-01-29  17  0.941176  0.941176  0.882353
1004 2025-01-30  17  1.000000  0.941176  0.941176
1005 2025-01-31  17  0.882353  1.000000  0.882353
1006 2025-02-03  17  0.823529  1.000000  0.823529
1007 2025-02-04  17  0.882353  1.000000  0.882353

[1008 rows x 5 columns]",,,,138,0.020340493557416833,0.06385265295806437,False
I_extremes10_21_ens_lh_v2_all,extremes10,21,ens_lh,expanding,liquid,v2_all,relative,0.01,7972,1008,48,0.5836678374310086,0.5274711490215755,0.05619668840943304,0.5358915727131885,0.6295435550122088,18.77269005880643,0.8627035304862687,0.5535714285714286,"            day  n       acc   frac_up      y_up
0    2021-02-01  6  0.333333  0.500000  0.500000
1    2021-02-02  6  0.166667  0.500000  0.333333
2    2021-02-03  6  0.333333  0.333333  0.666667
3    2021-02-04  7  0.285714  0.428571  0.571429
4    2021-02-05  7  0.285714  0.285714  0.428571
...         ... ..       ...       ...       ...
1003 2025-01-29  8  1.000000  0.875000  0.875000
1004 2025-01-30  8  1.000000  1.000000  1.000000
1005 2025-01-31  8  0.875000  1.000000  0.875000
1006 2025-02-03  8  0.875000  1.000000  0.875000
1007 2025-02-04  8  0.750000  1.000000  0.750000

[1008 rows x 5 columns]",,,,139,0.02389081181097456,0.07505270246297817,False
I_extremes10_21_ens_lh_v2_all,extremes10,21,ens_lh,expanding,liquid,v2_all,relative,,10080,1008,48,0.6059523809523809,0.5409722222222222,0.06498015873015872,0.5669593253968254,0.6432589285714286,15.578099444144371,0.5,0.6974206349206349,,5.0,balanced,0.5,140,0.01946418448331716,0.06119090387478572,True
I_extremes10_21_ens_lh_v2_all,extremes10,21,ens_lh,expanding,liquid,v2_all,relative,,20160,1008,48,0.5927579365079365,0.5268849206349207,0.06587301587301586,0.5604154265873016,0.6238616071428571,21.417964473817523,0.5,0.6468253968253969,,10.0,balanced,0.5,141,0.016185250141723343,0.0509193211393674,True
I_extremes10_21_ens_lh_v2_all,extremes10,21,ens_lh,expanding,liquid,v2_all,relative,,40320,1008,48,0.5699900793650794,0.5091765873015873,0.06081349206349207,0.5411427331349207,0.5982477678571427,33.9088197314845,0.5,0.5833333333333334,,20.0,balanced,0.5,142,0.014567610898526036,0.045862888325805255,True
I_extremes10_21_ens_lh_v2_all,extremes10,21,ens_lh,expanding,liquid,v2_all,relative,,80640,1008,48,0.556312003968254,0.5035590277777777,0.05275297619047625,0.5282614087301587,0.5833339533730159,60.278057838400095,0.5,0.5238095238095238,,40.0,balanced,0.5,143,0.014049118531341111,0.04426183491329144,True
I_extremes10_21_ens_lh_v2_all,extremes10,21,ens_lh,expanding,liquid,v2_all,relative,,161280,1008,48,0.5466517857142857,0.5150297619047619,0.031622023809523836,0.5202300347222223,0.5717902095734126,105.64191963840183,0.5,0.42162698412698413,,80.0,balanced,0.5,144,0.013153105829385295,0.0414680247672854,False
I_extremes10_42_ens_lh_v2_no_market,extremes10,42,ens_lh,expanding,liquid,v2_no_market,relative,1.0,717587,882,21,0.5355852321739385,0.5550922745255976,-0.01950704235165912,0.513465487371634,0.5567192702616182,362.5048303544928,0.8585966634093919,0.7947845804988662,"           day    n       acc   frac_up      y_up
0   2021-03-03  713  0.318373  0.166900  0.660589
1   2021-03-04  713  0.328191  0.176718  0.652174
2   2021-03-05  713  0.330996  0.201964  0.652174
3   2021-03-08  712  0.313202  0.172753  0.679775
4   2021-03-09  711  0.299578  0.189873  0.682138
..         ...  ...       ...       ...       ...
877 2024-08-27  892  0.553812  0.920404  0.543722
878 2024-08-28  891  0.547699  0.928171  0.534231
879 2024-08-29  893  0.538634  0.924972  0.533035
880 2024-08-30  895  0.532961  0.927374  0.527374
881 2024-09-03  894  0.525727  0.921700  0.525727

[882 rows x 5 columns]",,,,145,0.011034128288261266,0.03481169982396106,False
I_extremes10_42_ens_lh_v2_no_market,extremes10,42,ens_lh,expanding,liquid,v2_no_market,relative,0.5,358570,882,21,0.5460942075466436,0.5721839529241153,-0.026089745377471663,0.5135728887663404,0.5767442909965237,396.8139948282743,0.9169211458120751,0.7233560090702947,"           day    n       acc   frac_up      y_up
0   2021-03-03  356  0.191011  0.058989  0.800562
1   2021-03-04  356  0.213483  0.067416  0.780899
2   2021-03-05  356  0.216292  0.073034  0.772472
3   2021-03-08  356  0.191011  0.058989  0.800562
4   2021-03-09  355  0.202817  0.078873  0.802817
..         ...  ...       ...       ...       ...
877 2024-08-27  446  0.573991  0.979821  0.567265
878 2024-08-28  445  0.548315  0.982022  0.534831
879 2024-08-29  446  0.517937  0.979821  0.506726
880 2024-08-30  447  0.525727  0.979866  0.514541
881 2024-09-03  447  0.541387  0.979866  0.530201

[882 rows x 5 columns]",,,,146,0.016115153630148787,0.050876980102342685,False
I_extremes10_42_ens_lh_v2_no_market,extremes10,42,ens_lh,expanding,liquid,v2_no_market,relative,0.25,179070,882,21,0.5400625453733177,0.5621209582844697,-0.02205841291115207,0.5011463705199672,0.5775062709869629,266.28573462728224,0.9167757511121459,0.6893424036281179,"           day    n       acc   frac_up      y_up
0   2021-03-03  178  0.146067  0.033708  0.831461
1   2021-03-04  178  0.196629  0.061798  0.808989
2   2021-03-05  178  0.162921  0.044944  0.825843
3   2021-03-08  178  0.174157  0.044944  0.825843
4   2021-03-09  177  0.163842  0.050847  0.819209
..         ...  ...       ...       ...       ...
877 2024-08-27  223  0.578475  0.982063  0.569507
878 2024-08-28  222  0.527027  0.981982  0.509009
879 2024-08-29  223  0.511211  0.986547  0.506726
880 2024-08-30  223  0.511211  0.986547  0.506726
881 2024-09-03  223  0.497758  0.986547  0.493274

[882 rows x 5 columns]",,,,147,0.019479566445662167,0.06154083450907742,False
I_extremes10_42_ens_lh_v2_no_market,extremes10,42,ens_lh,expanding,liquid,v2_no_market,relative,0.1,71345,882,21,0.5279977573761301,0.5435839932721284,-0.01558623589599828,0.4808930148869775,0.572845896703541,157.44216597595735,0.9055128367833852,0.6156462585034014,"           day   n       acc   frac_up      y_up
0   2021-03-03  71  0.140845  0.014085  0.845070
1   2021-03-04  71  0.197183  0.042254  0.788732
2   2021-03-05  71  0.211268  0.056338  0.788732
3   2021-03-08  71  0.183099  0.028169  0.816901
4   2021-03-09  71  0.154930  0.042254  0.830986
..         ...  ..       ...       ...       ...
877 2024-08-27  89  0.606742  0.977528  0.584270
878 2024-08-28  89  0.573034  0.977528  0.550562
879 2024-08-29  89  0.505618  0.988764  0.494382
880 2024-08-30  89  0.505618  0.977528  0.483146
881 2024-09-03  89  0.426966  0.988764  0.415730

[882 rows x 5 columns]",,,,148,0.023457367810347837,0.07415802831618844,False
I_extremes10_42_ens_lh_v2_no_market,extremes10,42,ens_lh,expanding,liquid,v2_no_market,relative,0.05,35424,882,21,0.5321815718157181,0.535766711833785,-0.003585140018066868,0.47894403675699654,0.5824232685763152,100.77254354106604,0.8935101597704189,0.5873015873015873,"           day   n       acc   frac_up      y_up
0   2021-03-03  35  0.085714  0.028571  0.885714
1   2021-03-04  35  0.228571  0.057143  0.771429
2   2021-03-05  35  0.314286  0.085714  0.714286
3   2021-03-08  35  0.228571  0.057143  0.771429
4   2021-03-09  35  0.200000  0.057143  0.800000
..         ...  ..       ...       ...       ...
877 2024-08-27  44  0.590909  0.954545  0.545455
878 2024-08-28  44  0.431818  0.954545  0.386364
879 2024-08-29  44  0.477273  0.977273  0.454545
880 2024-08-30  44  0.545455  0.977273  0.522727
881 2024-09-03  44  0.431818  0.977273  0.409091

[882 rows x 5 columns]",,,,149,0.026397763219213947,0.08350999300961759,False
I_extremes10_42_ens_lh_v2_no_market,extremes10,42,ens_lh,expanding,liquid,v2_no_market,relative,0.02,14004,882,21,0.5375606969437303,0.5279205941159668,0.009640102827763508,0.4717313343105533,0.5972961372839892,57.133391398711204,0.8721935996620871,0.5702947845804989,"           day   n       acc   frac_up      y_up
0   2021-03-03  14  0.142857  0.071429  0.785714
1   2021-03-04  14  0.285714  0.071429  0.785714
2   2021-03-05  14  0.285714  0.142857  0.714286
3   2021-03-08  14  0.285714  0.142857  0.714286
4   2021-03-09  14  0.285714  0.142857  0.714286
..         ...  ..       ...       ...       ...
877 2024-08-27  17  0.647059  0.941176  0.588235
878 2024-08-28  17  0.588235  0.941176  0.529412
879 2024-08-29  17  0.529412  0.941176  0.470588
880 2024-08-30  17  0.470588  1.000000  0.470588
881 2024-09-03  17  0.411765  0.941176  0.352941

[882 rows x 5 columns]",,,,150,0.03203183749322345,0.10140123557794344,False
I_extremes10_42_ens_lh_v2_no_market,extremes10,42,ens_lh,expanding,liquid,v2_no_market,relative,0.01,6883,882,21,0.5467092837425541,0.5221560366119424,0.02455324713061169,0.47702696115861015,0.6110622321345459,31.289288851855872,0.8513321995464853,0.5476190476190477,"           day  n       acc   frac_up      y_up
0   2021-03-03  7  0.285714  0.142857  0.571429
1   2021-03-04  7  0.428571  0.142857  0.714286
2   2021-03-05  7  0.571429  0.285714  0.428571
3   2021-03-08  7  0.142857  0.285714  0.857143
4   2021-03-09  7  0.285714  0.285714  0.714286
..         ... ..       ...       ...       ...
877 2024-08-27  8  0.500000  0.875000  0.375000
878 2024-08-28  8  0.750000  0.875000  0.625000
879 2024-08-29  8  0.625000  1.000000  0.625000
880 2024-08-30  8  0.500000  1.000000  0.500000
881 2024-09-03  8  0.375000  0.875000  0.250000

[882 rows x 5 columns]",,,,151,0.03419267116733055,0.1083134002309936,False
I_extremes10_42_ens_lh_v2_no_market,extremes10,42,ens_lh,expanding,liquid,v2_no_market,relative,,8820,882,21,0.5769841269841269,0.535374149659864,0.04160997732426297,0.5217602040816327,0.6325425170068026,29.39263995518605,0.5,0.7312925170068028,,5.0,balanced,0.5,152,0.028260794113563758,0.08958164024562197,False
I_extremes10_42_ens_lh_v2_no_market,extremes10,42,ens_lh,expanding,liquid,v2_no_market,relative,,17640,882,21,0.5598639455782313,0.5255102040816326,0.034353741496598644,0.5075921201814059,0.61281320861678,52.41416284374348,0.5,0.655328798185941,,10.0,balanced,0.5,153,0.02684211439677912,0.08514019052808156,False
I_extremes10_42_ens_lh_v2_no_market,extremes10,42,ens_lh,expanding,liquid,v2_no_market,relative,,35280,882,21,0.5482142857142858,0.5066043083900227,0.04160997732426308,0.4990880102040816,0.5963803854875283,89.34367543530476,0.5,0.5793650793650794,,20.0,balanced,0.5,154,0.024819483490675164,0.0787755908468272,False
I_extremes10_42_ens_lh_v2_no_market,extremes10,42,ens_lh,expanding,liquid,v2_no_market,relative,,70560,882,21,0.5345096371882087,0.49905045351473926,0.0354591836734694,0.4936447704081633,0.5756834608843537,124.88610425542277,0.5,0.5294784580498866,,40.0,balanced,0.5,155,0.020928237366375113,0.06646766750654487,False
I_extremes10_42_ens_lh_v2_no_market,extremes10,42,ens_lh,expanding,liquid,v2_no_market,relative,,141120,882,21,0.526140873015873,0.5098143424036281,0.01632653061224487,0.4906583049886621,0.5617708333333333,188.97036590735195,0.5,0.47052154195011336,,80.0,balanced,0.5,156,0.0181409511083345,0.057652022579698245,False
I_relative_42_logit_v2_all,relative,42,logit,expanding,liquid,v2_all,relative,1.0,717587,882,21,0.517965069043893,0.5551145714735635,-0.03714950242967052,0.48896387396545105,0.5450336708434683,609.94882077148,0.7715748139038737,0.6700680272108843,"           day    n       acc   frac_up      y_up
0   2021-03-03  713  0.340813  0.200561  0.660589
1   2021-03-04  713  0.356241  0.224404  0.652174
2   2021-03-05  713  0.374474  0.248247  0.652174
3   2021-03-08  712  0.344101  0.251404  0.679775
4   2021-03-09  711  0.364276  0.265823  0.682138
..         ...  ...       ...       ...       ...
877 2024-08-27  892  0.543722  0.829596  0.543722
878 2024-08-28  891  0.534231  0.847363  0.534231
879 2024-08-29  893  0.524076  0.852184  0.533035
880 2024-08-30  895  0.526257  0.846927  0.527374
881 2024-09-03  894  0.512304  0.834452  0.525727

[882 rows x 5 columns]",,,,157,0.014303519611739101,0.04548539839558631,False
I_relative_42_logit_v2_all,relative,42,logit,expanding,liquid,v2_all,relative,0.5,358570,882,21,0.5294893605153805,0.5674010653428898,-0.037911704827509274,0.48934070111983935,0.5687560972916095,617.3144591580298,0.8313590203206634,0.6077097505668935,"           day    n       acc   frac_up      y_up
0   2021-03-03  356  0.286517  0.112360  0.713483
1   2021-03-04  356  0.306180  0.134831  0.705056
2   2021-03-05  356  0.323034  0.168539  0.676966
3   2021-03-08  356  0.303371  0.162921  0.702247
4   2021-03-09  355  0.343662  0.205634  0.676056
..         ...  ...       ...       ...       ...
877 2024-08-27  446  0.589686  0.881166  0.569507
878 2024-08-28  445  0.559551  0.889888  0.539326
879 2024-08-29  446  0.540359  0.899103  0.520179
880 2024-08-30  447  0.543624  0.897092  0.530201
881 2024-09-03  447  0.530201  0.892617  0.525727

[882 rows x 5 columns]",,,,158,0.020259029635655644,0.06446444261366086,False
I_relative_42_logit_v2_all,relative,42,logit,expanding,liquid,v2_all,relative,0.25,179070,882,21,0.5411291673647177,0.5648070586921315,-0.023677891327413825,0.4952486274071879,0.5845478410742585,382.19901338098117,0.8140874435631942,0.6213151927437641,"           day    n       acc   frac_up      y_up
0   2021-03-03  178  0.325843  0.117978  0.646067
1   2021-03-04  178  0.393258  0.157303  0.629213
2   2021-03-05  178  0.359551  0.174157  0.634831
3   2021-03-08  178  0.359551  0.168539  0.651685
4   2021-03-09  177  0.378531  0.197740  0.672316
..         ...  ...       ...       ...       ...
877 2024-08-27  223  0.614350  0.820628  0.560538
878 2024-08-28  222  0.581081  0.846847  0.554054
879 2024-08-29  223  0.569507  0.852018  0.538117
880 2024-08-30  223  0.578475  0.829596  0.542601
881 2024-09-03  223  0.529148  0.847534  0.511211

[882 rows x 5 columns]",,,,159,0.02278041164976291,0.07253266042781503,False
I_relative_42_logit_v2_all,relative,42,logit,expanding,liquid,v2_all,relative,0.1,71345,882,21,0.558959983180321,0.5423925993412292,0.016567383839091843,0.5127285842223649,0.6032761406370908,163.7876124021867,0.7603402295372009,0.6587301587301587,"           day   n       acc   frac_up      y_up
0   2021-03-03  71  0.492958  0.169014  0.450704
1   2021-03-04  71  0.535211  0.197183  0.464789
2   2021-03-05  71  0.464789  0.197183  0.507042
3   2021-03-08  71  0.549296  0.197183  0.507042
4   2021-03-09  71  0.577465  0.267606  0.521127
..         ...  ..       ...       ...       ...
877 2024-08-27  89  0.617978  0.685393  0.550562
878 2024-08-28  89  0.595506  0.707865  0.505618
879 2024-08-29  89  0.595506  0.752809  0.505618
880 2024-08-30  89  0.640449  0.719101  0.561798
881 2024-09-03  89  0.595506  0.707865  0.505618

[882 rows x 5 columns]",,,,160,0.023098866432328034,0.07359208809405182,False
I_relative_42_logit_v2_all,relative,42,logit,expanding,liquid,v2_all,relative,0.05,35424,882,21,0.5738482384823849,0.5022018970189702,0.07164634146341464,0.5283211344552943,0.616376779585562,77.64235805980596,0.7094753626498854,0.63718820861678,"           day   n       acc   frac_up      y_up
0   2021-03-03  35  0.542857  0.200000  0.314286
1   2021-03-04  35  0.628571  0.257143  0.342857
2   2021-03-05  35  0.600000  0.228571  0.285714
3   2021-03-08  35  0.628571  0.257143  0.342857
4   2021-03-09  35  0.714286  0.285714  0.342857
..         ...  ..       ...       ...       ...
877 2024-08-27  44  0.636364  0.431818  0.431818
878 2024-08-28  44  0.681818  0.568182  0.477273
879 2024-08-29  44  0.636364  0.522727  0.431818
880 2024-08-30  44  0.636364  0.545455  0.409091
881 2024-09-03  44  0.590909  0.477273  0.386364

[882 rows x 5 columns]",,,,161,0.02246317477812953,0.07161071536730365,True
I_relative_42_logit_v2_all,relative,42,logit,expanding,liquid,v2_all,relative,0.02,14004,882,21,0.5908311910882605,0.5744787203656099,0.01635247072265067,0.545493962779938,0.635475922092711,30.263670077218695,0.7533017572108209,0.6984126984126984,"           day   n       acc   frac_up      y_up
0   2021-03-03  14  0.714286  0.285714  0.142857
1   2021-03-04  14  0.714286  0.357143  0.214286
2   2021-03-05  14  0.857143  0.285714  0.142857
3   2021-03-08  14  0.785714  0.357143  0.142857
4   2021-03-09  14  0.857143  0.285714  0.142857
..         ...  ..       ...       ...       ...
877 2024-08-27  17  0.705882  0.117647  0.294118
878 2024-08-28  17  0.764706  0.235294  0.235294
879 2024-08-29  17  0.705882  0.176471  0.235294
880 2024-08-30  17  0.764706  0.117647  0.117647
881 2024-09-03  17  0.647059  0.176471  0.176471

[882 rows x 5 columns]",,,,162,0.022954581457340046,0.07322185029813066,False
I_relative_42_logit_v2_all,relative,42,logit,expanding,liquid,v2_all,relative,0.01,6883,882,21,0.6136858927793113,0.6180444573587098,-0.004358564579398538,0.5652610363104044,0.6616545221077385,18.317861474104177,0.8448736637512148,0.7596371882086168,"           day  n       acc   frac_up      y_up
0   2021-03-03  7  0.571429  0.285714  0.142857
1   2021-03-04  7  0.714286  0.285714  0.285714
2   2021-03-05  7  0.857143  0.285714  0.142857
3   2021-03-08  7  0.857143  0.285714  0.142857
4   2021-03-09  7  0.857143  0.285714  0.142857
..         ... ..       ...       ...       ...
877 2024-08-27  8  0.625000  0.125000  0.250000
878 2024-08-28  8  0.750000  0.125000  0.125000
879 2024-08-29  8  0.750000  0.125000  0.125000
880 2024-08-30  8  0.750000  0.125000  0.125000
881 2024-09-03  8  0.750000  0.125000  0.125000

[882 rows x 5 columns]",,,,163,0.02459017494829951,0.07848658589035362,False
I_relative_42_logit_v2_all,relative,42,logit,expanding,liquid,v2_all,relative,,8820,882,21,0.590702947845805,0.5547619047619048,0.035941043083900226,0.5448866213151927,0.6345861678004535,19.79022699153557,0.5,0.7346938775510204,,5.0,balanced,0.5,164,0.02288253736868898,0.07308000675963612,False
I_relative_42_logit_v2_all,relative,42,logit,expanding,liquid,v2_all,relative,,17640,882,21,0.5867913832199546,0.533390022675737,0.053401360544217624,0.5399022108843538,0.6324291383219954,42.25713423201122,0.5,0.6859410430839002,,10.0,balanced,0.5,165,0.023603808019806553,0.07542844556722164,False
I_relative_42_logit_v2_all,relative,42,logit,expanding,liquid,v2_all,relative,,35280,882,21,0.5681689342403629,0.5147675736961451,0.053401360544217735,0.5217389455782313,0.611030328798186,77.92507861346621,0.5,0.6201814058956916,,20.0,balanced,0.5,166,0.02277841408672313,0.07283386978672961,False
I_relative_42_logit_v2_all,relative,42,logit,expanding,liquid,v2_all,relative,,70560,882,21,0.5523242630385488,0.5015589569160998,0.050765306122449005,0.5081760204081632,0.5936479591836734,139.61874886194548,0.5,0.5192743764172335,,40.0,balanced,0.5,167,0.02180406601416076,0.06975934020395835,False
I_relative_42_logit_v2_all,relative,42,logit,expanding,liquid,v2_all,relative,,141120,882,21,0.5370606575963719,0.5231150793650794,0.0139455782312925,0.4969626913265306,0.575125248015873,231.26375593367658,0.5,0.32653061224489793,,80.0,balanced,0.5,168,0.01993942772687305,0.06383086378485589,False
I_relative_42_logit_v2_no_market,relative,42,logit,expanding,liquid,v2_no_market,relative,1.0,717587,882,21,0.5183078846188686,0.5551243263882986,-0.03681644176943,0.4897221589561618,0.5453644492290097,605.7257413200979,0.7719321490202635,0.6678004535147393,"           day    n       acc   frac_up      y_up
0   2021-03-03  713  0.350631  0.224404  0.660589
1   2021-03-04  713  0.363254  0.237027  0.652174
2   2021-03-05  713  0.374474  0.256662  0.652174
3   2021-03-08  712  0.344101  0.245787  0.679775
4   2021-03-09  711  0.358650  0.265823  0.682138
..         ...  ...       ...       ...       ...
877 2024-08-27  892  0.542601  0.835202  0.543722
878 2024-08-28  891  0.533109  0.843996  0.534231
879 2024-08-29  893  0.520717  0.846585  0.533035
880 2024-08-30  895  0.525140  0.848045  0.527374
881 2024-09-03  894  0.511186  0.835570  0.525727

[882 rows x 5 columns]",,,,169,0.014194461804297946,0.04546616498764163,False
I_relative_42_logit_v2_no_market,relative,42,logit,expanding,liquid,v2_no_market,relative,0.5,358570,882,21,0.529316451459966,0.5676966840505341,-0.03838023259056811,0.48908686705474574,0.5686815385982853,622.7562090251467,0.8310022064072765,0.6054421768707483,"           day    n       acc   frac_up      y_up
0   2021-03-03  356  0.289326  0.143258  0.707865
1   2021-03-04  356  0.306180  0.154494  0.696629
2   2021-03-05  356  0.328652  0.199438  0.679775
3   2021-03-08  356  0.306180  0.171348  0.696629
4   2021-03-09  355  0.335211  0.202817  0.681690
..         ...  ...       ...       ...       ...
877 2024-08-27  446  0.582960  0.883408  0.565022
878 2024-08-28  445  0.552809  0.896629  0.534831
879 2024-08-29  446  0.533632  0.896861  0.515695
880 2024-08-30  447  0.543624  0.897092  0.530201
881 2024-09-03  447  0.539150  0.892617  0.534676

[882 rows x 5 columns]",,,,170,0.02030476314886213,0.06507540971650763,False
I_relative_42_logit_v2_no_market,relative,42,logit,expanding,liquid,v2_no_market,relative,0.25,179070,882,21,0.5416708549729157,0.5656335511252583,-0.02396269615234259,0.49628225735332215,0.5851871501562794,380.0367040396948,0.8128059898425191,0.6292517006802721,"           day    n       acc   frac_up      y_up
0   2021-03-03  178  0.320225  0.151685  0.662921
1   2021-03-04  178  0.404494  0.179775  0.629213
2   2021-03-05  178  0.365169  0.202247  0.623596
3   2021-03-08  178  0.370787  0.174157  0.646067
4   2021-03-09  177  0.389831  0.214689  0.655367
..         ...  ...       ...       ...       ...
877 2024-08-27  223  0.614350  0.829596  0.560538
878 2024-08-28  222  0.585586  0.846847  0.549550
879 2024-08-29  223  0.556054  0.843049  0.524664
880 2024-08-30  223  0.573991  0.838565  0.529148
881 2024-09-03  223  0.533632  0.856502  0.506726

[882 rows x 5 columns]",,,,171,0.02267981959259114,0.07272879986196433,False
I_relative_42_logit_v2_no_market,relative,42,logit,expanding,liquid,v2_no_market,relative,0.1,71345,882,21,0.5587497371925152,0.5422804681477329,0.016469269044782298,0.5123541735702053,0.6035602203206943,160.96984865561112,0.7553241175747676,0.6485260770975056,"           day   n       acc   frac_up      y_up
0   2021-03-03  71  0.492958  0.197183  0.450704
1   2021-03-04  71  0.549296  0.225352  0.450704
2   2021-03-05  71  0.492958  0.267606  0.464789
3   2021-03-08  71  0.521127  0.225352  0.507042
4   2021-03-09  71  0.535211  0.253521  0.549296
..         ...  ..       ...       ...       ...
877 2024-08-27  89  0.606742  0.674157  0.528090
878 2024-08-28  89  0.595506  0.707865  0.505618
879 2024-08-29  89  0.528090  0.696629  0.471910
880 2024-08-30  89  0.629213  0.719101  0.550562
881 2024-09-03  89  0.595506  0.696629  0.516854

[882 rows x 5 columns]",,,,172,0.023266848660839043,0.0746535573760564,False
I_relative_42_logit_v2_no_market,relative,42,logit,expanding,liquid,v2_no_market,relative,0.05,35424,882,21,0.573707091237579,0.5033310749774165,0.07037601626016254,0.5283826157097061,0.6167474985662322,76.30401164560318,0.7043080712615769,0.6428571428571429,"           day   n       acc   frac_up      y_up
0   2021-03-03  35  0.542857  0.285714  0.285714
1   2021-03-04  35  0.600000  0.314286  0.371429
2   2021-03-05  35  0.571429  0.257143  0.285714
3   2021-03-08  35  0.600000  0.285714  0.342857
4   2021-03-09  35  0.714286  0.285714  0.342857
..         ...  ..       ...       ...       ...
877 2024-08-27  44  0.659091  0.431818  0.454545
878 2024-08-28  44  0.681818  0.522727  0.431818
879 2024-08-29  44  0.613636  0.500000  0.477273
880 2024-08-30  44  0.613636  0.522727  0.409091
881 2024-09-03  44  0.568182  0.500000  0.340909

[882 rows x 5 columns]",,,,173,0.022542061953195434,0.07236873737881563,False
I_relative_42_logit_v2_no_market,relative,42,logit,expanding,liquid,v2_no_market,relative,0.02,14004,882,21,0.5890459868608969,0.5741216795201372,0.01492430734075978,0.5456170864817776,0.6334948968692996,29.63916277964574,0.7578174126793575,0.691609977324263,"           day   n       acc   frac_up      y_up
0   2021-03-03  14  0.571429  0.357143  0.071429
1   2021-03-04  14  0.714286  0.357143  0.214286
2   2021-03-05  14  0.714286  0.357143  0.214286
3   2021-03-08  14  0.785714  0.357143  0.142857
4   2021-03-09  14  0.785714  0.357143  0.142857
..         ...  ..       ...       ...       ...
877 2024-08-27  17  0.705882  0.117647  0.294118
878 2024-08-28  17  0.764706  0.176471  0.176471
879 2024-08-29  17  0.705882  0.176471  0.235294
880 2024-08-30  17  0.764706  0.117647  0.117647
881 2024-09-03  17  0.647059  0.176471  0.176471

[882 rows x 5 columns]",,,,174,0.02241780877232703,0.07201007273581023,False
I_relative_42_logit_v2_no_market,relative,42,logit,expanding,liquid,v2_no_market,relative,0.01,6883,882,21,0.6125236088914717,0.6132500363213715,-0.0007264274298998119,0.5605699796659784,0.6617077958903255,20.022295252734935,0.8531138645934564,0.7687074829931972,"           day  n       acc   frac_up      y_up
0   2021-03-03  7  0.571429  0.285714  0.142857
1   2021-03-04  7  0.714286  0.285714  0.285714
2   2021-03-05  7  0.857143  0.285714  0.142857
3   2021-03-08  7  0.857143  0.285714  0.142857
4   2021-03-09  7  0.857143  0.285714  0.142857
..         ... ..       ...       ...       ...
877 2024-08-27  8  0.625000  0.125000  0.250000
878 2024-08-28  8  0.750000  0.125000  0.125000
879 2024-08-29  8  0.750000  0.125000  0.125000
880 2024-08-30  8  0.750000  0.125000  0.125000
881 2024-09-03  8  0.750000  0.125000  0.125000

[882 rows x 5 columns]",,,,175,0.02580046332253751,0.08292178982170015,False
I_relative_42_logit_v2_no_market,relative,42,logit,expanding,liquid,v2_no_market,relative,,8820,882,21,0.5865079365079365,0.5537414965986395,0.03276643990929706,0.5411536281179139,0.6320918367346939,19.7518893561097,0.5,0.735827664399093,,5.0,balanced,0.5,176,0.023198522606321437,0.07460036024821555,False
I_relative_42_logit_v2_no_market,relative,42,logit,expanding,liquid,v2_no_market,relative,,17640,882,21,0.5853741496598639,0.5331065759637188,0.0522675736961451,0.5401927437641724,0.6294260204081633,39.41556809451266,0.5,0.699546485260771,,10.0,balanced,0.5,177,0.022763590980609934,0.07324182997892693,False
I_relative_42_logit_v2_no_market,relative,42,logit,expanding,liquid,v2_no_market,relative,,35280,882,21,0.5693027210884354,0.514030612244898,0.05527210884353739,0.5236344954648526,0.611938066893424,76.87315298568113,0.5,0.6111111111111112,,20.0,balanced,0.5,178,0.02252642128279882,0.07251816960242195,False
I_relative_42_logit_v2_no_market,relative,42,logit,expanding,liquid,v2_no_market,relative,,70560,882,21,0.5527777777777778,0.5020691609977325,0.050708616780045346,0.5085455640589569,0.594000496031746,139.28558893740473,0.5,0.5215419501133787,,40.0,balanced,0.5,179,0.02179972754407885,0.0702166876090205,False
I_relative_42_logit_v2_no_market,relative,42,logit,expanding,liquid,v2_no_market,relative,,141120,882,21,0.5374716553287981,0.5224631519274376,0.015008503401360507,0.4976045209750567,0.5752416383219955,231.12115647205644,0.5,0.3356009070294785,,80.0,balanced,0.5,180,0.01980538707830071,0.0638271847912226,False
I_extremes20_42_ens_lh_v2_no_market,extremes20,42,ens_lh,expanding,liquid,v2_no_market,relative,1.0,717587,882,21,0.5343352095286007,0.5550825196108625,-0.020747310082261827,0.5108930196655231,0.5572529246946261,416.63370938721346,0.8165646138482348,0.7732426303854876,"           day    n       acc   frac_up      y_up
0   2021-03-03  713  0.308555  0.201964  0.660589
1   2021-03-04  713  0.309958  0.206171  0.652174
2   2021-03-05  713  0.330996  0.230014  0.652174
3   2021-03-08  712  0.323034  0.213483  0.679775
4   2021-03-09  711  0.309423  0.233474  0.682138
..         ...  ...       ...       ...       ...
877 2024-08-27  892  0.567265  0.880045  0.543722
878 2024-08-28  891  0.547699  0.887767  0.534231
879 2024-08-29  893  0.544233  0.892497  0.533035
880 2024-08-30  895  0.540782  0.886034  0.527374
881 2024-09-03  894  0.523490  0.888143  0.525727

[882 rows x 5 columns]",,,,181,0.011826506384975235,0.038133824943701496,False
I_extremes20_42_ens_lh_v2_no_market,extremes20,42,ens_lh,expanding,liquid,v2_no_market,relative,0.5,358570,882,21,0.5474328582982402,0.5755389463703042,-0.02810608807206405,0.5116148752242698,0.5820802274278993,481.99173514226294,0.8855067711301663,0.7040816326530612,"           day    n       acc   frac_up      y_up
0   2021-03-03  356  0.193820  0.061798  0.800562
1   2021-03-04  356  0.216292  0.087079  0.792135
2   2021-03-05  356  0.210674  0.095506  0.783708
3   2021-03-08  356  0.205056  0.087079  0.797753
4   2021-03-09  355  0.205634  0.101408  0.805634
..         ...  ...       ...       ...       ...
877 2024-08-27  446  0.580717  0.957399  0.551570
878 2024-08-28  445  0.552809  0.957303  0.528090
879 2024-08-29  446  0.531390  0.955157  0.508969
880 2024-08-30  447  0.543624  0.959732  0.521253
881 2024-09-03  447  0.525727  0.957494  0.505593

[882 rows x 5 columns]",,,,182,0.017975855153987114,0.05799272027707262,False
I_extremes20_42_ens_lh_v2_no_market,extremes20,42,ens_lh,expanding,liquid,v2_no_market,relative,0.25,179070,882,21,0.5430222817892444,0.5654548500586363,-0.022432568269391884,0.5008625598069951,0.5850933794242326,335.0114800274047,0.887482806434027,0.6496598639455783,"           day    n       acc   frac_up      y_up
0   2021-03-03  178  0.151685  0.033708  0.837079
1   2021-03-04  178  0.168539  0.039326  0.825843
2   2021-03-05  178  0.174157  0.050562  0.831461
3   2021-03-08  178  0.168539  0.033708  0.831461
4   2021-03-09  177  0.180791  0.056497  0.807910
..         ...  ...       ...       ...       ...
877 2024-08-27  223  0.614350  0.946188  0.578475
878 2024-08-28  222  0.549550  0.950450  0.518018
879 2024-08-29  223  0.515695  0.946188  0.488789
880 2024-08-30  223  0.547085  0.950673  0.524664
881 2024-09-03  223  0.520179  0.946188  0.484305

[882 rows x 5 columns]",,,,183,0.021487453983989144,0.0693581341643482,False
I_extremes20_42_ens_lh_v2_no_market,extremes20,42,ens_lh,expanding,liquid,v2_no_market,relative,0.1,71345,882,21,0.5386502207582872,0.5479711262176746,-0.009320905459387463,0.48909607480834827,0.5852813043171642,174.05830488168272,0.8763301668544213,0.6099773242630385,"           day   n       acc   frac_up      y_up
0   2021-03-03  71  0.126761  0.070423  0.830986
1   2021-03-04  71  0.211268  0.084507  0.788732
2   2021-03-05  71  0.169014  0.070423  0.816901
3   2021-03-08  71  0.183099  0.056338  0.816901
4   2021-03-09  71  0.183099  0.056338  0.816901
..         ...  ..       ...       ...       ...
877 2024-08-27  89  0.606742  0.910112  0.539326
878 2024-08-28  89  0.561798  0.932584  0.516854
879 2024-08-29  89  0.561798  0.910112  0.516854
880 2024-08-30  89  0.550562  0.921348  0.516854
881 2024-09-03  89  0.494382  0.932584  0.449438

[882 rows x 5 columns]",,,,184,0.024537048344085693,0.07924316220851578,False
I_extremes20_42_ens_lh_v2_no_market,extremes20,42,ens_lh,expanding,liquid,v2_no_market,relative,0.05,35424,882,21,0.5454211833785004,0.5375169376693767,0.007904245709123736,0.49103729631230164,0.5958529769430752,102.82036938949335,0.8573435913808309,0.5804988662131519,"           day   n       acc   frac_up      y_up
0   2021-03-03  35  0.085714  0.057143  0.857143
1   2021-03-04  35  0.257143  0.142857  0.714286
2   2021-03-05  35  0.257143  0.114286  0.742857
3   2021-03-08  35  0.171429  0.114286  0.828571
4   2021-03-09  35  0.171429  0.114286  0.828571
..         ...  ..       ...       ...       ...
877 2024-08-27  44  0.636364  0.886364  0.522727
878 2024-08-28  44  0.568182  0.909091  0.477273
879 2024-08-29  44  0.522727  0.886364  0.454545
880 2024-08-30  44  0.545455  0.931818  0.522727
881 2024-09-03  44  0.500000  0.931818  0.431818

[882 rows x 5 columns]",,,,185,0.02673869403846263,0.08639830902589808,False
I_extremes20_42_ens_lh_v2_no_market,extremes20,42,ens_lh,expanding,liquid,v2_no_market,relative,0.02,14004,882,21,0.5459154527277921,0.5087832047986289,0.03713224792916314,0.4868434518826348,0.6033153918826614,49.21525221449219,0.8227075353951104,0.5839002267573696,"           day   n       acc   frac_up      y_up
0   2021-03-03  14  0.142857  0.071429  0.785714
1   2021-03-04  14  0.357143  0.142857  0.785714
2   2021-03-05  14  0.357143  0.214286  0.714286
3   2021-03-08  14  0.214286  0.142857  0.785714
4   2021-03-09  14  0.142857  0.214286  0.785714
..         ...  ..       ...       ...       ...
877 2024-08-27  17  0.588235  0.882353  0.470588
878 2024-08-28  17  0.411765  0.882353  0.294118
879 2024-08-29  17  0.411765  0.882353  0.294118
880 2024-08-30  17  0.588235  0.882353  0.470588
881 2024-09-03  17  0.470588  0.882353  0.352941

[882 rows x 5 columns]",,,,186,0.02971222959184352,0.09605598205919381,False
I_extremes20_42_ens_lh_v2_no_market,extremes20,42,ens_lh,expanding,liquid,v2_no_market,relative,0.01,6883,882,21,0.549905564434113,0.5086444864158071,0.04126107801830592,0.48729207114674017,0.6109206474268539,27.6541251898009,0.7883260447035956,0.5136054421768708,"           day  n       acc   frac_up      y_up
0   2021-03-03  7  0.000000  0.000000  1.000000
1   2021-03-04  7  0.428571  0.142857  0.714286
2   2021-03-05  7  0.285714  0.142857  0.857143
3   2021-03-08  7  0.142857  0.142857  1.000000
4   2021-03-09  7  0.000000  0.285714  0.714286
..         ... ..       ...       ...       ...
877 2024-08-27  8  0.500000  0.750000  0.250000
878 2024-08-28  8  0.500000  0.750000  0.250000
879 2024-08-29  8  0.500000  0.750000  0.250000
880 2024-08-30  8  0.625000  0.750000  0.375000
881 2024-09-03  8  0.500000  0.750000  0.250000

[882 rows x 5 columns]",,,,187,0.03153790211227392,0.10201045097531325,False
I_extremes20_42_ens_lh_v2_no_market,extremes20,42,ens_lh,expanding,liquid,v2_no_market,relative,,8820,882,21,0.5662131519274376,0.5497732426303855,0.01643990929705208,0.5104280045351475,0.6268849206349206,30.12878463754807,0.5,0.7222222222222222,,5.0,balanced,0.5,188,0.029708396964227845,0.0961418253522376,False
I_extremes20_42_ens_lh_v2_no_market,extremes20,42,ens_lh,expanding,liquid,v2_no_market,relative,,17640,882,21,0.5641723356009071,0.5404761904761904,0.023696145124716628,0.5107114512471655,0.620015589569161,57.096055216430656,0.5,0.7018140589569161,,10.0,balanced,0.5,189,0.02788370875561109,0.09028249739036535,False
I_extremes20_42_ens_lh_v2_no_market,extremes20,42,ens_lh,expanding,liquid,v2_no_market,relative,,35280,882,21,0.5554421768707483,0.5116780045351474,0.043764172335600815,0.5057242063492063,0.6045089285714286,90.97222050608303,0.5,0.5895691609977324,,20.0,balanced,0.5,190,0.025200184240362813,0.08163478289711179,False
I_extremes20_42_ens_lh_v2_no_market,extremes20,42,ens_lh,expanding,liquid,v2_no_market,relative,,70560,882,21,0.5418792517006803,0.5031604308390023,0.038718820861677994,0.49596088435374147,0.5853652919501133,152.2317147007215,0.5,0.5011337868480725,,40.0,balanced,0.5,191,0.022807246835809147,0.07391992611505306,False
I_extremes20_42_ens_lh_v2_no_market,extremes20,42,ens_lh,expanding,liquid,v2_no_market,relative,,141120,882,21,0.5324617346938776,0.5135558390022675,0.018905895691610053,0.4931202168367347,0.5706499787414966,222.16176851548352,0.5,0.40476190476190477,,80.0,balanced,0.5,192,0.01977800048590865,0.06413377895246235,False
I_extremes20_42_ens_lh_v2_all,extremes20,42,ens_lh,expanding,liquid,v2_all,relative,1.0,717587,882,21,0.5330294445133482,0.5550908809663497,-0.022061436453001515,0.5090207615235622,0.5555879881829031,421.62288647181026,0.830110070106412,0.746031746031746,"           day    n       acc   frac_up      y_up
0   2021-03-03  713  0.316971  0.154278  0.660589
1   2021-03-04  713  0.318373  0.200561  0.652174
2   2021-03-05  713  0.342216  0.238429  0.652174
3   2021-03-08  712  0.323034  0.227528  0.679775
4   2021-03-09  711  0.312236  0.241913  0.682138
..         ...  ...       ...       ...       ...
877 2024-08-27  892  0.556054  0.880045  0.543722
878 2024-08-28  891  0.542088  0.888889  0.534231
879 2024-08-29  893  0.539754  0.896976  0.533035
880 2024-08-30  895  0.537430  0.896089  0.527374
881 2024-09-03  894  0.523490  0.890380  0.525727

[882 rows x 5 columns]",,,,193,0.011879394555954305,0.038540132809397706,False
I_extremes20_42_ens_lh_v2_all,extremes20,42,ens_lh,expanding,liquid,v2_all,relative,0.5,358570,882,21,0.5482667261622556,0.5777951306578911,-0.02952840449563554,0.5130870850302879,0.5830757966377709,466.7489546287949,0.8964485507989661,0.6961451247165533,"           day    n       acc   frac_up      y_up
0   2021-03-03  356  0.162921  0.019663  0.828652
1   2021-03-04  356  0.202247  0.053371  0.811798
2   2021-03-05  356  0.238764  0.112360  0.766854
3   2021-03-08  356  0.233146  0.103933  0.775281
4   2021-03-09  355  0.239437  0.123944  0.777465
..         ...  ...       ...       ...       ...
877 2024-08-27  446  0.580717  0.957399  0.556054
878 2024-08-28  445  0.543820  0.964045  0.521348
879 2024-08-29  446  0.533632  0.964126  0.515695
880 2024-08-30  447  0.550336  0.959732  0.532438
881 2024-09-03  447  0.523490  0.959732  0.505593

[882 rows x 5 columns]",,,,194,0.017854263165174234,0.05795273891167684,False
I_extremes20_42_ens_lh_v2_all,extremes20,42,ens_lh,expanding,liquid,v2_all,relative,0.25,179070,882,21,0.5452225386720277,0.5702741944490981,-0.02505165577707036,0.5036811303458875,0.5849841658659986,316.96737490136763,0.8916092997055174,0.6473922902494331,"           day    n       acc   frac_up      y_up
0   2021-03-03  178  0.140449  0.016854  0.853933
1   2021-03-04  178  0.174157  0.033708  0.825843
2   2021-03-05  178  0.207865  0.067416  0.803371
3   2021-03-08  178  0.191011  0.044944  0.797753
4   2021-03-09  177  0.225989  0.084746  0.779661
..         ...  ...       ...       ...       ...
877 2024-08-27  223  0.600897  0.955157  0.573991
878 2024-08-28  222  0.531532  0.954955  0.504505
879 2024-08-29  223  0.520179  0.968610  0.497758
880 2024-08-30  223  0.542601  0.955157  0.515695
881 2024-09-03  223  0.493274  0.959641  0.461883

[882 rows x 5 columns]",,,,195,0.020740570285742624,0.06735418089210661,False
I_extremes20_42_ens_lh_v2_all,extremes20,42,ens_lh,expanding,liquid,v2_all,relative,0.1,71345,882,21,0.5394771883103231,0.5487980937697106,-0.009320905459387463,0.49394641818248297,0.5845728215351694,155.351478272842,0.870253516213693,0.6031746031746031,"           day   n       acc   frac_up      y_up
0   2021-03-03  71  0.098592  0.014085  0.887324
1   2021-03-04  71  0.183099  0.042254  0.830986
2   2021-03-05  71  0.253521  0.070423  0.760563
3   2021-03-08  71  0.239437  0.070423  0.774648
4   2021-03-09  71  0.197183  0.070423  0.816901
..         ...  ..       ...       ...       ...
877 2024-08-27  89  0.595506  0.943820  0.561798
878 2024-08-28  89  0.584270  0.955056  0.539326
879 2024-08-29  89  0.561798  0.955056  0.516854
880 2024-08-30  89  0.561798  0.955056  0.539326
881 2024-09-03  89  0.483146  0.966292  0.449438

[882 rows x 5 columns]",,,,196,0.023118980447113892,0.07511437979361706,False
I_extremes20_42_ens_lh_v2_all,extremes20,42,ens_lh,expanding,liquid,v2_all,relative,0.05,35424,882,21,0.5400858175248419,0.5352868112014454,0.004799006323396471,0.4919673331198435,0.5874368876713891,89.79994427881745,0.8516634507382537,0.5873015873015873,"           day   n       acc   frac_up      y_up
0   2021-03-03  35  0.114286  0.000000  0.885714
1   2021-03-04  35  0.200000  0.028571  0.828571
2   2021-03-05  35  0.257143  0.085714  0.771429
3   2021-03-08  35  0.228571  0.085714  0.800000
4   2021-03-09  35  0.200000  0.114286  0.800000
..         ...  ..       ...       ...       ...
877 2024-08-27  44  0.636364  0.909091  0.590909
878 2024-08-28  44  0.522727  0.931818  0.454545
879 2024-08-29  44  0.522727  0.931818  0.454545
880 2024-08-30  44  0.590909  0.931818  0.522727
881 2024-09-03  44  0.386364  0.931818  0.318182

[882 rows x 5 columns]",,,,197,0.024354478201924913,0.07916669343139084,False
I_extremes20_42_ens_lh_v2_all,extremes20,42,ens_lh,expanding,liquid,v2_all,relative,0.02,14004,882,21,0.5374178806055413,0.4975721222507855,0.03984575835475579,0.478245403273065,0.5943441506991863,48.18630642971444,0.8218328998265972,0.5566893424036281,"           day   n       acc   frac_up      y_up
0   2021-03-03  14  0.214286  0.000000  0.785714
1   2021-03-04  14  0.357143  0.071429  0.714286
2   2021-03-05  14  0.428571  0.214286  0.642857
3   2021-03-08  14  0.428571  0.142857  0.714286
4   2021-03-09  14  0.214286  0.214286  0.714286
..         ...  ..       ...       ...       ...
877 2024-08-27  17  0.588235  0.882353  0.470588
878 2024-08-28  17  0.470588  0.882353  0.352941
879 2024-08-29  17  0.470588  0.882353  0.352941
880 2024-08-30  17  0.470588  0.882353  0.352941
881 2024-09-03  17  0.470588  0.882353  0.352941

[882 rows x 5 columns]",,,,198,0.029617027404622798,0.09631926355857338,False
I_extremes20_42_ens_lh_v2_all,extremes20,42,ens_lh,expanding,liquid,v2_all,relative,0.01,6883,882,21,0.5480168531163737,0.5103879122475665,0.03762894086880719,0.48320228117947467,0.6135629768996143,29.28141019136033,0.8063856494978945,0.5226757369614512,"           day  n       acc   frac_up      y_up
0   2021-03-03  7  0.428571  0.000000  0.571429
1   2021-03-04  7  0.714286  0.142857  0.428571
2   2021-03-05  7  0.714286  0.285714  0.571429
3   2021-03-08  7  0.428571  0.142857  0.714286
4   2021-03-09  7  0.285714  0.142857  0.571429
..         ... ..       ...       ...       ...
877 2024-08-27  8  0.750000  0.750000  0.500000
878 2024-08-28  8  0.625000  0.750000  0.375000
879 2024-08-29  8  0.500000  0.875000  0.375000
880 2024-08-30  8  0.625000  0.750000  0.375000
881 2024-09-03  8  0.500000  0.750000  0.250000

[882 rows x 5 columns]",,,,199,0.03325527952044377,0.10820293784561039,False
I_extremes20_42_ens_lh_v2_all,extremes20,42,ens_lh,expanding,liquid,v2_all,relative,,8820,882,21,0.56859410430839,0.5487528344671202,0.01984126984126977,0.5104024943310658,0.6292545351473923,31.86335157412781,0.5,0.7131519274376418,,5.0,balanced,0.5,200,0.03031939816743023,0.09869713785295915,False
I_extremes20_42_ens_lh_v2_all,extremes20,42,ens_lh,expanding,liquid,v2_all,relative,,17640,882,21,0.5585600907029479,0.539172335600907,0.019387755102040827,0.5077480158730159,0.6132100340136054,52.128530233979774,0.5,0.7052154195011338,,10.0,balanced,0.5,201,0.02690357605627284,0.08761900301719,False
I_extremes20_42_ens_lh_v2_all,extremes20,42,ens_lh,expanding,liquid,v2_all,relative,,35280,882,21,0.549546485260771,0.5178571428571429,0.031689342403628085,0.5020960884353741,0.5964873866213152,83.9412073264646,0.5,0.6054421768707483,,20.0,balanced,0.5,202,0.024079412802535984,0.07845801172118255,False
I_extremes20_42_ens_lh_v2_all,extremes20,42,ens_lh,expanding,liquid,v2_all,relative,,70560,882,21,0.5425736961451247,0.5001984126984127,0.04237528344671204,0.49923469387755104,0.5847937925170068,137.66218805232984,0.5,0.5102040816326531,,40.0,balanced,0.5,203,0.021826300673330554,0.07114976300413665,False
I_extremes20_42_ens_lh_v2_all,extremes20,42,ens_lh,expanding,liquid,v2_all,relative,,141120,882,21,0.5339427437641724,0.5159155328798186,0.018027210884353773,0.49436578798185943,0.5718773030045352,220.03577029154903,0.5,0.3786848072562358,,80.0,balanced,0.5,204,0.019773345669049945,0.06448730423612255,False
I_extremes20_21_ens_lh_v2_no_market,extremes20,21,ens_lh,expanding,liquid,v2_no_market,relative,1.0,830525,1008,48,0.5333891213389121,0.5443376177718913,-0.010948496432979127,0.5171583879840072,0.5486397458972869,217.1039267746546,0.8170799344086602,0.7281746031746031,"            day    n       acc   frac_up      y_up
0    2021-02-01  699  0.467811  0.228898  0.500715
1    2021-02-02  699  0.442060  0.217454  0.520744
2    2021-02-03  699  0.406295  0.200286  0.562232
3    2021-02-04  700  0.398571  0.211429  0.552857
4    2021-02-05  701  0.389444  0.203994  0.563481
...         ...  ...       ...       ...       ...
1003 2025-01-29  898  0.554566  0.857461  0.496659
1004 2025-01-30  897  0.566332  0.868450  0.510591
1005 2025-01-31  898  0.546771  0.863029  0.496659
1006 2025-02-03  898  0.557906  0.858575  0.507795
1007 2025-02-04  899  0.550612  0.862069  0.503893

[1008 rows x 5 columns]",,,,205,0.00803095865134688,0.02620360401934644,False
I_extremes20_21_ens_lh_v2_no_market,extremes20,21,ens_lh,expanding,liquid,v2_no_market,relative,0.5,414995,1008,48,0.5466355016325498,0.5619730358197087,-0.015337534187158886,0.5214199443914828,0.5704826634869271,264.9772630922697,0.891571699157302,0.6934523809523809,"            day    n       acc   frac_up      y_up
0    2021-02-01  349  0.464183  0.114613  0.489971
1    2021-02-02  349  0.435530  0.108883  0.524355
2    2021-02-03  349  0.389685  0.085960  0.570201
3    2021-02-04  350  0.362857  0.094286  0.588571
4    2021-02-05  350  0.357143  0.091429  0.602857
...         ...  ...       ...       ...       ...
1003 2025-01-29  449  0.650334  0.957684  0.621381
1004 2025-01-30  448  0.696429  0.957589  0.685268
1005 2025-01-31  449  0.652561  0.962138  0.645880
1006 2025-02-03  449  0.650334  0.964365  0.636971
1007 2025-02-04  449  0.668151  0.962138  0.657016

[1008 rows x 5 columns]",,,,206,0.012515999769246009,0.04085616563022351,False
I_extremes20_21_ens_lh_v2_no_market,extremes20,21,ens_lh,expanding,liquid,v2_no_market,relative,0.25,207241,1008,48,0.5553341278994022,0.5677447995329109,-0.01241067163350873,0.5241845324162923,0.585756489952109,204.63882071749003,0.8970864556644563,0.6329365079365079,"            day    n       acc   frac_up      y_up
0    2021-02-01  174  0.517241  0.080460  0.482759
1    2021-02-02  174  0.477011  0.080460  0.511494
2    2021-02-03  174  0.431034  0.080460  0.557471
3    2021-02-04  175  0.382857  0.080000  0.582857
4    2021-02-05  175  0.388571  0.074286  0.605714
...         ...  ...       ...       ...       ...
1003 2025-01-29  224  0.741071  0.964286  0.705357
1004 2025-01-30  224  0.794643  0.973214  0.767857
1005 2025-01-31  224  0.758929  0.964286  0.732143
1006 2025-02-03  224  0.758929  0.959821  0.736607
1007 2025-02-04  224  0.812500  0.964286  0.794643

[1008 rows x 5 columns]",,,,207,0.015707132024443057,0.05129632277934515,False
I_extremes20_21_ens_lh_v2_no_market,extremes20,21,ens_lh,expanding,liquid,v2_no_market,relative,0.1,82572,1008,48,0.5603231119507823,0.5609165334495955,-0.0005934214988131403,0.5217457544018602,0.5985533720452793,124.21780884699145,0.8805059485463305,0.5873015873015873,"            day   n       acc   frac_up      y_up
0    2021-02-01  69  0.637681  0.130435  0.347826
1    2021-02-02  69  0.463768  0.115942  0.536232
2    2021-02-03  69  0.405797  0.072464  0.579710
3    2021-02-04  70  0.328571  0.114286  0.642857
4    2021-02-05  70  0.357143  0.114286  0.614286
...         ...  ..       ...       ...       ...
1003 2025-01-29  89  0.831461  0.943820  0.775281
1004 2025-01-30  89  0.887640  0.943820  0.831461
1005 2025-01-31  89  0.865169  0.932584  0.820225
1006 2025-02-03  89  0.853933  0.932584  0.808989
1007 2025-02-04  89  0.898876  0.921348  0.842697

[1008 rows x 5 columns]",,,,208,0.019593780011076284,0.06401823830176669,False
I_extremes20_21_ens_lh_v2_no_market,extremes20,21,ens_lh,expanding,liquid,v2_no_market,relative,0.05,40985,1008,48,0.5641820178113944,0.547980968647066,0.016201049164328407,0.520872346963394,0.6072771190268955,74.83857336240806,0.8576376686166279,0.5694444444444444,"            day   n       acc   frac_up      y_up
0    2021-02-01  34  0.676471  0.147059  0.235294
1    2021-02-02  34  0.441176  0.117647  0.558824
2    2021-02-03  34  0.411765  0.088235  0.558824
3    2021-02-04  35  0.400000  0.085714  0.571429
4    2021-02-05  35  0.485714  0.085714  0.485714
...         ...  ..       ...       ...       ...
1003 2025-01-29  44  0.909091  0.909091  0.818182
1004 2025-01-30  44  0.977273  0.886364  0.863636
1005 2025-01-31  44  0.931818  0.863636  0.840909
1006 2025-02-03  44  0.886364  0.863636  0.795455
1007 2025-02-04  44  0.909091  0.863636  0.818182

[1008 rows x 5 columns]",,,,209,0.02204203368966875,0.0720497018707984,False
I_extremes20_21_ens_lh_v2_no_market,extremes20,21,ens_lh,expanding,liquid,v2_no_market,relative,0.02,16227,1008,48,0.569113206384421,0.5265298576446663,0.04258334873975467,0.5221263754257431,0.6147428604979063,34.487389738650975,0.8022771056428271,0.5466269841269841,"            day   n       acc   frac_up      y_up
0    2021-02-01  13  0.692308  0.076923  0.230769
1    2021-02-02  13  0.384615  0.000000  0.615385
2    2021-02-03  13  0.384615  0.000000  0.615385
3    2021-02-04  14  0.285714  0.000000  0.714286
4    2021-02-05  14  0.357143  0.071429  0.571429
...         ...  ..       ...       ...       ...
1003 2025-01-29  17  0.882353  0.823529  0.705882
1004 2025-01-30  17  1.000000  0.823529  0.823529
1005 2025-01-31  17  1.000000  0.764706  0.764706
1006 2025-02-03  17  0.941176  0.823529  0.764706
1007 2025-02-04  17  0.882353  0.705882  0.705882

[1008 rows x 5 columns]",,,,210,0.023626654355143658,0.07726391043653993,False
I_extremes20_21_ens_lh_v2_no_market,extremes20,21,ens_lh,expanding,liquid,v2_no_market,relative,0.01,7972,1008,48,0.5801555444054189,0.5046412443552434,0.07551430005017556,0.5262023254851382,0.6288234713018951,21.291031915666252,0.7671406525573192,0.5009920634920635,"            day  n       acc   frac_up      y_up
0    2021-02-01  6  0.666667  0.000000  0.333333
1    2021-02-02  6  0.333333  0.000000  0.666667
2    2021-02-03  6  0.333333  0.000000  0.666667
3    2021-02-04  7  0.428571  0.000000  0.571429
4    2021-02-05  7  0.428571  0.142857  0.428571
...         ... ..       ...       ...       ...
1003 2025-01-29  8  1.000000  0.750000  0.750000
1004 2025-01-30  8  1.000000  0.750000  0.750000
1005 2025-01-31  8  1.000000  0.625000  0.625000
1006 2025-02-03  8  1.000000  0.625000  0.625000
1007 2025-02-04  8  1.000000  0.750000  0.750000

[1008 rows x 5 columns]",,,,211,0.026178863728764504,0.08564816971548737,False
I_extremes20_21_ens_lh_v2_no_market,extremes20,21,ens_lh,expanding,liquid,v2_no_market,relative,,10080,1008,48,0.591765873015873,0.5361111111111111,0.05565476190476193,0.5492038690476191,0.6315525793650794,17.425481820057257,0.5,0.6706349206349206,,5.0,balanced,0.5,212,0.0210073240605766,0.06875903688805893,False
I_extremes20_21_ens_lh_v2_no_market,extremes20,21,ens_lh,expanding,liquid,v2_no_market,relative,,20160,1008,48,0.5780753968253968,0.5255952380952381,0.052480158730158655,0.5396750992063492,0.616171875,30.626062244781753,0.5,0.6349206349206349,,10.0,balanced,0.5,213,0.019514483620829307,0.063900874120312,False
I_extremes20_21_ens_lh_v2_no_market,extremes20,21,ens_lh,expanding,liquid,v2_no_market,relative,,40320,1008,48,0.5651537698412699,0.5093998015873016,0.05575396825396828,0.5299590773809524,0.5999503968253969,50.05867790043909,0.5,0.5753968253968254,,20.0,balanced,0.5,214,0.017854928429705225,0.05849213518949882,False
I_extremes20_21_ens_lh_v2_no_market,extremes20,21,ens_lh,expanding,liquid,v2_no_market,relative,,80640,1008,48,0.5571056547619048,0.5051215277777777,0.05198412698412702,0.5234325396825397,0.588967013888889,88.65727139064373,0.5,0.5138888888888888,,40.0,balanced,0.5,215,0.016717978113864614,0.054791310938595544,False
I_extremes20_21_ens_lh_v2_no_market,extremes20,21,ens_lh,expanding,liquid,v2_no_market,relative,,161280,1008,48,0.5482948908730159,0.5166976686507937,0.031597222222222165,0.5182107204861112,0.5774930245535714,141.27971912808832,0.5,0.43253968253968256,,80.0,balanced,0.5,216,0.01512303675190313,0.049585476034755244,False
I_extremes20_63_logit_v2_all,extremes20,63,logit,expanding,liquid,v2_all,relative,1.0,718940,882,14,0.5188680557487412,0.5610871560909116,-0.04221910034217047,0.4826901750265659,0.5513589261901098,880.7724272908454,0.8499845713248414,0.7006802721088435,"           day    n       acc   frac_up      y_up
0   2021-04-01  708  0.422316  0.158192  0.583333
1   2021-04-05  707  0.431400  0.138614  0.574257
2   2021-04-06  709  0.406206  0.143865  0.576869
3   2021-04-07  710  0.392958  0.136620  0.591549
4   2021-04-08  710  0.388732  0.177465  0.597183
..         ...  ...       ...       ...       ...
877 2024-09-26  896  0.503348  0.931920  0.477679
878 2024-09-27  898  0.487751  0.924276  0.469933
879 2024-09-30  898  0.504454  0.915367  0.477728
880 2024-10-01  900  0.492222  0.916667  0.466667
881 2024-10-02  901  0.492786  0.920089  0.463929

[882 rows x 5 columns]",,,,217,0.017517538562128555,0.05746125072818641,False
I_extremes20_63_logit_v2_all,extremes20,63,logit,expanding,liquid,v2_all,relative,0.5,359255,882,14,0.5324713643512269,0.5849020890453855,-0.05243072469415866,0.48266451157567514,0.5768777559492915,841.0646047927268,0.912165638446721,0.6609977324263039,"           day    n       acc   frac_up      y_up
0   2021-04-01  354  0.406780  0.056497  0.581921
1   2021-04-05  353  0.402266  0.042493  0.589235
2   2021-04-06  354  0.398305  0.042373  0.593220
3   2021-04-07  355  0.388732  0.042254  0.614085
4   2021-04-08  355  0.357746  0.081690  0.639437
..         ...  ...       ...       ...       ...
877 2024-09-26  448  0.500000  0.966518  0.479911
878 2024-09-27  449  0.496659  0.962138  0.476615
879 2024-09-30  449  0.498886  0.959911  0.472160
880 2024-10-01  450  0.464444  0.957778  0.440000
881 2024-10-02  450  0.457778  0.960000  0.440000

[882 rows x 5 columns]",,,,218,0.02403399091163682,0.07887027988181884,False
I_extremes20_63_logit_v2_all,extremes20,63,logit,expanding,liquid,v2_all,relative,0.25,179401,882,14,0.5432299708474312,0.5884861288398615,-0.045256157992430324,0.4877119294136253,0.5918729973338797,505.73007295433894,0.9083782108094562,0.6496598639455783,"           day    n       acc   frac_up      y_up
0   2021-04-01  177  0.480226  0.050847  0.525424
1   2021-04-05  176  0.460227  0.034091  0.551136
2   2021-04-06  177  0.463277  0.033898  0.548023
3   2021-04-07  177  0.435028  0.033898  0.587571
4   2021-04-08  177  0.355932  0.050847  0.649718
..         ...  ...       ...       ...       ...
877 2024-09-26  224  0.486607  0.968750  0.473214
878 2024-09-27  224  0.482143  0.946429  0.446429
879 2024-09-30  224  0.522321  0.933036  0.473214
880 2024-10-01  225  0.493333  0.933333  0.453333
881 2024-10-02  225  0.493333  0.946667  0.457778

[882 rows x 5 columns]",,,,219,0.026571701000064892,0.08723511477359634,False
I_extremes20_63_logit_v2_all,extremes20,63,logit,expanding,liquid,v2_all,relative,0.1,71488,882,14,0.5597163160250671,0.5791181736794987,-0.019401857654431587,0.5051827416992156,0.6092811716348456,206.07061450679652,0.8810762693853257,0.6700680272108843,"           day   n       acc   frac_up      y_up
0   2021-04-01  70  0.642857  0.057143  0.414286
1   2021-04-05  70  0.600000  0.057143  0.428571
2   2021-04-06  70  0.600000  0.071429  0.442857
3   2021-04-07  71  0.563380  0.070423  0.478873
4   2021-04-08  71  0.450704  0.056338  0.577465
..         ...  ..       ...       ...       ...
877 2024-09-26  89  0.505618  0.943820  0.494382
878 2024-09-27  89  0.494382  0.898876  0.438202
879 2024-09-30  89  0.595506  0.887640  0.505618
880 2024-10-01  90  0.566667  0.877778  0.488889
881 2024-10-02  90  0.533333  0.888889  0.466667

[882 rows x 5 columns]",,,,220,0.026555721922354596,0.08721949880536495,False
I_extremes20_63_logit_v2_all,extremes20,63,logit,expanding,liquid,v2_all,relative,0.05,35519,882,14,0.5678087784002928,0.5552802725301951,0.012528505870097684,0.5159467743923996,0.6161314348170203,93.35118467859331,0.8519323393416368,0.6235827664399093,"           day   n       acc   frac_up      y_up
0   2021-04-01  35  0.771429  0.114286  0.342857
1   2021-04-05  35  0.685714  0.085714  0.342857
2   2021-04-06  35  0.685714  0.085714  0.400000
3   2021-04-07  35  0.657143  0.085714  0.428571
4   2021-04-08  35  0.571429  0.114286  0.485714
..         ...  ..       ...       ...       ...
877 2024-09-26  44  0.500000  0.886364  0.477273
878 2024-09-27  44  0.500000  0.818182  0.409091
879 2024-09-30  44  0.590909  0.772727  0.409091
880 2024-10-01  45  0.555556  0.755556  0.400000
881 2024-10-02  45  0.511111  0.777778  0.377778

[882 rows x 5 columns]",,,,221,0.025557311332811406,0.0839756059610651,False
I_extremes20_63_logit_v2_all,extremes20,63,logit,expanding,liquid,v2_all,relative,0.02,13999,882,14,0.5679691406529038,0.5017501250089292,0.06621901564397459,0.5162795391064637,0.619254559424645,37.350238737677095,0.7999534602200669,0.546485260770975,"           day   n       acc   frac_up      y_up
0   2021-04-01  14  0.785714  0.142857  0.357143
1   2021-04-05  14  0.714286  0.071429  0.357143
2   2021-04-06  14  0.714286  0.142857  0.428571
3   2021-04-07  14  0.785714  0.142857  0.357143
4   2021-04-08  14  0.714286  0.214286  0.500000
..         ...  ..       ...       ...       ...
877 2024-09-26  17  0.588235  0.705882  0.529412
878 2024-09-27  17  0.529412  0.647059  0.411765
879 2024-09-30  17  0.647059  0.588235  0.352941
880 2024-10-01  18  0.611111  0.555556  0.388889
881 2024-10-02  18  0.722222  0.500000  0.444444

[882 rows x 5 columns]",,,,222,0.026269137836270738,0.08635059500500691,False
I_extremes20_63_logit_v2_all,extremes20,63,logit,expanding,liquid,v2_all,relative,0.01,6887,882,14,0.5777551909394512,0.5475533614055467,0.03020182953390449,0.5264078619981267,0.6305172081636908,19.08739098341477,0.778441403016233,0.5532879818594104,"           day  n       acc   frac_up      y_up
0   2021-04-01  7  0.857143  0.000000  0.142857
1   2021-04-05  7  0.714286  0.000000  0.285714
2   2021-04-06  7  0.857143  0.000000  0.142857
3   2021-04-07  7  0.714286  0.142857  0.428571
4   2021-04-08  7  0.714286  0.285714  0.571429
..         ... ..       ...       ...       ...
877 2024-09-26  8  0.375000  0.500000  0.375000
878 2024-09-27  8  0.500000  0.375000  0.375000
879 2024-09-30  8  0.750000  0.250000  0.250000
880 2024-10-01  9  0.777778  0.111111  0.333333
881 2024-10-02  9  0.777778  0.000000  0.222222

[882 rows x 5 columns]",,,,223,0.026558506674888804,0.0873380986098534,False
I_extremes20_63_logit_v2_all,extremes20,63,logit,expanding,liquid,v2_all,relative,,8820,882,14,0.58718820861678,0.5811791383219954,0.006009070294784591,0.5320861678004535,0.6445578231292517,29.329022265268406,0.5,0.782312925170068,,5.0,balanced,0.5,224,0.02869174880836689,0.09439233072391005,False
I_extremes20_63_logit_v2_all,extremes20,63,logit,expanding,liquid,v2_all,relative,,17640,882,14,0.5786848072562358,0.5437641723356009,0.03492063492063491,0.5233517573696145,0.6347562358276644,55.12040873985525,0.5,0.7324263038548753,,10.0,balanced,0.5,225,0.028419509810727016,0.09353516871071121,False
I_extremes20_63_logit_v2_all,extremes20,63,logit,expanding,liquid,v2_all,relative,,35280,882,14,0.5655895691609978,0.5144557823129252,0.05113378684807257,0.5130534297052155,0.6157752267573695,95.52523959087135,0.5,0.6145124716553289,,20.0,balanced,0.5,226,0.026204540064325002,0.08628049256343336,False
I_extremes20_63_logit_v2_all,extremes20,63,logit,expanding,liquid,v2_all,relative,,70560,882,14,0.5540391156462585,0.5059098639455782,0.048129251700680276,0.5050418083900227,0.5990043934240362,165.0318681749603,0.5,0.47845804988662133,,40.0,balanced,0.5,227,0.023970047202554478,0.07895538538413789,False
I_extremes20_63_logit_v2_all,extremes20,63,logit,expanding,liquid,v2_all,relative,,141120,882,14,0.5371598639455782,0.529124149659864,0.008035714285714257,0.49056972789115644,0.5809187216553289,302.28323371552403,0.5,0.30952380952380953,,80.0,balanced,0.5,228,0.02304821269494195,0.07594968826432524,False
I_extremes10_42_ens_lh_v2_all,extremes10,42,ens_lh,expanding,liquid,v2_all,relative,1.0,717587,882,21,0.5339032061617616,0.5550936680848455,-0.021190461923083936,0.5125936138858953,0.5537950752842068,340.0018557336518,0.8613283730817324,0.7777777777777778,"           day    n       acc   frac_up      y_up
0   2021-03-03  713  0.319776  0.117812  0.660589
1   2021-03-04  713  0.325386  0.151473  0.652174
2   2021-03-05  713  0.340813  0.217391  0.652174
3   2021-03-08  712  0.304775  0.200843  0.679775
4   2021-03-09  711  0.300985  0.222222  0.682138
..         ...  ...       ...       ...       ...
877 2024-08-27  892  0.554933  0.930493  0.543722
878 2024-08-28  891  0.544332  0.936027  0.534231
879 2024-08-29  893  0.539754  0.932811  0.533035
880 2024-08-30  895  0.532961  0.929609  0.527374
881 2024-09-03  894  0.523490  0.926174  0.525727

[882 rows x 5 columns]",,,,229,0.01051057688732436,0.0346489644271904,False
I_extremes10_42_ens_lh_v2_all,extremes10,42,ens_lh,expanding,liquid,v2_all,relative,0.5,358570,882,21,0.5467997880469644,0.5728226008868561,-0.026022812839891718,0.5146539663947349,0.5790096871157603,407.96784257214244,0.9193984756963832,0.7006802721088435,"           day    n       acc   frac_up      y_up
0   2021-03-03  356  0.165730  0.028090  0.828652
1   2021-03-04  356  0.205056  0.047753  0.808989
2   2021-03-05  356  0.210674  0.095506  0.778090
3   2021-03-08  356  0.210674  0.089888  0.783708
4   2021-03-09  355  0.216901  0.104225  0.785915
..         ...  ...       ...       ...       ...
877 2024-08-27  446  0.582960  0.982063  0.573991
878 2024-08-28  445  0.543820  0.982022  0.530337
879 2024-08-29  446  0.531390  0.975336  0.515695
880 2024-08-30  447  0.536913  0.979866  0.525727
881 2024-09-03  447  0.536913  0.975391  0.521253

[882 rows x 5 columns]",,,,230,0.016417275694139123,0.05414256887572929,False
I_extremes10_42_ens_lh_v2_all,extremes10,42,ens_lh,expanding,liquid,v2_all,relative,0.25,179070,882,21,0.5406991679231585,0.5613614787513262,-0.020662310828167718,0.502073015275353,0.5773365911733731,271.9757601511158,0.9206536619201889,0.6519274376417233,"           day    n       acc   frac_up      y_up
0   2021-03-03  178  0.117978  0.005618  0.876404
1   2021-03-04  178  0.157303  0.033708  0.842697
2   2021-03-05  178  0.174157  0.050562  0.831461
3   2021-03-08  178  0.168539  0.050562  0.837079
4   2021-03-09  177  0.186441  0.067797  0.813559
..         ...  ...       ...       ...       ...
877 2024-08-27  223  0.573991  0.982063  0.565022
878 2024-08-28  222  0.527027  0.981982  0.518018
879 2024-08-29  223  0.497758  0.991031  0.488789
880 2024-08-30  223  0.511211  0.986547  0.506726
881 2024-09-03  223  0.493274  0.986547  0.488789

[882 rows x 5 columns]",,,,231,0.019199891810719422,0.06334461704862063,False
I_extremes10_42_ens_lh_v2_all,extremes10,42,ens_lh,expanding,liquid,v2_all,relative,0.1,71345,882,21,0.5271707898240942,0.5422244025509847,-0.015053612726890542,0.480068731472023,0.5712178958227606,155.2997406090529,0.9087426203287403,0.5997732426303855,"           day   n       acc   frac_up      y_up
0   2021-03-03  71  0.098592  0.014085  0.887324
1   2021-03-04  71  0.183099  0.028169  0.816901
2   2021-03-05  71  0.197183  0.056338  0.802817
3   2021-03-08  71  0.211268  0.056338  0.788732
4   2021-03-09  71  0.169014  0.084507  0.802817
..         ...  ..       ...       ...       ...
877 2024-08-27  89  0.573034  0.977528  0.550562
878 2024-08-28  89  0.516854  0.977528  0.494382
879 2024-08-29  89  0.471910  0.988764  0.460674
880 2024-08-30  89  0.528090  0.988764  0.516854
881 2024-09-03  89  0.449438  0.966292  0.438202

[882 rows x 5 columns]",,,,232,0.02325233784457592,0.07674495571466147,False
I_extremes10_42_ens_lh_v2_all,extremes10,42,ens_lh,expanding,liquid,v2_all,relative,0.05,35424,882,21,0.525124209575429,0.5336212737127372,-0.008497064137308108,0.47051905337308897,0.5751422819790593,101.10235416692974,0.8920557601353034,0.5861678004535147,"           day   n       acc   frac_up      y_up
0   2021-03-03  35  0.085714  0.028571  0.885714
1   2021-03-04  35  0.285714  0.028571  0.742857
2   2021-03-05  35  0.371429  0.114286  0.628571
3   2021-03-08  35  0.257143  0.085714  0.771429
4   2021-03-09  35  0.228571  0.057143  0.771429
..         ...  ..       ...       ...       ...
877 2024-08-27  44  0.636364  0.954545  0.590909
878 2024-08-28  44  0.500000  1.000000  0.500000
879 2024-08-29  44  0.454545  1.000000  0.454545
880 2024-08-30  44  0.500000  1.000000  0.500000
881 2024-09-03  44  0.454545  0.954545  0.409091

[882 rows x 5 columns]",,,,233,0.026689599134176095,0.0881245011571768,False
I_extremes10_42_ens_lh_v2_all,extremes10,42,ens_lh,expanding,liquid,v2_all,relative,0.02,14004,882,21,0.5294201656669523,0.5254927163667523,0.003927449300199948,0.4644076621801595,0.5899222850695721,55.99741372739284,0.8668942577030814,0.5804988662131519,"           day   n       acc   frac_up      y_up
0   2021-03-03  14  0.214286  0.071429  0.714286
1   2021-03-04  14  0.357143  0.071429  0.714286
2   2021-03-05  14  0.500000  0.142857  0.642857
3   2021-03-08  14  0.142857  0.142857  0.857143
4   2021-03-09  14  0.357143  0.142857  0.642857
..         ...  ..       ...       ...       ...
877 2024-08-27  17  0.647059  0.941176  0.588235
878 2024-08-28  17  0.647059  1.000000  0.647059
879 2024-08-29  17  0.588235  1.000000  0.588235
880 2024-08-30  17  0.647059  1.000000  0.647059
881 2024-09-03  17  0.529412  1.000000  0.529412

[882 rows x 5 columns]",,,,234,0.032019036451380774,0.10576291596010735,False
I_extremes10_42_ens_lh_v2_all,extremes10,42,ens_lh,expanding,liquid,v2_all,relative,0.01,6883,882,21,0.5366845852099376,0.5198314688362633,0.01685311637367426,0.4631935764816631,0.6051906745816213,35.51006709493114,0.8518586005830904,0.5351473922902494,"           day  n       acc   frac_up      y_up
0   2021-03-03  7  0.285714  0.000000  0.714286
1   2021-03-04  7  0.428571  0.142857  0.714286
2   2021-03-05  7  0.714286  0.285714  0.571429
3   2021-03-08  7  0.285714  0.285714  0.714286
4   2021-03-09  7  0.000000  0.142857  0.857143
..         ... ..       ...       ...       ...
877 2024-08-27  8  0.625000  1.000000  0.625000
878 2024-08-28  8  0.500000  1.000000  0.500000
879 2024-08-29  8  0.625000  1.000000  0.625000
880 2024-08-30  8  0.500000  1.000000  0.500000
881 2024-09-03  8  0.500000  1.000000  0.500000

[882 rows x 5 columns]",,,,235,0.03622374951529547,0.11969836996615539,False
I_extremes10_42_ens_lh_v2_all,extremes10,42,ens_lh,expanding,liquid,v2_all,relative,,8820,882,21,0.5662131519274376,0.5413832199546486,0.024829931972789043,0.5091808390022676,0.6251700680272109,30.726129817861672,0.5,0.7142857142857143,,5.0,balanced,0.5,236,0.029589089036975318,0.09781270139691625,False
I_extremes10_42_ens_lh_v2_all,extremes10,42,ens_lh,expanding,liquid,v2_all,relative,,17640,882,21,0.5638321995464852,0.5299319727891156,0.03390022675736959,0.5104209183673469,0.6193339002267573,55.512032561692116,0.5,0.6632653061224489,,10.0,balanced,0.5,237,0.02778392394372713,0.09188089576613054,False
I_extremes10_42_ens_lh_v2_all,extremes10,42,ens_lh,expanding,liquid,v2_all,relative,,35280,882,21,0.5466836734693877,0.5130102040816327,0.03367346938775506,0.4998292233560091,0.5935685941043083,83.466047914226,0.5,0.608843537414966,,20.0,balanced,0.5,238,0.023913104782729386,0.07911061305262101,False
I_extremes10_42_ens_lh_v2_all,extremes10,42,ens_lh,expanding,liquid,v2_all,relative,,70560,882,21,0.5333049886621315,0.5046485260770975,0.02865646258503396,0.4915600198412698,0.5745801445578231,133.24658323510175,0.5,0.5498866213151927,,40.0,balanced,0.5,239,0.021178603244018712,0.07009102532165384,False
I_extremes10_42_ens_lh_v2_all,extremes10,42,ens_lh,expanding,liquid,v2_all,relative,,141120,882,21,0.5280895691609977,0.5095663265306123,0.018523242630385406,0.49195135345804986,0.5647567672902494,200.6408355049598,0.5,0.4557823129251701,,80.0,balanced,0.5,240,0.018572809651071307,0.06149052499057648,False
I_extremes20_21_ens_lh_v2_all,extremes20,21,ens_lh,expanding,liquid,v2_all,relative,1.0,830525,1008,48,0.5340971072514373,0.5443388218295656,-0.01024171457812828,0.5182571415933568,0.5488033009550972,202.2555780934445,0.8133072913450254,0.7321428571428571,"            day    n       acc   frac_up      y_up
0    2021-02-01  699  0.469242  0.207439  0.500715
1    2021-02-02  699  0.459227  0.194564  0.520744
2    2021-02-03  699  0.406295  0.160229  0.562232
3    2021-02-04  700  0.410000  0.162857  0.552857
4    2021-02-05  701  0.392297  0.169757  0.563481
...         ...  ...       ...       ...       ...
1003 2025-01-29  898  0.556793  0.853007  0.496659
1004 2025-01-30  897  0.568562  0.859532  0.510591
1005 2025-01-31  898  0.550111  0.848552  0.496659
1006 2025-02-03  898  0.559020  0.857461  0.507795
1007 2025-02-04  899  0.552836  0.862069  0.503893

[1008 rows x 5 columns]",,,,241,0.007792387592280722,0.025808681644232355,False
I_extremes20_21_ens_lh_v2_all,extremes20,21,ens_lh,expanding,liquid,v2_all,relative,0.5,414995,1008,48,0.546623453294618,0.5617417077314184,-0.015118254436800371,0.5223506957926605,0.5694265648769707,236.1046780212558,0.887112924716778,0.6964285714285714,"            day    n       acc   frac_up      y_up
0    2021-02-01  349  0.498567  0.085960  0.467049
1    2021-02-02  349  0.446991  0.094556  0.515759
2    2021-02-03  349  0.409742  0.063037  0.561605
3    2021-02-04  350  0.394286  0.062857  0.582857
4    2021-02-05  350  0.377143  0.062857  0.605714
...         ...  ...       ...       ...       ...
1003 2025-01-29  449  0.657016  0.966592  0.632517
1004 2025-01-30  448  0.694196  0.975446  0.683036
1005 2025-01-31  449  0.652561  0.966592  0.650334
1006 2025-02-03  449  0.650334  0.971047  0.639198
1007 2025-02-04  449  0.679287  0.971047  0.672606

[1008 rows x 5 columns]",,,,242,0.012009150276609764,0.03978977002460937,False
I_extremes20_21_ens_lh_v2_all,extremes20,21,ens_lh,expanding,liquid,v2_all,relative,0.25,207241,1008,48,0.5543352907967053,0.5659594385280905,-0.011624147731385204,0.5245398287908846,0.5831552946680437,179.24825078487493,0.8913279387172373,0.6696428571428571,"            day    n       acc   frac_up      y_up
0    2021-02-01  174  0.574713  0.063218  0.419540
1    2021-02-02  174  0.511494  0.057471  0.477011
2    2021-02-03  174  0.436782  0.034483  0.551724
3    2021-02-04  175  0.405714  0.051429  0.577143
4    2021-02-05  175  0.377143  0.051429  0.605714
...         ...  ...       ...       ...       ...
1003 2025-01-29  224  0.763393  0.977679  0.741071
1004 2025-01-30  224  0.799107  0.977679  0.776786
1005 2025-01-31  224  0.758929  0.968750  0.736607
1006 2025-02-03  224  0.736607  0.973214  0.718750
1007 2025-02-04  224  0.812500  0.973214  0.794643

[1008 rows x 5 columns]",,,,243,0.01495292496866305,0.049561949447335274,False
I_extremes20_21_ens_lh_v2_all,extremes20,21,ens_lh,expanding,liquid,v2_all,relative,0.1,82572,1008,48,0.561461512377077,0.5608923121639297,0.000569200213147325,0.5255141104137355,0.5959579794602595,101.81006290676771,0.8777249170566616,0.6200396825396826,"            day   n       acc   frac_up      y_up
0    2021-02-01  69  0.652174  0.057971  0.318841
1    2021-02-02  69  0.449275  0.057971  0.521739
2    2021-02-03  69  0.420290  0.014493  0.565217
3    2021-02-04  70  0.342857  0.000000  0.657143
4    2021-02-05  70  0.357143  0.028571  0.614286
...         ...  ..       ...       ...       ...
1003 2025-01-29  89  0.842697  0.977528  0.820225
1004 2025-01-30  89  0.876404  0.955056  0.831461
1005 2025-01-31  89  0.887640  0.932584  0.842697
1006 2025-02-03  89  0.876404  0.966292  0.842697
1007 2025-02-04  89  0.910112  0.943820  0.876404

[1008 rows x 5 columns]",,,,244,0.017970374756766327,0.05958564510961732,False
I_extremes20_21_ens_lh_v2_all,extremes20,21,ens_lh,expanding,liquid,v2_all,relative,0.05,40985,1008,48,0.5674271074783457,0.5503232890081737,0.01710381847017195,0.5289085452548838,0.6047414817689808,58.5249867790939,0.8564270270169714,0.6091269841269841,"            day   n       acc   frac_up      y_up
0    2021-02-01  34  0.735294  0.058824  0.205882
1    2021-02-02  34  0.441176  0.000000  0.558824
2    2021-02-03  34  0.500000  0.000000  0.500000
3    2021-02-04  35  0.428571  0.000000  0.571429
4    2021-02-05  35  0.457143  0.000000  0.542857
...         ...  ..       ...       ...       ...
1003 2025-01-29  44  0.840909  0.977273  0.818182
1004 2025-01-30  44  0.931818  0.977273  0.909091
1005 2025-01-31  44  0.931818  0.931818  0.863636
1006 2025-02-03  44  0.886364  0.977273  0.863636
1007 2025-02-04  44  0.931818  0.931818  0.863636

[1008 rows x 5 columns]",,,,245,0.019345136865841057,0.06416789894546569,False
I_extremes20_21_ens_lh_v2_all,extremes20,21,ens_lh,expanding,liquid,v2_all,relative,0.02,16227,1008,48,0.5768164170826401,0.5244345843347508,0.05238183274788932,0.5351640007028272,0.6172699104208487,27.37160856196101,0.8127138640356427,0.5575396825396826,"            day   n       acc   frac_up      y_up
0    2021-02-01  13  0.769231  0.153846  0.076923
1    2021-02-02  13  0.461538  0.000000  0.538462
2    2021-02-03  13  0.538462  0.000000  0.461538
3    2021-02-04  14  0.428571  0.000000  0.571429
4    2021-02-05  14  0.428571  0.000000  0.571429
...         ...  ..       ...       ...       ...
1003 2025-01-29  17  0.941176  0.941176  0.882353
1004 2025-01-30  17  1.000000  0.941176  0.941176
1005 2025-01-31  17  0.941176  0.882353  0.823529
1006 2025-02-03  17  0.941176  0.941176  0.882353
1007 2025-02-04  17  0.941176  0.941176  0.882353

[1008 rows x 5 columns]",,,,246,0.02094538513214833,0.06950164551258663,False
I_extremes20_21_ens_lh_v2_all,extremes20,21,ens_lh,expanding,liquid,v2_all,relative,0.01,7972,1008,48,0.5836678374310086,0.5048921224284998,0.0787757150025088,0.5380898226486031,0.62684713461212,16.317179295002955,0.7906352355757118,0.5515873015873016,"            day  n       acc  frac_up      y_up
0    2021-02-01  6  0.833333    0.000  0.166667
1    2021-02-02  6  0.500000    0.000  0.500000
2    2021-02-03  6  0.333333    0.000  0.666667
3    2021-02-04  7  0.285714    0.000  0.714286
4    2021-02-05  7  0.428571    0.000  0.571429
...         ... ..       ...      ...       ...
1003 2025-01-29  8  0.875000    0.875  0.750000
1004 2025-01-30  8  1.000000    0.875  0.875000
1005 2025-01-31  8  1.000000    0.875  0.875000
1006 2025-02-03  8  1.000000    0.875  0.875000
1007 2025-02-04  8  1.000000    0.875  0.875000

[1008 rows x 5 columns]",,,,247,0.02264217141926454,0.07515965267694594,True
I_extremes20_21_ens_lh_v2_all,extremes20,21,ens_lh,expanding,liquid,v2_all,relative,,10080,1008,48,0.5952380952380952,0.5298611111111111,0.06537698412698412,0.5566393849206349,0.6323487103174602,15.078132908485292,0.5,0.6656746031746031,,5.0,balanced,0.5,248,0.019313603417557473,0.06413412743319866,True
I_extremes20_21_ens_lh_v2_all,extremes20,21,ens_lh,expanding,liquid,v2_all,relative,,20160,1008,48,0.5817460317460318,0.5167658730158731,0.06498015873015872,0.5466170634920634,0.616670386904762,26.09520473575702,0.5,0.6160714285714286,,10.0,balanced,0.5,249,0.017870745768545547,0.059364524218259426,True
I_extremes20_21_ens_lh_v2_all,extremes20,21,ens_lh,expanding,liquid,v2_all,relative,,40320,1008,48,0.5681299603174603,0.5048363095238095,0.06329365079365079,0.5350651041666667,0.5997767857142857,41.498102727245126,0.5,0.5575396825396826,,20.0,balanced,0.5,250,0.01650808202745382,0.05485782910949173,True
I_extremes20_21_ens_lh_v2_all,extremes20,21,ens_lh,expanding,liquid,v2_all,relative,,80640,1008,48,0.5581225198412698,0.5060391865079366,0.05208333333333326,0.5286036706349206,0.5864229910714285,69.6019027040369,0.5,0.49206349206349204,,40.0,balanced,0.5,251,0.014749826641966285,0.04903270536544024,True
I_extremes20_21_ens_lh_v2_all,extremes20,21,ens_lh,expanding,liquid,v2_all,relative,,161280,1008,48,0.5494171626984127,0.5160590277777778,0.033358134920634885,0.5217196800595238,0.5755636160714286,119.33002128523587,0.5,0.40674603174603174,,80.0,balanced,0.5,252,0.013735697962220596,0.04567787341899555,False
I_extremes20_63_logit_v2_no_market,extremes20,63,logit,expanding,liquid,v2_no_market,relative,1.0,718940,882,14,0.5179625559852005,0.5610802014076279,-0.043117645422427464,0.4816087053401532,0.5512991532332036,940.9259411585242,0.8590512956170737,0.6893424036281179,"           day    n       acc   frac_up      y_up
0   2021-04-01  708  0.415254  0.145480  0.583333
1   2021-04-05  707  0.432815  0.131542  0.574257
2   2021-04-06  709  0.407616  0.139633  0.576869
3   2021-04-07  710  0.392958  0.133803  0.591549
4   2021-04-08  710  0.390141  0.164789  0.597183
..         ...  ...       ...       ...       ...
877 2024-09-26  896  0.498884  0.922991  0.477679
878 2024-09-27  898  0.486637  0.918708  0.469933
879 2024-09-30  898  0.503341  0.916481  0.477728
880 2024-10-01  900  0.493333  0.915556  0.466667
881 2024-10-02  901  0.490566  0.915649  0.463929

[882 rows x 5 columns]",,,,253,0.017778175482921005,0.05914224511655893,False
I_extremes20_63_logit_v2_no_market,extremes20,63,logit,expanding,liquid,v2_no_market,relative,0.5,359255,882,14,0.5315973333704471,0.5866529345451003,-0.055055601174653135,0.4798204972905353,0.5779827163612165,919.4510314254331,0.9236389741266963,0.6530612244897959,"           day    n       acc   frac_up      y_up
0   2021-04-01  354  0.409605  0.039548  0.584746
1   2021-04-05  353  0.402266  0.036827  0.589235
2   2021-04-06  354  0.398305  0.045198  0.590395
3   2021-04-07  355  0.385915  0.039437  0.614085
4   2021-04-08  355  0.354930  0.067606  0.639437
..         ...  ...       ...       ...       ...
877 2024-09-26  448  0.502232  0.966518  0.482143
878 2024-09-27  449  0.492205  0.962138  0.472160
879 2024-09-30  449  0.498886  0.959911  0.472160
880 2024-10-01  450  0.466667  0.957778  0.442222
881 2024-10-02  450  0.457778  0.960000  0.440000

[882 rows x 5 columns]",,,,254,0.025041382415990097,0.08333427641854607,False
I_extremes20_63_logit_v2_no_market,extremes20,63,logit,expanding,liquid,v2_no_market,relative,0.25,179401,882,14,0.5419367785017921,0.5899576925435198,-0.0480209140417277,0.48488479999648826,0.5931064191513694,548.6713539168521,0.9184897277344529,0.645124716553288,"           day    n       acc   frac_up      y_up
0   2021-04-01  177  0.480226  0.033898  0.531073
1   2021-04-05  176  0.454545  0.028409  0.562500
2   2021-04-06  177  0.468927  0.028249  0.548023
3   2021-04-07  177  0.446328  0.028249  0.570621
4   2021-04-08  177  0.367232  0.045198  0.644068
..         ...  ...       ...       ...       ...
877 2024-09-26  224  0.495536  0.955357  0.468750
878 2024-09-27  224  0.482143  0.937500  0.446429
879 2024-09-30  224  0.508929  0.933036  0.459821
880 2024-10-01  225  0.484444  0.933333  0.444444
881 2024-10-02  225  0.480000  0.937778  0.435556

[882 rows x 5 columns]",,,,255,0.02760755590685744,0.09190673988659946,False
I_extremes20_63_logit_v2_no_market,extremes20,63,logit,expanding,liquid,v2_no_market,relative,0.1,71488,882,14,0.5601079901521934,0.5815101835273053,-0.021402193375111955,0.503030574060006,0.6119050424619292,223.6930535138381,0.8862177556419,0.6462585034013606,"           day   n       acc   frac_up      y_up
0   2021-04-01  70  0.657143  0.057143  0.400000
1   2021-04-05  70  0.614286  0.057143  0.414286
2   2021-04-06  70  0.614286  0.071429  0.428571
3   2021-04-07  71  0.549296  0.070423  0.492958
4   2021-04-08  71  0.464789  0.056338  0.563380
..         ...  ..       ...       ...       ...
877 2024-09-26  89  0.539326  0.910112  0.494382
878 2024-09-27  89  0.471910  0.898876  0.415730
879 2024-09-30  89  0.528090  0.887640  0.438202
880 2024-10-01  90  0.522222  0.877778  0.444444
881 2024-10-02  90  0.488889  0.877778  0.411111

[882 rows x 5 columns]",,,,256,0.027774099082123284,0.09249381704629007,False
I_extremes20_63_logit_v2_no_market,extremes20,63,logit,expanding,liquid,v2_no_market,relative,0.05,35519,882,14,0.5713843295137814,0.5603198288240097,0.011064500689771717,0.5172459717309853,0.6198277450765468,98.53479852514009,0.8521659169922574,0.6485260770975056,"           day   n       acc   frac_up      y_up
0   2021-04-01  35  0.771429  0.085714  0.314286
1   2021-04-05  35  0.685714  0.114286  0.371429
2   2021-04-06  35  0.657143  0.114286  0.400000
3   2021-04-07  35  0.657143  0.085714  0.428571
4   2021-04-08  35  0.571429  0.114286  0.485714
..         ...  ..       ...       ...       ...
877 2024-09-26  44  0.500000  0.863636  0.454545
878 2024-09-27  44  0.454545  0.840909  0.386364
879 2024-09-30  44  0.545455  0.795455  0.386364
880 2024-10-01  45  0.555556  0.777778  0.422222
881 2024-10-02  45  0.488889  0.777778  0.355556

[882 rows x 5 columns]",,,,257,0.026168819731010592,0.08717851623290844,False
I_extremes20_63_logit_v2_no_market,extremes20,63,logit,expanding,liquid,v2_no_market,relative,0.02,13999,882,14,0.5790413600971498,0.5105364668904921,0.06850489320665765,0.5258505446949947,0.6290913648850563,38.34477430985183,0.7978352055107757,0.5816326530612245,"           day   n       acc   frac_up      y_up
0   2021-04-01  14  0.785714  0.142857  0.357143
1   2021-04-05  14  0.642857  0.000000  0.357143
2   2021-04-06  14  0.785714  0.214286  0.428571
3   2021-04-07  14  0.785714  0.142857  0.357143
4   2021-04-08  14  0.714286  0.214286  0.500000
..         ...  ..       ...       ...       ...
877 2024-09-26  17  0.529412  0.705882  0.470588
878 2024-09-27  17  0.470588  0.764706  0.470588
879 2024-09-30  17  0.647059  0.588235  0.352941
880 2024-10-01  18  0.666667  0.500000  0.388889
881 2024-10-02  18  0.666667  0.500000  0.388889

[882 rows x 5 columns]",,,,258,0.026336943926036135,0.08776929971025568,False
I_extremes20_63_logit_v2_no_market,extremes20,63,logit,expanding,liquid,v2_no_market,relative,0.01,6887,882,14,0.5906780891534775,0.5355016698126905,0.055176419340786986,0.5435720291653259,0.6390753666363347,16.06160244495149,0.7729614332505489,0.5873015873015873,"           day  n       acc   frac_up      y_up
0   2021-04-01  7  0.857143  0.142857  0.285714
1   2021-04-05  7  0.714286  0.000000  0.285714
2   2021-04-06  7  0.857143  0.142857  0.285714
3   2021-04-07  7  0.714286  0.142857  0.428571
4   2021-04-08  7  0.714286  0.285714  0.571429
..         ... ..       ...       ...       ...
877 2024-09-26  8  0.500000  0.375000  0.375000
878 2024-09-27  8  0.375000  0.625000  0.500000
879 2024-09-30  8  0.625000  0.500000  0.375000
880 2024-10-01  9  0.666667  0.222222  0.333333
881 2024-10-02  9  0.666667  0.222222  0.333333

[882 rows x 5 columns]",,,,259,0.024363096293624698,0.08121962110314455,False
I_extremes20_63_logit_v2_no_market,extremes20,63,logit,expanding,liquid,v2_no_market,relative,,8820,882,14,0.5913832199546485,0.5729024943310658,0.018480725623582717,0.5340136054421769,0.6481859410430839,29.275686408740626,0.5,0.7789115646258503,,5.0,balanced,0.5,260,0.02912559581655791,0.09713009906202036,False
I_extremes20_63_logit_v2_no_market,extremes20,63,logit,expanding,liquid,v2_no_market,relative,,17640,882,14,0.580952380952381,0.5388888888888889,0.042063492063492136,0.5221655328798186,0.6362825963718821,58.555050787071536,0.5,0.7074829931972789,,10.0,balanced,0.5,261,0.029111495788791714,0.09711658180950644,False
I_extremes20_63_logit_v2_no_market,extremes20,63,logit,expanding,liquid,v2_no_market,relative,,35280,882,14,0.5668934240362812,0.5123015873015873,0.05459183673469392,0.5132901077097505,0.6171208900226757,96.19588387926049,0.5,0.5986394557823129,,20.0,balanced,0.5,262,0.026487444467582957,0.08839304710758342,False
I_extremes20_63_logit_v2_no_market,extremes20,63,logit,expanding,liquid,v2_no_market,relative,,70560,882,14,0.5541950113378685,0.5068877551020409,0.047307256235827655,0.5043866921768707,0.5995390447845804,171.55782738815958,0.5,0.47278911564625853,,40.0,balanced,0.5,263,0.024273559338701456,0.08103264554659849,False
I_extremes20_63_logit_v2_no_market,extremes20,63,logit,expanding,liquid,v2_no_market,relative,,141120,882,14,0.5382511337868481,0.5283021541950114,0.009948979591836715,0.49086699263038547,0.5821191184807256,309.506069796098,0.5,0.31405895691609975,,80.0,balanced,0.5,264,0.02327860353325004,0.07773763464267425,False
I_extremes10_63_logit_v2_all,extremes10,63,logit,expanding,liquid,v2_all,relative,1.0,718940,882,14,0.5219002976604445,0.5610843742175982,-0.03918407655715361,0.48707760932856864,0.5528968772968181,808.7405359528777,0.8733918780934147,0.7154195011337868,"           day    n       acc   frac_up      y_up
0   2021-04-01  708  0.419492  0.141243  0.583333
1   2021-04-05  707  0.429986  0.137199  0.574257
2   2021-04-06  709  0.416079  0.142454  0.576869
3   2021-04-07  710  0.395775  0.130986  0.591549
4   2021-04-08  710  0.398592  0.167606  0.597183
..         ...  ...       ...       ...       ...
877 2024-09-26  896  0.493304  0.955357  0.477679
878 2024-09-27  898  0.487751  0.946548  0.469933
879 2024-09-30  898  0.495546  0.942094  0.477728
880 2024-10-01  900  0.484444  0.946667  0.466667
881 2024-10-02  901  0.478357  0.947836  0.463929

[882 rows x 5 columns]",,,,265,0.016790629583737116,0.056090403465686854,False
I_extremes10_63_logit_v2_all,extremes10,63,logit,expanding,liquid,v2_all,relative,0.5,359255,882,14,0.5351713963619157,0.5860656079943216,-0.05089421163240593,0.48674368423160624,0.5799381084127503,811.4816419747253,0.9229424687959163,0.691609977324263,"           day    n       acc   frac_up      y_up
0   2021-04-01  354  0.420904  0.039548  0.579096
1   2021-04-05  353  0.419263  0.033994  0.580737
2   2021-04-06  354  0.415254  0.033898  0.584746
3   2021-04-07  355  0.397183  0.030986  0.605634
4   2021-04-08  355  0.369014  0.061972  0.625352
..         ...  ...       ...       ...       ...
877 2024-09-26  448  0.513393  0.979911  0.502232
878 2024-09-27  449  0.501114  0.968820  0.483296
879 2024-09-30  449  0.512249  0.968820  0.489978
880 2024-10-01  450  0.488889  0.966667  0.468889
881 2024-10-02  450  0.484444  0.968889  0.466667

[882 rows x 5 columns]",,,,266,0.023774087801312255,0.07944598918072493,False
I_extremes10_63_logit_v2_all,extremes10,63,logit,expanding,liquid,v2_all,relative,0.25,179401,882,14,0.544450699828875,0.5920870006298738,-0.0476363008009989,0.49182658146097835,0.5926116448815709,485.6796581706114,0.923287850841988,0.6904761904761905,"           day    n       acc   frac_up      y_up
0   2021-04-01  177  0.514124  0.028249  0.502825
1   2021-04-05  176  0.460227  0.017045  0.545455
2   2021-04-06  177  0.457627  0.028249  0.559322
3   2021-04-07  177  0.457627  0.028249  0.559322
4   2021-04-08  177  0.355932  0.033898  0.655367
..         ...  ...       ...       ...       ...
877 2024-09-26  224  0.540179  0.968750  0.526786
878 2024-09-27  224  0.504464  0.968750  0.491071
879 2024-09-30  224  0.544643  0.946429  0.508929
880 2024-10-01  225  0.546667  0.946667  0.520000
881 2024-10-02  225  0.520000  0.951111  0.488889

[882 rows x 5 columns]",,,,267,0.025710475362396065,0.0859456903172524,False
I_extremes10_63_logit_v2_all,extremes10,63,logit,expanding,liquid,v2_all,relative,0.1,71488,882,14,0.5557576096687556,0.5832307520143241,-0.027473142345568413,0.5024634429859263,0.6047248674416944,196.00716869831007,0.9056614046304304,0.6768707482993197,"           day   n       acc   frac_up      y_up
0   2021-04-01  70  0.642857  0.042857  0.400000
1   2021-04-05  70  0.585714  0.042857  0.428571
2   2021-04-06  70  0.642857  0.042857  0.400000
3   2021-04-07  71  0.591549  0.042254  0.450704
4   2021-04-08  71  0.492958  0.056338  0.535211
..         ...  ..       ...       ...       ...
877 2024-09-26  89  0.573034  0.921348  0.539326
878 2024-09-27  89  0.550562  0.932584  0.528090
879 2024-09-30  89  0.584270  0.921348  0.528090
880 2024-10-01  90  0.611111  0.911111  0.566667
881 2024-10-02  90  0.533333  0.922222  0.500000

[882 rows x 5 columns]",,,,268,0.026087098075451055,0.08723384378984975,False
I_extremes10_63_logit_v2_all,extremes10,63,logit,expanding,liquid,v2_all,relative,0.05,35519,882,14,0.5533376502716856,0.5616149103296827,-0.008277260057997116,0.5027616719823619,0.599266685759503,84.56829226512868,0.8760774542728795,0.6099773242630385,"           day   n       acc   frac_up      y_up
0   2021-04-01  35  0.714286  0.085714  0.371429
1   2021-04-05  35  0.685714  0.057143  0.371429
2   2021-04-06  35  0.685714  0.085714  0.400000
3   2021-04-07  35  0.657143  0.057143  0.400000
4   2021-04-08  35  0.628571  0.085714  0.457143
..         ...  ..       ...       ...       ...
877 2024-09-26  44  0.590909  0.886364  0.568182
878 2024-09-27  44  0.613636  0.886364  0.590909
879 2024-09-30  44  0.568182  0.863636  0.477273
880 2024-10-01  45  0.600000  0.844444  0.533333
881 2024-10-02  45  0.555556  0.844444  0.488889

[882 rows x 5 columns]",,,,269,0.024618625963556417,0.08235076755482773,False
I_extremes10_63_logit_v2_all,extremes10,63,logit,expanding,liquid,v2_all,relative,0.02,13999,882,14,0.5478248446317594,0.5262518751339381,0.02157296949782128,0.4985311134543566,0.594755060031997,33.12892216382021,0.8186071121570321,0.5328798185941043,"           day   n       acc   frac_up      y_up
0   2021-04-01  14  0.857143  0.071429  0.214286
1   2021-04-05  14  0.857143  0.000000  0.142857
2   2021-04-06  14  0.857143  0.071429  0.214286
3   2021-04-07  14  0.857143  0.142857  0.285714
4   2021-04-08  14  0.785714  0.142857  0.357143
..         ...  ..       ...       ...       ...
877 2024-09-26  17  0.529412  0.705882  0.470588
878 2024-09-27  17  0.529412  0.764706  0.529412
879 2024-09-30  17  0.588235  0.647059  0.352941
880 2024-10-01  18  0.611111  0.611111  0.444444
881 2024-10-02  18  0.666667  0.611111  0.500000

[882 rows x 5 columns]",,,,270,0.02454692514735724,0.08213814875485359,False
I_extremes10_63_logit_v2_all,extremes10,63,logit,expanding,liquid,v2_all,relative,0.01,6887,882,14,0.5416001161608828,0.5051546391752577,0.03644547698562506,0.4951991155466956,0.5881705027611456,15.862460686478995,0.7854285894251881,0.5079365079365079,"           day  n       acc   frac_up      y_up
0   2021-04-01  7  0.714286  0.000000  0.285714
1   2021-04-05  7  0.714286  0.000000  0.285714
2   2021-04-06  7  0.714286  0.000000  0.285714
3   2021-04-07  7  0.714286  0.000000  0.285714
4   2021-04-08  7  0.714286  0.142857  0.428571
..         ... ..       ...       ...       ...
877 2024-09-26  8  0.375000  0.500000  0.375000
878 2024-09-27  8  0.375000  0.500000  0.375000
879 2024-09-30  8  0.625000  0.375000  0.250000
880 2024-10-01  9  0.666667  0.222222  0.333333
881 2024-10-02  9  0.777778  0.333333  0.333333

[882 rows x 5 columns]",,,,271,0.023717190615931118,0.079387915700129,False
I_extremes10_63_logit_v2_all,extremes10,63,logit,expanding,liquid,v2_all,relative,,8820,882,14,0.5727891156462585,0.5688208616780045,0.003968253968253954,0.5157568027210885,0.6300481859410431,31.061899110161963,0.5,0.7721088435374149,,5.0,balanced,0.5,272,0.02915596510713127,0.09762505673937198,False
I_extremes10_63_logit_v2_all,extremes10,63,logit,expanding,liquid,v2_all,relative,,17640,882,14,0.5756802721088435,0.5464285714285714,0.029251700680272164,0.5195578231292517,0.628360260770975,51.93679349029047,0.5,0.7233560090702947,,10.0,balanced,0.5,273,0.027755723888194708,0.09296694091421034,False
I_extremes10_63_logit_v2_all,extremes10,63,logit,expanding,liquid,v2_all,relative,,35280,882,14,0.5655328798185941,0.5225056689342403,0.043027210884353795,0.5143112244897959,0.6129896541950113,90.72798415405421,0.5,0.6122448979591837,,20.0,balanced,0.5,274,0.025173068802350852,0.08434389205383984,False
I_extremes10_63_logit_v2_all,extremes10,63,logit,expanding,liquid,v2_all,relative,,70560,882,14,0.5504960317460318,0.508687641723356,0.04180839002267578,0.5038006660997733,0.5953574971655328,155.76606056732984,0.5,0.4580498866213152,,40.0,balanced,0.5,275,0.0233563344555509,0.07828220427656016,False
I_extremes10_63_logit_v2_all,extremes10,63,logit,expanding,liquid,v2_all,relative,,141120,882,14,0.5368551587301588,0.5323200113378684,0.0045351473922903285,0.4927993905895692,0.5782465277777776,274.73619266983485,0.5,0.31405895691609975,,80.0,balanced,0.5,276,0.021797739078624607,0.07308194439875455,False
I_extremes10_63_logit_v2_no_market,extremes10,63,logit,expanding,liquid,v2_no_market,relative,1.0,718940,882,14,0.5206164631262692,0.5610815923442847,-0.04046512921801548,0.48527694964417173,0.5523510311483726,870.3563948919683,0.8816827880561985,0.6904761904761905,"           day    n       acc   frac_up      y_up
0   2021-04-01  708  0.416667  0.132768  0.583333
1   2021-04-05  707  0.434229  0.132956  0.574257
2   2021-04-06  709  0.414669  0.141044  0.576869
3   2021-04-07  710  0.395775  0.128169  0.591549
4   2021-04-08  710  0.401408  0.156338  0.597183
..         ...  ...       ...       ...       ...
877 2024-09-26  896  0.498884  0.947545  0.477679
878 2024-09-27  898  0.486637  0.945434  0.469933
879 2024-09-30  898  0.495546  0.946548  0.477728
880 2024-10-01  900  0.484444  0.946667  0.466667
881 2024-10-02  901  0.479467  0.944506  0.463929

[882 rows x 5 columns]",,,,277,0.01711073507760226,0.05738613781999881,False
I_extremes10_63_logit_v2_no_market,extremes10,63,logit,expanding,liquid,v2_no_market,relative,0.5,359255,882,14,0.5336460174527843,0.5878888254860754,-0.05424280803329107,0.48315647547168256,0.5802247292246521,890.4810119168153,0.932363902807255,0.6575963718820862,"           day    n       acc   frac_up      y_up
0   2021-04-01  354  0.418079  0.033898  0.587571
1   2021-04-05  353  0.413598  0.033994  0.586402
2   2021-04-06  354  0.406780  0.039548  0.587571
3   2021-04-07  355  0.391549  0.030986  0.611268
4   2021-04-08  355  0.360563  0.053521  0.630986
..         ...  ...       ...       ...       ...
877 2024-09-26  448  0.511161  0.973214  0.497768
878 2024-09-27  449  0.496659  0.968820  0.478842
879 2024-09-30  449  0.507795  0.968820  0.485523
880 2024-10-01  450  0.484444  0.966667  0.468889
881 2024-10-02  450  0.480000  0.968889  0.462222

[882 rows x 5 columns]",,,,278,0.02476230963085957,0.08307466004924512,False
I_extremes10_63_logit_v2_no_market,extremes10,63,logit,expanding,liquid,v2_no_market,relative,0.25,179401,882,14,0.5440939571128366,0.5947960156297902,-0.05070205851695364,0.4870865724506651,0.595553179168155,552.9831383744973,0.9313822199918925,0.6643990929705216,"           day    n       acc   frac_up      y_up
0   2021-04-01  177  0.519774  0.028249  0.497175
1   2021-04-05  176  0.488636  0.022727  0.522727
2   2021-04-06  177  0.457627  0.028249  0.559322
3   2021-04-07  177  0.463277  0.028249  0.553672
4   2021-04-08  177  0.367232  0.033898  0.644068
..         ...  ...       ...       ...       ...
877 2024-09-26  224  0.553571  0.964286  0.535714
878 2024-09-27  224  0.495536  0.968750  0.491071
879 2024-09-30  224  0.531250  0.959821  0.508929
880 2024-10-01  225  0.537778  0.946667  0.511111
881 2024-10-02  225  0.493333  0.960000  0.471111

[882 rows x 5 columns]",,,,279,0.027670052734053537,0.09285940895545416,False
I_extremes10_63_logit_v2_no_market,extremes10,63,logit,expanding,liquid,v2_no_market,relative,0.1,71488,882,14,0.5579537824529991,0.5872733885407341,-0.029319606087734984,0.5001326107923406,0.610560176845045,225.84868216413398,0.912955394601799,0.6666666666666666,"           day   n       acc   frac_up      y_up
0   2021-04-01  70  0.657143  0.042857  0.385714
1   2021-04-05  70  0.628571  0.042857  0.385714
2   2021-04-06  70  0.628571  0.042857  0.414286
3   2021-04-07  71  0.619718  0.056338  0.436620
4   2021-04-08  71  0.507042  0.056338  0.521127
..         ...  ..       ...       ...       ...
877 2024-09-26  89  0.561798  0.943820  0.550562
878 2024-09-27  89  0.550562  0.943820  0.539326
879 2024-09-30  89  0.573034  0.932584  0.528090
880 2024-10-01  90  0.577778  0.911111  0.533333
881 2024-10-02  90  0.511111  0.922222  0.477778

[882 rows x 5 columns]",,,,280,0.0281702974624246,0.09456823489364598,False
I_extremes10_63_logit_v2_no_market,extremes10,63,logit,expanding,liquid,v2_no_market,relative,0.05,35519,882,14,0.5567442777105212,0.5671612376474563,-0.010416959936935144,0.5045173551867236,0.6040291993046587,92.49768590342777,0.8830387391872033,0.6054421768707483,"           day   n       acc   frac_up      y_up
0   2021-04-01  35  0.742857  0.085714  0.342857
1   2021-04-05  35  0.685714  0.057143  0.371429
2   2021-04-06  35  0.657143  0.085714  0.428571
3   2021-04-07  35  0.628571  0.057143  0.428571
4   2021-04-08  35  0.628571  0.057143  0.428571
..         ...  ..       ...       ...       ...
877 2024-09-26  44  0.568182  0.886364  0.545455
878 2024-09-27  44  0.590909  0.909091  0.590909
879 2024-09-30  44  0.545455  0.886364  0.477273
880 2024-10-01  45  0.577778  0.822222  0.488889
881 2024-10-02  45  0.511111  0.844444  0.444444

[882 rows x 5 columns]",,,,281,0.02538567451988141,0.0852471563275982,False
I_extremes10_63_logit_v2_no_market,extremes10,63,logit,expanding,liquid,v2_no_market,relative,0.02,13999,882,14,0.5483963140224302,0.5271805128937781,0.021215801128652068,0.4993091541108557,0.5924523421974894,30.66428542536757,0.8222529752641797,0.5521541950113379,"           day   n       acc   frac_up      y_up
0   2021-04-01  14  0.857143  0.071429  0.214286
1   2021-04-05  14  0.785714  0.000000  0.214286
2   2021-04-06  14  0.857143  0.071429  0.214286
3   2021-04-07  14  0.857143  0.142857  0.285714
4   2021-04-08  14  0.642857  0.142857  0.500000
..         ...  ..       ...       ...       ...
877 2024-09-26  17  0.529412  0.705882  0.470588
878 2024-09-27  17  0.588235  0.764706  0.588235
879 2024-09-30  17  0.588235  0.705882  0.411765
880 2024-10-01  18  0.611111  0.611111  0.444444
881 2024-10-02  18  0.611111  0.611111  0.444444

[882 rows x 5 columns]",,,,282,0.02376101736903922,0.07981655772097578,False
I_extremes10_63_logit_v2_no_market,extremes10,63,logit,expanding,liquid,v2_no_market,relative,0.01,6887,882,14,0.5527806011325687,0.4980397851023668,0.054740816030201866,0.509934716487703,0.594680779651915,13.40323349587945,0.782285930245114,0.5566893424036281,"           day  n       acc   frac_up      y_up
0   2021-04-01  7  0.714286  0.142857  0.428571
1   2021-04-05  7  0.714286  0.000000  0.285714
2   2021-04-06  7  0.714286  0.000000  0.285714
3   2021-04-07  7  0.714286  0.142857  0.428571
4   2021-04-08  7  0.714286  0.142857  0.428571
..         ... ..       ...       ...       ...
877 2024-09-26  8  0.625000  0.375000  0.500000
878 2024-09-27  8  0.375000  0.500000  0.375000
879 2024-09-30  8  0.625000  0.500000  0.125000
880 2024-10-01  9  0.777778  0.333333  0.333333
881 2024-10-02  9  0.777778  0.333333  0.333333

[882 rows x 5 columns]",,,,283,0.021618893664339785,0.07264364485822493,False
I_extremes10_63_logit_v2_no_market,extremes10,63,logit,expanding,liquid,v2_no_market,relative,,8820,882,14,0.5717687074829932,0.5648526077097505,0.006916099773242701,0.5107596371882086,0.6289143990929704,33.07108123033729,0.5,0.782312925170068,,5.0,balanced,0.5,284,0.030141520894071894,0.10131294908362823,False
I_extremes10_63_logit_v2_no_market,extremes10,63,logit,expanding,liquid,v2_no_market,relative,,17640,882,14,0.5769274376417234,0.5456349206349206,0.0312925170068028,0.5185912698412699,0.6286281179138322,53.68641535163595,0.5,0.7154195011337868,,10.0,balanced,0.5,285,0.02807062450830671,0.09438151460962582,False
I_extremes10_63_logit_v2_no_market,extremes10,63,logit,expanding,liquid,v2_no_market,relative,,35280,882,14,0.5677437641723356,0.5218253968253969,0.04591836734693877,0.5175,0.6141163548752835,89.47480533545414,0.5,0.6213151927437641,,20.0,balanced,0.5,286,0.024647029304919268,0.08289607450525821,False
I_extremes10_63_logit_v2_no_market,extremes10,63,logit,expanding,liquid,v2_no_market,relative,,70560,882,14,0.5514880952380953,0.5070153061224489,0.04447278911564634,0.5012329931972789,0.5976998299319727,171.45103218928327,0.5,0.46938775510204084,,40.0,balanced,0.5,287,0.024608886922115766,0.08279332385212486,False
I_extremes10_63_logit_v2_no_market,extremes10,63,logit,expanding,liquid,v2_no_market,relative,,141120,882,14,0.5394557823129251,0.5311366213151928,0.008319160997732333,0.49327380952380956,0.5824775014172335,292.2233514394648,0.5,0.32086167800453513,,80.0,balanced,0.5,288,0.02275604385036326,0.07658320282228412,False
I_relative_63_logit_v2_all,relative,63,logit,expanding,liquid,v2_all,relative,1.0,718940,882,14,0.5099744067655159,0.5610982835841656,-0.051123876818649716,0.47177123349828476,0.5450329487377386,1016.2136376080169,0.7792959819815279,0.6405895691609977,"           day    n       acc   frac_up      y_up
0   2021-04-01  708  0.433616  0.225989  0.583333
1   2021-04-05  707  0.438472  0.213579  0.574257
2   2021-04-06  709  0.397743  0.217207  0.576869
3   2021-04-07  710  0.392958  0.223944  0.591549
4   2021-04-08  710  0.395775  0.246479  0.597183
..         ...  ...       ...       ...       ...
877 2024-09-26  896  0.491071  0.881696  0.477679
878 2024-09-27  898  0.484410  0.863029  0.469933
879 2024-09-30  898  0.497773  0.853007  0.477728
880 2024-10-01  900  0.493333  0.860000  0.466667
881 2024-10-02  901  0.488346  0.869034  0.463929

[882 rows x 5 columns]",,,,289,0.018689213071289235,0.06291593430850208,False
I_relative_63_logit_v2_all,relative,63,logit,expanding,liquid,v2_all,relative,0.5,359255,882,14,0.5145314609400008,0.57250421010146,-0.057972749161459225,0.4629206285031363,0.5599248729880084,912.2395525830954,0.8470833954584901,0.5963718820861678,"           day    n       acc   frac_up      y_up
0   2021-04-01  354  0.437853  0.135593  0.584746
1   2021-04-05  353  0.419263  0.099150  0.589235
2   2021-04-06  354  0.409605  0.110169  0.593220
3   2021-04-07  355  0.402817  0.123944  0.608451
4   2021-04-08  355  0.385915  0.157746  0.619718
..         ...  ...       ...       ...       ...
877 2024-09-26  448  0.477679  0.933036  0.450893
878 2024-09-27  449  0.467706  0.926503  0.438753
879 2024-09-30  449  0.483296  0.915367  0.452116
880 2024-10-01  450  0.446667  0.924444  0.424444
881 2024-10-02  450  0.455556  0.920000  0.437778

[882 rows x 5 columns]",,,,290,0.02474598073593676,0.083331008411272,False
I_relative_63_logit_v2_all,relative,63,logit,expanding,liquid,v2_all,relative,0.25,179401,882,14,0.5225834861567104,0.5708663831305288,-0.04828289697381849,0.4648174361357627,0.5746899065548449,576.6740972256708,0.8397863527428312,0.572562358276644,"           day    n       acc   frac_up      y_up
0   2021-04-01  177  0.451977  0.141243  0.542373
1   2021-04-05  176  0.409091  0.102273  0.568182
2   2021-04-06  177  0.412429  0.090395  0.564972
3   2021-04-07  177  0.418079  0.112994  0.581921
4   2021-04-08  177  0.372881  0.180791  0.638418
..         ...  ...       ...       ...       ...
877 2024-09-26  224  0.464286  0.897321  0.424107
878 2024-09-27  224  0.459821  0.892857  0.424107
879 2024-09-30  224  0.522321  0.879464  0.473214
880 2024-10-01  225  0.480000  0.875556  0.435556
881 2024-10-02  225  0.480000  0.871111  0.448889

[882 rows x 5 columns]",,,,291,0.028028691433439328,0.09441404085451709,False
I_relative_63_logit_v2_all,relative,63,logit,expanding,liquid,v2_all,relative,0.1,71488,882,14,0.5401046329453895,0.5464553491495077,-0.006350716204118201,0.4765636910328383,0.5959084988253287,264.7547602670794,0.793765556899468,0.562358276643991,"           day   n       acc   frac_up      y_up
0   2021-04-01  70  0.614286  0.200000  0.357143
1   2021-04-05  70  0.614286  0.142857  0.385714
2   2021-04-06  70  0.585714  0.157143  0.428571
3   2021-04-07  71  0.605634  0.140845  0.394366
4   2021-04-08  71  0.507042  0.211268  0.450704
..         ...  ..       ...       ...       ...
877 2024-09-26  89  0.483146  0.764045  0.382022
878 2024-09-27  89  0.460674  0.752809  0.370787
879 2024-09-30  89  0.539326  0.719101  0.438202
880 2024-10-01  90  0.555556  0.722222  0.455556
881 2024-10-02  90  0.522222  0.733333  0.433333

[882 rows x 5 columns]",,,,292,0.030445104028696532,0.10258467571814393,False
I_relative_63_logit_v2_all,relative,63,logit,expanding,liquid,v2_all,relative,0.05,35519,882,14,0.5587150539148061,0.5020693150144993,0.056645738900306886,0.4988867754856632,0.6121059444642722,116.53614149302084,0.7353001443091576,0.5476190476190477,"           day   n       acc   frac_up      y_up
0   2021-04-01  35  0.714286  0.200000  0.314286
1   2021-04-05  35  0.685714  0.171429  0.371429
2   2021-04-06  35  0.685714  0.171429  0.371429
3   2021-04-07  35  0.714286  0.200000  0.371429
4   2021-04-08  35  0.571429  0.228571  0.428571
..         ...  ..       ...       ...       ...
877 2024-09-26  44  0.590909  0.568182  0.431818
878 2024-09-27  44  0.522727  0.545455  0.340909
879 2024-09-30  44  0.636364  0.500000  0.409091
880 2024-10-01  45  0.622222  0.488889  0.422222
881 2024-10-02  45  0.600000  0.511111  0.466667

[882 rows x 5 columns]",,,,293,0.028882441065971702,0.09734858881983813,False
I_relative_63_logit_v2_all,relative,63,logit,expanding,liquid,v2_all,relative,0.02,13999,882,14,0.5908279162797343,0.5776126866204729,0.013215229659261363,0.5279750085449549,0.6478154550357786,53.572052679206585,0.7700622841729284,0.6870748299319728,"           day   n       acc   frac_up      y_up
0   2021-04-01  14  0.928571  0.285714  0.357143
1   2021-04-05  14  0.785714  0.214286  0.285714
2   2021-04-06  14  0.857143  0.357143  0.357143
3   2021-04-07  14  0.857143  0.214286  0.357143
4   2021-04-08  14  0.714286  0.285714  0.428571
..         ...  ..       ...       ...       ...
877 2024-09-26  17  0.764706  0.117647  0.235294
878 2024-09-27  17  0.705882  0.058824  0.235294
879 2024-09-30  17  0.823529  0.000000  0.176471
880 2024-10-01  18  0.777778  0.000000  0.222222
881 2024-10-02  18  0.666667  0.055556  0.277778

[882 rows x 5 columns]",,,,294,0.030571542472148903,0.10307262320477646,False
I_relative_63_logit_v2_all,relative,63,logit,expanding,liquid,v2_all,relative,0.01,6887,882,14,0.6372876433860898,0.6265427617249891,0.010744881661100658,0.5642986600155928,0.7008624044979922,35.72435002766948,0.837119371558147,0.7528344671201814,"           day  n       acc   frac_up      y_up
0   2021-04-01  7  0.857143  0.285714  0.428571
1   2021-04-05  7  0.857143  0.142857  0.285714
2   2021-04-06  7  0.857143  0.285714  0.428571
3   2021-04-07  7  0.857143  0.285714  0.428571
4   2021-04-08  7  0.857143  0.428571  0.571429
..         ... ..       ...       ...       ...
877 2024-09-26  8  0.625000  0.125000  0.250000
878 2024-09-27  8  0.625000  0.125000  0.250000
879 2024-09-30  8  0.875000  0.000000  0.125000
880 2024-10-01  9  0.777778  0.000000  0.222222
881 2024-10-02  9  0.777778  0.000000  0.222222

[882 rows x 5 columns]",,,,295,0.03483768991897943,0.11749111364042783,False
I_relative_63_logit_v2_all,relative,63,logit,expanding,liquid,v2_all,relative,,8820,882,14,0.5839002267573696,0.5817460317460318,0.002154195011337845,0.5196060090702949,0.6497760770975056,39.12523575105315,0.5,0.7913832199546486,,5.0,balanced,0.5,296,0.03320665000694152,0.11202370012028734,False
I_relative_63_logit_v2_all,relative,63,logit,expanding,liquid,v2_all,relative,,17640,882,14,0.5665532879818594,0.5594104308390022,0.0071428571428572285,0.5034566326530613,0.6260218253968254,68.4448892810181,0.5,0.7777777777777778,,10.0,balanced,0.5,297,0.03126663080198064,0.10551023717938937,False
I_relative_63_logit_v2_all,relative,63,logit,expanding,liquid,v2_all,relative,,35280,882,14,0.5553004535147392,0.5336451247165533,0.02165532879818588,0.49550666099773244,0.611281179138322,122.45146918199372,0.5,0.699546485260771,,20.0,balanced,0.5,298,0.029534315852191222,0.09969390003268791,False
I_relative_63_logit_v2_all,relative,63,logit,expanding,liquid,v2_all,relative,,70560,882,14,0.5386904761904762,0.5097222222222222,0.028968253968253976,0.4805236678004535,0.5918548044217687,229.20175596928888,0.5,0.5895691609977324,,40.0,balanced,0.5,299,0.02840080015849878,0.0958958690630546,False
I_relative_63_logit_v2_all,relative,63,logit,expanding,liquid,v2_all,relative,,141120,882,14,0.5212726757369615,0.5167517006802721,0.004520975056689358,0.4692775651927438,0.5692107780612244,369.43815619554374,0.5,0.41043083900226757,,80.0,balanced,0.5,300,0.025493166548081803,0.08610339154529838,False
I_relative_63_logit_v2_no_market,relative,63,logit,expanding,liquid,v2_no_market,relative,1.0,718940,882,14,0.5098408768464684,0.5610899379642251,-0.05124906111775673,0.4702367853954141,0.5458063320097454,1082.52520294497,0.7845903313301853,0.6258503401360545,"           day    n       acc   frac_up      y_up
0   2021-04-01  708  0.425141  0.211864  0.583333
1   2021-04-05  707  0.439887  0.209335  0.574257
2   2021-04-06  709  0.392102  0.217207  0.576869
3   2021-04-07  710  0.385915  0.219718  0.591549
4   2021-04-08  710  0.394366  0.230986  0.597183
..         ...  ...       ...       ...       ...
877 2024-09-26  896  0.497768  0.870536  0.477679
878 2024-09-27  898  0.484410  0.865256  0.469933
879 2024-09-30  898  0.494432  0.854120  0.477728
880 2024-10-01  900  0.485556  0.856667  0.466667
881 2024-10-02  901  0.485017  0.861265  0.463929

[882 rows x 5 columns]",,,,301,0.019277945564880432,0.0651304200608603,False
I_relative_63_logit_v2_no_market,relative,63,logit,expanding,liquid,v2_no_market,relative,0.5,359255,882,14,0.5138606282445617,0.5734005093874824,-0.05953988114292075,0.46183346481959003,0.5597485405491749,936.0083988453706,0.8535863585964408,0.5861678004535147,"           day    n       acc   frac_up      y_up
0   2021-04-01  354  0.420904  0.115819  0.593220
1   2021-04-05  353  0.413598  0.090652  0.586402
2   2021-04-06  354  0.409605  0.112994  0.590395
3   2021-04-07  355  0.405634  0.115493  0.602817
4   2021-04-08  355  0.388732  0.143662  0.630986
..         ...  ...       ...       ...       ...
877 2024-09-26  448  0.479911  0.933036  0.453125
878 2024-09-27  449  0.467706  0.928731  0.440980
879 2024-09-30  449  0.478842  0.915367  0.447661
880 2024-10-01  450  0.448889  0.922222  0.424444
881 2024-10-02  450  0.455556  0.915556  0.433333

[882 rows x 5 columns]",,,,302,0.02497833564530226,0.0844136710515123,False
I_relative_63_logit_v2_no_market,relative,63,logit,expanding,liquid,v2_no_market,relative,0.25,179401,882,14,0.5234363242122396,0.5720202228527155,-0.04858389864047585,0.4650683767019801,0.5765978316073546,590.0123257033875,0.8444667609551104,0.5702947845804989,"           day    n       acc   frac_up      y_up
0   2021-04-01  177  0.440678  0.101695  0.548023
1   2021-04-05  176  0.409091  0.096591  0.562500
2   2021-04-06  177  0.406780  0.090395  0.570621
3   2021-04-07  177  0.412429  0.101695  0.587571
4   2021-04-08  177  0.361582  0.152542  0.632768
..         ...  ...       ...       ...       ...
877 2024-09-26  224  0.459821  0.892857  0.415179
878 2024-09-27  224  0.441964  0.892857  0.406250
879 2024-09-30  224  0.495536  0.879464  0.446429
880 2024-10-01  225  0.462222  0.875556  0.426667
881 2024-10-02  225  0.466667  0.871111  0.435556

[882 rows x 5 columns]",,,,303,0.02845139155749349,0.0961786050988031,False
I_relative_63_logit_v2_no_market,relative,63,logit,expanding,liquid,v2_no_market,relative,0.1,71488,882,14,0.5419510966875559,0.5507217994628469,-0.008770702775291017,0.4785125315064312,0.5980574057816176,264.262165092072,0.7956456244704253,0.5668934240362812,"           day   n       acc   frac_up      y_up
0   2021-04-01  70  0.628571  0.128571  0.414286
1   2021-04-05  70  0.642857  0.128571  0.371429
2   2021-04-06  70  0.585714  0.128571  0.428571
3   2021-04-07  71  0.619718  0.112676  0.408451
4   2021-04-08  71  0.450704  0.183099  0.507042
..         ...  ..       ...       ...       ...
877 2024-09-26  89  0.505618  0.752809  0.393258
878 2024-09-27  89  0.460674  0.741573  0.359551
879 2024-09-30  89  0.539326  0.719101  0.438202
880 2024-10-01  90  0.522222  0.711111  0.433333
881 2024-10-02  90  0.511111  0.733333  0.422222

[882 rows x 5 columns]",,,,304,0.030496141396731225,0.1031205067879767,False
I_relative_63_logit_v2_no_market,relative,63,logit,expanding,liquid,v2_no_market,relative,0.05,35519,882,14,0.5585742841859287,0.5025760860384583,0.055998198147470424,0.5001112588336635,0.6107457769201736,111.9104133048344,0.7395982479909403,0.5521541950113379,"           day   n       acc   frac_up      y_up
0   2021-04-01  35  0.742857  0.171429  0.314286
1   2021-04-05  35  0.685714  0.142857  0.400000
2   2021-04-06  35  0.657143  0.171429  0.400000
3   2021-04-07  35  0.685714  0.171429  0.371429
4   2021-04-08  35  0.571429  0.228571  0.428571
..         ...  ..       ...       ...       ...
877 2024-09-26  44  0.590909  0.568182  0.431818
878 2024-09-27  44  0.500000  0.545455  0.318182
879 2024-09-30  44  0.636364  0.500000  0.363636
880 2024-10-01  45  0.622222  0.511111  0.400000
881 2024-10-02  45  0.577778  0.511111  0.400000

[882 rows x 5 columns]",,,,305,0.028223091348599526,0.09546175828247454,False
I_relative_63_logit_v2_no_market,relative,63,logit,expanding,liquid,v2_no_market,relative,0.02,13999,882,14,0.5931852275162511,0.5758268447746268,0.01735838274162438,0.5317736360132934,0.6495923174338012,52.28050737813895,0.7767172477456592,0.6938775510204082,"           day   n       acc   frac_up      y_up
0   2021-04-01  14  0.928571  0.285714  0.357143
1   2021-04-05  14  0.785714  0.214286  0.285714
2   2021-04-06  14  0.785714  0.357143  0.428571
3   2021-04-07  14  0.857143  0.285714  0.285714
4   2021-04-08  14  0.714286  0.285714  0.428571
..         ...  ..       ...       ...       ...
877 2024-09-26  17  0.764706  0.117647  0.235294
878 2024-09-27  17  0.705882  0.058824  0.235294
879 2024-09-30  17  0.823529  0.000000  0.176471
880 2024-10-01  18  0.777778  0.000000  0.222222
881 2024-10-02  18  0.666667  0.055556  0.277778

[882 rows x 5 columns]",,,,306,0.030055786076660148,0.1016897456529842,False
I_relative_63_logit_v2_no_market,relative,63,logit,expanding,liquid,v2_no_market,relative,0.01,6887,882,14,0.6378684478002032,0.6290111804849717,0.00885726731523151,0.566780179660267,0.7005875139453435,34.85027079854562,0.8589650145772595,0.7766439909297053,"           day  n       acc   frac_up      y_up
0   2021-04-01  7  0.857143  0.285714  0.428571
1   2021-04-05  7  0.857143  0.142857  0.285714
2   2021-04-06  7  0.857143  0.285714  0.428571
3   2021-04-07  7  0.857143  0.428571  0.571429
4   2021-04-08  7  0.857143  0.428571  0.571429
..         ... ..       ...       ...       ...
877 2024-09-26  8  0.625000  0.125000  0.250000
878 2024-09-27  8  0.625000  0.125000  0.250000
879 2024-09-30  8  0.875000  0.000000  0.125000
880 2024-10-01  9  0.777778  0.000000  0.222222
881 2024-10-02  9  0.777778  0.000000  0.222222

[882 rows x 5 columns]",,,,307,0.034134524052315436,0.11552252377318138,False
I_relative_63_logit_v2_no_market,relative,63,logit,expanding,liquid,v2_no_market,relative,,8820,882,14,0.5780045351473923,0.5842403628117914,-0.006235827664399118,0.5162018140589569,0.6420719954648526,35.88334171988272,0.5,0.7993197278911565,,5.0,balanced,0.5,308,0.032109740154565226,0.10870083527818211,False
I_relative_63_logit_v2_no_market,relative,63,logit,expanding,liquid,v2_no_market,relative,,17640,882,14,0.5692743764172336,0.5578231292517006,0.011451247165532918,0.5054960317460317,0.6297732426303854,71.9797176302509,0.5,0.7709750566893424,,10.0,balanced,0.5,309,0.031703370123559595,0.10735550661240648,False
I_relative_63_logit_v2_no_market,relative,63,logit,expanding,liquid,v2_no_market,relative,,35280,882,14,0.5528344671201814,0.5314625850340136,0.021371882086167804,0.49321782879818593,0.6079095804988662,119.98220238488807,0.5,0.6893424036281179,,20.0,balanced,0.5,310,0.029258099923642936,0.09910312570035303,False
I_relative_63_logit_v2_no_market,relative,63,logit,expanding,liquid,v2_no_market,relative,,70560,882,14,0.5401643990929705,0.5082766439909298,0.03188775510204078,0.48126275510204086,0.592890093537415,229.96112974596699,0.5,0.5736961451247166,,40.0,balanced,0.5,311,0.028476361845758698,0.09648229213506403,False
I_relative_63_logit_v2_no_market,relative,63,logit,expanding,liquid,v2_no_market,relative,,141120,882,14,0.5223356009070295,0.516921768707483,0.005413832199546498,0.4702690972222222,0.5702000070861678,374.03180182154136,0.5,0.3888888888888889,,80.0,balanced,0.5,312,0.025492579046924896,0.08639692810196341,False
I_extremes10_63_ens_lh_v2_no_market,extremes10,63,ens_lh,expanding,liquid,v2_no_market,relative,1.0,718940,882,14,0.5212813308481932,0.5610927198375386,-0.03981138898934544,0.48750886824862394,0.5522343203554103,824.1890622550098,0.8565329491162454,0.7505668934240363,"           day    n       acc   frac_up      y_up
0   2021-04-01  708  0.427966  0.172316  0.583333
1   2021-04-05  707  0.422914  0.166902  0.574257
2   2021-04-06  709  0.403385  0.174894  0.576869
3   2021-04-07  710  0.390141  0.173239  0.591549
4   2021-04-08  710  0.387324  0.187324  0.597183
..         ...  ...       ...       ...       ...
877 2024-09-26  896  0.504464  0.933036  0.477679
878 2024-09-27  898  0.491091  0.934298  0.469933
879 2024-09-30  898  0.504454  0.928731  0.477728
880 2024-10-01  900  0.495556  0.931111  0.466667
881 2024-10-02  901  0.490566  0.928968  0.463929

[882 rows x 5 columns]",,,,313,0.016511594925200605,0.05597505293309286,False
I_extremes10_63_ens_lh_v2_no_market,extremes10,63,ens_lh,expanding,liquid,v2_no_market,relative,0.5,359255,882,14,0.5218020626017731,0.5726099845513632,-0.05080792194959016,0.4766304018656786,0.563157144790008,722.1660031818773,0.9091825331193669,0.7120181405895691,"           day    n       acc   frac_up      y_up
0   2021-04-01  354  0.389831  0.073446  0.598870
1   2021-04-05  353  0.396601  0.056657  0.586402
2   2021-04-06  354  0.384181  0.070621  0.596045
3   2021-04-07  355  0.366197  0.064789  0.619718
4   2021-04-08  355  0.346479  0.087324  0.639437
..         ...  ...       ...       ...       ...
877 2024-09-26  448  0.493304  0.977679  0.484375
878 2024-09-27  449  0.489978  0.977728  0.481069
879 2024-09-30  449  0.507795  0.975501  0.492205
880 2024-10-01  450  0.482222  0.973333  0.473333
881 2024-10-02  450  0.471111  0.973333  0.462222

[882 rows x 5 columns]",,,,314,0.022073148705186067,0.07484973797359454,False
I_extremes10_63_ens_lh_v2_no_market,extremes10,63,ens_lh,expanding,liquid,v2_no_market,relative,0.25,179401,882,14,0.5142669215890658,0.5610057914950307,-0.046738869905964875,0.4676401722565166,0.5583057372094815,393.78626853537855,0.9098175204345722,0.6281179138321995,"           day    n       acc   frac_up      y_up
0   2021-04-01  177  0.468927  0.028249  0.536723
1   2021-04-05  176  0.465909  0.034091  0.556818
2   2021-04-06  177  0.457627  0.045198  0.564972
3   2021-04-07  177  0.412429  0.039548  0.615819
4   2021-04-08  177  0.378531  0.084746  0.615819
..         ...  ...       ...       ...       ...
877 2024-09-26  224  0.526786  0.982143  0.517857
878 2024-09-27  224  0.513393  0.968750  0.500000
879 2024-09-30  224  0.517857  0.964286  0.500000
880 2024-10-01  225  0.488889  0.973333  0.480000
881 2024-10-02  225  0.475556  0.973333  0.466667

[882 rows x 5 columns]",,,,315,0.023128970651266557,0.07845169992769178,False
I_extremes10_63_ens_lh_v2_no_market,extremes10,63,ens_lh,expanding,liquid,v2_no_market,relative,0.1,71488,882,14,0.5102814458370636,0.5312220232766338,-0.02094057743957023,0.4617772469228218,0.5574113830900393,170.39686861602084,0.8949867829136969,0.5566893424036281,"           day   n       acc   frac_up      y_up
0   2021-04-01  70  0.542857  0.028571  0.457143
1   2021-04-05  70  0.585714  0.014286  0.400000
2   2021-04-06  70  0.585714  0.042857  0.428571
3   2021-04-07  71  0.492958  0.056338  0.535211
4   2021-04-08  71  0.408451  0.084507  0.647887
..         ...  ..       ...       ...       ...
877 2024-09-26  89  0.505618  0.977528  0.505618
878 2024-09-27  89  0.471910  0.977528  0.471910
879 2024-09-30  89  0.449438  0.977528  0.449438
880 2024-10-01  90  0.444444  0.977778  0.422222
881 2024-10-02  90  0.400000  0.988889  0.388889

[882 rows x 5 columns]",,,,316,0.02439646330796366,0.08277373217920893,False
I_extremes10_63_ens_lh_v2_no_market,extremes10,63,ens_lh,expanding,liquid,v2_no_market,relative,0.05,35519,882,14,0.5146259748303724,0.5150201300712295,-0.00039415524085706366,0.4627274847258715,0.5649439636274943,99.61405380900256,0.8696429491594339,0.5566893424036281,"           day   n       acc   frac_up      y_up
0   2021-04-01  35  0.657143  0.028571  0.371429
1   2021-04-05  35  0.657143  0.028571  0.314286
2   2021-04-06  35  0.628571  0.057143  0.371429
3   2021-04-07  35  0.542857  0.085714  0.485714
4   2021-04-08  35  0.542857  0.085714  0.485714
..         ...  ..       ...       ...       ...
877 2024-09-26  44  0.500000  0.954545  0.500000
878 2024-09-27  44  0.431818  0.977273  0.409091
879 2024-09-30  44  0.522727  0.977273  0.500000
880 2024-10-01  45  0.488889  0.977778  0.466667
881 2024-10-02  45  0.377778  0.977778  0.355556

[882 rows x 5 columns]",,,,317,0.026075632372862968,0.08849519343622114,False
I_extremes10_63_ens_lh_v2_no_market,extremes10,63,ens_lh,expanding,liquid,v2_no_market,relative,0.02,13999,882,14,0.5252518037002643,0.5217515536824059,0.003500250017858364,0.4644274554603634,0.5857826876452493,53.25704448008984,0.8289699874658857,0.5510204081632653,"           day   n       acc   frac_up      y_up
0   2021-04-01  14  0.642857  0.000000  0.357143
1   2021-04-05  14  0.642857  0.071429  0.285714
2   2021-04-06  14  0.714286  0.071429  0.357143
3   2021-04-07  14  0.642857  0.071429  0.428571
4   2021-04-08  14  0.571429  0.071429  0.500000
..         ...  ..       ...       ...       ...
877 2024-09-26  17  0.470588  0.882353  0.470588
878 2024-09-27  17  0.470588  0.941176  0.411765
879 2024-09-30  17  0.411765  0.941176  0.352941
880 2024-10-01  18  0.388889  0.944444  0.333333
881 2024-10-02  18  0.277778  0.944444  0.222222

[882 rows x 5 columns]",,,,318,0.03095796739410355,0.1050935348033614,False
I_extremes10_63_ens_lh_v2_no_market,extremes10,63,ens_lh,expanding,liquid,v2_no_market,relative,0.01,6887,882,14,0.5488601713373021,0.5456657470596776,0.003194424277624508,0.47476130570604924,0.6250954006460622,40.77460567359261,0.8129364179534249,0.5317460317460317,"           day  n       acc   frac_up      y_up
0   2021-04-01  7  1.000000  0.000000  0.000000
1   2021-04-05  7  0.857143  0.000000  0.142857
2   2021-04-06  7  0.857143  0.000000  0.142857
3   2021-04-07  7  0.714286  0.142857  0.428571
4   2021-04-08  7  0.857143  0.142857  0.285714
..         ... ..       ...       ...       ...
877 2024-09-26  8  0.500000  0.750000  0.500000
878 2024-09-27  8  0.375000  0.875000  0.250000
879 2024-09-30  8  0.500000  0.875000  0.375000
880 2024-10-01  9  0.555556  0.888889  0.444444
881 2024-10-02  9  0.111111  0.888889  0.000000

[882 rows x 5 columns]",,,,319,0.038350534423472686,0.13022467193363685,False
I_extremes10_63_ens_lh_v2_no_market,extremes10,63,ens_lh,expanding,liquid,v2_no_market,relative,,8820,882,14,0.5851473922902495,0.5816326530612245,0.00351473922902501,0.512922335600907,0.6588520408163265,50.05018029252124,0.5,0.8151927437641724,,5.0,balanced,0.5,320,0.03722696561617844,0.12644374376117942,False
I_extremes10_63_ens_lh_v2_no_market,extremes10,63,ens_lh,expanding,liquid,v2_no_market,relative,,17640,882,14,0.5598639455782313,0.5612244897959183,-0.0013605442176870541,0.5017573696145124,0.6210898526077098,64.89465895270911,0.5,0.764172335600907,,10.0,balanced,0.5,321,0.030441959947244215,0.10342600337594637,False
I_extremes10_63_ens_lh_v2_no_market,extremes10,63,ens_lh,expanding,liquid,v2_no_market,relative,,35280,882,14,0.5378401360544217,0.5426587301587301,-0.004818594104308405,0.48656108276643995,0.5883829365079365,95.74302595055994,0.5,0.7131519274376418,,20.0,balanced,0.5,322,0.025974962689157284,0.08827323879951662,False
I_extremes10_63_ens_lh_v2_no_market,extremes10,63,ens_lh,expanding,liquid,v2_no_market,relative,,70560,882,14,0.5212301587301588,0.5154478458049887,0.005782312925170063,0.4723292233560091,0.5674659863945578,167.6379781922514,0.5,0.5782312925170068,,40.0,balanced,0.5,323,0.024269582407793044,0.08249982050360648,False
I_extremes10_63_ens_lh_v2_no_market,extremes10,63,ens_lh,expanding,liquid,v2_no_market,relative,,141120,882,14,0.5054067460317461,0.5066255668934241,-0.001218820861678016,0.4597771400226757,0.5481450184240362,288.39646959377797,0.5,0.4852607709750567,,80.0,balanced,0.5,324,0.022542826122796036,0.07665053834934346,False
I_extremes10_63_ens_lh_v2_all,extremes10,63,ens_lh,expanding,liquid,v2_all,relative,1.0,718940,882,14,0.5207875483350488,0.5610843742175982,-0.04029682588254935,0.4880855310620011,0.5506504949043273,764.3831620903967,0.8607471621531392,0.764172335600907,"           day    n       acc   frac_up      y_up
0   2021-04-01  708  0.419492  0.175141  0.583333
1   2021-04-05  707  0.413013  0.176803  0.574257
2   2021-04-06  709  0.399154  0.176305  0.576869
3   2021-04-07  710  0.392958  0.181690  0.591549
4   2021-04-08  710  0.380282  0.185915  0.597183
..         ...  ...       ...       ...       ...
877 2024-09-26  896  0.500000  0.939732  0.477679
878 2024-09-27  898  0.492205  0.937639  0.469933
879 2024-09-30  898  0.504454  0.935412  0.477728
880 2024-10-01  900  0.490000  0.936667  0.466667
881 2024-10-02  901  0.487236  0.936737  0.463929

[882 rows x 5 columns]",,,,325,0.01596044995977709,0.054283483255467585,False
I_extremes10_63_ens_lh_v2_all,extremes10,63,ens_lh,expanding,liquid,v2_all,relative,0.5,359255,882,14,0.520040082949437,0.5701103672878596,-0.05007028433842253,0.47578888270979575,0.5608047216192789,701.7980949044907,0.911129200218436,0.7188208616780045,"           day    n       acc   frac_up      y_up
0   2021-04-01  354  0.384181  0.079096  0.610169
1   2021-04-05  353  0.382436  0.073654  0.600567
2   2021-04-06  354  0.375706  0.073446  0.601695
3   2021-04-07  355  0.363380  0.090141  0.630986
4   2021-04-08  355  0.332394  0.084507  0.656338
..         ...  ...       ...       ...       ...
877 2024-09-26  448  0.491071  0.984375  0.484375
878 2024-09-27  449  0.494432  0.984410  0.487751
879 2024-09-30  449  0.503341  0.979955  0.492205
880 2024-10-01  450  0.477778  0.984444  0.471111
881 2024-10-02  450  0.471111  0.984444  0.464444

[882 rows x 5 columns]",,,,326,0.021687714007521203,0.07378221110628522,False
I_extremes10_63_ens_lh_v2_all,extremes10,63,ens_lh,expanding,liquid,v2_all,relative,0.25,179401,882,14,0.5137206593051321,0.5568363610013322,-0.04311570169620005,0.4689055156250234,0.5570778812942473,373.8540282289896,0.9126723702324884,0.63718820861678,"           day    n       acc   frac_up      y_up
0   2021-04-01  177  0.491525  0.045198  0.531073
1   2021-04-05  176  0.477273  0.034091  0.545455
2   2021-04-06  177  0.457627  0.039548  0.559322
3   2021-04-07  177  0.423729  0.079096  0.587571
4   2021-04-08  177  0.384181  0.107345  0.598870
..         ...  ...       ...       ...       ...
877 2024-09-26  224  0.535714  0.986607  0.531250
878 2024-09-27  224  0.508929  0.977679  0.504464
879 2024-09-30  224  0.526786  0.982143  0.517857
880 2024-10-01  225  0.488889  0.986667  0.484444
881 2024-10-02  225  0.497778  0.986667  0.484444

[882 rows x 5 columns]",,,,327,0.022492950425822417,0.07654189532981945,False
I_extremes10_63_ens_lh_v2_all,extremes10,63,ens_lh,expanding,liquid,v2_all,relative,0.1,71488,882,14,0.510001678603402,0.5292916293643688,-0.019289950760966845,0.46375583289016864,0.5545425561286846,153.58085486632024,0.8998795872862806,0.5804988662131519,"           day   n       acc   frac_up      y_up
0   2021-04-01  70  0.557143  0.028571  0.442857
1   2021-04-05  70  0.600000  0.014286  0.385714
2   2021-04-06  70  0.628571  0.028571  0.371429
3   2021-04-07  71  0.563380  0.084507  0.492958
4   2021-04-08  71  0.464789  0.070423  0.577465
..         ...  ..       ...       ...       ...
877 2024-09-26  89  0.539326  0.988764  0.550562
878 2024-09-27  89  0.505618  0.988764  0.494382
879 2024-09-30  89  0.528090  1.000000  0.528090
880 2024-10-01  90  0.500000  1.000000  0.500000
881 2024-10-02  90  0.477778  0.988889  0.466667

[882 rows x 5 columns]",,,,328,0.023159878377172448,0.07883218181533412,False
I_extremes10_63_ens_lh_v2_all,extremes10,63,ens_lh,expanding,liquid,v2_all,relative,0.05,35519,882,14,0.5093048790788028,0.5105154987471494,-0.0012106196683465686,0.4581022985980015,0.558140391914565,93.20504278218534,0.8755855767235252,0.5521541950113379,"           day   n       acc   frac_up      y_up
0   2021-04-01  35  0.628571  0.028571  0.400000
1   2021-04-05  35  0.657143  0.028571  0.314286
2   2021-04-06  35  0.571429  0.057143  0.428571
3   2021-04-07  35  0.514286  0.114286  0.542857
4   2021-04-08  35  0.600000  0.085714  0.428571
..         ...  ..       ...       ...       ...
877 2024-09-26  44  0.522727  1.000000  0.522727
878 2024-09-27  44  0.545455  1.000000  0.545455
879 2024-09-30  44  0.545455  1.000000  0.545455
880 2024-10-01  45  0.444444  1.000000  0.444444
881 2024-10-02  45  0.422222  1.000000  0.422222

[882 rows x 5 columns]",,,,329,0.02551992176442946,0.08688817762283993,False
I_extremes10_63_ens_lh_v2_all,extremes10,63,ens_lh,expanding,liquid,v2_all,relative,0.02,13999,882,14,0.5213943853132367,0.5204657475533967,0.0009286377598399786,0.4577246964602056,0.583858278827904,57.06152992389826,0.8374598648983402,0.5544217687074829,"           day   n       acc   frac_up      y_up
0   2021-04-01  14  0.857143  0.000000  0.142857
1   2021-04-05  14  0.857143  0.000000  0.142857
2   2021-04-06  14  0.785714  0.071429  0.285714
3   2021-04-07  14  0.785714  0.142857  0.357143
4   2021-04-08  14  0.714286  0.142857  0.285714
..         ...  ..       ...       ...       ...
877 2024-09-26  17  0.529412  1.000000  0.529412
878 2024-09-27  17  0.470588  1.000000  0.470588
879 2024-09-30  17  0.588235  1.000000  0.588235
880 2024-10-01  18  0.444444  1.000000  0.444444
881 2024-10-02  18  0.333333  1.000000  0.333333

[882 rows x 5 columns]",,,,330,0.03217693427747408,0.1095821167184741,False
I_extremes10_63_ens_lh_v2_all,extremes10,63,ens_lh,expanding,liquid,v2_all,relative,0.01,6887,882,14,0.5475533614055467,0.5318716422244809,0.015681719181065756,0.47257371005869725,0.625934708091344,42.45993664850527,0.8355806608357629,0.564625850340136,"           day  n       acc  frac_up      y_up
0   2021-04-01  7  1.000000      0.0  0.000000
1   2021-04-05  7  1.000000      0.0  0.000000
2   2021-04-06  7  0.857143      0.0  0.142857
3   2021-04-07  7  0.714286      0.0  0.285714
4   2021-04-08  7  0.857143      0.0  0.142857
..         ... ..       ...      ...       ...
877 2024-09-26  8  0.500000      1.0  0.500000
878 2024-09-27  8  0.375000      1.0  0.375000
879 2024-09-30  8  0.750000      1.0  0.750000
880 2024-10-01  9  0.666667      1.0  0.666667
881 2024-10-02  9  0.444444      1.0  0.444444

[882 rows x 5 columns]",,,,331,0.03912270357975682,0.13327145816578437,False
I_extremes10_63_ens_lh_v2_all,extremes10,63,ens_lh,expanding,liquid,v2_all,relative,,8820,882,14,0.5848072562358276,0.5831065759637188,0.00170068027210879,0.5099744897959184,0.6622477324263037,54.46162574563404,0.5,0.8151927437641724,,5.0,balanced,0.5,332,0.038845214956730954,0.13236058794271385,False
I_extremes10_63_ens_lh_v2_all,extremes10,63,ens_lh,expanding,liquid,v2_all,relative,,17640,882,14,0.564795918367347,0.5638888888888889,0.0009070294784581101,0.5031675170068027,0.6289129818594104,73.33551727247676,0.5,0.7709750566893424,,10.0,balanced,0.5,333,0.03207792470729787,0.10933013708684171,False
I_extremes10_63_ens_lh_v2_all,extremes10,63,ens_lh,expanding,liquid,v2_all,relative,,35280,882,14,0.5377551020408163,0.5449546485260771,-0.007199546485260777,0.4843785430839002,0.5902820294784581,100.03522989752761,0.5,0.7324263038548753,,20.0,balanced,0.5,334,0.027016195508815784,0.09210217679197567,False
I_extremes10_63_ens_lh_v2_all,extremes10,63,ens_lh,expanding,liquid,v2_all,relative,,70560,882,14,0.5177295918367347,0.5167091836734694,0.0010204081632653184,0.4706161422902494,0.563889951814059,161.26690946951896,0.5,0.5941043083900227,,40.0,balanced,0.5,335,0.023794339164237142,0.0811392584840439,False
I_extremes10_63_ens_lh_v2_all,extremes10,63,ens_lh,expanding,liquid,v2_all,relative,,141120,882,14,0.5045918367346939,0.5058956916099773,-0.0013038548752833945,0.4599278982426304,0.5470714640022676,278.6079569445246,0.5,0.5045351473922902,,80.0,balanced,0.5,336,0.022230501469295196,0.07582596372466757,False
I_extremes20_63_ens_lh_v2_no_market,extremes20,63,ens_lh,expanding,liquid,v2_no_market,relative,1.0,718940,882,14,0.5205719531532534,0.5610996745208223,-0.04052772136756888,0.48727974916071926,0.5506279999476021,795.7797214039098,0.8221544896470754,0.7267573696145124,"           day    n       acc   frac_up      y_up
0   2021-04-01  708  0.435028  0.221751  0.583333
1   2021-04-05  707  0.432815  0.219236  0.574257
2   2021-04-06  709  0.411848  0.231312  0.576869
3   2021-04-07  710  0.394366  0.225352  0.591549
4   2021-04-08  710  0.387324  0.238028  0.597183
..         ...  ...       ...       ...       ...
877 2024-09-26  896  0.496652  0.902902  0.477679
878 2024-09-27  898  0.491091  0.903118  0.469933
879 2024-09-30  898  0.494432  0.894209  0.477728
880 2024-10-01  900  0.488889  0.893333  0.466667
881 2024-10-02  901  0.490566  0.895671  0.463929

[882 rows x 5 columns]",,,,337,0.016160268057878287,0.05513509721336403,False
I_extremes20_63_ens_lh_v2_no_market,extremes20,63,ens_lh,expanding,liquid,v2_no_market,relative,0.5,359255,882,14,0.5257519032442137,0.5756551752933153,-0.04990327204910161,0.48089121053337885,0.5651289016481661,695.6165307250053,0.8863591134115774,0.673469387755102,"           day    n       acc   frac_up      y_up
0   2021-04-01  354  0.387006  0.073446  0.601695
1   2021-04-05  353  0.385269  0.062323  0.603399
2   2021-04-06  354  0.375706  0.076271  0.610169
3   2021-04-07  355  0.366197  0.081690  0.625352
4   2021-04-08  355  0.349296  0.095775  0.650704
..         ...  ...       ...       ...       ...
877 2024-09-26  448  0.491071  0.970982  0.479911
878 2024-09-27  449  0.492205  0.971047  0.481069
879 2024-09-30  449  0.494432  0.966592  0.474388
880 2024-10-01  450  0.464444  0.968889  0.451111
881 2024-10-02  450  0.455556  0.968889  0.442222

[882 rows x 5 columns]",,,,338,0.02148920691703756,0.07333486419115091,False
I_extremes20_63_ens_lh_v2_no_market,extremes20,63,ens_lh,expanding,liquid,v2_no_market,relative,0.25,179401,882,14,0.5223883924838769,0.5609723468654021,-0.038583954381525176,0.47739421302130514,0.5633460797148193,353.185196290336,0.8859145757542417,0.5600907029478458,"           day    n       acc   frac_up      y_up
0   2021-04-01  177  0.468927  0.039548  0.548023
1   2021-04-05  176  0.420455  0.028409  0.585227
2   2021-04-06  177  0.429379  0.028249  0.587571
3   2021-04-07  177  0.395480  0.033898  0.615819
4   2021-04-08  177  0.350282  0.056497  0.661017
..         ...  ...       ...       ...       ...
877 2024-09-26  224  0.500000  0.977679  0.495536
878 2024-09-27  224  0.504464  0.973214  0.495536
879 2024-09-30  224  0.504464  0.968750  0.482143
880 2024-10-01  225  0.488889  0.968889  0.475556
881 2024-10-02  225  0.462222  0.964444  0.444444

[882 rows x 5 columns]",,,,339,0.021926496605488312,0.07484615386081546,False
I_extremes20_63_ens_lh_v2_no_market,extremes20,63,ens_lh,expanding,liquid,v2_no_market,relative,0.1,71488,882,14,0.5115963518352731,0.5298231871083259,-0.0182268352730528,0.4592266825451053,0.5632404723625651,202.4331175842046,0.8678678392041619,0.5238095238095238,"           day   n       acc   frac_up      y_up
0   2021-04-01  70  0.571429  0.042857  0.471429
1   2021-04-05  70  0.500000  0.028571  0.500000
2   2021-04-06  70  0.528571  0.057143  0.500000
3   2021-04-07  71  0.535211  0.056338  0.492958
4   2021-04-08  71  0.507042  0.070423  0.535211
..         ...  ..       ...       ...       ...
877 2024-09-26  89  0.550562  0.955056  0.528090
878 2024-09-27  89  0.539326  0.966292  0.528090
879 2024-09-30  89  0.528090  0.955056  0.505618
880 2024-10-01  90  0.488889  0.955556  0.488889
881 2024-10-02  90  0.488889  0.944444  0.477778

[882 rows x 5 columns]",,,,340,0.02653413005547445,0.09059721616531662,False
I_extremes20_63_ens_lh_v2_no_market,extremes20,63,ens_lh,expanding,liquid,v2_no_market,relative,0.05,35519,882,14,0.5121484276021284,0.5096990343196599,0.002449393282468515,0.45306476542366825,0.5697274612862603,123.62819178241247,0.8527202636809746,0.5249433106575964,"           day   n       acc   frac_up      y_up
0   2021-04-01  35  0.657143  0.028571  0.371429
1   2021-04-05  35  0.571429  0.028571  0.400000
2   2021-04-06  35  0.600000  0.085714  0.428571
3   2021-04-07  35  0.571429  0.057143  0.485714
4   2021-04-08  35  0.542857  0.114286  0.514286
..         ...  ..       ...       ...       ...
877 2024-09-26  44  0.500000  0.954545  0.500000
878 2024-09-27  44  0.477273  0.954545  0.477273
879 2024-09-30  44  0.568182  0.909091  0.522727
880 2024-10-01  45  0.488889  0.911111  0.488889
881 2024-10-02  45  0.511111  0.911111  0.511111

[882 rows x 5 columns]",,,,341,0.029760891801681642,0.10164015544540951,False
I_extremes20_63_ens_lh_v2_no_market,extremes20,63,ens_lh,expanding,liquid,v2_no_market,relative,0.02,13999,882,14,0.5262518751339381,0.5201085791842275,0.0061432959497106365,0.45551346863925973,0.6003246422358642,77.0109940428477,0.8503764204094336,0.5328798185941043,"           day   n       acc   frac_up      y_up
0   2021-04-01  14  0.714286  0.000000  0.285714
1   2021-04-05  14  0.714286  0.000000  0.285714
2   2021-04-06  14  0.785714  0.142857  0.357143
3   2021-04-07  14  0.642857  0.142857  0.500000
4   2021-04-08  14  0.642857  0.214286  0.428571
..         ...  ..       ...       ...       ...
877 2024-09-26  17  0.470588  0.941176  0.529412
878 2024-09-27  17  0.529412  0.941176  0.588235
879 2024-09-30  17  0.470588  0.823529  0.411765
880 2024-10-01  18  0.388889  0.888889  0.388889
881 2024-10-02  18  0.500000  0.944444  0.444444

[882 rows x 5 columns]",,,,342,0.03694162591750115,0.1261956516986647,False
I_extremes20_63_ens_lh_v2_no_market,extremes20,63,ens_lh,expanding,liquid,v2_no_market,relative,0.01,6887,882,14,0.5581530419631189,0.548424568026717,0.00972847393640186,0.4835956751171688,0.6350095975737333,41.58484552294823,0.8573970593528416,0.518140589569161,"           day  n       acc   frac_up      y_up
0   2021-04-01  7  0.857143  0.000000  0.142857
1   2021-04-05  7  0.714286  0.000000  0.285714
2   2021-04-06  7  0.714286  0.000000  0.285714
3   2021-04-07  7  0.857143  0.142857  0.285714
4   2021-04-08  7  0.857143  0.142857  0.285714
..         ... ..       ...       ...       ...
877 2024-09-26  8  0.500000  0.875000  0.625000
878 2024-09-27  8  0.375000  0.875000  0.500000
879 2024-09-30  8  0.750000  0.875000  0.625000
880 2024-10-01  9  0.555556  0.888889  0.444444
881 2024-10-02  9  0.555556  0.888889  0.444444

[882 rows x 5 columns]",,,,343,0.03862600062667463,0.13198262445135828,False
I_extremes20_63_ens_lh_v2_no_market,extremes20,63,ens_lh,expanding,liquid,v2_no_market,relative,,8820,882,14,0.5816326530612245,0.5846938775510204,-0.003061224489795955,0.5065731292517007,0.6600963718820861,53.779603032101946,0.5,0.808390022675737,,5.0,balanced,0.5,344,0.03916409250775138,0.13385461411452973,False
I_extremes20_63_ens_lh_v2_no_market,extremes20,63,ens_lh,expanding,liquid,v2_no_market,relative,,17640,882,14,0.557312925170068,0.5599206349206349,-0.0026077097505669,0.4866170634920635,0.6285204081632653,94.46153695692783,0.5,0.7551020408163265,,10.0,balanced,0.5,345,0.03619983282428616,0.12375414028266964,False
I_extremes20_63_ens_lh_v2_no_market,extremes20,63,ens_lh,expanding,liquid,v2_no_market,relative,,35280,882,14,0.5363378684807256,0.5329365079365079,0.003401360544217691,0.4753578514739229,0.5955803571428571,131.55640068139365,0.5,0.6802721088435374,,20.0,balanced,0.5,346,0.030669006548197493,0.10487220734026029,False
I_extremes20_63_ens_lh_v2_no_market,extremes20,63,ens_lh,expanding,liquid,v2_no_market,relative,,70560,882,14,0.5230017006802721,0.5137613378684808,0.009240362811791303,0.4708875425170068,0.5720588860544217,181.8129812481829,0.5,0.590702947845805,,40.0,balanced,0.5,347,0.0258090162085242,0.08827532317239543,False
I_extremes20_63_ens_lh_v2_no_market,extremes20,63,ens_lh,expanding,liquid,v2_no_market,relative,,141120,882,14,0.5125425170068028,0.5020549886621315,0.01048752834467126,0.46598604024943313,0.5576969954648525,298.6592761030564,0.5,0.5022675736961452,,80.0,balanced,0.5,348,0.023395651840668212,0.08004050491116302,False
I_extremes20_63_ens_lh_v2_all,extremes20,63,ens_lh,expanding,liquid,v2_all,relative,1.0,718940,882,14,0.517959774111887,0.5610941107741954,-0.04313433666230837,0.4844571629631576,0.5471485633895391,776.1599311975306,0.8267482317708894,0.7290249433106576,"           day    n       acc   frac_up      y_up
0   2021-04-01  708  0.429379  0.233051  0.583333
1   2021-04-05  707  0.424328  0.230552  0.574257
2   2021-04-06  709  0.409027  0.234133  0.576869
3   2021-04-07  710  0.400000  0.230986  0.591549
4   2021-04-08  710  0.387324  0.243662  0.597183
..         ...  ...       ...       ...       ...
877 2024-09-26  896  0.502232  0.924107  0.477679
878 2024-09-27  898  0.489978  0.913140  0.469933
879 2024-09-30  898  0.500000  0.899777  0.477728
880 2024-10-01  900  0.493333  0.911111  0.466667
881 2024-10-02  901  0.492786  0.911210  0.463929

[882 rows x 5 columns]",,,,349,0.015992704190403443,0.05472717358068296,False
I_extremes20_63_ens_lh_v2_all,extremes20,63,ens_lh,expanding,liquid,v2_all,relative,0.5,359255,882,14,0.5226900112733295,0.5753768214777804,-0.052686810204450873,0.47718529926924624,0.5612689517450228,681.4963110908428,0.8896998555802637,0.6870748299319728,"           day    n       acc   frac_up      y_up
0   2021-04-01  354  0.406780  0.104520  0.601695
1   2021-04-05  353  0.393768  0.073654  0.600567
2   2021-04-06  354  0.392655  0.090395  0.612994
3   2021-04-07  355  0.377465  0.115493  0.608451
4   2021-04-08  355  0.352113  0.109859  0.650704
..         ...  ...       ...       ...       ...
877 2024-09-26  448  0.482143  0.973214  0.468750
878 2024-09-27  449  0.496659  0.968820  0.483296
879 2024-09-30  449  0.501114  0.962138  0.476615
880 2024-10-01  450  0.471111  0.964444  0.453333
881 2024-10-02  450  0.460000  0.964444  0.442222

[882 rows x 5 columns]",,,,350,0.021449911345861362,0.0734197168340902,False
I_extremes20_63_ens_lh_v2_all,extremes20,63,ens_lh,expanding,liquid,v2_all,relative,0.25,179401,882,14,0.5192836160333555,0.5597404696740821,-0.0404568536407266,0.47374095700874275,0.5603480784375905,350.0532423121731,0.8897917513308031,0.5873015873015873,"           day    n       acc   frac_up      y_up
0   2021-04-01  177  0.457627  0.039548  0.559322
1   2021-04-05  176  0.426136  0.034091  0.573864
2   2021-04-06  177  0.429379  0.033898  0.581921
3   2021-04-07  177  0.412429  0.073446  0.593220
4   2021-04-08  177  0.344633  0.084746  0.649718
..         ...  ...       ...       ...       ...
877 2024-09-26  224  0.486607  0.973214  0.477679
878 2024-09-27  224  0.486607  0.973214  0.477679
879 2024-09-30  224  0.486607  0.964286  0.459821
880 2024-10-01  225  0.462222  0.968889  0.448889
881 2024-10-02  225  0.448889  0.964444  0.431111

[882 rows x 5 columns]",,,,351,0.022093653425726466,0.07564155968809173,False
I_extremes20_63_ens_lh_v2_all,extremes20,63,ens_lh,expanding,liquid,v2_all,relative,0.1,71488,882,14,0.5126175022381378,0.5320053715308863,-0.019387869292748494,0.4608501497870978,0.5636259614451097,192.31419261004396,0.8732051871043538,0.5294784580498866,"           day   n       acc   frac_up      y_up
0   2021-04-01  70  0.514286  0.071429  0.500000
1   2021-04-05  70  0.442857  0.042857  0.542857
2   2021-04-06  70  0.500000  0.057143  0.528571
3   2021-04-07  71  0.478873  0.070423  0.563380
4   2021-04-08  71  0.436620  0.070423  0.605634
..         ...  ..       ...       ...       ...
877 2024-09-26  89  0.494382  0.966292  0.483146
878 2024-09-27  89  0.483146  0.977528  0.483146
879 2024-09-30  89  0.516854  0.943820  0.483146
880 2024-10-01  90  0.477778  0.944444  0.466667
881 2024-10-02  90  0.433333  0.944444  0.422222

[882 rows x 5 columns]",,,,352,0.02621831930051323,0.0897848721708209,False
I_extremes20_63_ens_lh_v2_all,extremes20,63,ens_lh,expanding,liquid,v2_all,relative,0.05,35519,882,14,0.5110785776626594,0.5084039528139869,0.0026746248486725355,0.45141943021470105,0.5691503608471007,131.83596139197337,0.8547441667577007,0.5249433106575964,"           day   n       acc   frac_up      y_up
0   2021-04-01  35  0.628571  0.028571  0.400000
1   2021-04-05  35  0.571429  0.028571  0.400000
2   2021-04-06  35  0.628571  0.085714  0.400000
3   2021-04-07  35  0.571429  0.114286  0.485714
4   2021-04-08  35  0.457143  0.114286  0.600000
..         ...  ..       ...       ...       ...
877 2024-09-26  44  0.522727  0.954545  0.522727
878 2024-09-27  44  0.454545  0.954545  0.454545
879 2024-09-30  44  0.568182  0.909091  0.522727
880 2024-10-01  45  0.488889  0.911111  0.444444
881 2024-10-02  45  0.466667  0.888889  0.444444

[882 rows x 5 columns]",,,,353,0.03003340067153052,0.10287452973653946,False
I_extremes20_63_ens_lh_v2_all,extremes20,63,ens_lh,expanding,liquid,v2_all,relative,0.02,13999,882,14,0.5202514465318951,0.5291806557611258,-0.008929209229230683,0.44602060390657783,0.5937970947316453,79.7090340018502,0.8415269282316101,0.5147392290249433,"           day   n       acc   frac_up      y_up
0   2021-04-01  14  0.714286  0.071429  0.357143
1   2021-04-05  14  0.642857  0.071429  0.285714
2   2021-04-06  14  0.714286  0.142857  0.428571
3   2021-04-07  14  0.714286  0.142857  0.428571
4   2021-04-08  14  0.857143  0.285714  0.285714
..         ...  ..       ...       ...       ...
877 2024-09-26  17  0.529412  0.882353  0.529412
878 2024-09-27  17  0.529412  0.941176  0.470588
879 2024-09-30  17  0.588235  0.882353  0.588235
880 2024-10-01  18  0.555556  0.944444  0.500000
881 2024-10-02  18  0.555556  0.888889  0.444444

[882 rows x 5 columns]",,,,354,0.03769808439414987,0.12915978700384292,False
I_extremes20_63_ens_lh_v2_all,extremes20,63,ens_lh,expanding,liquid,v2_all,relative,0.01,6887,882,14,0.548424568026717,0.5474081603020183,0.001016407724698687,0.4735352854833436,0.6240640672600876,40.76303582576375,0.8554286794082712,0.5589569160997733,"           day  n       acc   frac_up      y_up
0   2021-04-01  7  1.000000  0.000000  0.000000
1   2021-04-05  7  0.714286  0.000000  0.285714
2   2021-04-06  7  0.714286  0.000000  0.285714
3   2021-04-07  7  1.000000  0.142857  0.142857
4   2021-04-08  7  1.000000  0.142857  0.142857
..         ... ..       ...       ...       ...
877 2024-09-26  8  0.625000  0.875000  0.750000
878 2024-09-27  8  0.625000  0.875000  0.500000
879 2024-09-30  8  0.625000  0.750000  0.625000
880 2024-10-01  9  0.444444  0.888889  0.333333
881 2024-10-02  9  0.777778  0.777778  0.555556

[882 rows x 5 columns]",,,,355,0.03840019943284285,0.1315969600548273,False
I_extremes20_63_ens_lh_v2_all,extremes20,63,ens_lh,expanding,liquid,v2_all,relative,,8820,882,14,0.5810657596371882,0.5829931972789115,-0.0019274376417233174,0.508718820861678,0.65625,51.195430249821044,0.5,0.7879818594104309,,5.0,balanced,0.5,356,0.03763550488222501,0.12900725055583576,False
I_extremes20_63_ens_lh_v2_all,extremes20,63,ens_lh,expanding,liquid,v2_all,relative,,17640,882,14,0.5539115646258503,0.5633219954648526,-0.009410430839002282,0.4842375283446712,0.625060941043084,93.8457121994037,0.5,0.7505668934240363,,10.0,balanced,0.5,357,0.03592433997408489,0.12317110152739774,False
I_extremes20_63_ens_lh_v2_all,extremes20,63,ens_lh,expanding,liquid,v2_all,relative,,35280,882,14,0.5364795918367347,0.5372732426303855,-0.0007936507936507908,0.4724178004535147,0.5984141156462585,140.8070713924161,0.5,0.6723356009070295,,20.0,balanced,0.5,358,0.03214191714100605,0.11022881033794013,False
I_extremes20_63_ens_lh_v2_all,extremes20,63,ens_lh,expanding,liquid,v2_all,relative,,70560,882,14,0.5234268707482993,0.5153202947845805,0.008106575963718776,0.4714714427437642,0.5732716836734694,188.05904949478827,0.5,0.5918367346938775,,40.0,balanced,0.5,359,0.025969449216761527,0.08908181565565962,False
I_extremes20_63_ens_lh_v2_all,extremes20,63,ens_lh,expanding,liquid,v2_all,relative,,141120,882,14,0.5100977891156463,0.5047406462585035,0.005357142857142838,0.46352891156462583,0.5551312712585034,290.2469484700647,0.5,0.46485260770975056,,80.0,balanced,0.5,360,0.02336794890149937,0.08017695510072151,False
I_relative_21_ens_lh_v2_no_market,relative,21,ens_lh,expanding,liquid,v2_no_market,relative,1.0,830525,1008,48,0.5324583847566299,0.5443472502332862,-0.011888865476656352,0.5166718433743211,0.5478976438832864,218.2177044478613,0.7611208418055875,0.7470238095238095,"            day    n       acc   frac_up      y_up
0    2021-02-01  699  0.479256  0.314735  0.500715
1    2021-02-02  699  0.449213  0.301860  0.520744
2    2021-02-03  699  0.420601  0.277539  0.562232
3    2021-02-04  700  0.408571  0.287143  0.552857
4    2021-02-05  701  0.405136  0.273894  0.563481
...         ...  ...       ...       ...       ...
1003 2025-01-29  898  0.581292  0.788419  0.496659
1004 2025-01-30  897  0.603122  0.793757  0.510591
1005 2025-01-31  898  0.575724  0.787305  0.496659
1006 2025-02-03  898  0.583519  0.795100  0.507795
1007 2025-02-04  899  0.587319  0.794216  0.503893

[1008 rows x 5 columns]",,,,361,0.007965765435960531,0.02733749953512799,False
I_relative_21_ens_lh_v2_no_market,relative,21,ens_lh,expanding,liquid,v2_no_market,relative,0.5,414995,1008,48,0.5471222544849937,0.5521753274135833,-0.005053072928589586,0.524024246770211,0.5695326721151235,230.91882008358226,0.8136979390557146,0.7053571428571429,"            day    n       acc   frac_up      y_up
0    2021-02-01  349  0.481375  0.243553  0.487106
1    2021-02-02  349  0.446991  0.226361  0.527221
2    2021-02-03  349  0.398281  0.174785  0.564470
3    2021-02-04  350  0.388571  0.191429  0.557143
4    2021-02-05  350  0.380000  0.177143  0.562857
...         ...  ...       ...       ...       ...
1003 2025-01-29  449  0.636971  0.861915  0.592428
1004 2025-01-30  448  0.680804  0.852679  0.627232
1005 2025-01-31  449  0.648107  0.870824  0.612472
1006 2025-02-03  449  0.659243  0.873051  0.616927
1007 2025-02-04  449  0.674833  0.875278  0.643653

[1008 rows x 5 columns]",,,,362,0.011609292179824619,0.03985097906201265,False
I_relative_21_ens_lh_v2_no_market,relative,21,ens_lh,expanding,liquid,v2_no_market,relative,0.25,207241,1008,48,0.5569699046038188,0.5493266293831819,0.007643275220636903,0.5279667135613172,0.5852549390407876,167.41464203543143,0.7933538934134281,0.6359126984126984,"            day    n       acc   frac_up      y_up
0    2021-02-01  174  0.557471  0.218391  0.385057
1    2021-02-02  174  0.494253  0.218391  0.448276
2    2021-02-03  174  0.454023  0.166667  0.494253
3    2021-02-04  175  0.405714  0.177143  0.542857
4    2021-02-05  175  0.388571  0.171429  0.565714
...         ...  ...       ...       ...       ...
1003 2025-01-29  224  0.714286  0.839286  0.660714
1004 2025-01-30  224  0.758929  0.834821  0.718750
1005 2025-01-31  224  0.723214  0.843750  0.691964
1006 2025-02-03  224  0.723214  0.848214  0.687500
1007 2025-02-04  224  0.754464  0.852679  0.732143

[1008 rows x 5 columns]",,,,363,0.014614343234558784,0.050178099386663774,False
I_relative_21_ens_lh_v2_no_market,relative,21,ens_lh,expanding,liquid,v2_no_market,relative,0.1,82572,1008,48,0.5663542120815773,0.5308215860097854,0.03553262607179197,0.5318797919631768,0.5997877796496404,97.24955147275955,0.7310095509952353,0.5714285714285714,"            day   n       acc   frac_up      y_up
0    2021-02-01  69  0.652174  0.289855  0.289855
1    2021-02-02  69  0.434783  0.275362  0.492754
2    2021-02-03  69  0.507246  0.217391  0.449275
3    2021-02-04  70  0.385714  0.242857  0.514286
4    2021-02-05  70  0.457143  0.242857  0.528571
...         ...  ..       ...       ...       ...
1003 2025-01-29  89  0.808989  0.730337  0.696629
1004 2025-01-30  89  0.797753  0.730337  0.752809
1005 2025-01-31  89  0.786517  0.741573  0.775281
1006 2025-02-03  89  0.775281  0.764045  0.741573
1007 2025-02-04  89  0.775281  0.719101  0.741573

[1008 rows x 5 columns]",,,,364,0.017323466246546827,0.05949370583689304,False
I_relative_21_ens_lh_v2_no_market,relative,21,ens_lh,expanding,liquid,v2_no_market,relative,0.05,40985,1008,48,0.5730633158472612,0.502134927412468,0.07092838843479321,0.5357548949018119,0.6082587780443641,55.71262376757446,0.6879999889494911,0.5615079365079365,"            day   n       acc   frac_up      y_up
0    2021-02-01  34  0.588235  0.411765  0.411765
1    2021-02-02  34  0.500000  0.382353  0.470588
2    2021-02-03  34  0.529412  0.294118  0.470588
3    2021-02-04  35  0.400000  0.428571  0.457143
4    2021-02-05  35  0.485714  0.342857  0.457143
...         ...  ..       ...       ...       ...
1003 2025-01-29  44  0.818182  0.568182  0.613636
1004 2025-01-30  44  0.795455  0.568182  0.727273
1005 2025-01-31  44  0.795455  0.590909  0.750000
1006 2025-02-03  44  0.772727  0.590909  0.681818
1007 2025-02-04  44  0.772727  0.636364  0.681818

[1008 rows x 5 columns]",,,,365,0.018495888556773518,0.06353491097898618,True
I_relative_21_ens_lh_v2_no_market,relative,21,ens_lh,expanding,liquid,v2_no_market,relative,0.02,16227,1008,48,0.5866765267763604,0.5447094348924632,0.041967091883897245,0.5463174681723671,0.6242901141834144,25.98594323793611,0.672346923990394,0.6200396825396826,"            day   n       acc   frac_up      y_up
0    2021-02-01  13  0.461538  0.538462  0.461538
1    2021-02-02  13  0.307692  0.538462  0.461538
2    2021-02-03  13  0.615385  0.615385  0.384615
3    2021-02-04  14  0.285714  0.500000  0.500000
4    2021-02-05  14  0.428571  0.571429  0.428571
...         ...  ..       ...       ...       ...
1003 2025-01-29  17  0.941176  0.294118  0.352941
1004 2025-01-30  17  0.882353  0.294118  0.411765
1005 2025-01-31  17  0.764706  0.294118  0.529412
1006 2025-02-03  17  0.764706  0.235294  0.470588
1007 2025-02-04  17  0.764706  0.294118  0.529412

[1008 rows x 5 columns]",,,,366,0.019890981125267156,0.06834301060208103,False
I_relative_21_ens_lh_v2_no_market,relative,21,ens_lh,expanding,liquid,v2_no_market,relative,0.01,7972,1008,48,0.6110135474159558,0.5812844957350728,0.029729051680883023,0.567690784217834,0.6496931846653808,14.948228168726624,0.7434945042831947,0.6845238095238095,"            day  n       acc   frac_up      y_up
0    2021-02-01  6  0.333333  0.833333  0.166667
1    2021-02-02  6  0.500000  0.833333  0.333333
2    2021-02-03  6  0.500000  0.833333  0.333333
3    2021-02-04  7  0.428571  0.571429  0.285714
4    2021-02-05  7  0.428571  0.857143  0.285714
...         ... ..       ...       ...       ...
1003 2025-01-29  8  1.000000  0.000000  0.000000
1004 2025-01-30  8  1.000000  0.000000  0.000000
1005 2025-01-31  8  0.875000  0.125000  0.250000
1006 2025-02-03  8  0.875000  0.125000  0.250000
1007 2025-02-04  8  0.875000  0.125000  0.250000

[1008 rows x 5 columns]",,,,367,0.02091897970600684,0.07189170000854708,False
I_relative_21_ens_lh_v2_no_market,relative,21,ens_lh,expanding,liquid,v2_no_market,relative,,10080,1008,48,0.6017857142857143,0.535218253968254,0.0665674603174603,0.563687996031746,0.6370089285714285,14.64927735578295,0.5,0.6904761904761905,,5.0,balanced,0.5,368,0.018704319525429215,0.0642954443979506,True
I_relative_21_ens_lh_v2_no_market,relative,21,ens_lh,expanding,liquid,v2_no_market,relative,,20160,1008,48,0.5873511904761904,0.5297123015873015,0.057638888888888906,0.552280505952381,0.6206870039682539,24.252439806337684,0.5,0.6507936507936508,,10.0,balanced,0.5,369,0.01745063724894718,0.059999730225230086,False
I_relative_21_ens_lh_v2_no_market,relative,21,ens_lh,expanding,liquid,v2_no_market,relative,,40320,1008,48,0.5727678571428572,0.512797619047619,0.05997023809523816,0.5395052083333334,0.6044971478174603,44.62699161843391,0.5,0.5982142857142857,,20.0,balanced,0.5,370,0.01657957639901198,0.057017850258267506,True
I_relative_21_ens_lh_v2_no_market,relative,21,ens_lh,expanding,liquid,v2_no_market,relative,,80640,1008,48,0.5604166666666667,0.5015128968253968,0.05890376984126988,0.527143787202381,0.5915553695436507,84.77458714509719,0.5,0.5218253968253969,,40.0,balanced,0.5,371,0.016431526107466773,0.05652159362593211,True
I_relative_21_ens_lh_v2_no_market,relative,21,ens_lh,expanding,liquid,v2_no_market,relative,,161280,1008,48,0.5482080853174603,0.5159660218253969,0.03224206349206349,0.5181849888392858,0.5773890128968253,145.55722874144428,0.5,0.44146825396825395,,80.0,balanced,0.5,372,0.015103067361617232,0.05196374382421415,False
I_relative_42_ens_lh_v2_no_market,relative,42,ens_lh,expanding,liquid,v2_no_market,relative,1.0,717587,882,21,0.5252394483177649,0.5551034229995805,-0.029863974681815564,0.501292134917262,0.5489729561042995,438.74055163846066,0.7369136468157376,0.68140589569161,"           day    n       acc   frac_up      y_up
0   2021-03-03  713  0.329593  0.301543  0.660589
1   2021-03-04  713  0.325386  0.311360  0.652174
2   2021-03-05  713  0.343619  0.332398  0.652174
3   2021-03-08  712  0.337079  0.323034  0.679775
4   2021-03-09  711  0.333333  0.338959  0.682138
..         ...  ...       ...       ...       ...
877 2024-08-27  892  0.541480  0.807175  0.543722
878 2024-08-28  891  0.530864  0.821549  0.534231
879 2024-08-29  893  0.522956  0.817469  0.533035
880 2024-08-30  895  0.528492  0.808939  0.527374
881 2024-09-03  894  0.511186  0.806488  0.525727

[882 rows x 5 columns]",,,,373,0.012163474792611617,0.04185924586121284,False
I_relative_42_ens_lh_v2_no_market,relative,42,ens_lh,expanding,liquid,v2_no_market,relative,0.5,358570,882,21,0.5342583038179435,0.5615361017374572,-0.02727779791951368,0.5007022609175817,0.5678352273240681,425.6546464815584,0.7910003977143287,0.6258503401360545,"           day    n       acc   frac_up      y_up
0   2021-03-03  356  0.261236  0.154494  0.747191
1   2021-03-04  356  0.283708  0.176966  0.730337
2   2021-03-05  356  0.278090  0.213483  0.721910
3   2021-03-08  356  0.264045  0.191011  0.741573
4   2021-03-09  355  0.264789  0.191549  0.740845
..         ...  ...       ...       ...       ...
877 2024-08-27  446  0.573991  0.863229  0.544843
878 2024-08-28  445  0.546067  0.869663  0.528090
879 2024-08-29  446  0.524664  0.881166  0.508969
880 2024-08-30  447  0.539150  0.883669  0.521253
881 2024-09-03  447  0.534676  0.863535  0.523490

[882 rows x 5 columns]",,,,374,0.01712575673634856,0.05894970956070773,False
I_relative_42_ens_lh_v2_no_market,relative,42,ens_lh,expanding,liquid,v2_no_market,relative,0.25,179070,882,21,0.5425085162227062,0.554537331769699,-0.012028815546992755,0.5038531550499797,0.5806483117535008,284.37178389519914,0.7757721476293095,0.6179138321995464,"           day    n       acc   frac_up      y_up
0   2021-03-03  178  0.230337  0.123596  0.747191
1   2021-03-04  178  0.286517  0.146067  0.735955
2   2021-03-05  178  0.280899  0.191011  0.730337
3   2021-03-08  178  0.286517  0.146067  0.758427
4   2021-03-09  177  0.305085  0.163842  0.757062
..         ...  ...       ...       ...       ...
877 2024-08-27  223  0.627803  0.838565  0.573991
878 2024-08-28  222  0.576577  0.851351  0.536036
879 2024-08-29  223  0.573991  0.843049  0.542601
880 2024-08-30  223  0.560538  0.838565  0.533632
881 2024-09-03  223  0.529148  0.843049  0.497758

[882 rows x 5 columns]",,,,375,0.019590601199877832,0.06744931060846292,False
I_relative_42_ens_lh_v2_no_market,relative,42,ens_lh,expanding,liquid,v2_no_market,relative,0.1,71345,882,21,0.5474665358469409,0.5311093979956549,0.016357137851286008,0.5016596238524429,0.5932734439431073,160.68017848879526,0.7222600120784373,0.54421768707483,"           day   n       acc   frac_up      y_up
0   2021-03-03  71  0.239437  0.169014  0.704225
1   2021-03-04  71  0.295775  0.197183  0.732394
2   2021-03-05  71  0.352113  0.239437  0.690141
3   2021-03-08  71  0.267606  0.169014  0.732394
4   2021-03-09  71  0.281690  0.183099  0.760563
..         ...  ..       ...       ...       ...
877 2024-08-27  89  0.662921  0.730337  0.550562
878 2024-08-28  89  0.573034  0.741573  0.449438
879 2024-08-29  89  0.573034  0.707865  0.460674
880 2024-08-30  89  0.584270  0.707865  0.471910
881 2024-09-03  89  0.528090  0.707865  0.415730

[882 rows x 5 columns]",,,,376,0.023370872472108273,0.08048264203057036,False
I_relative_42_ens_lh_v2_no_market,relative,42,ens_lh,expanding,liquid,v2_no_market,relative,0.05,35424,882,21,0.5544263775971093,0.5020607497741644,0.05236562782294496,0.5047578028944298,0.6035061829868581,90.23584429785186,0.6766441086602107,0.48639455782312924,"           day   n       acc   frac_up      y_up
0   2021-03-03  35  0.285714  0.228571  0.600000
1   2021-03-04  35  0.400000  0.228571  0.600000
2   2021-03-05  35  0.342857  0.285714  0.600000
3   2021-03-08  35  0.314286  0.257143  0.657143
4   2021-03-09  35  0.342857  0.228571  0.657143
..         ...  ..       ...       ...       ...
877 2024-08-27  44  0.750000  0.568182  0.500000
878 2024-08-28  44  0.704545  0.568182  0.409091
879 2024-08-29  44  0.659091  0.545455  0.386364
880 2024-08-30  44  0.659091  0.500000  0.431818
881 2024-09-03  44  0.545455  0.568182  0.386364

[882 rows x 5 columns]",,,,377,0.02519091328888476,0.08676977217786189,False
I_relative_42_ens_lh_v2_no_market,relative,42,ens_lh,expanding,liquid,v2_no_market,relative,0.02,14004,882,21,0.560982576406741,0.5536275349900028,0.007355041416738151,0.5055834937234019,0.6157846197251651,44.118680163906404,0.6659012017505415,0.5861678004535147,"           day   n       acc   frac_up      y_up
0   2021-03-03  14  0.357143  0.428571  0.500000
1   2021-03-04  14  0.500000  0.428571  0.357143
2   2021-03-05  14  0.500000  0.500000  0.285714
3   2021-03-08  14  0.500000  0.357143  0.428571
4   2021-03-09  14  0.571429  0.285714  0.428571
..         ...  ..       ...       ...       ...
877 2024-08-27  17  0.823529  0.294118  0.352941
878 2024-08-28  17  0.764706  0.176471  0.176471
879 2024-08-29  17  0.823529  0.235294  0.176471
880 2024-08-30  17  0.764706  0.352941  0.235294
881 2024-09-03  17  0.705882  0.352941  0.176471

[882 rows x 5 columns]",,,,378,0.02811253214330692,0.09685486794364645,False
I_relative_42_ens_lh_v2_no_market,relative,42,ens_lh,expanding,liquid,v2_no_market,relative,0.01,6883,882,21,0.5860816504431208,0.5807060874618626,0.005375562981258186,0.5299932696992999,0.6455442133650467,24.038295191647855,0.736981697440881,0.6893424036281179,"           day  n       acc   frac_up      y_up
0   2021-03-03  7  0.428571  0.428571  0.428571
1   2021-03-04  7  0.714286  0.571429  0.285714
2   2021-03-05  7  0.428571  0.571429  0.285714
3   2021-03-08  7  0.428571  0.571429  0.571429
4   2021-03-09  7  0.714286  0.428571  0.142857
..         ... ..       ...       ...       ...
877 2024-08-27  8  0.750000  0.000000  0.250000
878 2024-08-28  8  0.875000  0.125000  0.000000
879 2024-08-29  8  1.000000  0.000000  0.000000
880 2024-08-30  8  0.875000  0.125000  0.000000
881 2024-09-03  8  0.875000  0.125000  0.000000

[882 rows x 5 columns]",,,,379,0.02947728154738439,0.1015793811808421,False
I_relative_42_ens_lh_v2_no_market,relative,42,ens_lh,expanding,liquid,v2_no_market,relative,,8820,882,21,0.5675736961451248,0.55,0.017573696145124718,0.5134863945578231,0.6210969387755102,27.253689730159156,0.5,0.7312925170068028,,5.0,balanced,0.5,380,0.02745166944328753,0.09462006486022854,False
I_relative_42_ens_lh_v2_no_market,relative,42,ens_lh,expanding,liquid,v2_no_market,relative,,17640,882,21,0.5646825396825397,0.5361111111111111,0.02857142857142858,0.5130328798185941,0.6160997732426304,49.82609846168974,0.5,0.6587301587301587,,10.0,balanced,0.5,381,0.026292574853070485,0.09064495784637737,False
I_relative_42_ens_lh_v2_no_market,relative,42,ens_lh,expanding,liquid,v2_no_market,relative,,35280,882,21,0.5570294784580498,0.5121315192743764,0.04489795918367345,0.5093459467120182,0.6034304138321995,83.88973539836144,0.5,0.5793650793650794,,20.0,balanced,0.5,382,0.02400113957147484,0.08276336737230258,False
I_relative_42_ens_lh_v2_no_market,relative,42,ens_lh,expanding,liquid,v2_no_market,relative,,70560,882,21,0.5431122448979592,0.503968253968254,0.03914399092970522,0.4992268990929705,0.5850602324263038,141.5080328188242,0.5,0.5,,40.0,balanced,0.5,383,0.021896258503401343,0.07552168423729502,False
I_relative_42_ens_lh_v2_no_market,relative,42,ens_lh,expanding,liquid,v2_no_market,relative,,141120,882,21,0.5355583900226757,0.5207766439909297,0.01478174603174598,0.4968780116213152,0.5723233772675737,218.04195893936176,0.5,0.3877551020408163,,80.0,balanced,0.5,384,0.01924626674649451,0.066396231465761,False
I_relative_21_ens_lh_v2_all,relative,21,ens_lh,expanding,liquid,v2_all,relative,1.0,830525,1008,48,0.5329761295566058,0.5443592908100298,-0.011383161253423979,0.5171155877326684,0.5485120013683104,214.55425504563837,0.7670946792719142,0.7271825396825397,"            day    n       acc   frac_up      y_up
0    2021-02-01  699  0.493562  0.283262  0.500715
1    2021-02-02  699  0.452074  0.284692  0.520744
2    2021-02-03  699  0.419170  0.261803  0.562232
3    2021-02-04  700  0.414286  0.272857  0.552857
4    2021-02-05  701  0.409415  0.258203  0.563481
...         ...  ...       ...       ...       ...
1003 2025-01-29  898  0.590200  0.772829  0.496659
1004 2025-01-30  897  0.618729  0.773690  0.510591
1005 2025-01-31  898  0.584633  0.778396  0.496659
1006 2025-02-03  898  0.590200  0.777283  0.507795
1007 2025-02-04  899  0.604004  0.768632  0.503893

[1008 rows x 5 columns]",,,,385,0.008009289192765801,0.027636674919138286,False
I_relative_21_ens_lh_v2_all,relative,21,ens_lh,expanding,liquid,v2_all,relative,0.5,414995,1008,48,0.5475535849829516,0.5540572777985276,-0.0065036928155760565,0.5246772998052676,0.5701109169858525,225.45566726861637,0.8253797877488771,0.685515873015873,"            day    n       acc   frac_up      y_up
0    2021-02-01  349  0.527221  0.200573  0.461318
1    2021-02-02  349  0.484241  0.194842  0.492837
2    2021-02-03  349  0.415473  0.148997  0.561605
3    2021-02-04  350  0.414286  0.151429  0.542857
4    2021-02-05  350  0.385714  0.157143  0.565714
...         ...  ...       ...       ...       ...
1003 2025-01-29  449  0.661470  0.864143  0.614699
1004 2025-01-30  448  0.703125  0.861607  0.654018
1005 2025-01-31  449  0.661470  0.864143  0.628062
1006 2025-02-03  449  0.654788  0.884187  0.623608
1007 2025-02-04  449  0.690423  0.846325  0.639198

[1008 rows x 5 columns]",,,,386,0.011590208464434927,0.04000162741286242,False
I_relative_21_ens_lh_v2_all,relative,21,ens_lh,expanding,liquid,v2_all,relative,0.25,207241,1008,48,0.5568589227035191,0.5505233037864129,0.006335618917106212,0.5299694486663914,0.5833745693589959,153.77265056781172,0.8121501664300462,0.6577380952380952,"            day    n       acc   frac_up      y_up
0    2021-02-01  174  0.609195  0.183908  0.344828
1    2021-02-02  174  0.517241  0.178161  0.454023
2    2021-02-03  174  0.471264  0.143678  0.488506
3    2021-02-04  175  0.411429  0.142857  0.537143
4    2021-02-05  175  0.428571  0.160000  0.525714
...         ...  ...       ...       ...       ...
1003 2025-01-29  224  0.732143  0.843750  0.665179
1004 2025-01-30  224  0.754464  0.825893  0.696429
1005 2025-01-31  224  0.732143  0.852679  0.700893
1006 2025-02-03  224  0.723214  0.866071  0.696429
1007 2025-02-04  224  0.772321  0.839286  0.727679

[1008 rows x 5 columns]",,,,387,0.01362375527872564,0.04703027942743225,False
I_relative_21_ens_lh_v2_all,relative,21,ens_lh,expanding,liquid,v2_all,relative,0.1,82572,1008,48,0.5708714818582571,0.5354115196434627,0.035459962214794416,0.538409908222378,0.6036337813487069,88.50070877030629,0.7572806468111251,0.5793650793650794,"            day   n       acc   frac_up      y_up
0    2021-02-01  69  0.666667  0.246377  0.289855
1    2021-02-02  69  0.521739  0.217391  0.463768
2    2021-02-03  69  0.536232  0.202899  0.434783
3    2021-02-04  70  0.457143  0.228571  0.485714
4    2021-02-05  70  0.485714  0.214286  0.528571
...         ...  ..       ...       ...       ...
1003 2025-01-29  89  0.808989  0.730337  0.696629
1004 2025-01-30  89  0.808989  0.730337  0.764045
1005 2025-01-31  89  0.797753  0.764045  0.764045
1006 2025-02-03  89  0.808989  0.786517  0.775281
1007 2025-02-04  89  0.775281  0.707865  0.730337

[1008 rows x 5 columns]",,,,388,0.016638743144471668,0.05745069287076269,False
I_relative_21_ens_lh_v2_all,relative,21,ens_lh,expanding,liquid,v2_all,relative,0.05,40985,1008,48,0.5757960229352203,0.5081127241673783,0.06768329876784196,0.5396344642017358,0.61008896983274,50.96874971153472,0.705475063717402,0.5654761904761905,"            day   n       acc   frac_up      y_up
0    2021-02-01  34  0.676471  0.323529  0.294118
1    2021-02-02  34  0.500000  0.323529  0.470588
2    2021-02-03  34  0.529412  0.264706  0.441176
3    2021-02-04  35  0.400000  0.342857  0.485714
4    2021-02-05  35  0.485714  0.342857  0.457143
...         ...  ..       ...       ...       ...
1003 2025-01-29  44  0.818182  0.613636  0.613636
1004 2025-01-30  44  0.795455  0.590909  0.704545
1005 2025-01-31  44  0.818182  0.659091  0.795455
1006 2025-02-03  44  0.863636  0.681818  0.727273
1007 2025-02-04  44  0.772727  0.568182  0.704545

[1008 rows x 5 columns]",,,,389,0.017973088171174538,0.06207135179260487,True
I_relative_21_ens_lh_v2_all,relative,21,ens_lh,expanding,liquid,v2_all,relative,0.02,16227,1008,48,0.5869846552042891,0.5456338201762495,0.0413508350280396,0.5474160269068057,0.6239249423989107,24.92810461830664,0.6905498764676811,0.5982142857142857,"            day   n       acc   frac_up      y_up
0    2021-02-01  13  0.538462  0.615385  0.307692
1    2021-02-02  13  0.461538  0.538462  0.461538
2    2021-02-03  13  0.461538  0.461538  0.384615
3    2021-02-04  14  0.285714  0.500000  0.500000
4    2021-02-05  14  0.428571  0.571429  0.428571
...         ...  ..       ...       ...       ...
1003 2025-01-29  17  0.941176  0.411765  0.352941
1004 2025-01-30  17  0.823529  0.352941  0.529412
1005 2025-01-31  17  0.882353  0.411765  0.529412
1006 2025-02-03  17  0.882353  0.411765  0.529412
1007 2025-02-04  17  0.764706  0.294118  0.529412

[1008 rows x 5 columns]",,,,390,0.019517580482679858,0.06741987486440425,False
I_relative_21_ens_lh_v2_all,relative,21,ens_lh,expanding,liquid,v2_all,relative,0.01,7972,1008,48,0.6048670346211741,0.5805318615153036,0.024335173105870522,0.5599631012950592,0.6455965583340811,16.319143940602036,0.7517479213907786,0.6884920634920635,"            day  n       acc   frac_up      y_up
0    2021-02-01  6  0.666667  0.500000  0.166667
1    2021-02-02  6  0.500000  0.500000  0.333333
2    2021-02-03  6  0.666667  0.666667  0.333333
3    2021-02-04  7  0.285714  0.714286  0.285714
4    2021-02-05  7  0.428571  0.857143  0.285714
...         ... ..       ...       ...       ...
1003 2025-01-29  8  1.000000  0.125000  0.125000
1004 2025-01-30  8  1.000000  0.250000  0.250000
1005 2025-01-31  8  0.875000  0.125000  0.250000
1006 2025-02-03  8  0.875000  0.125000  0.250000
1007 2025-02-04  8  0.875000  0.000000  0.125000

[1008 rows x 5 columns]",,,,391,0.021845269652811715,0.07547663996541795,False
I_relative_21_ens_lh_v2_all,relative,21,ens_lh,expanding,liquid,v2_all,relative,,10080,1008,48,0.6047619047619047,0.54375,0.06101190476190477,0.5679563492063492,0.6408754960317461,15.044667886363365,0.5,0.6785714285714286,,5.0,balanced,0.5,392,0.01860182316974411,0.06428409987472662,False
I_relative_21_ens_lh_v2_all,relative,21,ens_lh,expanding,liquid,v2_all,relative,,20160,1008,48,0.5923611111111111,0.5360119047619047,0.05634920634920637,0.5592745535714285,0.6244146825396825,22.356137919164667,0.5,0.6547619047619048,,10.0,balanced,0.5,393,0.01661737983884029,0.057438519006892313,False
I_relative_21_ens_lh_v2_all,relative,21,ens_lh,expanding,liquid,v2_all,relative,,40320,1008,48,0.5743551587301587,0.5112599206349207,0.0630952380952381,0.542406994047619,0.6050365823412698,39.76470459932312,0.5,0.5753968253968254,,20.0,balanced,0.5,394,0.015976935789196615,0.055236548367837875,True
I_relative_21_ens_lh_v2_all,relative,21,ens_lh,expanding,liquid,v2_all,relative,,80640,1008,48,0.5611607142857142,0.5043898809523809,0.056770833333333326,0.5310137648809524,0.5905760168650793,71.65958800345196,0.5,0.5089285714285714,,40.0,balanced,0.5,395,0.015194452036767067,0.052542431686113486,True
I_relative_21_ens_lh_v2_all,relative,21,ens_lh,expanding,liquid,v2_all,relative,,161280,1008,48,0.5494109623015873,0.5172681051587301,0.03214285714285714,0.5209136284722222,0.5771141803075397,126.7220993437071,0.5,0.4246031746031746,,80.0,balanced,0.5,396,0.014336875468193231,0.049587412810975125,False
I_relative_42_ens_lh_v2_all,relative,42,ens_lh,expanding,liquid,v2_all,relative,1.0,717587,882,21,0.5245120103903778,0.5551006358810848,-0.030588625490707066,0.5004496772304962,0.5481026621214139,445.58276791003124,0.7474647979438167,0.6938775510204082,"           day    n       acc   frac_up      y_up
0   2021-03-03  713  0.326788  0.273492  0.660589
1   2021-03-04  713  0.326788  0.304348  0.652174
2   2021-03-05  713  0.353436  0.336606  0.652174
3   2021-03-08  712  0.338483  0.330056  0.679775
4   2021-03-09  711  0.368495  0.351617  0.682138
..         ...  ...       ...       ...       ...
877 2024-08-27  892  0.552691  0.795964  0.543722
878 2024-08-28  891  0.529742  0.836139  0.534231
879 2024-08-29  893  0.518477  0.839866  0.533035
880 2024-08-30  895  0.517318  0.820112  0.527374
881 2024-09-03  894  0.511186  0.819911  0.525727

[882 rows x 5 columns]",,,,397,0.01215637369666269,0.042054504484026076,False
I_relative_42_ens_lh_v2_all,relative,42,ens_lh,expanding,liquid,v2_all,relative,0.5,358570,882,21,0.5348383858103021,0.5621050283068857,-0.027266642496583615,0.5019367300828262,0.5680238959384667,421.4224276064882,0.7995720296111252,0.63718820861678,"           day    n       acc   frac_up      y_up
0   2021-03-03  356  0.227528  0.109551  0.775281
1   2021-03-04  356  0.272472  0.160112  0.741573
2   2021-03-05  356  0.294944  0.224719  0.699438
3   2021-03-08  356  0.278090  0.202247  0.710674
4   2021-03-09  355  0.287324  0.225352  0.723944
..         ...  ...       ...       ...       ...
877 2024-08-27  446  0.576233  0.874439  0.544843
878 2024-08-28  445  0.550562  0.885393  0.525843
879 2024-08-29  446  0.533632  0.903587  0.517937
880 2024-08-30  447  0.543624  0.874720  0.521253
881 2024-09-03  447  0.514541  0.892617  0.505593

[882 rows x 5 columns]",,,,398,0.01685897088154093,0.05833521608215204,False
I_relative_42_ens_lh_v2_all,relative,42,ens_lh,expanding,liquid,v2_all,relative,0.25,179070,882,21,0.5440777349639806,0.5574914837772939,-0.013413748813313253,0.5055529490861234,0.5813932972831583,278.56057412943574,0.7810998556313387,0.6383219954648526,"           day    n       acc   frac_up      y_up
0   2021-03-03  178  0.191011  0.056180  0.797753
1   2021-03-04  178  0.264045  0.101124  0.780899
2   2021-03-05  178  0.269663  0.191011  0.730337
3   2021-03-08  178  0.258427  0.151685  0.769663
4   2021-03-09  177  0.299435  0.203390  0.757062
..         ...  ...       ...       ...       ...
877 2024-08-27  223  0.600897  0.847534  0.573991
878 2024-08-28  222  0.554054  0.869369  0.522523
879 2024-08-29  223  0.569507  0.865471  0.542601
880 2024-08-30  223  0.573991  0.834081  0.542601
881 2024-09-03  223  0.511211  0.860987  0.497758

[882 rows x 5 columns]",,,,399,0.01934702760128441,0.06695839062933788,False
I_relative_42_ens_lh_v2_all,relative,42,ens_lh,expanding,liquid,v2_all,relative,0.1,71345,882,21,0.5481673558062934,0.5329034970915971,0.015263858714696266,0.5034988046262141,0.5920004539586623,151.60099429759308,0.7274221827650831,0.5827664399092971,"           day   n       acc   frac_up      y_up
0   2021-03-03  71  0.197183  0.098592  0.760563
1   2021-03-04  71  0.323944  0.154930  0.690141
2   2021-03-05  71  0.323944  0.211268  0.690141
3   2021-03-08  71  0.352113  0.169014  0.676056
4   2021-03-09  71  0.366197  0.239437  0.704225
..         ...  ..       ...       ...       ...
877 2024-08-27  89  0.640449  0.764045  0.539326
878 2024-08-28  89  0.584270  0.775281  0.449438
879 2024-08-29  89  0.595506  0.797753  0.483146
880 2024-08-30  89  0.584270  0.707865  0.494382
881 2024-09-03  89  0.449438  0.820225  0.359551

[882 rows x 5 columns]",,,,400,0.02257695136031842,0.07815320487511358,False
I_relative_42_ens_lh_v2_all,relative,42,ens_lh,expanding,liquid,v2_all,relative,0.05,35424,882,21,0.5559225383920506,0.5035286811201445,0.05239385727190615,0.5077609827262147,0.6033023714919346,87.66879699054257,0.6798392688284975,0.4988662131519274,"           day   n       acc   frac_up      y_up
0   2021-03-03  35  0.257143  0.142857  0.714286
1   2021-03-04  35  0.457143  0.257143  0.571429
2   2021-03-05  35  0.485714  0.314286  0.428571
3   2021-03-08  35  0.400000  0.257143  0.628571
4   2021-03-09  35  0.485714  0.314286  0.600000
..         ...  ..       ...       ...       ...
877 2024-08-27  44  0.681818  0.636364  0.454545
878 2024-08-28  44  0.681818  0.636364  0.454545
879 2024-08-29  44  0.681818  0.681818  0.454545
880 2024-08-30  44  0.727273  0.545455  0.500000
881 2024-09-03  44  0.522727  0.704545  0.409091

[882 rows x 5 columns]",,,,401,0.02437280325656118,0.08438737010706242,False
I_relative_42_ens_lh_v2_all,relative,42,ens_lh,expanding,liquid,v2_all,relative,0.02,14004,882,21,0.5726221079691517,0.5448443301913739,0.02777777777777779,0.5189934732554021,0.6291302483100183,45.019562277730515,0.6818186798528935,0.5884353741496599,"           day   n       acc   frac_up      y_up
0   2021-03-03  14  0.500000  0.285714  0.500000
1   2021-03-04  14  0.571429  0.500000  0.500000
2   2021-03-05  14  0.500000  0.500000  0.428571
3   2021-03-08  14  0.642857  0.571429  0.500000
4   2021-03-09  14  0.642857  0.571429  0.500000
..         ...  ..       ...       ...       ...
877 2024-08-27  17  0.705882  0.470588  0.411765
878 2024-08-28  17  0.764706  0.352941  0.235294
879 2024-08-29  17  0.823529  0.294118  0.235294
880 2024-08-30  17  0.823529  0.294118  0.235294
881 2024-09-03  17  0.705882  0.470588  0.294118

[882 rows x 5 columns]",,,,402,0.028096116085361268,0.097299020987443,False
I_relative_42_ens_lh_v2_all,relative,42,ens_lh,expanding,liquid,v2_all,relative,0.01,6883,882,21,0.5924742118262386,0.5833212262095017,0.009152985616736942,0.5355110721606344,0.6543214723861497,25.384560026416004,0.7590702947845805,0.6938775510204082,"           day  n       acc   frac_up      y_up
0   2021-03-03  7  0.285714  0.285714  0.428571
1   2021-03-04  7  0.714286  0.714286  0.428571
2   2021-03-05  7  0.571429  0.571429  0.142857
3   2021-03-08  7  0.571429  0.571429  0.428571
4   2021-03-09  7  0.714286  0.571429  0.285714
..         ... ..       ...       ...       ...
877 2024-08-27  8  0.625000  0.250000  0.375000
878 2024-08-28  8  0.750000  0.250000  0.000000
879 2024-08-29  8  0.875000  0.000000  0.125000
880 2024-08-30  8  0.875000  0.125000  0.000000
881 2024-09-03  8  0.750000  0.250000  0.000000

[882 rows x 5 columns]",,,,403,0.030308775567733485,0.10498337355059076,False
I_relative_42_ens_lh_v2_all,relative,42,ens_lh,expanding,liquid,v2_all,relative,,8820,882,21,0.5833333333333334,0.5374149659863946,0.04591836734693877,0.5271882086167801,0.638673469387755,30.994894915451898,0.5,0.6927437641723356,,5.0,balanced,0.5,404,0.028440117543616066,0.09853107251687453,False
I_relative_42_ens_lh_v2_all,relative,42,ens_lh,expanding,liquid,v2_all,relative,,17640,882,21,0.5706916099773243,0.5318027210884354,0.03888888888888886,0.5189342403628118,0.6222236394557823,50.12836377245648,0.5,0.6462585034013606,,10.0,balanced,0.5,405,0.02634933650330881,0.09130634093231581,False
I_relative_42_ens_lh_v2_all,relative,42,ens_lh,expanding,liquid,v2_all,relative,,35280,882,21,0.5581349206349207,0.5125566893424036,0.045578231292517035,0.5107114512471655,0.603815192743764,82.94339770168685,0.5,0.5827664399092971,,20.0,balanced,0.5,406,0.023750954463417986,0.0823192674246685,False
I_relative_42_ens_lh_v2_all,relative,42,ens_lh,expanding,liquid,v2_all,relative,,70560,882,21,0.545266439909297,0.5023526077097505,0.042913832199546476,0.5012889739229024,0.588734410430839,142.81393257647127,0.5,0.5079365079365079,,40.0,balanced,0.5,407,0.022307509313249124,0.07733221181010112,False
I_relative_42_ens_lh_v2_all,relative,42,ens_lh,expanding,liquid,v2_all,relative,,141120,882,21,0.5344104308390023,0.521485260770975,0.012925170068027292,0.4947611961451247,0.5711063279478458,217.94338876297587,0.5,0.36394557823129253,,80.0,balanced,0.5,408,0.01947579892926558,0.06752946288599761,False
I_relative_63_ens_lh_v2_no_market,relative,63,ens_lh,expanding,liquid,v2_no_market,relative,1.0,718940,882,14,0.5081564525551506,0.5610941107741954,-0.052937658219044725,0.4715487104102505,0.5421779855059861,958.6048453128406,0.7522830917993757,0.6201814058956916,"           day    n       acc   frac_up      y_up
0   2021-04-01  708  0.429379  0.281073  0.583333
1   2021-04-05  707  0.429986  0.275813  0.574257
2   2021-04-06  709  0.406206  0.282087  0.576869
3   2021-04-07  710  0.397183  0.278873  0.591549
4   2021-04-08  710  0.391549  0.301408  0.597183
..         ...  ...       ...       ...       ...
877 2024-09-26  896  0.493304  0.839286  0.477679
878 2024-09-27  898  0.479955  0.840757  0.469933
879 2024-09-30  898  0.488864  0.830735  0.477728
880 2024-10-01  900  0.480000  0.835556  0.466667
881 2024-10-02  901  0.477248  0.835738  0.463929

[882 rows x 5 columns]",,,,409,0.018017672218299894,0.062486342722520155,False
I_relative_63_ens_lh_v2_no_market,relative,63,ens_lh,expanding,liquid,v2_no_market,relative,0.5,359255,882,14,0.511001934559018,0.5662078467940599,-0.0552059122350419,0.46352094850427156,0.5540389812202142,783.6266237134793,0.8111111724336628,0.5714285714285714,"           day    n       acc   frac_up      y_up
0   2021-04-01  354  0.426554  0.161017  0.587571
1   2021-04-05  353  0.405099  0.152975  0.600567
2   2021-04-06  354  0.387006  0.166667  0.598870
3   2021-04-07  355  0.366197  0.171831  0.619718
4   2021-04-08  355  0.354930  0.180282  0.645070
..         ...  ...       ...       ...       ...
877 2024-09-26  448  0.488839  0.879464  0.453125
878 2024-09-27  449  0.489978  0.888641  0.449889
879 2024-09-30  449  0.507795  0.877506  0.465479
880 2024-10-01  450  0.500000  0.873333  0.448889
881 2024-10-02  450  0.491111  0.882222  0.448889

[882 rows x 5 columns]",,,,410,0.023091334876515986,0.08009835994951947,False
I_relative_63_ens_lh_v2_no_market,relative,63,ens_lh,expanding,liquid,v2_no_market,relative,0.25,179401,882,14,0.5128343766199742,0.5539824192730253,-0.04114804265305105,0.4612816018374182,0.5608794490137649,468.9098064307348,0.8037358128335691,0.5158730158730159,"           day    n       acc   frac_up      y_up
0   2021-04-01  177  0.446328  0.101695  0.564972
1   2021-04-05  176  0.409091  0.096591  0.551136
2   2021-04-06  177  0.406780  0.112994  0.581921
3   2021-04-07  177  0.401130  0.112994  0.598870
4   2021-04-08  177  0.367232  0.146893  0.644068
..         ...  ...       ...       ...       ...
877 2024-09-26  224  0.473214  0.857143  0.419643
878 2024-09-27  224  0.446429  0.861607  0.397321
879 2024-09-30  224  0.464286  0.866071  0.410714
880 2024-10-01  225  0.435556  0.857778  0.373333
881 2024-10-02  225  0.426667  0.848889  0.373333

[882 rows x 5 columns]",,,,411,0.025407614075598644,0.08815082426379028,False
I_relative_63_ens_lh_v2_no_market,relative,63,ens_lh,expanding,liquid,v2_no_market,relative,0.1,71488,882,14,0.5193738809310654,0.521947739480752,-0.002573858549686614,0.4610219007147062,0.5760397375926025,244.95266377241532,0.7596042285326506,0.47619047619047616,"           day   n       acc   frac_up      y_up
0   2021-04-01  70  0.514286  0.114286  0.485714
1   2021-04-05  70  0.514286  0.085714  0.485714
2   2021-04-06  70  0.471429  0.085714  0.528571
3   2021-04-07  71  0.450704  0.070423  0.563380
4   2021-04-08  71  0.422535  0.169014  0.549296
..         ...  ..       ...       ...       ...
877 2024-09-26  89  0.471910  0.764045  0.370787
878 2024-09-27  89  0.471910  0.775281  0.337079
879 2024-09-30  89  0.494382  0.764045  0.348315
880 2024-10-01  90  0.444444  0.733333  0.311111
881 2024-10-02  90  0.455556  0.722222  0.333333

[882 rows x 5 columns]",,,,412,0.02934128491783069,0.10181910662052572,False
I_relative_63_ens_lh_v2_no_market,relative,63,ens_lh,expanding,liquid,v2_no_market,relative,0.05,35519,882,14,0.5348968157887328,0.5140628959148624,0.0208339198738704,0.4702158422547348,0.5962108173722835,145.56695781766354,0.7170529877775034,0.5147392290249433,"           day   n       acc   frac_up      y_up
0   2021-04-01  35  0.600000  0.114286  0.457143
1   2021-04-05  35  0.628571  0.114286  0.428571
2   2021-04-06  35  0.571429  0.142857  0.457143
3   2021-04-07  35  0.542857  0.142857  0.485714
4   2021-04-08  35  0.600000  0.200000  0.371429
..         ...  ..       ...       ...       ...
877 2024-09-26  44  0.568182  0.568182  0.363636
878 2024-09-27  44  0.568182  0.590909  0.340909
879 2024-09-30  44  0.590909  0.590909  0.272727
880 2024-10-01  45  0.533333  0.555556  0.266667
881 2024-10-02  45  0.511111  0.533333  0.311111

[882 rows x 5 columns]",,,,413,0.03214157528508897,0.11155902859370674,False
I_relative_63_ens_lh_v2_no_market,relative,63,ens_lh,expanding,liquid,v2_no_market,relative,0.02,13999,882,14,0.5851132223730267,0.5621115793985285,0.023001642974498138,0.5127038948372455,0.6563734976149103,74.93469861875987,0.7419525746806659,0.6530612244897959,"           day   n       acc   frac_up      y_up
0   2021-04-01  14  0.785714  0.142857  0.357143
1   2021-04-05  14  0.857143  0.285714  0.285714
2   2021-04-06  14  0.785714  0.285714  0.357143
3   2021-04-07  14  0.857143  0.285714  0.285714
4   2021-04-08  14  0.857143  0.285714  0.285714
..         ...  ..       ...       ...       ...
877 2024-09-26  17  0.882353  0.352941  0.470588
878 2024-09-27  17  0.764706  0.294118  0.294118
879 2024-09-30  17  0.764706  0.235294  0.235294
880 2024-10-01  18  0.722222  0.166667  0.222222
881 2024-10-02  18  0.777778  0.166667  0.388889

[882 rows x 5 columns]",,,,414,0.036650408871853245,0.1272341098612018,False
I_relative_63_ens_lh_v2_no_market,relative,63,ens_lh,expanding,liquid,v2_no_market,relative,0.01,6887,882,14,0.640772469870771,0.5982285465369537,0.04254392333381729,0.5652514306261215,0.7130736073529083,43.681893940039735,0.8137710110499227,0.7040816326530612,"           day  n       acc   frac_up      y_up
0   2021-04-01  7  1.000000  0.285714  0.285714
1   2021-04-05  7  1.000000  0.142857  0.142857
2   2021-04-06  7  1.000000  0.428571  0.428571
3   2021-04-07  7  1.000000  0.285714  0.285714
4   2021-04-08  7  1.000000  0.428571  0.428571
..         ... ..       ...       ...       ...
877 2024-09-26  8  0.750000  0.000000  0.250000
878 2024-09-27  8  0.750000  0.000000  0.250000
879 2024-09-30  8  0.875000  0.000000  0.125000
880 2024-10-01  9  0.888889  0.111111  0.222222
881 2024-10-02  9  0.777778  0.000000  0.222222

[882 rows x 5 columns]",,,,415,0.03770973896091499,0.13093784190309185,False
I_relative_63_ens_lh_v2_no_market,relative,63,ens_lh,expanding,liquid,v2_no_market,relative,,8820,882,14,0.6082766439909297,0.5596371882086167,0.04863945578231299,0.5370436507936508,0.6816553287981858,50.7723082023975,0.5,0.7528344671201814,,5.0,balanced,0.5,416,0.03689073418483036,0.12811961589800516,False
I_relative_63_ens_lh_v2_no_market,relative,63,ens_lh,expanding,liquid,v2_no_market,relative,,17640,882,14,0.566780045351474,0.5527210884353742,0.014058956916099818,0.49907738095238097,0.6344713718820862,86.69229837521954,0.5,0.7471655328798186,,10.0,balanced,0.5,417,0.03453928340043502,0.11997702442934052,False
I_relative_63_ens_lh_v2_no_market,relative,63,ens_lh,expanding,liquid,v2_no_market,relative,,35280,882,14,0.539030612244898,0.5380102040816327,0.0010204081632653184,0.4761493764172336,0.6016765873015874,145.4417727993591,0.5,0.7210884353741497,,20.0,balanced,0.5,418,0.03202224767458004,0.11125582772636597,False
I_relative_63_ens_lh_v2_no_market,relative,63,ens_lh,expanding,liquid,v2_no_market,relative,,70560,882,14,0.5216128117913832,0.5182681405895692,0.003344671201814031,0.46366921768707486,0.578140943877551,237.19443139457962,0.5,0.6179138321995464,,40.0,balanced,0.5,419,0.029201970966958198,0.10147734003758795,False
I_relative_63_ens_lh_v2_no_market,relative,63,ens_lh,expanding,liquid,v2_no_market,relative,,141120,882,14,0.5113378684807256,0.5077380952380952,0.0035997732426303886,0.46111111111111114,0.5586362670068027,348.89524592564396,0.5,0.4410430839002268,,80.0,balanced,0.5,420,0.024878866299921313,0.08647154335769451,False
I_relative_63_ens_lh_v2_all,relative,63,ens_lh,expanding,liquid,v2_all,relative,1.0,718940,882,14,0.5064609007705789,0.5610982835841656,-0.054637382813586655,0.47016999970105144,0.5402896828462534,934.0041512268685,0.7501620310751492,0.6326530612244898,"           day    n       acc   frac_up      y_up
0   2021-04-01  708  0.433616  0.307910  0.583333
1   2021-04-05  707  0.425743  0.282885  0.574257
2   2021-04-06  709  0.399154  0.294781  0.576869
3   2021-04-07  710  0.400000  0.287324  0.591549
4   2021-04-08  710  0.392958  0.316901  0.597183
..         ...  ...       ...       ...       ...
877 2024-09-26  896  0.488839  0.854911  0.477679
878 2024-09-27  898  0.486637  0.854120  0.469933
879 2024-09-30  898  0.498886  0.834076  0.477728
880 2024-10-01  900  0.485556  0.843333  0.466667
881 2024-10-02  901  0.486127  0.844617  0.463929

[882 rows x 5 columns]",,,,421,0.017887674271735206,0.06218447596655298,False
I_relative_63_ens_lh_v2_all,relative,63,ens_lh,expanding,liquid,v2_all,relative,0.5,359255,882,14,0.5098495497627034,0.5679865276753281,-0.05813697791262473,0.4621393975671397,0.552948426566195,776.1204962474729,0.8086430675688316,0.590702947845805,"           day    n       acc   frac_up      y_up
0   2021-04-01  354  0.418079  0.175141  0.598870
1   2021-04-05  353  0.405099  0.161473  0.609065
2   2021-04-06  354  0.389831  0.161017  0.612994
3   2021-04-07  355  0.385915  0.194366  0.605634
4   2021-04-08  355  0.340845  0.180282  0.659155
..         ...  ...       ...       ...       ...
877 2024-09-26  448  0.491071  0.895089  0.453125
878 2024-09-27  449  0.478842  0.888641  0.434298
879 2024-09-30  449  0.507795  0.884187  0.454343
880 2024-10-01  450  0.497778  0.886667  0.446667
881 2024-10-02  450  0.495556  0.897778  0.455556

[882 rows x 5 columns]",,,,422,0.023165568622207998,0.08054828651083996,False
I_relative_63_ens_lh_v2_all,relative,63,ens_lh,expanding,liquid,v2_all,relative,0.25,179401,882,14,0.5132468603853936,0.5565576557544273,-0.043310795369033706,0.4612364710783236,0.5608737123442978,469.273834071797,0.8002169247308141,0.5294784580498866,"           day    n       acc   frac_up      y_up
0   2021-04-01  177  0.451977  0.146893  0.536723
1   2021-04-05  176  0.414773  0.090909  0.562500
2   2021-04-06  177  0.418079  0.101695  0.581921
3   2021-04-07  177  0.384181  0.175141  0.610169
4   2021-04-08  177  0.361582  0.146893  0.649718
..         ...  ...       ...       ...       ...
877 2024-09-26  224  0.459821  0.861607  0.410714
878 2024-09-27  224  0.450893  0.875000  0.397321
879 2024-09-30  224  0.464286  0.888393  0.406250
880 2024-10-01  225  0.422222  0.848889  0.368889
881 2024-10-02  225  0.457778  0.866667  0.395556

[882 rows x 5 columns]",,,,423,0.025417663588258733,0.08839627696993242,False
I_relative_63_ens_lh_v2_all,relative,63,ens_lh,expanding,liquid,v2_all,relative,0.1,71488,882,14,0.5188143464637421,0.5249132721575649,-0.006098925693822754,0.4596823895265601,0.5728896938334408,240.39063884935806,0.7601785437993278,0.4954648526077097,"           day   n       acc   frac_up      y_up
0   2021-04-01  70  0.542857  0.128571  0.471429
1   2021-04-05  70  0.514286  0.057143  0.514286
2   2021-04-06  70  0.471429  0.071429  0.542857
3   2021-04-07  71  0.549296  0.169014  0.535211
4   2021-04-08  71  0.450704  0.169014  0.549296
..         ...  ..       ...       ...       ...
877 2024-09-26  89  0.494382  0.764045  0.370787
878 2024-09-27  89  0.426966  0.775281  0.314607
879 2024-09-30  89  0.449438  0.808989  0.325843
880 2024-10-01  90  0.444444  0.733333  0.311111
881 2024-10-02  90  0.466667  0.755556  0.355556

[882 rows x 5 columns]",,,,424,0.02887941436400018,0.10045498662511144,False
I_relative_63_ens_lh_v2_all,relative,63,ens_lh,expanding,liquid,v2_all,relative,0.05,35519,882,14,0.5372617472338749,0.5035614741406008,0.03370027309327406,0.4758100463591388,0.59611788241686,139.93486016220308,0.7263000787023144,0.5,"           day   n       acc   frac_up      y_up
0   2021-04-01  35  0.685714  0.142857  0.400000
1   2021-04-05  35  0.571429  0.114286  0.485714
2   2021-04-06  35  0.485714  0.114286  0.571429
3   2021-04-07  35  0.514286  0.171429  0.485714
4   2021-04-08  35  0.542857  0.171429  0.514286
..         ...  ..       ...       ...       ...
877 2024-09-26  44  0.568182  0.590909  0.386364
878 2024-09-27  44  0.522727  0.613636  0.318182
879 2024-09-30  44  0.545455  0.636364  0.272727
880 2024-10-01  45  0.533333  0.555556  0.311111
881 2024-10-02  45  0.533333  0.555556  0.355556

[882 rows x 5 columns]",,,,425,0.03069077450452072,0.10677645674684669,False
I_relative_63_ens_lh_v2_all,relative,63,ens_lh,expanding,liquid,v2_all,relative,0.02,13999,882,14,0.5953282377312665,0.5529680691477963,0.04236016858347025,0.5222513314093419,0.6663392343510172,80.46792968789603,0.7441920683617361,0.6383219954648526,"           day   n       acc   frac_up      y_up
0   2021-04-01  14  0.857143  0.142857  0.285714
1   2021-04-05  14  0.714286  0.142857  0.285714
2   2021-04-06  14  0.785714  0.142857  0.357143
3   2021-04-07  14  0.857143  0.214286  0.214286
4   2021-04-08  14  0.857143  0.285714  0.285714
..         ...  ..       ...       ...       ...
877 2024-09-26  17  0.823529  0.235294  0.411765
878 2024-09-27  17  0.823529  0.176471  0.352941
879 2024-09-30  17  0.823529  0.294118  0.352941
880 2024-10-01  18  0.777778  0.222222  0.333333
881 2024-10-02  18  0.722222  0.222222  0.388889

[882 rows x 5 columns]",,,,426,0.03675711809736614,0.12790673640494662,False
I_relative_63_ens_lh_v2_all,relative,63,ens_lh,expanding,liquid,v2_all,relative,0.01,6887,882,14,0.6354000290402207,0.5976477421228401,0.03775228691738064,0.5575026840779063,0.710785160929285,47.20478491692396,0.8148080660835764,0.6859410430839002,"           day  n       acc   frac_up      y_up
0   2021-04-01  7  1.000000  0.142857  0.142857
1   2021-04-05  7  1.000000  0.142857  0.142857
2   2021-04-06  7  1.000000  0.142857  0.142857
3   2021-04-07  7  1.000000  0.142857  0.142857
4   2021-04-08  7  1.000000  0.285714  0.285714
..         ... ..       ...       ...       ...
877 2024-09-26  8  0.750000  0.125000  0.375000
878 2024-09-27  8  0.750000  0.125000  0.375000
879 2024-09-30  8  0.750000  0.000000  0.250000
880 2024-10-01  9  0.888889  0.000000  0.111111
881 2024-10-02  9  0.777778  0.000000  0.222222

[882 rows x 5 columns]",,,,427,0.03910267266616805,0.13609509832095343,False
I_relative_63_ens_lh_v2_all,relative,63,ens_lh,expanding,liquid,v2_all,relative,,8820,882,14,0.6153061224489796,0.5580498866213152,0.05725623582766448,0.5361678004535148,0.6973979591836734,62.507580372015056,0.5,0.7392290249433107,,5.0,balanced,0.5,428,0.04113014253320374,0.14317925678140378,False
I_relative_63_ens_lh_v2_all,relative,63,ens_lh,expanding,liquid,v2_all,relative,,17640,882,14,0.5793083900226758,0.5469954648526077,0.03231292517006801,0.509170918367347,0.6514186507936508,97.8290937372863,0.5,0.7188208616780045,,10.0,balanced,0.5,429,0.036287686843444855,0.1263463773679838,False
I_relative_63_ens_lh_v2_all,relative,63,ens_lh,expanding,liquid,v2_all,relative,,35280,882,14,0.5464002267573697,0.5377267573696145,0.00867346938775515,0.4846839569160998,0.6087613378684806,147.61279960646684,0.5,0.699546485260771,,20.0,balanced,0.5,430,0.03165239310009716,0.11022838722618748,False
I_relative_63_ens_lh_v2_all,relative,63,ens_lh,expanding,liquid,v2_all,relative,,70560,882,14,0.5234552154195011,0.5155753968253968,0.00787981859410436,0.4657823129251701,0.5780442176870747,234.0127308004864,0.5,0.6020408163265306,,40.0,balanced,0.5,431,0.028638241010689954,0.09975080514033531,False
I_relative_63_ens_lh_v2_all,relative,63,ens_lh,expanding,liquid,v2_all,relative,,141120,882,14,0.5100127551020408,0.5086096938775511,0.0014030612244897434,0.46000903486394557,0.5574654549319727,353.7914732146699,0.5,0.4217687074829932,,80.0,balanced,0.5,432,0.024861331650006934,0.08661186701256357,False
