id,target,horizon,model,window,universe,features,eval_on,coverage,n,days,acc,null,skill,ci_lo,ci_hi,deff,agreement,day_acc,by_day,trials,se,bar,passes
F_extremes10_10_logit_top500,extremes10,10,logit,expanding,top500,v2_all,relative,1.0,497032,1008,0.528481063593491,0.5520690820711744,-0.023588018477683437,0.5233711670935073,0.5337317913716897,14.100202505866255,0.8800984824024415,0.6884920634920635,"            day    n       acc   frac_up      y_up
0    2021-01-14  485  0.556701  0.195876  0.441237
1    2021-01-15  485  0.620619  0.181443  0.412371
2    2021-01-19  485  0.579381  0.160825  0.432990
3    2021-01-20  485  0.610309  0.158763  0.379381
4    2021-01-21  485  0.558763  0.150515  0.397938
...         ...  ...       ...       ...       ...
1003 2025-01-13  492  0.617886  0.975610  0.613821
1004 2025-01-14  493  0.612576  0.975659  0.616633
1005 2025-01-15  493  0.636917  0.975659  0.632860
1006 2025-01-16  493  0.574037  0.971602  0.578093
1007 2025-01-17  493  0.527383  0.969574  0.549696

[1008 rows x 5 columns]",1,0.002643016397495512,0.0031119139960839597,False
F_extremes10_10_logit_top500,extremes10,10,logit,expanding,top500,v2_all,relative,0.5,248274,1008,0.5307764808236062,0.557492931196984,-0.026716450373377776,0.5236169731433639,0.5381318554091886,13.740189057356762,0.9194790665680943,0.6785714285714286,"            day    n       acc   frac_up      y_up
0    2021-01-14  242  0.545455  0.132231  0.438017
1    2021-01-15  242  0.665289  0.095041  0.347107
2    2021-01-19  242  0.590909  0.103306  0.404959
3    2021-01-20  242  0.628099  0.107438  0.363636
4    2021-01-21  242  0.545455  0.095041  0.450413
...         ...  ...       ...       ...       ...
1003 2025-01-13  246  0.617886  0.995935  0.613821
1004 2025-01-14  246  0.617886  0.995935  0.613821
1005 2025-01-15  246  0.585366  0.991870  0.585366
1006 2025-01-16  246  0.548780  0.979675  0.544715
1007 2025-01-17  246  0.516260  0.983740  0.532520

[1008 rows x 5 columns]",2,0.0037027760882206015,0.00435968567740158,False
F_extremes10_10_logit_top500,extremes10,10,logit,expanding,top500,v2_all,relative,0.25,123902,1008,0.5300802246937095,0.5572791399654565,-0.027198915271747004,0.5217013916181156,0.5392269735031191,9.631083772743661,0.9215880290377068,0.6398809523809523,"            day    n       acc   frac_up      y_up
0    2021-01-14  121  0.537190  0.157025  0.421488
1    2021-01-15  121  0.644628  0.140496  0.380165
2    2021-01-19  121  0.636364  0.132231  0.380165
3    2021-01-20  121  0.661157  0.123967  0.363636
4    2021-01-21  121  0.537190  0.115702  0.479339
...         ...  ...       ...       ...       ...
1003 2025-01-13  123  0.569106  0.991870  0.560976
1004 2025-01-14  123  0.528455  0.991870  0.520325
1005 2025-01-15  123  0.512195  0.991870  0.520325
1006 2025-01-16  123  0.463415  0.959350  0.455285
1007 2025-01-17  123  0.414634  0.967480  0.447154

[1008 rows x 5 columns]",3,0.004470811705358043,0.006627101212875463,False
F_extremes10_10_logit_top500,extremes10,10,logit,expanding,top500,v2_all,relative,0.1,49144,1008,0.5268598404688263,0.5478593521080906,-0.02099951163926428,0.5169870968985956,0.5373444275204479,5.15322212666126,0.9069236077367454,0.5813492063492064,"            day   n       acc   frac_up      y_up
0    2021-01-14  48  0.604167  0.291667  0.270833
1    2021-01-15  48  0.812500  0.250000  0.270833
2    2021-01-19  48  0.666667  0.250000  0.375000
3    2021-01-20  48  0.666667  0.229167  0.395833
4    2021-01-21  48  0.520833  0.208333  0.520833
...         ...  ..       ...       ...       ...
1003 2025-01-13  49  0.571429  0.979592  0.551020
1004 2025-01-14  49  0.510204  1.000000  0.510204
1005 2025-01-15  49  0.408163  0.979592  0.428571
1006 2025-01-16  49  0.448980  0.918367  0.448980
1007 2025-01-17  49  0.326531  0.918367  0.408163

[1008 rows x 5 columns]",4,0.005193196587207219,0.008647239530655578,False
F_extremes10_10_logit_top500,extremes10,10,logit,expanding,top500,v2_all,relative,0.05,24192,1008,0.5231481481481481,0.5375744047619048,-0.014426256613756627,0.5122747189153439,0.5354683366402117,3.2023130061001805,0.8963293650793651,0.5238095238095238,"            day   n       acc   frac_up      y_up
0    2021-01-14  24  0.500000  0.458333  0.375000
1    2021-01-15  24  0.791667  0.333333  0.375000
2    2021-01-19  24  0.625000  0.416667  0.458333
3    2021-01-20  24  0.666667  0.416667  0.500000
4    2021-01-21  24  0.541667  0.375000  0.500000
...         ...  ..       ...       ...       ...
1003 2025-01-13  24  0.500000  0.958333  0.458333
1004 2025-01-14  24  0.416667  1.000000  0.416667
1005 2025-01-15  24  0.291667  0.958333  0.333333
1006 2025-01-16  24  0.416667  0.875000  0.458333
1007 2025-01-17  24  0.291667  0.875000  0.416667

[1008 rows x 5 columns]",5,0.00591673921552748,0.01061535541468096,False
F_extremes10_10_logit_top500,extremes10,10,logit,expanding,top500,v2_all,relative,0.02,9072,1008,0.5171957671957672,0.5145502645502645,0.002645502645502673,0.503858024691358,0.5324101631393299,1.8693206660564763,0.8916446208112875,0.5486111111111112,"            day  n       acc   frac_up      y_up
0    2021-01-14  9  0.555556  0.555556  0.333333
1    2021-01-15  9  0.777778  0.555556  0.555556
2    2021-01-19  9  0.888889  0.555556  0.444444
3    2021-01-20  9  0.777778  0.666667  0.888889
4    2021-01-21  9  0.444444  0.555556  0.666667
...         ... ..       ...       ...       ...
1003 2025-01-13  9  0.555556  0.888889  0.444444
1004 2025-01-14  9  0.444444  1.000000  0.444444
1005 2025-01-15  9  0.222222  0.888889  0.333333
1006 2025-01-16  9  0.333333  0.666667  0.444444
1007 2025-01-17  9  0.222222  0.666667  0.555556

[1008 rows x 5 columns]",6,0.00728370878774793,0.013788195285883492,False
F_extremes10_10_logit_top500,extremes10,10,logit,expanding,top500,v2_all,relative,0.01,4032,1008,0.5161210317460317,0.5099206349206349,0.006200396825396859,0.4990017361111111,0.5344742063492064,1.3336621213897133,0.873015873015873,0.43253968253968256,"            day  n   acc  frac_up  y_up
0    2021-01-14  4  0.25     0.75  0.50
1    2021-01-15  4  1.00     0.50  0.50
2    2021-01-19  4  0.75     1.00  0.75
3    2021-01-20  4  1.00     1.00  1.00
4    2021-01-21  4  0.50     1.00  0.50
...         ... ..   ...      ...   ...
1003 2025-01-13  4  0.50     1.00  0.50
1004 2025-01-14  4  0.50     1.00  0.50
1005 2025-01-15  4  0.25     0.75  0.50
1006 2025-01-16  4  0.50     0.25  0.75
1007 2025-01-17  4  0.00     0.25  0.75

[1008 rows x 5 columns]",7,0.009049099550534515,0.017851789425927283,False
F_extremes10_1_hgb_shallow_top500,extremes10,1,hgb_shallow,expanding,top500,v2_all,relative,1.0,496982,1008,0.5070606178895816,0.5233972256540478,-0.016336607764466216,0.5021587490750975,0.5119218286189953,12.390902031287808,0.8411431973799781,0.5654761904761905,"            day    n       acc   frac_up      y_up
0    2020-12-31  487  0.455852  0.720739  0.344969
1    2021-01-04  487  0.462012  0.628337  0.451745
2    2021-01-05  487  0.472279  0.332649  0.519507
3    2021-01-06  487  0.531828  0.593429  0.498973
4    2021-01-07  487  0.544148  0.305955  0.560575
...         ...  ...       ...       ...       ...
1003 2024-12-27  491  0.421589  0.953157  0.399185
1004 2024-12-30  491  0.468432  0.975560  0.452138
1005 2024-12-31  492  0.422764  0.961382  0.420732
1006 2025-01-02  492  0.487805  0.878049  0.516260
1007 2025-01-03  492  0.471545  0.638211  0.520325

[1008 rows x 5 columns]",8,0.002490581516300451,0.005079127516992299,False
F_extremes10_1_hgb_shallow_top500,extremes10,1,hgb_shallow,expanding,top500,v2_all,relative,0.5,248248,1008,0.5073877735168058,0.525998195353034,-0.018610421836228297,0.5003941587755139,0.5146309227255733,12.746965491292144,0.9007211375737233,0.560515873015873,"            day    n       acc   frac_up      y_up
0    2020-12-31  243  0.452675  0.823045  0.423868
1    2021-01-04  243  0.456790  0.720165  0.506173
2    2021-01-05  243  0.423868  0.259259  0.530864
3    2021-01-06  243  0.563786  0.617284  0.526749
4    2021-01-07  243  0.580247  0.218107  0.506173
...         ...  ...       ...       ...       ...
1003 2024-12-27  245  0.444898  1.000000  0.444898
1004 2024-12-30  245  0.551020  1.000000  0.551020
1005 2024-12-31  246  0.402439  1.000000  0.402439
1006 2025-01-02  246  0.443089  0.979675  0.463415
1007 2025-01-03  246  0.439024  0.662602  0.483740

[1008 rows x 5 columns]",9,0.0036318275382804747,0.007613378814811658,False
F_extremes10_1_hgb_shallow_top500,extremes10,1,hgb_shallow,expanding,top500,v2_all,relative,0.25,123888,1008,0.5079910887253003,0.5267338240991863,-0.018742735373886044,0.49947775183928345,0.5168130849940346,9.463015454162228,0.9176665096047599,0.5515873015873016,"            day    n       acc   frac_up      y_up
0    2020-12-31  121  0.438017  0.942149  0.446281
1    2021-01-04  121  0.404959  0.809917  0.413223
2    2021-01-05  121  0.421488  0.231405  0.479339
3    2021-01-06  121  0.570248  0.603306  0.586777
4    2021-01-07  121  0.595041  0.132231  0.438017
...         ...  ...       ...       ...       ...
1003 2024-12-27  122  0.426230  1.000000  0.426230
1004 2024-12-30  122  0.590164  1.000000  0.590164
1005 2024-12-31  123  0.422764  1.000000  0.422764
1006 2025-01-02  123  0.382114  0.991870  0.390244
1007 2025-01-03  123  0.439024  0.707317  0.471545

[1008 rows x 5 columns]",10,0.004422278866007936,0.009490060205230412,False
F_extremes10_1_hgb_shallow_top500,extremes10,1,hgb_shallow,expanding,top500,v2_all,relative,0.1,49135,1008,0.5034700315457413,0.5220718428818562,-0.018601811336114826,0.4930412477070163,0.5142061224280119,5.485626398363835,0.9312802005722924,0.5148809523809523,"            day   n       acc   frac_up      y_up
0    2020-12-31  48  0.479167  0.979167  0.500000
1    2021-01-04  48  0.312500  0.916667  0.312500
2    2021-01-05  48  0.375000  0.104167  0.562500
3    2021-01-06  48  0.479167  0.458333  0.645833
4    2021-01-07  48  0.604167  0.083333  0.395833
...         ...  ..       ...       ...       ...
1003 2024-12-27  49  0.306122  1.000000  0.306122
1004 2024-12-30  49  0.551020  1.000000  0.551020
1005 2024-12-31  49  0.469388  1.000000  0.469388
1006 2025-01-02  49  0.387755  1.000000  0.387755
1007 2025-01-03  49  0.469388  0.857143  0.530612

[1008 rows x 5 columns]",11,0.0053992027349478566,0.011823872520583232,False
F_extremes10_1_hgb_shallow_top500,extremes10,1,hgb_shallow,expanding,top500,v2_all,relative,0.05,24192,1008,0.5008267195767195,0.5229414682539683,-0.02211474867724872,0.4888806216931217,0.5125258349867725,3.528191850447331,0.9386574074074074,0.4771825396825397,"            day   n       acc   frac_up      y_up
0    2020-12-31  24  0.583333  0.958333  0.625000
1    2021-01-04  24  0.250000  0.875000  0.208333
2    2021-01-05  24  0.291667  0.083333  0.625000
3    2021-01-06  24  0.375000  0.291667  0.666667
4    2021-01-07  24  0.541667  0.083333  0.458333
...         ...  ..       ...       ...       ...
1003 2024-12-27  24  0.375000  1.000000  0.375000
1004 2024-12-30  24  0.583333  1.000000  0.583333
1005 2024-12-31  24  0.416667  1.000000  0.416667
1006 2025-01-02  24  0.375000  1.000000  0.375000
1007 2025-01-03  24  0.458333  1.000000  0.458333

[1008 rows x 5 columns]",12,0.006031942166747659,0.01344705576536012,False
F_extremes10_1_hgb_shallow_top500,extremes10,1,hgb_shallow,expanding,top500,v2_all,relative,0.02,9072,1008,0.5025352733686067,0.5230379188712522,-0.020502645502645467,0.48743386243386244,0.5173059964726632,2.072144412327392,0.9495149911816579,0.4990079365079365,"            day  n       acc   frac_up      y_up
0    2020-12-31  9  0.777778  1.000000  0.777778
1    2021-01-04  9  0.111111  0.888889  0.000000
2    2021-01-05  9  0.333333  0.111111  0.555556
3    2021-01-06  9  0.222222  0.000000  0.777778
4    2021-01-07  9  0.666667  0.111111  0.222222
...         ... ..       ...       ...       ...
1003 2024-12-27  9  0.444444  1.000000  0.444444
1004 2024-12-30  9  0.555556  1.000000  0.555556
1005 2024-12-31  9  0.333333  1.000000  0.333333
1006 2025-01-02  9  0.111111  1.000000  0.111111
1007 2025-01-03  9  0.444444  1.000000  0.444444

[1008 rows x 5 columns]",13,0.007620442356836923,0.017259753047251844,False
F_extremes10_1_hgb_shallow_top500,extremes10,1,hgb_shallow,expanding,top500,v2_all,relative,0.01,4032,1008,0.5004960317460317,0.5265376984126984,-0.02604166666666663,0.4826388888888889,0.5198412698412699,1.4754510939892507,0.9600694444444444,0.4246031746031746,"            day  n   acc  frac_up  y_up
0    2020-12-31  4  0.75     1.00  0.75
1    2021-01-04  4  0.00     1.00  0.00
2    2021-01-05  4  0.25     0.00  0.75
3    2021-01-06  4  0.25     0.00  0.75
4    2021-01-07  4  0.50     0.25  0.25
...         ... ..   ...      ...   ...
1003 2024-12-27  4  0.75     1.00  0.75
1004 2024-12-30  4  0.25     1.00  0.25
1005 2024-12-31  4  0.25     1.00  0.25
1006 2025-01-02  4  0.00     1.00  0.00
1007 2025-01-03  4  0.50     1.00  0.50

[1008 rows x 5 columns]",14,0.009490403304178824,0.021803392794123334,False
F_extremes10_1_logit_top500,extremes10,1,logit,expanding,top500,v2_all,relative,1.0,496982,1008,0.5178577896181351,0.5233992377993569,-0.00554144818122182,0.5129831890374968,0.5227838231560563,12.93556791783282,0.8844864678378026,0.6061507936507936,"            day    n       acc   frac_up      y_up
0    2020-12-31  487  0.457906  0.673511  0.344969
1    2021-01-04  487  0.472279  0.540041  0.451745
2    2021-01-05  487  0.347023  0.429158  0.519507
3    2021-01-06  487  0.542094  0.632444  0.498973
4    2021-01-07  487  0.638604  0.527721  0.560575
...         ...  ...       ...       ...       ...
1003 2024-12-27  491  0.405295  0.973523  0.399185
1004 2024-12-30  491  0.466395  0.977597  0.452138
1005 2024-12-31  492  0.416667  0.979675  0.420732
1006 2025-01-02  492  0.514228  0.961382  0.516260
1007 2025-01-03  492  0.522358  0.973577  0.520325

[1008 rows x 5 columns]",15,0.0025001617649386405,0.005818505678544255,False
F_extremes10_1_logit_top500,extremes10,1,logit,expanding,top500,v2_all,relative,0.5,248248,1008,0.5184734620218491,0.5219739937481873,-0.0035005317263382407,0.51173332065216,0.5250950775872154,11.128462256135757,0.9253273578681005,0.5654761904761905,"            day    n       acc   frac_up      y_up
0    2020-12-31  243  0.452675  0.744856  0.378601
1    2021-01-04  243  0.403292  0.613169  0.477366
2    2021-01-05  243  0.246914  0.456790  0.510288
3    2021-01-06  243  0.609053  0.711934  0.609053
4    2021-01-07  243  0.683128  0.572016  0.551440
...         ...  ...       ...       ...       ...
1003 2024-12-27  245  0.408163  0.979592  0.412245
1004 2024-12-30  245  0.502041  0.987755  0.489796
1005 2024-12-31  246  0.402439  0.991870  0.410569
1006 2025-01-02  246  0.479675  0.983740  0.479675
1007 2025-01-03  246  0.512195  0.979675  0.516260

[1008 rows x 5 columns]",16,0.0034086114630243287,0.00802666659885196,False
F_extremes10_1_logit_top500,extremes10,1,logit,expanding,top500,v2_all,relative,0.25,123888,1008,0.5166279219940592,0.5188315252486116,-0.0022036032545524886,0.508895585795046,0.5241309909150123,7.4566641023483236,0.9373203910706138,0.5406746031746031,"            day    n       acc   frac_up      y_up
0    2020-12-31  121  0.429752  0.818182  0.380165
1    2021-01-04  121  0.396694  0.685950  0.495868
2    2021-01-05  121  0.264463  0.537190  0.512397
3    2021-01-06  121  0.677686  0.768595  0.727273
4    2021-01-07  121  0.702479  0.636364  0.603306
...         ...  ...       ...       ...       ...
1003 2024-12-27  122  0.393443  0.975410  0.401639
1004 2024-12-30  122  0.508197  0.975410  0.483607
1005 2024-12-31  123  0.455285  0.983740  0.471545
1006 2025-01-02  123  0.552846  0.983740  0.552846
1007 2025-01-03  123  0.569106  0.967480  0.585366

[1008 rows x 5 columns]",17,0.0038865829387668975,0.00925172205539756,False
F_extremes10_1_logit_top500,extremes10,1,logit,expanding,top500,v2_all,relative,0.1,49135,1008,0.515274244428615,0.5095349547165972,0.00573928971201787,0.5058099159523782,0.5243340832931682,4.337481266375418,0.938608479105928,0.5386904761904762,"            day   n       acc   frac_up      y_up
0    2020-12-31  48  0.375000  0.812500  0.354167
1    2021-01-04  48  0.375000  0.750000  0.500000
2    2021-01-05  48  0.291667  0.625000  0.458333
3    2021-01-06  48  0.729167  0.812500  0.833333
4    2021-01-07  48  0.729167  0.625000  0.687500
...         ...  ..       ...       ...       ...
1003 2024-12-27  49  0.346939  0.959184  0.346939
1004 2024-12-30  49  0.469388  0.959184  0.428571
1005 2024-12-31  49  0.469388  0.959184  0.510204
1006 2025-01-02  49  0.530612  0.959184  0.530612
1007 2025-01-03  49  0.530612  0.938776  0.591837

[1008 rows x 5 columns]",18,0.0047255528930586705,0.011361730377824899,False
F_extremes10_1_logit_top500,extremes10,1,logit,expanding,top500,v2_all,relative,0.05,24192,1008,0.5091765873015873,0.5006200396825397,0.008556547619047672,0.4981812169312169,0.5200903191137566,2.9912149851256014,0.9300181878306879,0.47023809523809523,"            day   n       acc   frac_up      y_up
0    2020-12-31  24  0.416667  0.833333  0.416667
1    2021-01-04  24  0.458333  0.750000  0.541667
2    2021-01-05  24  0.250000  0.583333  0.416667
3    2021-01-06  24  0.666667  0.750000  0.833333
4    2021-01-07  24  0.750000  0.583333  0.750000
...         ...  ..       ...       ...       ...
1003 2024-12-27  24  0.458333  0.916667  0.458333
1004 2024-12-30  24  0.458333  0.958333  0.416667
1005 2024-12-31  24  0.500000  0.916667  0.583333
1006 2025-01-02  24  0.666667  0.958333  0.625000
1007 2025-01-03  24  0.708333  0.916667  0.791667

[1008 rows x 5 columns]",19,0.005589056679219302,0.013562969680028347,False
F_extremes10_1_logit_top500,extremes10,1,logit,expanding,top500,v2_all,relative,0.02,9072,1008,0.5134479717813051,0.501984126984127,0.011463844797178102,0.49889495149911817,0.5275573192239859,1.9685539112692876,0.9108245149911817,0.4930555555555556,"            day  n       acc   frac_up      y_up
0    2020-12-31  9  0.333333  1.000000  0.333333
1    2021-01-04  9  0.444444  1.000000  0.444444
2    2021-01-05  9  0.222222  1.000000  0.222222
3    2021-01-06  9  0.777778  0.666667  0.888889
4    2021-01-07  9  0.888889  0.555556  0.666667
...         ... ..       ...       ...       ...
1003 2024-12-27  9  0.555556  0.777778  0.555556
1004 2024-12-30  9  0.666667  0.888889  0.555556
1005 2024-12-31  9  0.444444  0.888889  0.555556
1006 2025-01-02  9  0.666667  0.888889  0.555556
1007 2025-01-03  9  0.777778  0.888889  0.888889

[1008 rows x 5 columns]",20,0.0073118285012417576,0.017897505040396177,False
F_extremes10_1_logit_top500,extremes10,1,logit,expanding,top500,v2_all,relative,0.01,4032,1008,0.5094246031746031,0.4908234126984127,0.018601190476190466,0.4905753968253968,0.5267919146825396,1.3688030594494645,0.8831845238095238,0.38492063492063494,"            day  n   acc  frac_up  y_up
0    2020-12-31  4  0.25     1.00  0.25
1    2021-01-04  4  0.50     1.00  0.50
2    2021-01-05  4  0.25     1.00  0.25
3    2021-01-06  4  1.00     1.00  1.00
4    2021-01-07  4  0.75     0.50  0.75
...         ... ..   ...      ...   ...
1003 2024-12-27  4  0.50     0.75  0.75
1004 2024-12-30  4  0.25     0.75  0.00
1005 2024-12-31  4  0.25     0.75  0.50
1006 2025-01-02  4  0.75     0.75  0.50
1007 2025-01-03  4  0.50     0.75  0.75

[1008 rows x 5 columns]",21,0.009238907616618063,0.022797919290670366,False
F_extremes10_10_hgb_shallow_liquid,extremes10,10,hgb_shallow,expanding,liquid,v2_all,relative,1.0,829942,1008,0.5268922406626005,0.5338638121700071,-0.006971571507406571,0.5236987472787613,0.5303911142034133,9.871958773597802,0.8280522649770827,0.7430555555555556,"            day    n       acc   frac_up      y_up
0    2021-01-14  700  0.525714  0.188571  0.431429
1    2021-01-15  699  0.543634  0.213162  0.414878
2    2021-01-19  700  0.537143  0.252857  0.430000
3    2021-01-20  700  0.577143  0.195714  0.401429
4    2021-01-21  700  0.567143  0.258571  0.434286
...         ...  ...       ...       ...       ...
1003 2025-01-13  912  0.577851  0.892544  0.564693
1004 2025-01-14  908  0.569383  0.910793  0.574890
1005 2025-01-15  907  0.578831  0.905182  0.574421
1006 2025-01-16  912  0.561404  0.913377  0.547149
1007 2025-01-17  906  0.530905  0.917219  0.523179

[1008 rows x 5 columns]",22,0.001707236460370415,0.004244838385140516,False
F_extremes10_10_hgb_shallow_liquid,extremes10,10,hgb_shallow,expanding,liquid,v2_all,relative,0.5,414724,1008,0.5354115025896741,0.5422232617355157,-0.006811759145841645,0.5305156279416172,0.5406765424543635,11.546649312523169,0.9041918598460612,0.7023809523809523,"            day    n       acc   frac_up      y_up
0    2021-01-14  350  0.488571  0.060000  0.502857
1    2021-01-15  349  0.578797  0.085960  0.432665
2    2021-01-19  350  0.531429  0.134286  0.477143
3    2021-01-20  350  0.611429  0.065714  0.408571
4    2021-01-21  350  0.588571  0.131429  0.400000
...         ...  ...       ...       ...       ...
1003 2025-01-13  456  0.589912  0.953947  0.574561
1004 2025-01-14  454  0.572687  0.966960  0.574890
1005 2025-01-15  453  0.569536  0.966887  0.580574
1006 2025-01-16  456  0.559211  0.982456  0.550439
1007 2025-01-17  453  0.545254  0.980132  0.529801

[1008 rows x 5 columns]",23,0.0025920700287618,0.006491046649493701,False
F_extremes10_10_hgb_shallow_liquid,extremes10,10,hgb_shallow,expanding,liquid,v2_all,relative,0.25,207108,1008,0.539795662166599,0.5447158004519381,-0.004920138285339104,0.533232516658044,0.5463238403568644,9.461131034534183,0.9216259860429353,0.6666666666666666,"            day    n       acc   frac_up      y_up
0    2021-01-14  175  0.394286  0.011429  0.605714
1    2021-01-15  174  0.568966  0.011494  0.431034
2    2021-01-19  175  0.520000  0.022857  0.502857
3    2021-01-20  175  0.617143  0.005714  0.388571
4    2021-01-21  175  0.645714  0.034286  0.354286
...         ...  ...       ...       ...       ...
1003 2025-01-13  228  0.583333  0.951754  0.578947
1004 2025-01-14  227  0.599119  0.973568  0.599119
1005 2025-01-15  226  0.623894  0.982301  0.623894
1006 2025-01-16  228  0.583333  0.978070  0.570175
1007 2025-01-17  226  0.575221  0.986726  0.561947

[1008 rows x 5 columns]",24,0.003339623392556219,0.008419632130998554,False
F_extremes10_10_hgb_shallow_liquid,extremes10,10,hgb_shallow,expanding,liquid,v2_all,relative,0.1,82531,1008,0.5477093455792369,0.5491512280234094,-0.0014418824441725375,0.538702220159736,0.5565344118169272,6.895240984849451,0.9326694765403507,0.6319444444444444,"            day   n       acc   frac_up      y_up
0    2021-01-14  70  0.314286  0.000000  0.685714
1    2021-01-15  69  0.492754  0.000000  0.507246
2    2021-01-19  70  0.442857  0.000000  0.557143
3    2021-01-20  70  0.542857  0.000000  0.457143
4    2021-01-21  70  0.571429  0.000000  0.428571
...         ...  ..       ...       ...       ...
1003 2025-01-13  91  0.527473  0.956044  0.527473
1004 2025-01-14  90  0.577778  0.955556  0.577778
1005 2025-01-15  90  0.566667  0.955556  0.566667
1006 2025-01-16  91  0.604396  0.978022  0.604396
1007 2025-01-17  90  0.666667  1.000000  0.666667

[1008 rows x 5 columns]",25,0.0045490284839773435,0.01154212479386317,False
F_extremes10_10_hgb_shallow_liquid,extremes10,10,hgb_shallow,expanding,liquid,v2_all,relative,0.05,40973,1008,0.5525101896370781,0.5511190296048617,0.0013911600322163986,0.5414181714485403,0.5630518079866678,4.9966780449754165,0.9375327746340102,0.5942460317460317,"            day   n       acc   frac_up      y_up
0    2021-01-14  35  0.257143  0.000000  0.742857
1    2021-01-15  34  0.529412  0.000000  0.470588
2    2021-01-19  35  0.342857  0.000000  0.657143
3    2021-01-20  35  0.542857  0.000000  0.457143
4    2021-01-21  35  0.457143  0.000000  0.542857
...         ...  ..       ...       ...       ...
1003 2025-01-13  45  0.466667  0.933333  0.444444
1004 2025-01-14  45  0.600000  0.955556  0.600000
1005 2025-01-15  45  0.577778  0.933333  0.555556
1006 2025-01-16  45  0.644444  0.977778  0.666667
1007 2025-01-17  45  0.755556  1.000000  0.755556

[1008 rows x 5 columns]",26,0.0055187848311549605,0.014087711005424226,False
F_extremes10_10_hgb_shallow_liquid,extremes10,10,hgb_shallow,expanding,liquid,v2_all,relative,0.02,16219,1008,0.5493556939392071,0.5435600221961897,0.005795671743017428,0.5357862330881973,0.5619191937690008,3.0161833788530856,0.9436156763275112,0.5416666666666666,"            day   n       acc   frac_up      y_up
0    2021-01-14  14  0.285714  0.000000  0.714286
1    2021-01-15  13  0.538462  0.000000  0.461538
2    2021-01-19  14  0.571429  0.000000  0.428571
3    2021-01-20  14  0.571429  0.000000  0.428571
4    2021-01-21  14  0.500000  0.000000  0.500000
...         ...  ..       ...       ...       ...
1003 2025-01-13  18  0.222222  0.888889  0.222222
1004 2025-01-14  18  0.388889  0.944444  0.444444
1005 2025-01-15  18  0.388889  0.944444  0.444444
1006 2025-01-16  18  0.611111  1.000000  0.611111
1007 2025-01-17  18  0.722222  1.000000  0.722222

[1008 rows x 5 columns]",27,0.006666571602245793,0.017115925973269868,False
F_extremes10_10_hgb_shallow_liquid,extremes10,10,hgb_shallow,expanding,liquid,v2_all,relative,0.01,7966,1008,0.5551092141601808,0.5468240020085363,0.008285212151644461,0.5396141336549946,0.5709104341778215,2.1226280811226714,0.9499460663895188,0.5228174603174603,"            day  n       acc   frac_up      y_up
0    2021-01-14  7  0.285714  0.000000  0.714286
1    2021-01-15  6  0.333333  0.000000  0.666667
2    2021-01-19  7  0.571429  0.000000  0.428571
3    2021-01-20  7  0.714286  0.000000  0.285714
4    2021-01-21  7  0.428571  0.000000  0.571429
...         ... ..       ...       ...       ...
1003 2025-01-13  9  0.111111  0.888889  0.222222
1004 2025-01-14  9  0.555556  0.888889  0.666667
1005 2025-01-15  9  0.000000  0.888889  0.111111
1006 2025-01-16  9  0.444444  1.000000  0.444444
1007 2025-01-17  9  0.555556  1.000000  0.555556

[1008 rows x 5 columns]",28,0.007983750133374221,0.02061046348267112,False
F_extremes10_5_logit_liquid,extremes10,5,logit,expanding,liquid,v2_all,relative,1.0,829603,1008,0.5254356601892712,0.5255513781893267,-0.00011571800005549804,0.5221749326917834,0.5286493487593772,9.209735096009034,0.853848586674825,0.6934523809523809,"            day    n       acc   frac_up      y_up
0    2021-01-07  696  0.500000  0.297414  0.438218
1    2021-01-08  696  0.487069  0.277299  0.408046
2    2021-01-11  697  0.505022  0.309900  0.403156
3    2021-01-12  700  0.524286  0.390000  0.460000
4    2021-01-13  700  0.565714  0.370000  0.450000
...         ...  ...       ...       ...       ...
1003 2025-01-03  917  0.572519  0.911668  0.527808
1004 2025-01-06  917  0.609597  0.866957  0.524537
1005 2025-01-07  922  0.627983  0.898048  0.567245
1006 2025-01-08  918  0.617647  0.908497  0.574074
1007 2025-01-10  915  0.600000  0.900546  0.572678

[1008 rows x 5 columns]",29,0.0016516367519371945,0.0042861776982035995,False
F_extremes10_5_logit_liquid,extremes10,5,logit,expanding,liquid,v2_all,relative,0.5,414551,1008,0.5345084199531541,0.5345904363998639,-8.201644670979835e-05,0.5289002377013795,0.5399679415486581,13.308098775484732,0.9072448529379524,0.6458333333333334,"            day    n       acc   frac_up      y_up
0    2021-01-07  348  0.442529  0.209770  0.525862
1    2021-01-08  348  0.471264  0.155172  0.488506
2    2021-01-11  348  0.482759  0.198276  0.479885
3    2021-01-12  350  0.517143  0.311429  0.491429
4    2021-01-13  350  0.625714  0.294286  0.462857
...         ...  ...       ...       ...       ...
1003 2025-01-03  458  0.628821  0.958515  0.617904
1004 2025-01-06  458  0.679039  0.934498  0.657205
1005 2025-01-07  461  0.720174  0.950108  0.674620
1006 2025-01-08  459  0.679739  0.943355  0.662309
1007 2025-01-10  457  0.684902  0.945295  0.652079

[1008 rows x 5 columns]",30,0.002823393838591485,0.007363806678832721,False
F_extremes10_5_logit_liquid,extremes10,5,logit,expanding,liquid,v2_all,relative,0.25,207031,1008,0.5385135559408978,0.5357120431239766,0.0028015128169212034,0.5311360621872434,0.5456349030717105,11.372485964459,0.9044446370588726,0.623015873015873,"            day    n       acc   frac_up      y_up
0    2021-01-07  174  0.379310  0.091954  0.655172
1    2021-01-08  174  0.431034  0.091954  0.557471
2    2021-01-11  174  0.431034  0.109195  0.551724
3    2021-01-12  175  0.565714  0.257143  0.451429
4    2021-01-13  175  0.657143  0.188571  0.417143
...         ...  ...       ...       ...       ...
1003 2025-01-03  229  0.716157  0.938865  0.672489
1004 2025-01-06  229  0.724891  0.899563  0.676856
1005 2025-01-07  230  0.769565  0.921739  0.700000
1006 2025-01-08  229  0.698690  0.930131  0.681223
1007 2025-01-10  228  0.697368  0.925439  0.666667

[1008 rows x 5 columns]",31,0.003698683899098742,0.009693074504246833,False
F_extremes10_5_logit_liquid,extremes10,5,logit,expanding,liquid,v2_all,relative,0.1,82500,1008,0.539539393939394,0.5280484848484849,0.011490909090909107,0.5307429057463517,0.5481263233592104,6.543155140600353,0.8778992791437251,0.5902777777777778,"            day   n       acc   frac_up      y_up
0    2021-01-07  69  0.246377  0.101449  0.768116
1    2021-01-08  69  0.405797  0.072464  0.579710
2    2021-01-11  69  0.463768  0.101449  0.521739
3    2021-01-12  70  0.514286  0.228571  0.514286
4    2021-01-13  70  0.628571  0.171429  0.457143
...         ...  ..       ...       ...       ...
1003 2025-01-03  91  0.769231  0.846154  0.659341
1004 2025-01-06  91  0.824176  0.824176  0.692308
1005 2025-01-07  92  0.804348  0.847826  0.673913
1006 2025-01-08  91  0.736264  0.857143  0.703297
1007 2025-01-10  91  0.714286  0.857143  0.659341

[1008 rows x 5 columns]",32,0.004434545309402721,0.011675132744461122,False
F_extremes10_5_logit_liquid,extremes10,5,logit,expanding,liquid,v2_all,relative,0.05,40970,1008,0.5385648035147669,0.5171344886502319,0.02143031486453495,0.5292634750227951,0.5481253648853279,3.8642518446304797,0.8332871097379108,0.5674603174603174,"            day   n       acc   frac_up      y_up
0    2021-01-07  34  0.235294  0.088235  0.794118
1    2021-01-08  34  0.382353  0.058824  0.558824
2    2021-01-11  34  0.500000  0.088235  0.529412
3    2021-01-12  35  0.514286  0.200000  0.571429
4    2021-01-13  35  0.628571  0.142857  0.457143
...         ...  ..       ...       ...       ...
1003 2025-01-03  45  0.800000  0.688889  0.577778
1004 2025-01-06  45  0.866667  0.644444  0.600000
1005 2025-01-07  46  0.782609  0.717391  0.543478
1006 2025-01-08  45  0.733333  0.733333  0.644444
1007 2025-01-10  45  0.644444  0.755556  0.533333

[1008 rows x 5 columns]",33,0.0048117065975848946,0.01272422591594628,True
F_extremes10_5_logit_liquid,extremes10,5,logit,expanding,liquid,v2_all,relative,0.02,16208,1008,0.5294299111549852,0.5039486673247778,0.025481243830207334,0.5189543964922955,0.5403112758519978,2.007026410980911,0.7328705805684097,0.4801587301587302,"            day   n       acc   frac_up      y_up
0    2021-01-07  13  0.000000  0.076923  0.923077
1    2021-01-08  13  0.461538  0.076923  0.461538
2    2021-01-11  13  0.538462  0.076923  0.538462
3    2021-01-12  14  0.571429  0.142857  0.571429
4    2021-01-13  14  0.500000  0.214286  0.571429
...         ...  ..       ...       ...       ...
1003 2025-01-03  18  0.833333  0.388889  0.444444
1004 2025-01-06  18  0.833333  0.333333  0.388889
1005 2025-01-07  18  0.777778  0.333333  0.222222
1006 2025-01-08  18  0.666667  0.388889  0.500000
1007 2025-01-10  18  0.611111  0.500000  0.333333

[1008 rows x 5 columns]",34,0.0054481835101281425,0.014468718954902758,True
F_extremes10_5_logit_liquid,extremes10,5,logit,expanding,liquid,v2_all,relative,0.01,7959,1008,0.5277044854881267,0.5287096368890564,-0.0010051514009297158,0.5147510255080334,0.5413677894868004,1.4332543184926685,0.7039064468379944,0.5208333333333334,"            day  n       acc   frac_up      y_up
0    2021-01-07  6  0.000000  0.000000  1.000000
1    2021-01-08  6  0.500000  0.000000  0.500000
2    2021-01-11  6  0.500000  0.000000  0.500000
3    2021-01-12  7  0.714286  0.000000  0.285714
4    2021-01-13  7  0.428571  0.285714  0.571429
...         ... ..       ...       ...       ...
1003 2025-01-03  9  0.888889  0.000000  0.111111
1004 2025-01-06  9  0.777778  0.000000  0.222222
1005 2025-01-07  9  0.888889  0.000000  0.111111
1006 2025-01-08  9  0.555556  0.000000  0.444444
1007 2025-01-10  9  0.777778  0.111111  0.111111

[1008 rows x 5 columns]",35,0.006789990810909949,0.01810611382366735,False
F_relative_5_logit_liquid,relative,5,logit,expanding,liquid,v2_all,relative,1.0,829603,1008,0.5269532535441651,0.5255007515643024,0.001452501979862686,0.5227460126621966,0.530940136502903,14.193270584529367,0.7776470884866039,0.6884920634920635,"            day    n       acc   frac_up      y_up
0    2021-01-07  696  0.439655  0.487069  0.438218
1    2021-01-08  696  0.422414  0.436782  0.408046
2    2021-01-11  697  0.433286  0.459110  0.403156
3    2021-01-12  700  0.484286  0.544286  0.460000
4    2021-01-13  700  0.532857  0.531429  0.450000
...         ...  ...       ...       ...       ...
1003 2025-01-03  917  0.619411  0.723010  0.527808
1004 2025-01-06  917  0.679389  0.653217  0.524537
1005 2025-01-07  922  0.652928  0.695228  0.567245
1006 2025-01-08  918  0.610022  0.709150  0.574074
1007 2025-01-10  915  0.590164  0.702732  0.572678

[1008 rows x 5 columns]",36,0.002090337714465916,0.005596110818349663,False
F_relative_5_logit_liquid,relative,5,logit,expanding,liquid,v2_all,relative,0.5,414551,1008,0.5355288010401615,0.530962414757171,0.004566386282990553,0.5287819823452898,0.5418388056704333,18.34355723097433,0.8403213568514059,0.623015873015873,"            day    n       acc   frac_up      y_up
0    2021-01-07  348  0.370690  0.471264  0.525862
1    2021-01-08  348  0.387931  0.402299  0.468391
2    2021-01-11  348  0.439655  0.448276  0.474138
3    2021-01-12  350  0.460000  0.602857  0.491429
4    2021-01-13  350  0.565714  0.565714  0.468571
...         ...  ...       ...       ...       ...
1003 2025-01-03  458  0.665939  0.783843  0.563319
1004 2025-01-06  458  0.731441  0.665939  0.532751
1005 2025-01-07  461  0.709328  0.728850  0.555315
1006 2025-01-08  459  0.633987  0.762527  0.566449
1007 2025-01-10  457  0.636761  0.759300  0.579869

[1008 rows x 5 columns]",37,0.003330822276822312,0.008951076447283324,False
F_relative_5_logit_liquid,relative,5,logit,expanding,liquid,v2_all,relative,0.25,207031,1008,0.5378663098762987,0.5266312774415426,0.011235032434756098,0.5292367513929768,0.5458403201092579,15.09962542142369,0.823850682679234,0.5813492063492064,"            day    n       acc   frac_up      y_up
0    2021-01-07  174  0.316092  0.488506  0.620690
1    2021-01-08  174  0.385057  0.402299  0.522989
2    2021-01-11  174  0.448276  0.488506  0.534483
3    2021-01-12  175  0.502857  0.622857  0.514286
4    2021-01-13  175  0.594286  0.594286  0.508571
...         ...  ...       ...       ...       ...
1003 2025-01-03  229  0.720524  0.703057  0.519651
1004 2025-01-06  229  0.772926  0.545852  0.441048
1005 2025-01-07  230  0.760870  0.621739  0.504348
1006 2025-01-08  229  0.637555  0.646288  0.493450
1007 2025-01-10  228  0.605263  0.684211  0.517544

[1008 rows x 5 columns]",38,0.004235604264357424,0.01142449518876165,False
F_relative_5_logit_liquid,relative,5,logit,expanding,liquid,v2_all,relative,0.1,82500,1008,0.540290909090909,0.5116121212121212,0.02867878787878786,0.5307114480402142,0.5497376025414882,8.291318305580711,0.7585910959238674,0.5357142857142857,"            day   n       acc   frac_up      y_up
0    2021-01-07  69  0.347826  0.521739  0.681159
1    2021-01-08  69  0.362319  0.391304  0.536232
2    2021-01-11  69  0.434783  0.478261  0.550725
3    2021-01-12  70  0.442857  0.614286  0.485714
4    2021-01-13  70  0.657143  0.571429  0.571429
...         ...  ..       ...       ...       ...
1003 2025-01-03  91  0.758242  0.450549  0.406593
1004 2025-01-06  91  0.846154  0.219780  0.241758
1005 2025-01-07  92  0.771739  0.336957  0.304348
1006 2025-01-08  91  0.670330  0.373626  0.329670
1007 2025-01-10  91  0.582418  0.483516  0.395604

[1008 rows x 5 columns]",39,0.0048536108421617305,0.013138073942016626,True
F_relative_5_logit_liquid,relative,5,logit,expanding,liquid,v2_all,relative,0.05,40970,1008,0.5412741030021967,0.5062728825970222,0.035001220405174505,0.5311489904790614,0.551440112943763,4.691966690965641,0.7092137825329468,0.5148809523809523,"            day   n       acc   frac_up      y_up
0    2021-01-07  34  0.352941  0.529412  0.823529
1    2021-01-08  34  0.352941  0.411765  0.470588
2    2021-01-11  34  0.441176  0.411765  0.558824
3    2021-01-12  35  0.514286  0.600000  0.400000
4    2021-01-13  35  0.628571  0.600000  0.514286
...         ...  ..       ...       ...       ...
1003 2025-01-03  45  0.822222  0.200000  0.333333
1004 2025-01-06  45  0.911111  0.088889  0.177778
1005 2025-01-07  46  0.847826  0.152174  0.173913
1006 2025-01-08  45  0.711111  0.177778  0.288889
1007 2025-01-10  45  0.600000  0.200000  0.244444

[1008 rows x 5 columns]",40,0.005176306751199403,0.014059900089484623,True
F_relative_5_logit_liquid,relative,5,logit,expanding,liquid,v2_all,relative,0.02,16208,1008,0.5478158933859822,0.5328849950641659,0.014930898321816377,0.5361332552510246,0.5596743604409538,2.4117729341814673,0.7388549472495551,0.6051587301587301,"            day   n       acc   frac_up      y_up
0    2021-01-07  13  0.384615  0.538462  0.846154
1    2021-01-08  13  0.384615  0.461538  0.461538
2    2021-01-11  13  0.538462  0.384615  0.692308
3    2021-01-12  14  0.642857  0.428571  0.500000
4    2021-01-13  14  0.714286  0.571429  0.571429
...         ...  ..       ...       ...       ...
1003 2025-01-03  18  0.888889  0.055556  0.166667
1004 2025-01-06  18  0.888889  0.000000  0.111111
1005 2025-01-07  18  0.944444  0.000000  0.055556
1006 2025-01-08  18  0.611111  0.000000  0.388889
1007 2025-01-10  18  0.611111  0.055556  0.333333

[1008 rows x 5 columns]",41,0.006005383977022738,0.01636634519296206,False
F_relative_5_logit_liquid,relative,5,logit,expanding,liquid,v2_all,relative,0.01,7959,1008,0.5484357331323031,0.5524563387360221,-0.004020605603718974,0.5345217172985187,0.5617791654554063,1.6266915636586785,0.8055516187956665,0.6309523809523809,"            day  n       acc   frac_up      y_up
0    2021-01-07  6  0.333333  0.333333  1.000000
1    2021-01-08  6  0.333333  0.166667  0.500000
2    2021-01-11  6  0.500000  0.166667  0.666667
3    2021-01-12  7  0.714286  0.571429  0.571429
4    2021-01-13  7  0.714286  0.571429  0.571429
...         ... ..       ...       ...       ...
1003 2025-01-03  9  1.000000  0.000000  0.000000
1004 2025-01-06  9  1.000000  0.000000  0.000000
1005 2025-01-07  9  1.000000  0.000000  0.000000
1006 2025-01-08  9  0.555556  0.000000  0.444444
1007 2025-01-10  9  0.555556  0.000000  0.444444

[1008 rows x 5 columns]",42,0.0069534306522672385,0.019011421066779558,False
F_relative_1_logit_top500,relative,1,logit,expanding,top500,v2_all,relative,1.0,496982,1008,0.5217150721756523,0.5233992377993569,-0.0016841656237046587,0.5162890548106766,0.5271976122627355,15.704991351212183,0.8602171339236034,0.6180555555555556,"            day    n       acc   frac_up      y_up
0    2020-12-31  487  0.457906  0.632444  0.344969
1    2021-01-04  487  0.494867  0.513347  0.451745
2    2021-01-05  487  0.416838  0.416838  0.519507
3    2021-01-06  487  0.591376  0.574949  0.498973
4    2021-01-07  487  0.618070  0.511294  0.560575
...         ...  ...       ...       ...       ...
1003 2024-12-27  491  0.433809  0.920570  0.399185
1004 2024-12-30  491  0.482688  0.957230  0.452138
1005 2024-12-31  492  0.418699  0.969512  0.420732
1006 2025-01-02  492  0.506098  0.924797  0.516260
1007 2025-01-03  492  0.502033  0.932927  0.520325

[1008 rows x 5 columns]",43,0.0027827952683823947,0.007632371030929014,False
F_relative_1_logit_top500,relative,1,logit,expanding,top500,v2_all,relative,0.5,248248,1008,0.5270253939608779,0.5271784666945958,-0.0001530727337178961,0.5183986134590652,0.5354958891262964,18.816204849463706,0.9116533775145353,0.5793650793650794,"            day    n       acc   frac_up      y_up
0    2020-12-31  243  0.440329  0.724280  0.370370
1    2021-01-04  243  0.460905  0.473251  0.510288
2    2021-01-05  243  0.333333  0.341564  0.596708
3    2021-01-06  243  0.654321  0.629630  0.613169
4    2021-01-07  243  0.674897  0.485597  0.522634
...         ...  ...       ...       ...       ...
1003 2024-12-27  245  0.400000  0.959184  0.383673
1004 2024-12-30  245  0.457143  0.971429  0.428571
1005 2024-12-31  246  0.386179  0.983740  0.394309
1006 2025-01-02  246  0.418699  0.975610  0.410569
1007 2025-01-03  246  0.434959  0.971545  0.430894

[1008 rows x 5 columns]",44,0.004361549915109996,0.011998923673507779,False
F_relative_1_logit_top500,relative,1,logit,expanding,top500,v2_all,relative,0.25,123888,1008,0.5293329458866073,0.530051336691205,-0.0007183908045976795,0.5184977353060862,0.5396470666701265,14.366649106574938,0.903821309538592,0.5823412698412699,"            day    n       acc   frac_up      y_up
0    2020-12-31  121  0.446281  0.685950  0.347107
1    2021-01-04  121  0.388430  0.495868  0.595041
2    2021-01-05  121  0.305785  0.363636  0.595041
3    2021-01-06  121  0.694215  0.611570  0.669421
4    2021-01-07  121  0.661157  0.438017  0.512397
...         ...  ...       ...       ...       ...
1003 2024-12-27  122  0.442623  0.926230  0.418033
1004 2024-12-30  122  0.426230  0.950820  0.377049
1005 2024-12-31  123  0.430894  0.975610  0.439024
1006 2025-01-02  123  0.349593  0.967480  0.333333
1007 2025-01-03  123  0.406504  0.951220  0.406504

[1008 rows x 5 columns]",45,0.005395237592867422,0.014886676772980167,False
F_relative_1_logit_top500,relative,1,logit,expanding,top500,v2_all,relative,0.1,49135,1008,0.5250228961025746,0.522946982802483,0.002075913300091603,0.5133806166561838,0.5366421164723374,7.26478746116306,0.8674650415721844,0.560515873015873,"            day   n       acc   frac_up      y_up
0    2020-12-31  48  0.437500  0.750000  0.312500
1    2021-01-04  48  0.395833  0.520833  0.708333
2    2021-01-05  48  0.312500  0.375000  0.604167
3    2021-01-06  48  0.708333  0.625000  0.791667
4    2021-01-07  48  0.729167  0.312500  0.541667
...         ...  ..       ...       ...       ...
1003 2024-12-27  49  0.428571  0.836735  0.387755
1004 2024-12-30  49  0.346939  0.877551  0.224490
1005 2024-12-31  49  0.428571  0.938776  0.448980
1006 2025-01-02  49  0.265306  0.918367  0.224490
1007 2025-01-03  49  0.469388  0.877551  0.469388

[1008 rows x 5 columns]",46,0.005934056075549376,0.016420598761317316,False
F_relative_1_logit_top500,relative,1,logit,expanding,top500,v2_all,relative,0.05,24192,1008,0.5206679894179894,0.5140542328042328,0.006613756613756627,0.5073970734126985,0.5328621031746031,4.02745081935482,0.8153521825396826,0.49702380952380953,"            day   n       acc   frac_up      y_up
0    2020-12-31  24  0.541667  0.708333  0.333333
1    2021-01-04  24  0.375000  0.500000  0.708333
2    2021-01-05  24  0.333333  0.416667  0.500000
3    2021-01-06  24  0.666667  0.541667  0.875000
4    2021-01-07  24  0.750000  0.291667  0.541667
...         ...  ..       ...       ...       ...
1003 2024-12-27  24  0.416667  0.708333  0.375000
1004 2024-12-30  24  0.416667  0.750000  0.166667
1005 2024-12-31  24  0.500000  0.875000  0.541667
1006 2025-01-02  24  0.333333  0.833333  0.250000
1007 2025-01-03  24  0.583333  0.750000  0.583333

[1008 rows x 5 columns]",47,0.0064961810617103774,0.018026516420798475,False
F_relative_1_logit_top500,relative,1,logit,expanding,top500,v2_all,relative,0.02,9072,1008,0.5203924162257496,0.4931657848324515,0.027226631393298117,0.5055114638447972,0.5341710758377425,1.9238104610128648,0.7537477954144621,0.5376984126984127,"            day  n       acc   frac_up      y_up
0    2020-12-31  9  0.444444  0.888889  0.333333
1    2021-01-04  9  0.555556  0.777778  0.555556
2    2021-01-05  9  0.222222  0.666667  0.333333
3    2021-01-06  9  0.555556  0.333333  0.777778
4    2021-01-07  9  0.777778  0.333333  0.555556
...         ... ..       ...       ...       ...
1003 2024-12-27  9  0.666667  0.222222  0.555556
1004 2024-12-30  9  0.777778  0.333333  0.111111
1005 2024-12-31  9  0.555556  0.666667  0.666667
1006 2025-01-02  9  0.333333  0.555556  0.111111
1007 2025-01-03  9  0.666667  0.333333  0.666667

[1008 rows x 5 columns]",48,0.007311125508404417,0.02034333254880645,True
F_relative_1_logit_top500,relative,1,logit,expanding,top500,v2_all,relative,0.01,4032,1008,0.5111607142857143,0.5163690476190477,-0.00520833333333337,0.49255952380952384,0.5290240575396825,1.3919815551877766,0.7705853174603174,0.5486111111111112,"            day  n   acc  frac_up  y_up
0    2020-12-31  4  0.50     1.00  0.50
1    2021-01-04  4  0.25     1.00  0.25
2    2021-01-05  4  0.25     0.75  0.00
3    2021-01-06  4  0.75     0.75  1.00
4    2021-01-07  4  1.00     0.50  0.50
...         ... ..   ...      ...   ...
1003 2024-12-27  4  0.50     0.25  0.75
1004 2024-12-30  4  0.75     0.25  0.00
1005 2024-12-31  4  0.25     0.25  0.50
1006 2025-01-02  4  0.25     0.50  0.25
1007 2025-01-03  4  0.75     0.25  0.50

[1008 rows x 5 columns]",49,0.009302176971979255,0.025952307888326368,False
F_relative_5_logit_top500,relative,5,logit,expanding,top500,v2_all,relative,1.0,496997,1008,0.5292506795815669,0.5393915858647034,-0.010140906283136464,0.5242787814587224,0.5340048644808902,12.464642640171613,0.8709529050082823,0.6636904761904762,"            day    n       acc   frac_up      y_up
0    2021-01-07  487  0.455852  0.455852  0.396304
1    2021-01-08  486  0.491770  0.397119  0.358025
2    2021-01-11  485  0.511340  0.418557  0.371134
3    2021-01-12  485  0.515464  0.484536  0.465979
4    2021-01-13  485  0.583505  0.503093  0.461856
...         ...  ...       ...       ...       ...
1003 2025-01-03  492  0.613821  0.934959  0.581301
1004 2025-01-06  492  0.628049  0.908537  0.573171
1005 2025-01-07  492  0.644309  0.902439  0.644309
1006 2025-01-08  491  0.613035  0.906314  0.633401
1007 2025-01-10  492  0.609756  0.908537  0.640244

[1008 rows x 5 columns]",50,0.0024811436281040357,0.006940129962810138,False
F_relative_5_logit_top500,relative,5,logit,expanding,top500,v2_all,relative,0.5,248256,1008,0.5324423176076308,0.5424239494715133,-0.009981631863882456,0.5252287758982083,0.5393888121400315,13.232997325258161,0.9084926692305265,0.6220238095238095,"            day    n       acc   frac_up      y_up
0    2021-01-07  243  0.395062  0.477366  0.473251
1    2021-01-08  243  0.473251  0.362140  0.436214
2    2021-01-11  242  0.537190  0.367769  0.433884
3    2021-01-12  242  0.545455  0.516529  0.475207
4    2021-01-13  242  0.657025  0.541322  0.471074
...         ...  ...       ...       ...       ...
1003 2025-01-03  246  0.609756  0.947154  0.589431
1004 2025-01-06  246  0.666667  0.910569  0.585366
1005 2025-01-07  246  0.670732  0.906504  0.626016
1006 2025-01-08  245  0.612245  0.926531  0.620408
1007 2025-01-10  246  0.638211  0.939024  0.642276

[1008 rows x 5 columns]",51,0.003612254143322263,0.010129556252235243,False
F_relative_5_logit_top500,relative,5,logit,expanding,top500,v2_all,relative,0.25,123892,1008,0.5302925128337584,0.5410680269912505,-0.010775514157492005,0.521152287823252,0.5388366336507285,9.845599122241895,0.9030039091757587,0.6071428571428571,"            day    n       acc   frac_up      y_up
0    2021-01-07  121  0.347107  0.520661  0.545455
1    2021-01-08  121  0.479339  0.314050  0.454545
2    2021-01-11  121  0.537190  0.388430  0.520661
3    2021-01-12  121  0.586777  0.528926  0.528926
4    2021-01-13  121  0.669421  0.570248  0.520661
...         ...  ...       ...       ...       ...
1003 2025-01-03  123  0.617886  0.902439  0.569106
1004 2025-01-06  123  0.707317  0.829268  0.552846
1005 2025-01-07  123  0.682927  0.821138  0.601626
1006 2025-01-08  122  0.606557  0.877049  0.598361
1007 2025-01-10  123  0.617886  0.894309  0.609756

[1008 rows x 5 columns]",52,0.004511312711090964,0.012681915035123347,False
F_relative_5_logit_top500,relative,5,logit,expanding,top500,v2_all,relative,0.1,49139,1008,0.5252650644091251,0.531919656484666,-0.006654592075540866,0.5147557350748418,0.5354043612086963,5.564152252978051,0.8723207536983046,0.5615079365079365,"            day   n       acc   frac_up      y_up
0    2021-01-07  48  0.416667  0.562500  0.604167
1    2021-01-08  48  0.500000  0.354167  0.479167
2    2021-01-11  48  0.520833  0.458333  0.604167
3    2021-01-12  48  0.541667  0.604167  0.562500
4    2021-01-13  48  0.645833  0.625000  0.520833
...         ...  ..       ...       ...       ...
1003 2025-01-03  49  0.591837  0.755102  0.469388
1004 2025-01-06  49  0.816327  0.591837  0.448980
1005 2025-01-07  49  0.673469  0.591837  0.510204
1006 2025-01-08  49  0.551020  0.693878  0.530612
1007 2025-01-10  49  0.591837  0.775510  0.571429

[1008 rows x 5 columns]",53,0.0052675066667996,0.014843328923180686,False
F_relative_5_logit_top500,relative,5,logit,expanding,top500,v2_all,relative,0.05,24192,1008,0.5233961640211641,0.5250909391534392,-0.001694775132275117,0.5117383845899471,0.5344339037698412,3.3416207184584787,0.8303571428571429,0.5168650793650794,"            day   n       acc   frac_up      y_up
0    2021-01-07  24  0.416667  0.625000  0.708333
1    2021-01-08  24  0.541667  0.458333  0.416667
2    2021-01-11  24  0.416667  0.541667  0.625000
3    2021-01-12  24  0.583333  0.625000  0.458333
4    2021-01-13  24  0.750000  0.625000  0.458333
...         ...  ..       ...       ...       ...
1003 2025-01-03  24  0.666667  0.500000  0.416667
1004 2025-01-06  24  1.000000  0.208333  0.208333
1005 2025-01-07  24  0.708333  0.333333  0.375000
1006 2025-01-08  24  0.583333  0.500000  0.500000
1007 2025-01-10  24  0.583333  0.583333  0.583333

[1008 rows x 5 columns]",54,0.005789673260177066,0.01635310414527881,False
F_relative_5_logit_top500,relative,5,logit,expanding,top500,v2_all,relative,0.02,9072,1008,0.51576278659612,0.5082671957671958,0.007495590828924148,0.501984126984127,0.5284419091710759,1.7026336004248541,0.7882495590828925,0.5297619047619048,"            day  n       acc   frac_up      y_up
0    2021-01-07  9  0.444444  0.666667  0.777778
1    2021-01-08  9  0.555556  0.333333  0.333333
2    2021-01-11  9  0.555556  0.666667  0.666667
3    2021-01-12  9  0.666667  0.777778  0.444444
4    2021-01-13  9  0.777778  0.777778  0.555556
...         ... ..       ...       ...       ...
1003 2025-01-03  9  0.777778  0.222222  0.444444
1004 2025-01-06  9  1.000000  0.000000  0.000000
1005 2025-01-07  9  0.888889  0.000000  0.111111
1006 2025-01-08  9  0.555556  0.111111  0.333333
1007 2025-01-10  9  0.333333  0.333333  0.333333

[1008 rows x 5 columns]",55,0.006749434231364526,0.019107773916319976,False
F_relative_5_logit_top500,relative,5,logit,expanding,top500,v2_all,relative,0.01,4032,1008,0.5161210317460317,0.5037202380952381,0.012400793650793607,0.498015873015873,0.533234126984127,1.2977553262031742,0.7996031746031746,0.5386904761904762,"            day  n   acc  frac_up  y_up
0    2021-01-07  4  0.50     0.50  1.00
1    2021-01-08  4  0.50     0.50  0.50
2    2021-01-11  4  0.50     0.50  0.50
3    2021-01-12  4  0.75     0.50  0.25
4    2021-01-13  4  0.75     0.75  0.50
...         ... ..   ...      ...   ...
1003 2025-01-03  4  1.00     0.00  0.00
1004 2025-01-06  4  1.00     0.00  0.00
1005 2025-01-07  4  1.00     0.00  0.00
1006 2025-01-08  4  0.50     0.00  0.50
1007 2025-01-10  4  0.25     0.00  0.75

[1008 rows x 5 columns]",56,0.008984248461289274,0.02549169225413686,False
F_extremes10_1_logit_liquid,extremes10,1,logit,expanding,liquid,v2_all,relative,1.0,829284,1008,0.5163526608496004,0.5145125192334592,0.001840141616141211,0.5128430961477451,0.519864421449937,10.880731057637377,0.8497879600660055,0.5992063492063492,"            day    n       acc   frac_up      y_up
0    2020-12-31  693  0.440115  0.649351  0.383838
1    2021-01-04  695  0.483453  0.582734  0.474820
2    2021-01-05  696  0.377874  0.442529  0.550287
3    2021-01-06  696  0.556034  0.596264  0.497126
4    2021-01-07  696  0.635057  0.515805  0.515805
...         ...  ...       ...       ...       ...
1003 2024-12-27  917  0.460196  0.874591  0.435115
1004 2024-12-30  916  0.536026  0.926856  0.524017
1005 2024-12-31  911  0.437980  0.925357  0.462130
1006 2025-01-02  914  0.508753  0.897155  0.521882
1007 2025-01-03  917  0.505998  0.900763  0.496183

[1008 rows x 5 columns]",57,0.0017911544138244657,0.005093339785177748,False
F_extremes10_1_logit_liquid,extremes10,1,logit,expanding,liquid,v2_all,relative,0.5,414381,1008,0.5236050880711229,0.5206585244014567,0.00294656366966628,0.517688270442459,0.5294964426581735,15.461516908111994,0.9034009697460027,0.5823412698412699,"            day    n       acc   frac_up      y_up
0    2020-12-31  346  0.424855  0.687861  0.436416
1    2021-01-04  347  0.469741  0.587896  0.489914
2    2021-01-05  348  0.330460  0.431034  0.531609
3    2021-01-06  348  0.635057  0.626437  0.612069
4    2021-01-07  348  0.672414  0.502874  0.543103
...         ...  ...       ...       ...       ...
1003 2024-12-27  458  0.447598  0.954148  0.441048
1004 2024-12-30  458  0.530568  0.971616  0.524017
1005 2024-12-31  455  0.371429  0.969231  0.380220
1006 2025-01-02  457  0.463895  0.954048  0.435449
1007 2025-01-03  458  0.462882  0.960699  0.454148

[1008 rows x 5 columns]",58,0.003012288830539415,0.00858417018244559,False
F_extremes10_1_logit_liquid,extremes10,1,logit,expanding,liquid,v2_all,relative,0.25,206941,1008,0.5260436549547939,0.5203077205580334,0.005735934396760456,0.5183122453737862,0.533322161549848,12.23698209783115,0.8987486125658551,0.5704365079365079,"            day    n       acc   frac_up      y_up
0    2020-12-31  173  0.387283  0.705202  0.393064
1    2021-01-04  173  0.473988  0.583815  0.497110
2    2021-01-05  174  0.333333  0.442529  0.477011
3    2021-01-06  174  0.672414  0.614943  0.712644
4    2021-01-07  174  0.701149  0.545977  0.568966
...         ...  ...       ...       ...       ...
1003 2024-12-27  229  0.436681  0.938865  0.410480
1004 2024-12-30  229  0.484716  0.951965  0.471616
1005 2024-12-31  227  0.387665  0.951542  0.400881
1006 2025-01-02  228  0.456140  0.934211  0.416667
1007 2025-01-03  229  0.436681  0.943231  0.441048

[1008 rows x 5 columns]",59,0.003829060248995368,0.010934682481755628,False
F_extremes10_1_logit_liquid,extremes10,1,logit,expanding,liquid,v2_all,relative,0.1,82459,1008,0.5243211777974508,0.5106537794540317,0.013667398343419124,0.5150557679056355,0.5327948676830829,6.951158744625642,0.873314763528626,0.5396825396825397,"            day   n       acc   frac_up      y_up
0    2020-12-31  69  0.434783  0.724638  0.362319
1    2021-01-04  69  0.507246  0.594203  0.449275
2    2021-01-05  69  0.391304  0.434783  0.376812
3    2021-01-06  69  0.695652  0.623188  0.782609
4    2021-01-07  69  0.753623  0.492754  0.652174
...         ...  ..       ...       ...       ...
1003 2024-12-27  91  0.439560  0.857143  0.384615
1004 2024-12-30  91  0.516484  0.890110  0.472527
1005 2024-12-31  91  0.417582  0.890110  0.461538
1006 2025-01-02  91  0.516484  0.846154  0.428571
1007 2025-01-03  91  0.472527  0.890110  0.516484

[1008 rows x 5 columns]",60,0.004525280555471295,0.012949491098153122,True
F_extremes10_1_logit_liquid,extremes10,1,logit,expanding,liquid,v2_all,relative,0.05,40948,1008,0.5242258474162352,0.5074728924489597,0.01675295496727558,0.5142889624066107,0.5341090561195111,4.248522961792,0.8375841044773318,0.5277777777777778,"            day   n       acc   frac_up      y_up
0    2020-12-31  34  0.352941  0.676471  0.323529
1    2021-01-04  34  0.617647  0.676471  0.588235
2    2021-01-05  34  0.441176  0.529412  0.264706
3    2021-01-06  34  0.705882  0.558824  0.735294
4    2021-01-07  34  0.735294  0.352941  0.617647
...         ...  ..       ...       ...       ...
1003 2024-12-27  45  0.488889  0.733333  0.400000
1004 2024-12-30  45  0.600000  0.800000  0.488889
1005 2024-12-31  45  0.377778  0.822222  0.466667
1006 2025-01-02  45  0.577778  0.733333  0.444444
1007 2025-01-03  45  0.444444  0.777778  0.533333

[1008 rows x 5 columns]",61,0.005056146355331732,0.01449778683968376,True
F_extremes10_1_logit_liquid,extremes10,1,logit,expanding,liquid,v2_all,relative,0.02,16197,1008,0.5200345743038834,0.505217015496697,0.014817558807186493,0.5086314057625768,0.5310831463466872,2.111316347583552,0.7585582550327823,0.501984126984127,"            day   n       acc   frac_up      y_up
0    2020-12-31  13  0.230769  0.692308  0.384615
1    2021-01-04  13  0.615385  0.769231  0.538462
2    2021-01-05  13  0.384615  0.692308  0.230769
3    2021-01-06  13  0.538462  0.615385  0.769231
4    2021-01-07  13  0.692308  0.307692  0.615385
...         ...  ..       ...       ...       ...
1003 2024-12-27  18  0.611111  0.500000  0.333333
1004 2024-12-30  18  0.666667  0.555556  0.444444
1005 2024-12-31  18  0.166667  0.611111  0.333333
1006 2025-01-02  18  0.555556  0.611111  0.277778
1007 2025-01-03  18  0.333333  0.555556  0.555556

[1008 rows x 5 columns]",62,0.005727484842885299,0.01645520327273305,False
F_extremes10_1_logit_liquid,extremes10,1,logit,expanding,liquid,v2_all,relative,0.01,7948,1008,0.5237795671867136,0.5123301459486663,0.011449421238047264,0.5105766143665442,0.5373603740291365,1.4371222148620044,0.7124433106575964,0.5128968253968254,"            day  n       acc   frac_up      y_up
0    2020-12-31  6  0.333333  0.666667  0.333333
1    2021-01-04  6  0.666667  0.666667  0.333333
2    2021-01-05  6  0.333333  0.500000  0.166667
3    2021-01-06  6  0.666667  0.500000  0.833333
4    2021-01-07  6  0.500000  0.166667  0.666667
...         ... ..       ...       ...       ...
1003 2024-12-27  9  0.888889  0.222222  0.333333
1004 2024-12-30  9  0.666667  0.222222  0.333333
1005 2024-12-31  9  0.222222  0.555556  0.222222
1006 2025-01-02  9  0.666667  0.333333  0.222222
1007 2025-01-03  9  0.333333  0.333333  0.777778

[1008 rows x 5 columns]",63,0.006832591750661295,0.01966821730955366,False
F_extremes10_5_hgb_shallow_liquid,extremes10,5,hgb_shallow,expanding,liquid,v2_all,relative,1.0,829603,1008,0.5190868403320624,0.5255778968976728,-0.006491056565610331,0.5157200180089458,0.5224659047412026,9.935791553887107,0.8315702338319754,0.6478174603174603,"            day    n       acc   frac_up      y_up
0    2021-01-07  696  0.531609  0.182471  0.438218
1    2021-01-08  696  0.580460  0.135057  0.408046
2    2021-01-11  697  0.601148  0.173601  0.403156
3    2021-01-12  700  0.531429  0.145714  0.460000
4    2021-01-13  700  0.558571  0.185714  0.450000
...         ...  ...       ...       ...       ...
1003 2025-01-03  917  0.588877  0.895311  0.527808
1004 2025-01-06  917  0.615049  0.868048  0.524537
1005 2025-01-07  922  0.632321  0.891540  0.567245
1006 2025-01-08  918  0.602397  0.899782  0.574074
1007 2025-01-10  915  0.592350  0.892896  0.572678

[1008 rows x 5 columns]",64,0.001720889472514473,0.0049631377764685625,False
F_extremes10_5_hgb_shallow_liquid,extremes10,5,hgb_shallow,expanding,liquid,v2_all,relative,0.5,414551,1008,0.5246447361120827,0.5297056333237647,-0.005060897211682014,0.5192862752699742,0.5301132232850834,12.374393680088774,0.9051156878743724,0.626984126984127,"            day    n       acc   frac_up      y_up
0    2021-01-07  348  0.609195  0.074713  0.385057
1    2021-01-08  348  0.629310  0.022989  0.364943
2    2021-01-11  348  0.675287  0.037356  0.321839
3    2021-01-12  350  0.542857  0.014286  0.460000
4    2021-01-13  350  0.591429  0.085714  0.408571
...         ...  ...       ...       ...       ...
1003 2025-01-03  458  0.659389  0.965066  0.637555
1004 2025-01-06  458  0.650655  0.936681  0.609170
1005 2025-01-07  461  0.670282  0.967462  0.646421
1006 2025-01-08  459  0.629630  0.982571  0.616558
1007 2025-01-10  457  0.628009  0.964989  0.614880

[1008 rows x 5 columns]",65,0.0027619765344666313,0.007980522953207033,False
F_extremes10_5_hgb_shallow_liquid,extremes10,5,hgb_shallow,expanding,liquid,v2_all,relative,0.25,207031,1008,0.5281044867676822,0.5322101521028252,-0.004105665335143005,0.5211474549161778,0.5352081861292326,10.84297464539976,0.9183900994771113,0.6180555555555556,"            day    n       acc   frac_up      y_up
0    2021-01-07  174  0.672414  0.017241  0.333333
1    2021-01-08  174  0.683908  0.000000  0.316092
2    2021-01-11  174  0.706897  0.005747  0.287356
3    2021-01-12  175  0.565714  0.000000  0.434286
4    2021-01-13  175  0.634286  0.040000  0.360000
...         ...  ...       ...       ...       ...
1003 2025-01-03  229  0.633188  0.960699  0.620087
1004 2025-01-06  229  0.628821  0.930131  0.585153
1005 2025-01-07  230  0.647826  0.956522  0.613043
1006 2025-01-08  229  0.598253  0.982533  0.580786
1007 2025-01-10  228  0.614035  0.960526  0.600877

[1008 rows x 5 columns]",66,0.0035869212278201133,0.010383074133211705,False
F_extremes10_5_hgb_shallow_liquid,extremes10,5,hgb_shallow,expanding,liquid,v2_all,relative,0.1,82500,1008,0.5308,0.5327636363636363,-0.0019636363636362786,0.521426617190687,0.5400734783186499,7.742994820581223,0.9213050160943055,0.5793650793650794,"            day   n       acc   frac_up      y_up
0    2021-01-07  69  0.724638  0.000000  0.275362
1    2021-01-08  69  0.739130  0.000000  0.260870
2    2021-01-11  69  0.739130  0.000000  0.260870
3    2021-01-12  70  0.628571  0.000000  0.371429
4    2021-01-13  70  0.614286  0.014286  0.400000
...         ...  ..       ...       ...       ...
1003 2025-01-03  91  0.626374  0.956044  0.582418
1004 2025-01-06  91  0.615385  0.912088  0.593407
1005 2025-01-07  92  0.641304  0.978261  0.619565
1006 2025-01-08  91  0.538462  0.989011  0.527473
1007 2025-01-10  91  0.560440  0.956044  0.560440

[1008 rows x 5 columns]",67,0.004756852328561986,0.013794367549075471,False
F_extremes10_5_hgb_shallow_liquid,extremes10,5,hgb_shallow,expanding,liquid,v2_all,relative,0.05,40970,1008,0.530070783500122,0.5309250671222846,-0.0008542836221625549,0.518506894779439,0.5412832822593644,5.53691158286787,0.9198750644333253,0.558531746031746,"            day   n       acc   frac_up      y_up
0    2021-01-07  34  0.823529  0.000000  0.176471
1    2021-01-08  34  0.735294  0.000000  0.264706
2    2021-01-11  34  0.794118  0.000000  0.205882
3    2021-01-12  35  0.685714  0.000000  0.314286
4    2021-01-13  35  0.628571  0.028571  0.400000
...         ...  ..       ...       ...       ...
1003 2025-01-03  45  0.600000  0.955556  0.555556
1004 2025-01-06  45  0.622222  0.888889  0.600000
1005 2025-01-07  46  0.630435  0.956522  0.586957
1006 2025-01-08  45  0.488889  0.977778  0.466667
1007 2025-01-10  45  0.555556  0.933333  0.533333

[1008 rows x 5 columns]",68,0.0058103029285523945,0.0168789204172942,False
F_extremes10_5_hgb_shallow_liquid,extremes10,5,hgb_shallow,expanding,liquid,v2_all,relative,0.02,16208,1008,0.5292448173741362,0.5248025666337611,0.0044422507403750755,0.5151303748452287,0.5425260249978,3.281800620079642,0.9187538868823882,0.5396825396825397,"            day   n       acc   frac_up      y_up
0    2021-01-07  13  0.923077  0.000000  0.076923
1    2021-01-08  13  0.615385  0.000000  0.384615
2    2021-01-11  13  0.615385  0.000000  0.384615
3    2021-01-12  14  0.714286  0.000000  0.285714
4    2021-01-13  14  0.642857  0.071429  0.428571
...         ...  ..       ...       ...       ...
1003 2025-01-03  18  0.611111  0.944444  0.555556
1004 2025-01-06  18  0.555556  0.944444  0.500000
1005 2025-01-07  18  0.611111  0.944444  0.555556
1006 2025-01-08  18  0.388889  1.000000  0.388889
1007 2025-01-10  18  0.444444  0.944444  0.500000

[1008 rows x 5 columns]",69,0.006988686263411041,0.0203372127281018,False
F_extremes10_5_hgb_shallow_liquid,extremes10,5,hgb_shallow,expanding,liquid,v2_all,relative,0.01,7959,1008,0.522176152783013,0.5074758135444152,0.014700339238597815,0.5056471311503206,0.5383873582510517,2.2591580760396157,0.9226387314184934,0.49404761904761907,"            day  n       acc   frac_up      y_up
0    2021-01-07  6  0.833333  0.000000  0.166667
1    2021-01-08  6  0.666667  0.000000  0.333333
2    2021-01-11  6  0.333333  0.000000  0.666667
3    2021-01-12  7  0.714286  0.000000  0.285714
4    2021-01-13  7  0.571429  0.000000  0.428571
...         ... ..       ...       ...       ...
1003 2025-01-03  9  0.555556  1.000000  0.555556
1004 2025-01-06  9  0.666667  1.000000  0.666667
1005 2025-01-07  9  0.777778  1.000000  0.777778
1006 2025-01-08  9  0.333333  1.000000  0.333333
1007 2025-01-10  9  0.222222  0.888889  0.333333

[1008 rows x 5 columns]",70,0.008352098750186505,0.02434603188535614,False
F_extremes10_10_logit_liquid,extremes10,10,logit,expanding,liquid,v2_all,relative,1.0,829942,1008,0.5303057322077929,0.5338385091970282,-0.0035327769892353755,0.5271206085367307,0.5337070380735156,9.919400984841491,0.8475303968572031,0.753968253968254,"            day    n       acc   frac_up      y_up
0    2021-01-14  700  0.495714  0.335714  0.431429
1    2021-01-15  699  0.563662  0.310443  0.414878
2    2021-01-19  700  0.535714  0.277143  0.430000
3    2021-01-20  700  0.562857  0.272857  0.401429
4    2021-01-21  700  0.510000  0.275714  0.434286
...         ...  ...       ...       ...       ...
1003 2025-01-13  912  0.587719  0.913377  0.564693
1004 2025-01-14  908  0.569383  0.910793  0.574890
1005 2025-01-15  907  0.587652  0.914002  0.574421
1006 2025-01-16  912  0.561404  0.895833  0.547149
1007 2025-01-17  906  0.529801  0.902870  0.523179

[1008 rows x 5 columns]",71,0.00168021161652676,0.004905918624609533,False
F_extremes10_10_logit_liquid,extremes10,10,logit,expanding,liquid,v2_all,relative,0.5,414724,1008,0.5417289570895343,0.5460595480367666,-0.004330590947232316,0.5362353436354018,0.5475744077015383,14.440885545123807,0.9025787527489021,0.6795634920634921,"            day    n       acc   frac_up      y_up
0    2021-01-14  350  0.468571  0.265714  0.465714
1    2021-01-15  349  0.570201  0.203438  0.444126
2    2021-01-19  350  0.551429  0.211429  0.442857
3    2021-01-20  350  0.551429  0.191429  0.411429
4    2021-01-21  350  0.491429  0.185714  0.477143
...         ...  ...       ...       ...       ...
1003 2025-01-13  456  0.640351  0.967105  0.629386
1004 2025-01-14  454  0.601322  0.962555  0.590308
1005 2025-01-15  453  0.604857  0.964680  0.596026
1006 2025-01-16  456  0.581140  0.947368  0.559211
1007 2025-01-17  453  0.560706  0.947020  0.560706

[1008 rows x 5 columns]",72,0.002892618384218494,0.008459775008061313,False
F_extremes10_10_logit_liquid,extremes10,10,logit,expanding,liquid,v2_all,relative,0.25,207108,1008,0.5469948046429882,0.5477142360507561,-0.0007194314077678676,0.54018981684064,0.5545469768460355,11.739702894396066,0.9006701858149471,0.6438492063492064,"            day    n       acc   frac_up      y_up
0    2021-01-14  175  0.520000  0.222857  0.451429
1    2021-01-15  174  0.597701  0.189655  0.419540
2    2021-01-19  175  0.560000  0.205714  0.440000
3    2021-01-20  175  0.548571  0.182857  0.405714
4    2021-01-21  175  0.480000  0.182857  0.474286
...         ...  ...       ...       ...       ...
1003 2025-01-13  228  0.635965  0.960526  0.631579
1004 2025-01-14  227  0.612335  0.960352  0.599119
1005 2025-01-15  226  0.632743  0.964602  0.606195
1006 2025-01-16  228  0.587719  0.934211  0.539474
1007 2025-01-17  226  0.566372  0.933628  0.553097

[1008 rows x 5 columns]",73,0.003662540817702919,0.010728756081038406,False
F_extremes10_10_logit_liquid,extremes10,10,logit,expanding,liquid,v2_all,relative,0.1,82531,1008,0.5525923592347118,0.5426324653766463,0.009959893858065505,0.544417255976788,0.5613915847808892,6.565228757621794,0.8742932000225768,0.6339285714285714,"            day   n       acc   frac_up      y_up
0    2021-01-14  70  0.471429  0.314286  0.385714
1    2021-01-15  69  0.579710  0.202899  0.362319
2    2021-01-19  70  0.600000  0.257143  0.371429
3    2021-01-20  70  0.571429  0.214286  0.471429
4    2021-01-21  70  0.471429  0.242857  0.542857
...         ...  ..       ...       ...       ...
1003 2025-01-13  91  0.648352  0.923077  0.615385
1004 2025-01-14  90  0.655556  0.933333  0.611111
1005 2025-01-15  90  0.622222  0.955556  0.577778
1006 2025-01-16  91  0.571429  0.879121  0.494505
1007 2025-01-17  90  0.555556  0.877778  0.566667

[1008 rows x 5 columns]",74,0.004330185919413575,0.012704598851355001,False
F_extremes10_10_logit_liquid,extremes10,10,logit,expanding,liquid,v2_all,relative,0.05,40973,1008,0.550728528543187,0.5317404144192517,0.018988114123935307,0.5416303838802924,0.56083291064964,3.9736880720615355,0.8312104979853371,0.5803571428571429,"            day   n       acc   frac_up      y_up
0    2021-01-14  35  0.428571  0.342857  0.400000
1    2021-01-15  34  0.529412  0.294118  0.470588
2    2021-01-19  35  0.457143  0.371429  0.514286
3    2021-01-20  35  0.457143  0.314286  0.628571
4    2021-01-21  35  0.428571  0.314286  0.600000
...         ...  ..       ...       ...       ...
1003 2025-01-13  45  0.577778  0.844444  0.511111
1004 2025-01-14  45  0.600000  0.888889  0.533333
1005 2025-01-15  45  0.666667  0.911111  0.577778
1006 2025-01-16  45  0.577778  0.777778  0.444444
1007 2025-01-17  45  0.511111  0.844444  0.577778

[1008 rows x 5 columns]",75,0.004898603767690724,0.014394708854442786,True
F_extremes10_10_logit_liquid,extremes10,10,logit,expanding,liquid,v2_all,relative,0.02,16219,1008,0.539614032924348,0.5060731241136938,0.03354090881065419,0.52890760441198,0.5504069530324569,1.9420915191506753,0.7393157743866777,0.5257936507936508,"            day   n       acc   frac_up      y_up
0    2021-01-14  14  0.285714  0.571429  0.428571
1    2021-01-15  13  0.538462  0.384615  0.538462
2    2021-01-19  14  0.357143  0.642857  0.571429
3    2021-01-20  14  0.500000  0.642857  0.571429
4    2021-01-21  14  0.428571  0.642857  0.500000
...         ...  ..       ...       ...       ...
1003 2025-01-13  18  0.611111  0.722222  0.444444
1004 2025-01-14  18  0.500000  0.722222  0.333333
1005 2025-01-15  18  0.555556  0.777778  0.333333
1006 2025-01-16  18  0.611111  0.555556  0.388889
1007 2025-01-17  18  0.444444  0.777778  0.555556

[1008 rows x 5 columns]",76,0.005484527709305323,0.01614116788022721,True
F_extremes10_10_logit_liquid,extremes10,10,logit,expanding,liquid,v2_all,relative,0.01,7966,1008,0.5282450414260608,0.5119256841576701,0.016319357268390622,0.5147655774081241,0.5408272378971626,1.4298275856816427,0.6924032344419249,0.5307539682539683,"            day  n       acc   frac_up      y_up
0    2021-01-14  7  0.142857  0.714286  0.428571
1    2021-01-15  6  0.666667  0.833333  0.500000
2    2021-01-19  7  0.571429  0.714286  0.571429
3    2021-01-20  7  0.857143  0.714286  0.571429
4    2021-01-21  7  0.714286  0.714286  0.428571
...         ... ..       ...       ...       ...
1003 2025-01-13  9  0.666667  0.555556  0.444444
1004 2025-01-14  9  0.666667  0.444444  0.333333
1005 2025-01-15  9  0.666667  0.555556  0.222222
1006 2025-01-16  9  0.666667  0.222222  0.333333
1007 2025-01-17  9  0.444444  0.666667  0.555556

[1008 rows x 5 columns]",77,0.0066483827778159345,0.01959594424766561,False
F_extremes10_5_logit_top500,extremes10,5,logit,expanding,top500,v2_all,relative,1.0,496997,1008,0.5247496463761351,0.539464020909583,-0.014714374533447927,0.5197136992457,0.5295199662469352,12.647814818325452,0.8814304398468725,0.6517857142857143,"            day    n       acc   frac_up      y_up
0    2021-01-07  487  0.529774  0.238193  0.396304
1    2021-01-08  486  0.586420  0.174897  0.358025
2    2021-01-11  485  0.620619  0.197938  0.371134
3    2021-01-12  485  0.564948  0.282474  0.465979
4    2021-01-13  485  0.624742  0.280412  0.461856
...         ...  ...       ...       ...       ...
1003 2025-01-03  492  0.577236  0.975610  0.581301
1004 2025-01-06  492  0.597561  0.939024  0.573171
1005 2025-01-07  492  0.664634  0.955285  0.644309
1006 2025-01-08  491  0.639511  0.953157  0.633401
1007 2025-01-10  492  0.640244  0.959350  0.640244

[1008 rows x 5 columns]",78,0.0025015987248049017,0.007384343869912661,False
F_extremes10_5_logit_top500,extremes10,5,logit,expanding,top500,v2_all,relative,0.5,248256,1008,0.5273185743748389,0.5412880252642434,-0.013969450889404489,0.5205641632971552,0.5338166612744398,11.725127187894715,0.9207154970604247,0.6418650793650794,"            day    n       acc   frac_up      y_up
0    2021-01-07  243  0.477366  0.160494  0.493827
1    2021-01-08  243  0.576132  0.061728  0.427984
2    2021-01-11  242  0.611570  0.095041  0.384298
3    2021-01-12  242  0.582645  0.190083  0.458678
4    2021-01-13  242  0.648760  0.152893  0.421488
...         ...  ...       ...       ...       ...
1003 2025-01-03  246  0.601626  0.983740  0.593496
1004 2025-01-06  246  0.626016  0.967480  0.601626
1005 2025-01-07  246  0.691057  0.971545  0.662602
1006 2025-01-08  245  0.661224  0.971429  0.648980
1007 2025-01-10  246  0.662602  0.975610  0.662602

[1008 rows x 5 columns]",79,0.003380739279919559,0.009994014097484967,False
F_extremes10_5_logit_top500,extremes10,5,logit,expanding,top500,v2_all,relative,0.25,123892,1008,0.52563523068479,0.5394375746618022,-0.013802343977012188,0.517789176702317,0.5334899799729415,8.254123818427152,0.9231274605012023,0.6061507936507936,"            day    n       acc   frac_up      y_up
0    2021-01-07  121  0.396694  0.140496  0.628099
1    2021-01-08  121  0.504132  0.074380  0.487603
2    2021-01-11  121  0.537190  0.090909  0.471074
3    2021-01-12  121  0.603306  0.148760  0.429752
4    2021-01-13  121  0.669421  0.140496  0.404959
...         ...  ...       ...       ...       ...
1003 2025-01-03  123  0.609756  0.967480  0.593496
1004 2025-01-06  123  0.617886  0.943089  0.577236
1005 2025-01-07  123  0.723577  0.943089  0.666667
1006 2025-01-08  122  0.631148  0.942623  0.606557
1007 2025-01-10  123  0.658537  0.959350  0.666667

[1008 rows x 5 columns]",80,0.004005306956791938,0.01185736828957863,False
F_extremes10_5_logit_top500,extremes10,5,logit,expanding,top500,v2_all,relative,0.1,49139,1008,0.5221514479334134,0.5319603573536295,-0.009808909420216061,0.5126582921016333,0.5316308439530752,4.814722630958429,0.9102304860436238,0.558531746031746,"            day   n       acc   frac_up      y_up
0    2021-01-07  48  0.312500  0.145833  0.750000
1    2021-01-08  48  0.500000  0.125000  0.458333
2    2021-01-11  48  0.500000  0.145833  0.520833
3    2021-01-12  48  0.583333  0.166667  0.458333
4    2021-01-13  48  0.770833  0.145833  0.291667
...         ...  ..       ...       ...       ...
1003 2025-01-03  49  0.632653  0.918367  0.591837
1004 2025-01-06  49  0.571429  0.918367  0.530612
1005 2025-01-07  49  0.693878  0.857143  0.551020
1006 2025-01-08  49  0.571429  0.857143  0.510204
1007 2025-01-10  49  0.612245  0.897959  0.632653

[1008 rows x 5 columns]",81,0.004839936696796423,0.014348513186158146,False
F_extremes10_5_logit_top500,extremes10,5,logit,expanding,top500,v2_all,relative,0.05,24192,1008,0.5182291666666666,0.5224454365079365,-0.004216269841269882,0.5071097883597884,0.5287698412698413,3.037865374232811,0.8900876322751323,0.5099206349206349,"            day   n       acc   frac_up      y_up
0    2021-01-07  24  0.375000  0.208333  0.666667
1    2021-01-08  24  0.500000  0.125000  0.375000
2    2021-01-11  24  0.458333  0.208333  0.583333
3    2021-01-12  24  0.583333  0.291667  0.458333
4    2021-01-13  24  0.666667  0.208333  0.375000
...         ...  ..       ...       ...       ...
1003 2025-01-03  24  0.583333  0.833333  0.500000
1004 2025-01-06  24  0.458333  0.833333  0.375000
1005 2025-01-07  24  0.750000  0.708333  0.458333
1006 2025-01-08  24  0.458333  0.750000  0.375000
1007 2025-01-10  24  0.625000  0.791667  0.666667

[1008 rows x 5 columns]",82,0.005525523701544109,0.01640386306231387,False
F_extremes10_5_logit_top500,extremes10,5,logit,expanding,top500,v2_all,relative,0.02,9072,1008,0.5188492063492064,0.5120149911816578,0.006834215167548563,0.5050650352733687,0.5321897045855379,1.7580570274585554,0.8601190476190477,0.5357142857142857,"            day  n       acc   frac_up      y_up
0    2021-01-07  9  0.444444  0.222222  0.777778
1    2021-01-08  9  0.666667  0.111111  0.222222
2    2021-01-11  9  0.333333  0.111111  0.555556
3    2021-01-12  9  0.555556  0.444444  0.444444
4    2021-01-13  9  0.555556  0.222222  0.222222
...         ... ..       ...       ...       ...
1003 2025-01-03  9  0.666667  0.666667  0.333333
1004 2025-01-06  9  0.555556  0.555556  0.333333
1005 2025-01-07  9  0.888889  0.333333  0.222222
1006 2025-01-08  9  0.555556  0.444444  0.444444
1007 2025-01-10  9  0.666667  0.555556  0.666667

[1008 rows x 5 columns]",83,0.006919558498002368,0.020570628036764665,False
F_extremes10_5_logit_top500,extremes10,5,logit,expanding,top500,v2_all,relative,0.01,4032,1008,0.5109126984126984,0.5064484126984127,0.004464285714285698,0.4928013392857143,0.5282800099206348,1.352558613667066,0.8454861111111112,0.45436507936507936,"            day  n   acc  frac_up  y_up
0    2021-01-07  4  0.25     0.25  1.00
1    2021-01-08  4  0.50     0.25  0.25
2    2021-01-11  4  0.50     0.25  0.25
3    2021-01-12  4  0.50     0.25  0.25
4    2021-01-13  4  0.75     0.25  0.00
...         ... ..   ...      ...   ...
1003 2025-01-03  4  0.75     0.25  0.00
1004 2025-01-06  4  0.75     0.00  0.25
1005 2025-01-07  4  1.00     0.00  0.00
1006 2025-01-08  4  0.50     0.00  0.50
1007 2025-01-10  4  0.50     0.00  0.50

[1008 rows x 5 columns]",84,0.009050681284418507,0.026942517047391822,False
F_relative_10_logit_top500,relative,10,logit,expanding,top500,v2_all,relative,1.0,497032,1008,0.5298632683609908,0.551986592412561,-0.022123324051570137,0.5250874238365277,0.5350610793627325,12.906355232096937,0.854084839018531,0.685515873015873,"            day    n       acc   frac_up      y_up
0    2021-01-14  485  0.472165  0.383505  0.441237
1    2021-01-15  485  0.577320  0.360825  0.412371
2    2021-01-19  485  0.511340  0.340206  0.432990
3    2021-01-20  485  0.521649  0.358763  0.379381
4    2021-01-21  485  0.498969  0.317526  0.397938
...         ...  ...       ...       ...       ...
1003 2025-01-13  492  0.613821  0.926829  0.613821
1004 2025-01-14  493  0.606491  0.933063  0.616633
1005 2025-01-15  493  0.626775  0.924949  0.632860
1006 2025-01-16  493  0.576065  0.920892  0.578093
1007 2025-01-17  493  0.531440  0.908722  0.549696

[1008 rows x 5 columns]",85,0.0025442998791338706,0.007584106214002544,False
F_relative_10_logit_top500,relative,10,logit,expanding,top500,v2_all,relative,0.5,248274,1008,0.5315175974930924,0.554762077382247,-0.02324447988915468,0.524637290945287,0.5388139630677737,13.630381629816316,0.8975663497418777,0.6617063492063492,"            day    n       acc   frac_up      y_up
0    2021-01-14  242  0.446281  0.359504  0.442149
1    2021-01-15  242  0.611570  0.322314  0.404959
2    2021-01-19  242  0.520661  0.318182  0.450413
3    2021-01-20  242  0.533058  0.338843  0.392562
4    2021-01-21  242  0.500000  0.289256  0.409091
...         ...  ...       ...       ...       ...
1003 2025-01-13  246  0.585366  0.951220  0.601626
1004 2025-01-14  246  0.593496  0.951220  0.609756
1005 2025-01-15  246  0.601626  0.951220  0.593496
1006 2025-01-16  246  0.544715  0.947154  0.548780
1007 2025-01-17  246  0.504065  0.939024  0.524390

[1008 rows x 5 columns]",86,0.003616497990430292,0.010794319373578132,False
F_relative_10_logit_top500,relative,10,logit,expanding,top500,v2_all,relative,0.25,123902,1008,0.5271666316927894,0.5486109990153508,-0.021444367322561386,0.5187474788586266,0.536058691894982,9.965223404442915,0.8970009447429806,0.6448412698412699,"            day    n       acc   frac_up      y_up
0    2021-01-14  121  0.454545  0.355372  0.454545
1    2021-01-15  121  0.595041  0.338843  0.446281
2    2021-01-19  121  0.479339  0.330579  0.438017
3    2021-01-20  121  0.545455  0.363636  0.355372
4    2021-01-21  121  0.504132  0.305785  0.404959
...         ...  ...       ...       ...       ...
1003 2025-01-13  123  0.495935  0.918699  0.512195
1004 2025-01-14  123  0.520325  0.918699  0.552846
1005 2025-01-15  123  0.544715  0.918699  0.512195
1006 2025-01-16  123  0.512195  0.902439  0.528455
1007 2025-01-17  123  0.504065  0.894309  0.544715

[1008 rows x 5 columns]",87,0.004416125774580462,0.01319809723389308,False
F_relative_10_logit_top500,relative,10,logit,expanding,top500,v2_all,relative,0.1,49144,1008,0.51908676542406,0.5351212762493895,-0.016034510825329584,0.5088013308987829,0.529632144428817,5.4867914146468895,0.8773359045999353,0.5902777777777778,"            day   n       acc   frac_up      y_up
0    2021-01-14  48  0.479167  0.604167  0.333333
1    2021-01-15  48  0.583333  0.500000  0.458333
2    2021-01-19  48  0.458333  0.583333  0.458333
3    2021-01-20  48  0.583333  0.541667  0.333333
4    2021-01-21  48  0.520833  0.520833  0.458333
...         ...  ..       ...       ...       ...
1003 2025-01-13  49  0.408163  0.836735  0.448980
1004 2025-01-14  49  0.428571  0.877551  0.510204
1005 2025-01-15  49  0.510204  0.877551  0.428571
1006 2025-01-16  49  0.489796  0.816327  0.510204
1007 2025-01-17  49  0.387755  0.755102  0.469388

[1008 rows x 5 columns]",88,0.005313983043376054,0.015901754530743675,False
F_relative_10_logit_top500,relative,10,logit,expanding,top500,v2_all,relative,0.05,24192,1008,0.5140542328042328,0.5205439814814815,-0.006489748677248719,0.5027674437830688,0.5255466683201058,3.3693613861391545,0.8584656084656084,0.5218253968253969,"            day   n       acc   frac_up      y_up
0    2021-01-14  24  0.333333  0.791667  0.291667
1    2021-01-15  24  0.541667  0.666667  0.458333
2    2021-01-19  24  0.541667  0.708333  0.500000
3    2021-01-20  24  0.541667  0.708333  0.500000
4    2021-01-21  24  0.458333  0.708333  0.500000
...         ...  ..       ...       ...       ...
1003 2025-01-13  24  0.333333  0.708333  0.458333
1004 2025-01-14  24  0.375000  0.750000  0.541667
1005 2025-01-15  24  0.458333  0.791667  0.333333
1006 2025-01-16  24  0.333333  0.625000  0.375000
1007 2025-01-17  24  0.250000  0.541667  0.458333

[1008 rows x 5 columns]",89,0.005811026667611469,0.017411054636306846,False
F_relative_10_logit_top500,relative,10,logit,expanding,top500,v2_all,relative,0.02,9072,1008,0.5082671957671958,0.5037477954144621,0.004519400352733682,0.4941550925925926,0.5224922839506172,1.8837782235457243,0.8449074074074074,0.501984126984127,"            day  n       acc   frac_up      y_up
0    2021-01-14  9  0.333333  0.888889  0.444444
1    2021-01-15  9  0.666667  1.000000  0.666667
2    2021-01-19  9  0.333333  0.888889  0.444444
3    2021-01-20  9  0.555556  0.888889  0.666667
4    2021-01-21  9  0.444444  0.888889  0.555556
...         ... ..       ...       ...       ...
1003 2025-01-13  9  0.222222  0.222222  0.555556
1004 2025-01-14  9  0.222222  0.444444  0.555556
1005 2025-01-15  9  0.444444  0.555556  0.222222
1006 2025-01-16  9  0.222222  0.333333  0.444444
1007 2025-01-17  9  0.333333  0.222222  0.666667

[1008 rows x 5 columns]",90,0.007228875346434845,0.0216861674113026,False
F_relative_10_logit_top500,relative,10,logit,expanding,top500,v2_all,relative,0.01,4032,1008,0.5148809523809523,0.5024801587301587,0.012400793650793607,0.49776785714285715,0.5322482638888889,1.3034310570232976,0.8283730158730159,0.4751984126984127,"            day  n   acc  frac_up  y_up
0    2021-01-14  4  0.00     1.00  0.00
1    2021-01-15  4  0.75     1.00  0.75
2    2021-01-19  4  0.75     1.00  0.75
3    2021-01-20  4  1.00     1.00  1.00
4    2021-01-21  4  0.50     1.00  0.50
...         ... ..   ...      ...   ...
1003 2025-01-13  4  0.00     0.00  1.00
1004 2025-01-14  4  0.00     0.25  0.75
1005 2025-01-15  4  0.50     0.25  0.25
1006 2025-01-16  4  0.50     0.00  0.50
1007 2025-01-17  4  0.25     0.00  0.75

[1008 rows x 5 columns]",91,0.008796022129089734,0.026419887354270755,False
F_extremes10_10_hgb_shallow_top500,extremes10,10,hgb_shallow,expanding,top500,v2_all,relative,1.0,497032,1008,0.5279559464984146,0.5520288432133142,-0.02407289671489965,0.523527912442362,0.5327956482520512,11.205281207779688,0.8413201458270508,0.6785714285714286,"            day    n       acc   frac_up      y_up
0    2021-01-14  485  0.515464  0.179381  0.441237
1    2021-01-15  485  0.575258  0.214433  0.412371
2    2021-01-19  485  0.536082  0.228866  0.432990
3    2021-01-20  485  0.604124  0.164948  0.379381
4    2021-01-21  485  0.542268  0.278351  0.397938
...         ...  ...       ...       ...       ...
1003 2025-01-13  492  0.599593  0.920732  0.613821
1004 2025-01-14  493  0.606491  0.969574  0.616633
1005 2025-01-15  493  0.622718  0.953347  0.632860
1006 2025-01-16  493  0.574037  0.959432  0.578093
1007 2025-01-17  493  0.537525  0.951318  0.549696

[1008 rows x 5 columns]",92,0.0023642183187982664,0.0071098052058229545,False
F_extremes10_10_hgb_shallow_top500,extremes10,10,hgb_shallow,expanding,top500,v2_all,relative,0.5,248274,1008,0.5355212386315119,0.5553863876201294,-0.019865148988617465,0.5294057575357729,0.5420350716720176,10.704013898695134,0.9036320829841255,0.6626984126984127,"            day    n       acc   frac_up      y_up
0    2021-01-14  242  0.504132  0.053719  0.483471
1    2021-01-15  242  0.586777  0.099174  0.421488
2    2021-01-19  242  0.570248  0.053719  0.433884
3    2021-01-20  242  0.644628  0.045455  0.367769
4    2021-01-21  242  0.611570  0.136364  0.376033
...         ...  ...       ...       ...       ...
1003 2025-01-13  246  0.642276  0.975610  0.626016
1004 2025-01-14  246  0.609756  0.995935  0.613821
1005 2025-01-15  246  0.593496  0.987805  0.597561
1006 2025-01-16  246  0.585366  0.995935  0.589431
1007 2025-01-17  246  0.540650  0.995935  0.536585

[1008 rows x 5 columns]",93,0.0032217638102665013,0.009700237543792073,False
F_extremes10_10_hgb_shallow_top500,extremes10,10,hgb_shallow,expanding,top500,v2_all,relative,0.25,123902,1008,0.5408225855918387,0.5573437071233717,-0.016521121531532956,0.5331091209434122,0.548689364565766,7.97959645296323,0.9227166756185391,0.6547619047619048,"            day    n       acc   frac_up      y_up
0    2021-01-14  121  0.471074  0.024793  0.537190
1    2021-01-15  121  0.586777  0.049587  0.446281
2    2021-01-19  121  0.586777  0.041322  0.438017
3    2021-01-20  121  0.619835  0.041322  0.421488
4    2021-01-21  121  0.611570  0.115702  0.355372
...         ...  ...       ...       ...       ...
1003 2025-01-13  123  0.601626  0.975610  0.593496
1004 2025-01-14  123  0.601626  0.991870  0.609756
1005 2025-01-15  123  0.601626  0.991870  0.609756
1006 2025-01-16  123  0.552846  0.991870  0.560976
1007 2025-01-17  123  0.560976  0.991870  0.552846

[1008 rows x 5 columns]",94,0.003974551944478003,0.01198087764957828,False
F_extremes10_10_hgb_shallow_top500,extremes10,10,hgb_shallow,expanding,top500,v2_all,relative,0.1,49144,1008,0.5380310923001791,0.5541673449454664,-0.016136252645287286,0.5280547752430155,0.5482809855015677,5.19412370793012,0.9394124217147177,0.6101190476190477,"            day   n       acc   frac_up      y_up
0    2021-01-14  48  0.375000  0.000000  0.625000
1    2021-01-15  48  0.541667  0.000000  0.458333
2    2021-01-19  48  0.541667  0.000000  0.458333
3    2021-01-20  48  0.500000  0.000000  0.500000
4    2021-01-21  48  0.604167  0.062500  0.375000
...         ...  ..       ...       ...       ...
1003 2025-01-13  49  0.489796  0.979592  0.510204
1004 2025-01-14  49  0.591837  1.000000  0.591837
1005 2025-01-15  49  0.653061  0.979592  0.673469
1006 2025-01-16  49  0.714286  1.000000  0.714286
1007 2025-01-17  49  0.795918  1.000000  0.795918

[1008 rows x 5 columns]",95,0.005159747514936786,0.015571630554625184,False
F_extremes10_10_hgb_shallow_top500,extremes10,10,hgb_shallow,expanding,top500,v2_all,relative,0.05,24192,1008,0.5346808862433863,0.5466269841269841,-0.011946097883597795,0.5230210400132276,0.5469990079365079,3.593532643216713,0.947627314814815,0.5396825396825397,"            day   n       acc  frac_up      y_up
0    2021-01-14  24  0.291667      0.0  0.708333
1    2021-01-15  24  0.500000      0.0  0.500000
2    2021-01-19  24  0.458333      0.0  0.541667
3    2021-01-20  24  0.500000      0.0  0.500000
4    2021-01-21  24  0.583333      0.0  0.416667
...         ...  ..       ...      ...       ...
1003 2025-01-13  24  0.458333      1.0  0.458333
1004 2025-01-14  24  0.625000      1.0  0.625000
1005 2025-01-15  24  0.666667      1.0  0.666667
1006 2025-01-16  24  0.708333      1.0  0.708333
1007 2025-01-17  24  0.750000      1.0  0.750000

[1008 rows x 5 columns]",96,0.006116828551857227,0.018481222229360644,False
F_extremes10_10_hgb_shallow_top500,extremes10,10,hgb_shallow,expanding,top500,v2_all,relative,0.02,9072,1008,0.531194885361552,0.5372574955908289,-0.006062610229276899,0.5165343915343915,0.5459683641975309,2.146669901734,0.9572310405643739,0.5515873015873016,"            day  n       acc  frac_up      y_up
0    2021-01-14  9  0.222222      0.0  0.777778
1    2021-01-15  9  0.666667      0.0  0.333333
2    2021-01-19  9  0.555556      0.0  0.444444
3    2021-01-20  9  0.555556      0.0  0.444444
4    2021-01-21  9  0.555556      0.0  0.444444
...         ... ..       ...      ...       ...
1003 2025-01-13  9  0.333333      1.0  0.333333
1004 2025-01-14  9  0.666667      1.0  0.666667
1005 2025-01-15  9  0.333333      1.0  0.333333
1006 2025-01-16  9  0.777778      1.0  0.777778
1007 2025-01-17  9  0.777778      1.0  0.777778

[1008 rows x 5 columns]",97,0.007508666495698828,0.022712223001466057,False
F_extremes10_10_hgb_shallow_top500,extremes10,10,hgb_shallow,expanding,top500,v2_all,relative,0.01,4032,1008,0.5161210317460317,0.5163690476190477,-0.00024801587301592765,0.49677579365079366,0.5342323908730159,1.4875000260756623,0.9610615079365079,0.42956349206349204,"            day  n   acc  frac_up  y_up
0    2021-01-14  4  0.25      0.0  0.75
1    2021-01-15  4  0.50      0.0  0.50
2    2021-01-19  4  0.50      0.0  0.50
3    2021-01-20  4  0.75      0.0  0.25
4    2021-01-21  4  0.50      0.0  0.50
...         ... ..   ...      ...   ...
1003 2025-01-13  4  0.50      1.0  0.50
1004 2025-01-14  4  0.75      1.0  0.75
1005 2025-01-15  4  0.25      1.0  0.25
1006 2025-01-16  4  0.75      1.0  0.75
1007 2025-01-17  4  1.00      1.0  1.00

[1008 rows x 5 columns]",98,0.009555254393424036,0.028935126245341693,False
F_extremes10_5_hgb_shallow_top500,extremes10,5,hgb_shallow,expanding,top500,v2_all,relative,1.0,496997,1008,0.5177153986844991,0.5394881659245429,-0.021772767240043733,0.5129693944270887,0.5225640402635984,12.188390009101177,0.8450878060910474,0.6160714285714286,"            day    n       acc   frac_up      y_up
0    2021-01-07  487  0.554415  0.143737  0.396304
1    2021-01-08  486  0.606996  0.154321  0.358025
2    2021-01-11  485  0.651546  0.109278  0.371134
3    2021-01-12  485  0.548454  0.183505  0.465979
4    2021-01-13  485  0.593814  0.257732  0.461856
...         ...  ...       ...       ...       ...
1003 2025-01-03  492  0.593496  0.963415  0.581301
1004 2025-01-06  492  0.595528  0.936992  0.573171
1005 2025-01-07  492  0.664634  0.947154  0.644309
1006 2025-01-08  491  0.629328  0.955193  0.633401
1007 2025-01-10  492  0.605691  0.880081  0.640244

[1008 rows x 5 columns]",99,0.002447613733803497,0.007420040928236139,False
F_extremes10_5_hgb_shallow_top500,extremes10,5,hgb_shallow,expanding,top500,v2_all,relative,0.5,248256,1008,0.5196974091260634,0.5389879801495231,-0.019290571023459657,0.5128485942419546,0.526715786086178,12.06308745375615,0.9033470263550143,0.5962301587301587,"            day    n       acc   frac_up      y_up
0    2021-01-07  243  0.633745  0.045267  0.353909
1    2021-01-08  243  0.658436  0.016461  0.333333
2    2021-01-11  242  0.706612  0.028926  0.322314
3    2021-01-12  242  0.557851  0.053719  0.462810
4    2021-01-13  242  0.586777  0.132231  0.429752
...         ...  ...       ...       ...       ...
1003 2025-01-03  246  0.597561  0.995935  0.601626
1004 2025-01-06  246  0.605691  0.967480  0.581301
1005 2025-01-07  246  0.678862  0.991870  0.670732
1006 2025-01-08  245  0.616327  0.987755  0.604082
1007 2025-01-10  246  0.617886  0.959350  0.617886

[1008 rows x 5 columns]",100,0.003537548939852898,0.010735945465720901,False
F_extremes10_5_hgb_shallow_top500,extremes10,5,hgb_shallow,expanding,top500,v2_all,relative,0.25,123892,1008,0.5191860652826655,0.5375004035773092,-0.018314338294643684,0.5108442900599858,0.5277921199270328,9.24774042472708,0.9177380319217591,0.5922619047619048,"            day    n       acc   frac_up      y_up
0    2021-01-07  121  0.735537  0.016529  0.264463
1    2021-01-08  121  0.727273  0.008264  0.264463
2    2021-01-11  121  0.752066  0.008264  0.256198
3    2021-01-12  121  0.603306  0.033058  0.413223
4    2021-01-13  121  0.561983  0.066116  0.421488
...         ...  ...       ...       ...       ...
1003 2025-01-03  123  0.577236  1.000000  0.577236
1004 2025-01-06  123  0.601626  0.975610  0.593496
1005 2025-01-07  123  0.666667  1.000000  0.666667
1006 2025-01-08  122  0.622951  0.983607  0.606557
1007 2025-01-10  123  0.569106  0.951220  0.569106

[1008 rows x 5 columns]",101,0.004323425986491585,0.013135135270355605,False
F_extremes10_5_hgb_shallow_top500,extremes10,5,hgb_shallow,expanding,top500,v2_all,relative,0.1,49139,1008,0.5156189584647632,0.5318382547467388,-0.016219296281975604,0.5047517968436658,0.5264933222584537,5.936732189686003,0.92814077515927,0.5615079365079365,"            day   n       acc   frac_up      y_up
0    2021-01-07  48  0.750000  0.020833  0.229167
1    2021-01-08  48  0.687500  0.000000  0.312500
2    2021-01-11  48  0.687500  0.000000  0.312500
3    2021-01-12  48  0.625000  0.041667  0.416667
4    2021-01-13  48  0.645833  0.041667  0.395833
...         ...  ..       ...       ...       ...
1003 2025-01-03  49  0.530612  1.000000  0.530612
1004 2025-01-06  49  0.591837  0.938776  0.571429
1005 2025-01-07  49  0.714286  1.000000  0.714286
1006 2025-01-08  49  0.551020  1.000000  0.551020
1007 2025-01-10  49  0.510204  0.938776  0.489796

[1008 rows x 5 columns]",102,0.005546307503772426,0.01686838615456279,False
F_extremes10_5_hgb_shallow_top500,extremes10,5,hgb_shallow,expanding,top500,v2_all,relative,0.05,24192,1008,0.5084738756613757,0.5226934523809523,-0.014219576719576632,0.4953290343915344,0.5217013888888888,4.121390846434333,0.9323743386243385,0.5257936507936508,"            day   n       acc   frac_up      y_up
0    2021-01-07  24  0.666667  0.000000  0.333333
1    2021-01-08  24  0.583333  0.000000  0.416667
2    2021-01-11  24  0.625000  0.000000  0.375000
3    2021-01-12  24  0.625000  0.041667  0.416667
4    2021-01-13  24  0.833333  0.083333  0.250000
...         ...  ..       ...       ...       ...
1003 2025-01-03  24  0.541667  1.000000  0.541667
1004 2025-01-06  24  0.583333  0.916667  0.583333
1005 2025-01-07  24  0.708333  1.000000  0.708333
1006 2025-01-08  24  0.416667  1.000000  0.416667
1007 2025-01-10  24  0.583333  0.916667  0.583333

[1008 rows x 5 columns]",103,0.0067276414534067405,0.020482832230634962,False
F_extremes10_5_hgb_shallow_top500,extremes10,5,hgb_shallow,expanding,top500,v2_all,relative,0.02,9072,1008,0.4964726631393298,0.5102513227513228,-0.013778659611992983,0.4808118386243386,0.5119047619047619,2.285107235438902,0.937389770723104,0.5218253968253969,"            day  n       acc   frac_up      y_up
0    2021-01-07  9  0.444444  0.000000  0.555556
1    2021-01-08  9  0.777778  0.000000  0.222222
2    2021-01-11  9  0.666667  0.000000  0.333333
3    2021-01-12  9  0.555556  0.000000  0.444444
4    2021-01-13  9  0.888889  0.222222  0.333333
...         ... ..       ...       ...       ...
1003 2025-01-03  9  0.444444  1.000000  0.444444
1004 2025-01-06  9  0.555556  0.888889  0.444444
1005 2025-01-07  9  0.555556  1.000000  0.555556
1006 2025-01-08  9  0.555556  1.000000  0.555556
1007 2025-01-10  9  0.333333  0.888889  0.444444

[1008 rows x 5 columns]",104,0.007931868183781438,0.024174353515835204,False
F_extremes10_5_hgb_shallow_top500,extremes10,5,hgb_shallow,expanding,top500,v2_all,relative,0.01,4032,1008,0.49702380952380953,0.503968253968254,-0.00694444444444442,0.47668030753968255,0.5168650793650794,1.6234738692555726,0.941468253968254,0.44246031746031744,"            day  n   acc  frac_up  y_up
0    2021-01-07  4  0.25     0.00  0.75
1    2021-01-08  4  0.75     0.00  0.25
2    2021-01-11  4  1.00     0.00  0.00
3    2021-01-12  4  0.75     0.00  0.25
4    2021-01-13  4  1.00     0.50  0.50
...         ... ..   ...      ...   ...
1003 2025-01-03  4  0.25     1.00  0.25
1004 2025-01-06  4  0.50     0.75  0.25
1005 2025-01-07  4  1.00     1.00  1.00
1006 2025-01-08  4  0.50     1.00  0.50
1007 2025-01-10  4  0.25     0.75  0.50

[1008 rows x 5 columns]",105,0.010251217302397161,0.031275321081169934,False
F_relative_1_logit_liquid,relative,1,logit,expanding,liquid,v2_all,relative,1.0,829284,1008,0.5190248455293964,0.5145101075144342,0.004514738014962272,0.5142168102187417,0.5238860253777476,20.851768318943204,0.7626749447621725,0.6001984126984127,"            day    n       acc   frac_up      y_up
0    2020-12-31  693  0.437229  0.626263  0.383838
1    2021-01-04  695  0.506475  0.519424  0.474820
2    2021-01-05  696  0.425287  0.452586  0.550287
3    2021-01-06  696  0.571839  0.603448  0.497126
4    2021-01-07  696  0.603448  0.504310  0.515805
...         ...  ...       ...       ...       ...
1003 2024-12-27  917  0.491821  0.703381  0.435115
1004 2024-12-30  916  0.518559  0.798035  0.524017
1005 2024-12-31  911  0.381998  0.788145  0.462130
1006 2025-01-02  914  0.440919  0.678337  0.521882
1007 2025-01-03  917  0.474373  0.703381  0.496183

[1008 rows x 5 columns]",106,0.0024666365201545877,0.0075330926627417355,False
F_relative_1_logit_liquid,relative,1,logit,expanding,liquid,v2_all,relative,0.5,414381,1008,0.5274807483933868,0.5206995494484544,0.006781198944932343,0.519687349365651,0.535332076949786,26.903369704011478,0.8306079611875726,0.5714285714285714,"            day    n       acc   frac_up      y_up
0    2020-12-31  346  0.419075  0.693642  0.413295
1    2021-01-04  347  0.475504  0.481268  0.521614
2    2021-01-05  348  0.367816  0.393678  0.594828
3    2021-01-06  348  0.635057  0.603448  0.606322
4    2021-01-07  348  0.655172  0.456897  0.485632
...         ...  ...       ...       ...       ...
1003 2024-12-27  458  0.504367  0.755459  0.430131
1004 2024-12-30  458  0.515284  0.890830  0.489083
1005 2024-12-31  455  0.353846  0.887912  0.404396
1006 2025-01-02  457  0.417943  0.726477  0.455142
1007 2025-01-03  458  0.438865  0.751092  0.412664

[1008 rows x 5 columns]",107,0.003991001934728327,0.012200759676099276,False
F_relative_1_logit_liquid,relative,1,logit,expanding,liquid,v2_all,relative,0.25,206941,1008,0.5307503104749663,0.5205251738418196,0.010225136633146725,0.520852137917856,0.5404432844582633,21.635957228715164,0.8151588870139969,0.5714285714285714,"            day    n       acc   frac_up      y_up
0    2020-12-31  173  0.387283  0.664740  0.375723
1    2021-01-04  173  0.468208  0.491329  0.595376
2    2021-01-05  174  0.373563  0.379310  0.557471
3    2021-01-06  174  0.672414  0.568966  0.701149
4    2021-01-07  174  0.695402  0.373563  0.505747
...         ...  ...       ...       ...       ...
1003 2024-12-27  229  0.519651  0.668122  0.414847
1004 2024-12-30  229  0.471616  0.877729  0.436681
1005 2024-12-31  227  0.370044  0.881057  0.409692
1006 2025-01-02  228  0.377193  0.662281  0.416667
1007 2025-01-03  229  0.445415  0.685590  0.419214

[1008 rows x 5 columns]",108,0.004997741464389612,0.01529362984778225,False
F_relative_1_logit_liquid,relative,1,logit,expanding,liquid,v2_all,relative,0.1,82459,1008,0.5309790320037837,0.5086406577814429,0.022338374222340862,0.5198562475794921,0.5417412302401766,10.74902860881826,0.7432372666668676,0.5496031746031746,"            day   n       acc   frac_up      y_up
0    2020-12-31  69  0.376812  0.623188  0.347826
1    2021-01-04  69  0.565217  0.434783  0.608696
2    2021-01-05  69  0.391304  0.362319  0.507246
3    2021-01-06  69  0.652174  0.521739  0.782609
4    2021-01-07  69  0.637681  0.260870  0.536232
...         ...  ..       ...       ...       ...
1003 2024-12-27  91  0.549451  0.461538  0.340659
1004 2024-12-30  91  0.406593  0.747253  0.329670
1005 2024-12-31  91  0.373626  0.758242  0.461538
1006 2025-01-02  91  0.373626  0.494505  0.307692
1007 2025-01-03  91  0.538462  0.472527  0.428571

[1008 rows x 5 columns]",109,0.005582903739970537,0.017101096476365315,True
F_relative_1_logit_liquid,relative,1,logit,expanding,liquid,v2_all,relative,0.05,40948,1008,0.5318208459509622,0.5016118003321286,0.03020904561883364,0.520434804171398,0.5429299523887451,5.504530467275923,0.6872081118917434,0.5456349206349206,"            day   n       acc   frac_up      y_up
0    2020-12-31  34  0.382353  0.588235  0.323529
1    2021-01-04  34  0.617647  0.411765  0.558824
2    2021-01-05  34  0.411765  0.352941  0.470588
3    2021-01-06  34  0.676471  0.500000  0.705882
4    2021-01-07  34  0.676471  0.176471  0.441176
...         ...  ..       ...       ...       ...
1003 2024-12-27  45  0.600000  0.244444  0.422222
1004 2024-12-30  45  0.488889  0.555556  0.355556
1005 2024-12-31  45  0.400000  0.555556  0.577778
1006 2025-01-02  45  0.466667  0.244444  0.377778
1007 2025-01-03  45  0.577778  0.177778  0.466667

[1008 rows x 5 columns]",110,0.005738558218710997,0.017594985420224234,True
F_relative_1_logit_liquid,relative,1,logit,expanding,liquid,v2_all,relative,0.02,16197,1008,0.5352225720812496,0.5236772241773168,0.011545347903932801,0.5234696621166752,0.5468515061146753,2.2762588063993863,0.7209397318400295,0.5773809523809523,"            day   n       acc   frac_up      y_up
0    2020-12-31  13  0.384615  0.538462  0.384615
1    2021-01-04  13  0.461538  0.538462  0.461538
2    2021-01-05  13  0.307692  0.538462  0.461538
3    2021-01-06  13  0.692308  0.538462  0.846154
4    2021-01-07  13  0.769231  0.230769  0.461538
...         ...  ..       ...       ...       ...
1003 2024-12-27  18  0.666667  0.055556  0.388889
1004 2024-12-30  18  0.611111  0.166667  0.333333
1005 2024-12-31  18  0.333333  0.055556  0.611111
1006 2025-01-02  18  0.666667  0.055556  0.277778
1007 2025-01-03  18  0.500000  0.000000  0.500000

[1008 rows x 5 columns]",111,0.005964756121938783,0.018306127487960726,False
F_relative_1_logit_liquid,relative,1,logit,expanding,liquid,v2_all,relative,0.01,7948,1008,0.5383744338198289,0.5434071464519376,-0.0050327126321086935,0.5251439231230148,0.5525198846084733,1.568169859592708,0.7988670005039051,0.6577380952380952,"            day  n       acc   frac_up      y_up
0    2020-12-31  6  0.333333  0.666667  0.333333
1    2021-01-04  6  0.833333  0.666667  0.500000
2    2021-01-05  6  0.500000  0.666667  0.166667
3    2021-01-06  6  0.666667  0.500000  0.833333
4    2021-01-07  6  0.833333  0.333333  0.500000
...         ... ..       ...       ...       ...
1003 2024-12-27  9  0.555556  0.111111  0.555556
1004 2024-12-30  9  0.888889  0.111111  0.000000
1005 2024-12-31  9  0.333333  0.111111  0.555556
1006 2025-01-02  9  0.777778  0.111111  0.111111
1007 2025-01-03  9  0.333333  0.000000  0.666667

[1008 rows x 5 columns]",112,0.00698366364424962,0.021453603001996883,False
F_relative_10_hgb_shallow_top500,relative,10,hgb_shallow,expanding,top500,v2_all,relative,1.0,497032,1008,0.5267528046483929,0.5518819713821242,-0.025129166733731334,0.5220428668920212,0.5317172256516756,12.315065314247512,0.8165851714616674,0.6706349206349206,"            day    n       acc   frac_up      y_up
0    2021-01-14  485  0.364948  0.400000  0.441237
1    2021-01-15  485  0.441237  0.410309  0.412371
2    2021-01-19  485  0.439175  0.395876  0.432990
3    2021-01-20  485  0.517526  0.358763  0.379381
4    2021-01-21  485  0.550515  0.418557  0.397938
...         ...  ...       ...       ...       ...
1003 2025-01-13  492  0.595528  0.884146  0.613821
1004 2025-01-14  493  0.588235  0.902637  0.616633
1005 2025-01-15  493  0.610548  0.896552  0.632860
1006 2025-01-16  493  0.580122  0.904665  0.578093
1007 2025-01-17  493  0.543611  0.920892  0.549696

[1008 rows x 5 columns]",113,0.00246794866317714,0.00758860128881321,False
F_relative_10_hgb_shallow_top500,relative,10,hgb_shallow,expanding,top500,v2_all,relative,0.5,248274,1008,0.5361576322933533,0.5540370719447063,-0.01787943965135297,0.5291747990482546,0.5434341523287566,13.308614876980585,0.8779603222571788,0.6478174603174603,"            day    n       acc   frac_up      y_up
0    2021-01-14  242  0.301653  0.309917  0.528926
1    2021-01-15  242  0.442149  0.338843  0.458678
2    2021-01-19  242  0.429752  0.330579  0.454545
3    2021-01-20  242  0.524793  0.289256  0.433884
4    2021-01-21  242  0.557851  0.384298  0.446281
...         ...  ...       ...       ...       ...
1003 2025-01-13  246  0.605691  0.943089  0.589431
1004 2025-01-14  246  0.613821  0.930894  0.609756
1005 2025-01-15  246  0.634146  0.951220  0.617886
1006 2025-01-16  246  0.552846  0.902439  0.560976
1007 2025-01-17  246  0.552846  0.943089  0.569106

[1008 rows x 5 columns]",114,0.003637590122577037,0.011195505440954805,False
F_relative_10_hgb_shallow_top500,relative,10,hgb_shallow,expanding,top500,v2_all,relative,0.25,123902,1008,0.5420412906974867,0.5525253829639554,-0.010484092266468625,0.5331057446174408,0.5514413951900201,11.26685459329666,0.8928354611120124,0.6388888888888888,"            day    n       acc   frac_up      y_up
0    2021-01-14  121  0.223140  0.206612  0.669421
1    2021-01-15  121  0.429752  0.264463  0.504132
2    2021-01-19  121  0.504132  0.272727  0.487603
3    2021-01-20  121  0.512397  0.206612  0.528926
4    2021-01-21  121  0.520661  0.338843  0.438017
...         ...  ...       ...       ...       ...
1003 2025-01-13  123  0.617886  0.926829  0.577236
1004 2025-01-14  123  0.626016  0.943089  0.617886
1005 2025-01-15  123  0.682927  0.934959  0.682927
1006 2025-01-16  123  0.626016  0.886179  0.626016
1007 2025-01-17  123  0.593496  0.951220  0.626016

[1008 rows x 5 columns]",115,0.0046774618807600395,0.014409212860551005,False
F_relative_10_hgb_shallow_top500,relative,10,hgb_shallow,expanding,top500,v2_all,relative,0.1,49144,1008,0.5448884909653264,0.547574475012209,-0.0026859840468825835,0.5336308024429731,0.556609191726448,7.159227308145049,0.9006730172227622,0.6190476190476191,"            day   n       acc   frac_up      y_up
0    2021-01-14  48  0.208333  0.125000  0.750000
1    2021-01-15  48  0.437500  0.187500  0.583333
2    2021-01-19  48  0.437500  0.250000  0.604167
3    2021-01-20  48  0.541667  0.166667  0.500000
4    2021-01-21  48  0.562500  0.312500  0.500000
...         ...  ..       ...       ...       ...
1003 2025-01-13  49  0.673469  0.877551  0.591837
1004 2025-01-14  49  0.653061  0.897959  0.632653
1005 2025-01-15  49  0.653061  0.897959  0.673469
1006 2025-01-16  49  0.673469  0.836735  0.673469
1007 2025-01-17  49  0.714286  0.938776  0.734694

[1008 rows x 5 columns]",116,0.005861834000886439,0.01807421244282443,False
F_relative_10_hgb_shallow_top500,relative,10,hgb_shallow,expanding,top500,v2_all,relative,0.05,24192,1008,0.5469163359788359,0.5445601851851852,0.002356150793650702,0.5338531332671957,0.5603525958994708,4.611156522891975,0.8919064153439155,0.5734126984126984,"            day   n       acc   frac_up      y_up
0    2021-01-14  24  0.291667  0.083333  0.708333
1    2021-01-15  24  0.541667  0.208333  0.583333
2    2021-01-19  24  0.583333  0.333333  0.500000
3    2021-01-20  24  0.458333  0.250000  0.625000
4    2021-01-21  24  0.500000  0.291667  0.458333
...         ...  ..       ...       ...       ...
1003 2025-01-13  24  0.666667  0.791667  0.541667
1004 2025-01-14  24  0.708333  0.833333  0.708333
1005 2025-01-15  24  0.625000  0.833333  0.708333
1006 2025-01-16  24  0.625000  0.666667  0.625000
1007 2025-01-17  24  0.666667  0.875000  0.708333

[1008 rows x 5 columns]",117,0.006760066998029361,0.020862609293420053,False
F_relative_10_hgb_shallow_top500,relative,10,hgb_shallow,expanding,top500,v2_all,relative,0.02,9072,1008,0.5516975308641975,0.5418871252204586,0.009810405643738918,0.5351603835978835,0.5679039902998236,2.5441032327741095,0.8727954144620812,0.5734126984126984,"            day  n       acc   frac_up      y_up
0    2021-01-14  9  0.333333  0.222222  0.666667
1    2021-01-15  9  0.444444  0.222222  0.777778
2    2021-01-19  9  0.666667  0.333333  0.222222
3    2021-01-20  9  0.333333  0.333333  0.555556
4    2021-01-21  9  0.555556  0.333333  0.333333
...         ... ..       ...       ...       ...
1003 2025-01-13  9  0.666667  0.555556  0.444444
1004 2025-01-14  9  0.555556  0.555556  0.555556
1005 2025-01-15  9  0.333333  0.555556  0.555556
1006 2025-01-16  9  0.666667  0.444444  0.777778
1007 2025-01-17  9  0.666667  0.888889  0.555556

[1008 rows x 5 columns]",118,0.008352960893352065,0.025801550194105575,False
F_relative_10_hgb_shallow_top500,relative,10,hgb_shallow,expanding,top500,v2_all,relative,0.01,4032,1008,0.5592757936507936,0.5362103174603174,0.023065476190476164,0.5399305555555556,0.5778769841269841,1.5290467184080394,0.8638392857142857,0.4871031746031746,"            day  n   acc  frac_up  y_up
0    2021-01-14  4  0.50     0.00  0.50
1    2021-01-15  4  0.75     0.25  0.50
2    2021-01-19  4  0.50     0.50  0.00
3    2021-01-20  4  0.50     0.25  0.25
4    2021-01-21  4  0.50     0.50  0.00
...         ... ..   ...      ...   ...
1003 2025-01-13  4  0.75     0.25  0.50
1004 2025-01-14  4  0.75     0.50  0.75
1005 2025-01-15  4  0.50     0.25  0.75
1006 2025-01-16  4  0.25     0.25  1.00
1007 2025-01-17  4  0.75     0.75  0.50

[1008 rows x 5 columns]",119,0.00968021137026237,0.0299277429219395,False
F_relative_1_hgb_shallow_top500,relative,1,hgb_shallow,expanding,top500,v2_all,relative,1.0,496982,1008,0.51562430832505,0.5233589948931752,-0.007734686568125149,0.5104143371140449,0.5208132793053741,14.902940191854288,0.7986021603973271,0.5833333333333334,"            day    n       acc   frac_up      y_up
0    2020-12-31  487  0.416838  0.714579  0.344969
1    2021-01-04  487  0.418891  0.462012  0.451745
2    2021-01-05  487  0.476386  0.287474  0.519507
3    2021-01-06  487  0.494867  0.622177  0.498973
4    2021-01-07  487  0.517454  0.213552  0.560575
...         ...  ...       ...       ...       ...
1003 2024-12-27  491  0.441955  0.940937  0.399185
1004 2024-12-30  491  0.541752  0.751527  0.452138
1005 2024-12-31  492  0.430894  0.567073  0.420732
1006 2025-01-02  492  0.453252  0.802846  0.516260
1007 2025-01-03  492  0.439024  0.833333  0.520325

[1008 rows x 5 columns]",120,0.002652791375339081,0.008208657089268849,False
F_relative_1_hgb_shallow_top500,relative,1,hgb_shallow,expanding,top500,v2_all,relative,0.5,248248,1008,0.52016934678225,0.5266386838967484,-0.006469337114498375,0.5119560213004309,0.5284669836361555,17.714424725693007,0.8664547904731773,0.5674603174603174,"            day    n       acc   frac_up      y_up
0    2020-12-31  243  0.374486  0.769547  0.382716
1    2021-01-04  243  0.366255  0.485597  0.469136
2    2021-01-05  243  0.460905  0.226337  0.469136
3    2021-01-06  243  0.493827  0.625514  0.580247
4    2021-01-07  243  0.609053  0.201646  0.502058
...         ...  ...       ...       ...       ...
1003 2024-12-27  245  0.395918  0.991837  0.387755
1004 2024-12-30  245  0.514286  0.820408  0.440816
1005 2024-12-31  246  0.422764  0.569106  0.439024
1006 2025-01-02  246  0.394309  0.910569  0.443089
1007 2025-01-03  246  0.353659  0.943089  0.378049

[1008 rows x 5 columns]",121,0.004211980187684841,0.013044619664418838,False
F_relative_1_hgb_shallow_top500,relative,1,hgb_shallow,expanding,top500,v2_all,relative,0.25,123888,1008,0.521027056696371,0.5250145292522278,-0.0039874725558568525,0.5106350305014731,0.5315603897074077,14.22517833098885,0.8839409248838568,0.560515873015873,"            day    n       acc   frac_up      y_up
0    2020-12-31  121  0.371901  0.809917  0.380165
1    2021-01-04  121  0.322314  0.487603  0.520661
2    2021-01-05  121  0.462810  0.297521  0.454545
3    2021-01-06  121  0.487603  0.603306  0.652893
4    2021-01-07  121  0.652893  0.190083  0.438017
...         ...  ...       ...       ...       ...
1003 2024-12-27  122  0.450820  0.983607  0.434426
1004 2024-12-30  122  0.467213  0.860656  0.393443
1005 2024-12-31  123  0.373984  0.512195  0.422764
1006 2025-01-02  123  0.365854  0.967480  0.365854
1007 2025-01-03  123  0.252033  0.975610  0.260163

[1008 rows x 5 columns]",122,0.005338101838248632,0.016546429882730074,False
F_relative_1_hgb_shallow_top500,relative,1,hgb_shallow,expanding,top500,v2_all,relative,0.1,49135,1008,0.520077337946474,0.5237000101760456,-0.0036226722295715774,0.507386360636732,0.5327073226796533,8.028890207694086,0.8934413299049778,0.5505952380952381,"            day   n       acc   frac_up      y_up
0    2020-12-31  48  0.291667  0.937500  0.270833
1    2021-01-04  48  0.250000  0.458333  0.500000
2    2021-01-05  48  0.458333  0.375000  0.458333
3    2021-01-06  48  0.500000  0.562500  0.687500
4    2021-01-07  48  0.708333  0.145833  0.312500
...         ...  ..       ...       ...       ...
1003 2024-12-27  49  0.510204  1.000000  0.510204
1004 2024-12-30  49  0.428571  0.897959  0.367347
1005 2024-12-31  49  0.408163  0.387755  0.530612
1006 2025-01-02  49  0.285714  0.959184  0.285714
1007 2025-01-03  49  0.244898  1.000000  0.244898

[1008 rows x 5 columns]",123,0.006459429092581945,0.0200391945419654,False
F_relative_1_hgb_shallow_top500,relative,1,hgb_shallow,expanding,top500,v2_all,relative,0.05,24192,1008,0.5244708994708994,0.5304232804232805,-0.005952380952381042,0.5096292162698413,0.5386501736111111,5.041545191496527,0.8977761243386243,0.5307539682539683,"            day   n       acc   frac_up      y_up
0    2020-12-31  24  0.375000  0.958333  0.416667
1    2021-01-04  24  0.291667  0.375000  0.500000
2    2021-01-05  24  0.583333  0.250000  0.333333
3    2021-01-06  24  0.416667  0.375000  0.708333
4    2021-01-07  24  0.791667  0.208333  0.333333
...         ...  ..       ...       ...       ...
1003 2024-12-27  24  0.541667  1.000000  0.541667
1004 2024-12-30  24  0.500000  0.833333  0.333333
1005 2024-12-31  24  0.500000  0.375000  0.458333
1006 2025-01-02  24  0.333333  0.958333  0.291667
1007 2025-01-03  24  0.333333  1.000000  0.333333

[1008 rows x 5 columns]",124,0.007403305444201495,0.02298671277676088,False
F_relative_1_hgb_shallow_top500,relative,1,hgb_shallow,expanding,top500,v2_all,relative,0.02,9072,1008,0.5189594356261023,0.5230379188712522,-0.004078483245149922,0.5013199955908288,0.5368193342151676,2.789260377333236,0.9007936507936508,0.5198412698412699,"            day  n       acc   frac_up      y_up
0    2020-12-31  9  0.444444  1.000000  0.444444
1    2021-01-04  9  0.222222  0.777778  0.444444
2    2021-01-05  9  0.555556  0.222222  0.222222
3    2021-01-06  9  0.333333  0.111111  0.777778
4    2021-01-07  9  0.888889  0.222222  0.333333
...         ... ..       ...       ...       ...
1003 2024-12-27  9  0.555556  1.000000  0.555556
1004 2024-12-30  9  0.555556  0.666667  0.222222
1005 2024-12-31  9  0.555556  0.111111  0.555556
1006 2025-01-02  9  0.222222  1.000000  0.222222
1007 2025-01-03  9  0.333333  1.000000  0.333333

[1008 rows x 5 columns]",125,0.009055953730698658,0.02814148000021115,False
F_relative_1_hgb_shallow_top500,relative,1,hgb_shallow,expanding,top500,v2_all,relative,0.01,4032,1008,0.5228174603174603,0.5275297619047619,-0.004712301587301515,0.5037202380952381,0.5434027777777778,1.6598009667438567,0.9069940476190477,0.498015873015873,"            day  n   acc  frac_up  y_up
0    2020-12-31  4  0.50     1.00  0.50
1    2021-01-04  4  0.25     1.00  0.25
2    2021-01-05  4  0.50     0.25  0.25
3    2021-01-06  4  0.00     0.00  1.00
4    2021-01-07  4  1.00     0.25  0.25
...         ... ..   ...      ...   ...
1003 2024-12-27  4  0.25     1.00  0.25
1004 2024-12-30  4  1.00     0.50  0.50
1005 2024-12-31  4  0.75     0.25  0.50
1006 2025-01-02  4  0.00     1.00  0.00
1007 2025-01-03  4  0.25     1.00  0.25

[1008 rows x 5 columns]",126,0.010123096857790727,0.031483586079300935,False
F_extremes10_1_hgb_shallow_liquid,extremes10,1,hgb_shallow,expanding,liquid,v2_all,relative,1.0,829284,1008,0.5091729733119172,0.5145402540022477,-0.005367280690330434,0.5057972685771439,0.5125925808376498,10.389077401019945,0.8149980705725935,0.5654761904761905,"            day    n       acc   frac_up      y_up
0    2020-12-31  693  0.473304  0.633478  0.383838
1    2021-01-04  695  0.450360  0.693525  0.474820
2    2021-01-05  696  0.466954  0.428161  0.550287
3    2021-01-06  696  0.560345  0.540230  0.497126
4    2021-01-07  696  0.627874  0.425287  0.515805
...         ...  ...       ...       ...       ...
1003 2024-12-27  917  0.490731  0.756816  0.435115
1004 2024-12-30  916  0.539301  0.871179  0.524017
1005 2024-12-31  911  0.431394  0.868277  0.462130
1006 2025-01-02  914  0.494530  0.882932  0.521882
1007 2025-01-03  917  0.494002  0.838604  0.496183

[1008 rows x 5 columns]",127,0.0017334980256392583,0.005395712523662189,False
F_extremes10_1_hgb_shallow_liquid,extremes10,1,hgb_shallow,expanding,liquid,v2_all,relative,0.5,414381,1008,0.5126634667130009,0.520607846402224,-0.007944379689223124,0.5073567666305813,0.518255079413417,12.472565114591013,0.8850613769698851,0.5654761904761905,"            day    n       acc   frac_up      y_up
0    2020-12-31  346  0.453757  0.757225  0.401734
1    2021-01-04  347  0.440922  0.789625  0.466859
2    2021-01-05  348  0.456897  0.402299  0.520115
3    2021-01-06  348  0.571839  0.554598  0.557471
4    2021-01-07  348  0.646552  0.428161  0.528736
...         ...  ...       ...       ...       ...
1003 2024-12-27  458  0.475983  0.875546  0.447598
1004 2024-12-30  458  0.543668  0.965066  0.539301
1005 2024-12-31  455  0.419780  0.945055  0.417582
1006 2025-01-02  457  0.466083  0.958425  0.455142
1007 2025-01-03  458  0.469432  0.897380  0.471616

[1008 rows x 5 columns]",128,0.0027801818323560474,0.008660639260006677,False
F_extremes10_1_hgb_shallow_liquid,extremes10,1,hgb_shallow,expanding,liquid,v2_all,relative,0.25,206941,1008,0.5129384703852788,0.5211098815604448,-0.008171411175165955,0.5059400825132232,0.5202925670505841,10.683006635431564,0.9010742334857796,0.5615079365079365,"            day    n       acc   frac_up      y_up
0    2020-12-31  173  0.462428  0.884393  0.427746
1    2021-01-04  173  0.427746  0.884393  0.450867
2    2021-01-05  174  0.482759  0.362069  0.442529
3    2021-01-06  174  0.586207  0.586207  0.609195
4    2021-01-07  174  0.729885  0.459770  0.545977
...         ...  ...       ...       ...       ...
1003 2024-12-27  229  0.458515  0.921397  0.432314
1004 2024-12-30  229  0.580786  0.951965  0.576419
1005 2024-12-31  227  0.365639  0.933921  0.370044
1006 2025-01-02  228  0.442982  0.951754  0.429825
1007 2025-01-03  229  0.471616  0.873362  0.467249

[1008 rows x 5 columns]",129,0.003661348096265544,0.01141473335816244,False
F_extremes10_1_hgb_shallow_liquid,extremes10,1,hgb_shallow,expanding,liquid,v2_all,relative,0.1,82459,1008,0.5117816126802411,0.5205738609490778,-0.008792248268836622,0.5028942736771941,0.5211889384654144,7.029007872032542,0.9096842510674044,0.5386904761904762,"            day   n       acc   frac_up      y_up
0    2020-12-31  69  0.521739  0.956522  0.536232
1    2021-01-04  69  0.405797  0.942029  0.434783
2    2021-01-05  69  0.420290  0.318841  0.405797
3    2021-01-06  69  0.492754  0.565217  0.637681
4    2021-01-07  69  0.739130  0.608696  0.666667
...         ...  ..       ...       ...       ...
1003 2024-12-27  91  0.472527  0.890110  0.406593
1004 2024-12-30  91  0.571429  0.934066  0.549451
1005 2024-12-31  91  0.428571  0.901099  0.417582
1006 2025-01-02  91  0.384615  0.956044  0.362637
1007 2025-01-03  91  0.406593  0.846154  0.450549

[1008 rows x 5 columns]",130,0.004667006323525583,0.014561560003623521,False
F_extremes10_1_hgb_shallow_liquid,extremes10,1,hgb_shallow,expanding,liquid,v2_all,relative,0.05,40948,1008,0.5129432450913354,0.5186089674709388,-0.005665722379603388,0.5030135016661911,0.5232809785703331,4.54154447563585,0.9115912556994834,0.5089285714285714,"            day   n       acc   frac_up      y_up
0    2020-12-31  34  0.441176  0.941176  0.500000
1    2021-01-04  34  0.352941  0.941176  0.352941
2    2021-01-05  34  0.352941  0.176471  0.529412
3    2021-01-06  34  0.558824  0.558824  0.588235
4    2021-01-07  34  0.705882  0.735294  0.735294
...         ...  ..       ...       ...       ...
1003 2024-12-27  45  0.488889  0.844444  0.377778
1004 2024-12-30  45  0.511111  0.911111  0.466667
1005 2024-12-31  45  0.466667  0.866667  0.466667
1006 2025-01-02  45  0.355556  0.955556  0.311111
1007 2025-01-03  45  0.488889  0.800000  0.466667

[1008 rows x 5 columns]",131,0.0051702747204443854,0.016144504367206033,False
F_extremes10_1_hgb_shallow_liquid,extremes10,1,hgb_shallow,expanding,liquid,v2_all,relative,0.02,16197,1008,0.511020559362845,0.5167006235722664,-0.005680064209421465,0.4988845731106873,0.5236834112032148,2.4734366733439805,0.9199454398924812,0.4851190476190476,"            day   n       acc   frac_up      y_up
0    2020-12-31  13  0.615385  0.923077  0.692308
1    2021-01-04  13  0.230769  0.846154  0.230769
2    2021-01-05  13  0.230769  0.000000  0.769231
3    2021-01-06  13  0.692308  0.615385  0.461538
4    2021-01-07  13  0.615385  0.846154  0.769231
...         ...  ..       ...       ...       ...
1003 2024-12-27  18  0.666667  0.833333  0.500000
1004 2024-12-30  18  0.388889  0.777778  0.277778
1005 2024-12-31  18  0.500000  0.722222  0.444444
1006 2025-01-02  18  0.555556  0.888889  0.444444
1007 2025-01-03  18  0.777778  0.833333  0.611111

[1008 rows x 5 columns]",132,0.006326234207277431,0.01976946048486768,False
F_extremes10_1_hgb_shallow_liquid,extremes10,1,hgb_shallow,expanding,liquid,v2_all,relative,0.01,7948,1008,0.5113236034222446,0.5172370407649723,-0.0059134373427277565,0.4968588060211294,0.5262570759647917,1.7605528355391271,0.9268766534391535,0.4632936507936508,"            day  n       acc   frac_up      y_up
0    2020-12-31  6  0.500000  0.833333  0.666667
1    2021-01-04  6  0.333333  0.666667  0.333333
2    2021-01-05  6  0.333333  0.000000  0.666667
3    2021-01-06  6  0.666667  0.500000  0.166667
4    2021-01-07  6  0.666667  1.000000  0.666667
...         ... ..       ...       ...       ...
1003 2024-12-27  9  0.777778  0.777778  0.555556
1004 2024-12-30  9  0.333333  0.666667  0.222222
1005 2024-12-31  9  0.666667  0.555556  0.666667
1006 2025-01-02  9  0.555556  0.888889  0.444444
1007 2025-01-03  9  0.888889  0.888889  0.777778

[1008 rows x 5 columns]",133,0.007499558659097509,0.023454200679134576,False
F_extremes10_21_logit_liquid,extremes10,21,logit,expanding,liquid,v2_all,relative,1.0,830525,1008,0.5295806869149032,0.5442858432918937,-0.014705156376990436,0.5256672432745756,0.5333222304373981,13.72003622298573,0.8500138910452766,0.7182539682539683,"            day    n       acc   frac_up      y_up
0    2021-02-01  699  0.406295  0.204578  0.500715
1    2021-02-02  699  0.386266  0.210300  0.520744
2    2021-02-03  699  0.353362  0.187411  0.562232
3    2021-02-04  700  0.345714  0.192857  0.552857
4    2021-02-05  701  0.339515  0.194009  0.563481
...         ...  ...       ...       ...       ...
1003 2025-01-29  898  0.520045  0.925390  0.496659
1004 2025-01-30  897  0.526198  0.926421  0.510591
1005 2025-01-31  898  0.504454  0.920935  0.496659
1006 2025-02-03  898  0.520045  0.929844  0.507795
1007 2025-02-04  899  0.511680  0.929922  0.503893

[1008 rows x 5 columns]",134,0.0019528028476588101,0.006111892198314172,False
F_extremes10_21_logit_liquid,extremes10,21,logit,expanding,liquid,v2_all,relative,0.5,414995,1008,0.5466403209677225,0.5637007674791262,-0.017060446511403704,0.5404033259561147,0.5527749932425123,17.357632269509907,0.9050419986869112,0.6904761904761905,"            day    n       acc   frac_up      y_up
0    2021-02-01  349  0.369628  0.131805  0.555874
1    2021-02-02  349  0.346705  0.146132  0.570201
2    2021-02-03  349  0.320917  0.111748  0.624642
3    2021-02-04  350  0.320000  0.111429  0.625714
4    2021-02-05  350  0.302857  0.137143  0.622857
...         ...  ...       ...       ...       ...
1003 2025-01-29  449  0.619154  0.966592  0.599109
1004 2025-01-30  448  0.669643  0.973214  0.660714
1005 2025-01-31  449  0.603563  0.959911  0.603563
1006 2025-02-03  449  0.610245  0.968820  0.601336
1007 2025-02-04  449  0.636971  0.968820  0.636971

[1008 rows x 5 columns]",135,0.003156037573060613,0.009885276760227496,False
F_extremes10_21_logit_liquid,extremes10,21,logit,expanding,liquid,v2_all,relative,0.25,207241,1008,0.5588565969089128,0.5668472937304877,-0.007990696821574939,0.5514654151747065,0.5660978829972667,11.99088745680612,0.9011559011371489,0.6944444444444444,"            day    n       acc   frac_up      y_up
0    2021-02-01  174  0.316092  0.160920  0.614943
1    2021-02-02  174  0.281609  0.178161  0.632184
2    2021-02-03  174  0.275862  0.160920  0.655172
3    2021-02-04  175  0.274286  0.154286  0.674286
4    2021-02-05  175  0.274286  0.182857  0.634286
...         ...  ...       ...       ...       ...
1003 2025-01-29  224  0.665179  0.959821  0.651786
1004 2025-01-30  224  0.718750  0.955357  0.700893
1005 2025-01-31  224  0.660714  0.955357  0.651786
1006 2025-02-03  224  0.629464  0.955357  0.620536
1007 2025-02-04  224  0.683036  0.955357  0.674107

[1008 rows x 5 columns]",136,0.003732772403714343,0.011700505809143686,False
F_extremes10_21_logit_liquid,extremes10,21,logit,expanding,liquid,v2_all,relative,0.1,82572,1008,0.5720825461415492,0.5590151625248269,0.013067383616722328,0.5636924349473286,0.5805434473777892,6.260938614603978,0.8720534541110374,0.7013888888888888,"            day   n       acc   frac_up      y_up
0    2021-02-01  69  0.275362  0.202899  0.666667
1    2021-02-02  69  0.289855  0.260870  0.652174
2    2021-02-03  69  0.260870  0.217391  0.637681
3    2021-02-04  70  0.257143  0.214286  0.642857
4    2021-02-05  70  0.314286  0.257143  0.628571
...         ...  ..       ...       ...       ...
1003 2025-01-29  89  0.674157  0.910112  0.651685
1004 2025-01-30  89  0.696629  0.887640  0.651685
1005 2025-01-31  89  0.640449  0.887640  0.617978
1006 2025-02-03  89  0.629213  0.898876  0.617978
1007 2025-02-04  89  0.651685  0.910112  0.651685

[1008 rows x 5 columns]",137,0.004298727660831788,0.013484555630578609,False
F_extremes10_21_logit_liquid,extremes10,21,logit,expanding,liquid,v2_all,relative,0.05,40985,1008,0.5792363059655972,0.5499817006221789,0.029254605343418283,0.5699433412873602,0.5888196375588298,3.837625126826662,0.8305447605451793,0.6626984126984127,"            day   n       acc   frac_up      y_up
0    2021-02-01  34  0.323529  0.323529  0.588235
1    2021-02-02  34  0.352941  0.352941  0.588235
2    2021-02-03  34  0.411765  0.323529  0.500000
3    2021-02-04  35  0.342857  0.314286  0.571429
4    2021-02-05  35  0.342857  0.371429  0.514286
...         ...  ..       ...       ...       ...
1003 2025-01-29  44  0.590909  0.863636  0.545455
1004 2025-01-30  44  0.681818  0.863636  0.636364
1005 2025-01-31  44  0.613636  0.772727  0.568182
1006 2025-02-03  44  0.636364  0.840909  0.613636
1007 2025-02-04  44  0.659091  0.840909  0.636364

[1008 rows x 5 columns]",138,0.0048153817019055065,0.015116393110346623,True
F_extremes10_21_logit_liquid,extremes10,21,logit,expanding,liquid,v2_all,relative,0.02,16227,1008,0.5790965674493129,0.5252357182473655,0.05386084920194745,0.5684350876613591,0.5903575631180985,2.004406806391852,0.7429320508474045,0.5823412698412699,"            day   n       acc   frac_up      y_up
0    2021-02-01  13  0.461538  0.615385  0.538462
1    2021-02-02  13  0.692308  0.615385  0.307692
2    2021-02-03  13  0.615385  0.615385  0.230769
3    2021-02-04  14  0.500000  0.500000  0.428571
4    2021-02-05  14  0.500000  0.500000  0.428571
...         ...  ..       ...       ...       ...
1003 2025-01-29  17  0.588235  0.764706  0.470588
1004 2025-01-30  17  0.647059  0.764706  0.529412
1005 2025-01-31  17  0.647059  0.588235  0.470588
1006 2025-02-03  17  0.705882  0.764706  0.705882
1007 2025-02-04  17  0.647059  0.764706  0.647059

[1008 rows x 5 columns]",139,0.005592468228760057,0.01756867273191523,True
F_extremes10_21_logit_liquid,extremes10,21,logit,expanding,liquid,v2_all,relative,0.01,7972,1008,0.5746362267937782,0.4988710486703462,0.07576517812343203,0.5625525468787282,0.5865671913423435,1.3719058214105804,0.6970210537918871,0.5674603174603174,"            day  n       acc   frac_up      y_up
0    2021-02-01  6  0.333333  0.833333  0.500000
1    2021-02-02  6  0.666667  0.833333  0.500000
2    2021-02-03  6  0.666667  0.666667  0.333333
3    2021-02-04  7  0.714286  0.714286  0.428571
4    2021-02-05  7  0.714286  0.714286  0.428571
...         ... ..       ...       ...       ...
1003 2025-01-29  8  0.500000  0.500000  0.250000
1004 2025-01-30  8  0.500000  0.625000  0.375000
1005 2025-01-31  8  0.625000  0.500000  0.375000
1006 2025-02-03  8  0.750000  0.750000  0.750000
1007 2025-02-04  8  0.625000  0.625000  0.750000

[1008 rows x 5 columns]",140,0.006126184812146743,0.01925931118668463,True
F_relative_10_logit_liquid,relative,10,logit,expanding,liquid,v2_all,relative,1.0,829942,1008,0.5294984468794205,0.5337866983475954,-0.004288251468174908,0.5256372272645756,0.5337610538192027,14.621425042726806,0.7660704886624011,0.746031746031746,"            day    n       acc   frac_up      y_up
0    2021-01-14  700  0.434286  0.408571  0.431429
1    2021-01-15  699  0.536481  0.391989  0.414878
2    2021-01-19  700  0.505714  0.370000  0.430000
3    2021-01-20  700  0.515714  0.374286  0.401429
4    2021-01-21  700  0.487143  0.350000  0.434286
...         ...  ...       ...       ...       ...
1003 2025-01-13  912  0.569079  0.800439  0.564693
1004 2025-01-14  908  0.535242  0.790749  0.574890
1005 2025-01-15  907  0.555678  0.796031  0.574421
1006 2025-01-16  912  0.539474  0.759868  0.547149
1007 2025-01-17  906  0.514349  0.754967  0.523179

[1008 rows x 5 columns]",141,0.0020724047333232315,0.006519852410238668,False
F_relative_10_logit_liquid,relative,10,logit,expanding,liquid,v2_all,relative,0.5,414724,1008,0.538420732824722,0.537422478564057,0.0009982542606650213,0.5322421280994536,0.5448935940839961,18.131449500797338,0.8287264072070198,0.6577380952380952,"            day    n       acc   frac_up      y_up
0    2021-01-14  350  0.425714  0.394286  0.437143
1    2021-01-15  349  0.547278  0.358166  0.426934
2    2021-01-19  350  0.491429  0.337143  0.445714
3    2021-01-20  350  0.514286  0.351429  0.408571
4    2021-01-21  350  0.471429  0.305714  0.451429
...         ...  ...       ...       ...       ...
1003 2025-01-13  456  0.605263  0.868421  0.592105
1004 2025-01-14  454  0.579295  0.870044  0.581498
1005 2025-01-15  453  0.602649  0.885210  0.580574
1006 2025-01-16  456  0.561404  0.855263  0.543860
1007 2025-01-17  453  0.562914  0.841060  0.549669

[1008 rows x 5 columns]",142,0.0032274147919751214,0.01016079885826602,False
F_relative_10_logit_liquid,relative,10,logit,expanding,liquid,v2_all,relative,0.25,207108,1008,0.5405875195550148,0.5307520713830465,0.009835448171968353,0.5326151162495711,0.5486488908838291,14.430816909810204,0.8119331944547349,0.6021825396825397,"            day    n       acc   frac_up      y_up
0    2021-01-14  175  0.417143  0.388571  0.445714
1    2021-01-15  174  0.534483  0.350575  0.471264
2    2021-01-19  175  0.514286  0.348571  0.411429
3    2021-01-20  175  0.537143  0.371429  0.377143
4    2021-01-21  175  0.485714  0.348571  0.462857
...         ...  ...       ...       ...       ...
1003 2025-01-13  228  0.600877  0.824561  0.539474
1004 2025-01-14  227  0.607930  0.841410  0.599119
1005 2025-01-15  226  0.615044  0.862832  0.584071
1006 2025-01-16  228  0.561404  0.776316  0.521930
1007 2025-01-17  226  0.548673  0.769912  0.522124

[1008 rows x 5 columns]",143,0.004090248631188246,0.01288635363593081,False
F_relative_10_logit_liquid,relative,10,logit,expanding,liquid,v2_all,relative,0.1,82531,1008,0.5420750990536889,0.5084634864475167,0.03361161260617218,0.5323381515508332,0.5519532066069162,8.197179911351624,0.7478102578316509,0.5486111111111112,"            day   n       acc   frac_up      y_up
0    2021-01-14  70  0.357143  0.585714  0.428571
1    2021-01-15  69  0.478261  0.463768  0.463768
2    2021-01-19  70  0.485714  0.514286  0.400000
3    2021-01-20  70  0.500000  0.485714  0.414286
4    2021-01-21  70  0.485714  0.485714  0.514286
...         ...  ..       ...       ...       ...
1003 2025-01-13  91  0.593407  0.626374  0.505495
1004 2025-01-14  90  0.533333  0.655556  0.522222
1005 2025-01-15  90  0.611111  0.744444  0.511111
1006 2025-01-16  91  0.571429  0.648352  0.461538
1007 2025-01-17  90  0.577778  0.611111  0.566667

[1008 rows x 5 columns]",144,0.005003840575531368,0.015775694927817652,True
F_relative_10_logit_liquid,relative,10,logit,expanding,liquid,v2_all,relative,0.05,40973,1008,0.5433578210040758,0.5131428013569912,0.030215019647084618,0.5331384801302612,0.5538997692993136,4.602629522821648,0.7040273142135421,0.5218253968253969,"            day   n       acc   frac_up      y_up
0    2021-01-14  35  0.342857  0.628571  0.371429
1    2021-01-15  34  0.529412  0.588235  0.529412
2    2021-01-19  35  0.514286  0.628571  0.542857
3    2021-01-20  35  0.485714  0.657143  0.485714
4    2021-01-21  35  0.485714  0.571429  0.571429
...         ...  ..       ...       ...       ...
1003 2025-01-13  45  0.511111  0.377778  0.422222
1004 2025-01-14  45  0.400000  0.488889  0.511111
1005 2025-01-15  45  0.577778  0.577778  0.466667
1006 2025-01-16  45  0.644444  0.444444  0.355556
1007 2025-01-17  45  0.533333  0.422222  0.444444

[1008 rows x 5 columns]",145,0.005296247237003163,0.01670919208037322,True
F_relative_10_logit_liquid,relative,10,logit,expanding,liquid,v2_all,relative,0.02,16219,1008,0.5462112337382082,0.5536099636229114,-0.007398729884703137,0.5344173970127543,0.5578495098945812,2.28800559545605,0.744172674411645,0.6011904761904762,"            day   n       acc   frac_up      y_up
0    2021-01-14  14  0.142857  0.785714  0.357143
1    2021-01-15  13  0.538462  0.769231  0.461538
2    2021-01-19  14  0.428571  0.785714  0.500000
3    2021-01-20  14  0.571429  0.857143  0.571429
4    2021-01-21  14  0.500000  0.857143  0.500000
...         ...  ..       ...       ...       ...
1003 2025-01-13  18  0.333333  0.111111  0.555556
1004 2025-01-14  18  0.333333  0.166667  0.611111
1005 2025-01-15  18  0.500000  0.111111  0.388889
1006 2025-01-16  18  0.666667  0.055556  0.277778
1007 2025-01-17  18  0.666667  0.000000  0.333333

[1008 rows x 5 columns]",146,0.005977579816792575,0.01887175365366425,False
F_relative_10_logit_liquid,relative,10,logit,expanding,liquid,v2_all,relative,0.01,7966,1008,0.5551092141601808,0.5632688927943761,-0.008159678634195311,0.5419420851288635,0.5682966844463471,1.507951912085746,0.8098820546737213,0.6359126984126984,"            day  n       acc   frac_up      y_up
0    2021-01-14  7  0.000000  0.857143  0.142857
1    2021-01-15  6  0.333333  1.000000  0.333333
2    2021-01-19  7  0.428571  1.000000  0.428571
3    2021-01-20  7  0.571429  1.000000  0.571429
4    2021-01-21  7  0.571429  1.000000  0.571429
...         ... ..       ...       ...       ...
1003 2025-01-13  9  0.333333  0.000000  0.666667
1004 2025-01-14  9  0.333333  0.111111  0.777778
1005 2025-01-15  9  0.555556  0.000000  0.444444
1006 2025-01-16  9  0.555556  0.000000  0.444444
1007 2025-01-17  9  0.555556  0.000000  0.444444

[1008 rows x 5 columns]",147,0.006723112070786612,0.021239996715963626,False
F_extremes10_21_logit_top500,extremes10,21,logit,expanding,top500,v2_all,relative,1.0,497096,1008,0.5285518290229654,0.5698456636142717,-0.04129383459130631,0.522477584256731,0.5342105384796689,18.606714395286733,0.8798772954044941,0.6974206349206349,"            day    n       acc   frac_up      y_up
0    2021-02-01  486  0.421811  0.170782  0.477366
1    2021-02-02  486  0.401235  0.181070  0.504115
2    2021-02-03  485  0.364948  0.169072  0.560825
3    2021-02-04  485  0.371134  0.158763  0.544330
4    2021-02-05  486  0.331276  0.170782  0.567901
...         ...  ...       ...       ...       ...
1003 2025-01-29  492  0.567073  0.971545  0.575203
1004 2025-01-30  492  0.591463  0.969512  0.597561
1005 2025-01-31  492  0.558943  0.963415  0.563008
1006 2025-02-03  492  0.556911  0.967480  0.560976
1007 2025-02-04  492  0.540650  0.969512  0.550813

[1008 rows x 5 columns]",148,0.002993100567076011,0.009462376102936296,False
F_extremes10_21_logit_top500,extremes10,21,logit,expanding,top500,v2_all,relative,0.5,248309,1008,0.5346403070367969,0.580200476019798,-0.04556016898300108,0.526401817804241,0.5425105481687281,17.039965930814986,0.9198975753500773,0.6785714285714286,"            day    n       acc   frac_up      y_up
0    2021-02-01  243  0.345679  0.131687  0.563786
1    2021-02-02  243  0.312757  0.144033  0.592593
2    2021-02-03  242  0.285124  0.123967  0.657025
3    2021-02-04  242  0.280992  0.119835  0.657025
4    2021-02-05  243  0.267490  0.127572  0.670782
...         ...  ...       ...       ...       ...
1003 2025-01-29  246  0.621951  1.000000  0.621951
1004 2025-01-30  246  0.670732  0.995935  0.666667
1005 2025-01-31  246  0.634146  0.983740  0.617886
1006 2025-02-03  246  0.626016  0.991870  0.626016
1007 2025-02-04  246  0.646341  0.991870  0.646341

[1008 rows x 5 columns]",149,0.0041093699909405925,0.013000096120553048,False
F_extremes10_21_logit_top500,extremes10,21,logit,expanding,top500,v2_all,relative,0.25,123920,1008,0.5368624919302776,0.5771223369916075,-0.04025984506132996,0.5274709840904648,0.545724067257186,10.850151097271052,0.917448065313144,0.6785714285714286,"            day    n       acc   frac_up      y_up
0    2021-02-01  121  0.239669  0.165289  0.661157
1    2021-02-02  121  0.223140  0.214876  0.628099
2    2021-02-03  121  0.148760  0.173554  0.743802
3    2021-02-04  121  0.148760  0.173554  0.743802
4    2021-02-05  121  0.140496  0.173554  0.752066
...         ...  ...       ...       ...       ...
1003 2025-01-29  123  0.617886  1.000000  0.617886
1004 2025-01-30  123  0.699187  0.991870  0.691057
1005 2025-01-31  123  0.650407  0.991870  0.642276
1006 2025-02-03  123  0.626016  0.991870  0.617886
1007 2025-02-04  123  0.634146  0.983740  0.634146

[1008 rows x 5 columns]",150,0.004656398767020727,0.014740477764330684,False
F_extremes10_21_logit_top500,extremes10,21,logit,expanding,top500,v2_all,relative,0.1,49155,1008,0.5353677143729021,0.5644593632387346,-0.029091648865832487,0.5250159021351878,0.5450647444545579,5.172274936203235,0.8960066913670229,0.6279761904761905,"            day   n       acc   frac_up      y_up
0    2021-02-01  48  0.166667  0.291667  0.666667
1    2021-02-02  48  0.125000  0.354167  0.645833
2    2021-02-03  48  0.104167  0.291667  0.687500
3    2021-02-04  48  0.125000  0.250000  0.708333
4    2021-02-05  48  0.083333  0.291667  0.750000
...         ...  ..       ...       ...       ...
1003 2025-01-29  49  0.653061  1.000000  0.653061
1004 2025-01-30  49  0.734694  0.979592  0.714286
1005 2025-01-31  49  0.653061  0.979592  0.632653
1006 2025-02-03  49  0.653061  0.979592  0.632653
1007 2025-02-04  49  0.734694  0.979592  0.714286

[1008 rows x 5 columns]",151,0.005114500591676045,0.016201394353101948,False
F_extremes10_21_logit_top500,extremes10,21,logit,expanding,top500,v2_all,relative,0.05,24192,1008,0.5361276455026455,0.5523726851851852,-0.016245039682539764,0.525461929563492,0.5467127562830687,3.0614020732870943,0.8853753306878307,0.5555555555555556,"            day   n       acc   frac_up      y_up
0    2021-02-01  24  0.166667  0.416667  0.666667
1    2021-02-02  24  0.166667  0.500000  0.583333
2    2021-02-03  24  0.083333  0.458333  0.625000
3    2021-02-04  24  0.083333  0.416667  0.666667
4    2021-02-05  24  0.125000  0.416667  0.625000
...         ...  ..       ...       ...       ...
1003 2025-01-29  24  0.583333  1.000000  0.583333
1004 2025-01-30  24  0.791667  1.000000  0.791667
1005 2025-01-31  24  0.583333  0.958333  0.541667
1006 2025-02-03  24  0.666667  0.958333  0.625000
1007 2025-02-04  24  0.875000  0.958333  0.833333

[1008 rows x 5 columns]",152,0.005421129265198132,0.017184005856612228,False
F_extremes10_21_logit_top500,extremes10,21,logit,expanding,top500,v2_all,relative,0.02,9072,1008,0.5425485008818343,0.5257936507936508,0.01675485008818345,0.529320987654321,0.5565476190476191,1.8171820225587596,0.9079585537918872,0.5426587301587301,"            day  n       acc   frac_up      y_up
0    2021-02-01  9  0.222222  1.000000  0.222222
1    2021-02-02  9  0.333333  1.000000  0.333333
2    2021-02-03  9  0.222222  1.000000  0.222222
3    2021-02-04  9  0.222222  1.000000  0.222222
4    2021-02-05  9  0.222222  1.000000  0.222222
...         ... ..       ...       ...       ...
1003 2025-01-29  9  0.222222  1.000000  0.222222
1004 2025-01-30  9  0.555556  1.000000  0.555556
1005 2025-01-31  9  0.555556  0.888889  0.444444
1006 2025-02-03  9  0.777778  0.888889  0.666667
1007 2025-02-04  9  1.000000  0.888889  0.888889

[1008 rows x 5 columns]",153,0.006945569232984199,0.02203057028522365,False
F_extremes10_21_logit_top500,extremes10,21,logit,expanding,top500,v2_all,relative,0.01,4032,1008,0.5505952380952381,0.5203373015873016,0.03025793650793651,0.5334821428571429,0.5682043650793651,1.3347752952568464,0.9032738095238095,0.42757936507936506,"            day  n   acc  frac_up  y_up
0    2021-02-01  4  0.25     1.00  0.25
1    2021-02-02  4  0.50     1.00  0.50
2    2021-02-03  4  0.50     1.00  0.50
3    2021-02-04  4  0.50     1.00  0.50
4    2021-02-05  4  0.50     1.00  0.50
...         ... ..   ...      ...   ...
1003 2025-01-29  4  0.25     1.00  0.25
1004 2025-01-30  4  0.50     1.00  0.50
1005 2025-01-31  4  0.75     0.75  0.50
1006 2025-02-03  4  0.75     1.00  0.75
1007 2025-02-04  4  1.00     0.75  0.75

[1008 rows x 5 columns]",154,0.00885770975056689,0.02811385335286152,True
F_relative_21_logit_top500,relative,21,logit,expanding,top500,v2_all,relative,1.0,497096,1008,0.5296079630493908,0.5698456636142717,-0.04023770056488085,0.5238789423793324,0.5350990489969272,15.866922434368147,0.844972008548606,0.6934523809523809,"            day    n       acc   frac_up      y_up
0    2021-02-01  486  0.421811  0.248971  0.477366
1    2021-02-02  486  0.399177  0.236626  0.504115
2    2021-02-03  485  0.360825  0.214433  0.560825
3    2021-02-04  485  0.371134  0.208247  0.544330
4    2021-02-05  486  0.339506  0.211934  0.567901
...         ...  ...       ...       ...       ...
1003 2025-01-29  492  0.585366  0.932927  0.575203
1004 2025-01-30  492  0.628049  0.924797  0.597561
1005 2025-01-31  492  0.593496  0.920732  0.563008
1006 2025-02-03  492  0.585366  0.926829  0.560976
1007 2025-02-04  492  0.577236  0.932927  0.550813

[1008 rows x 5 columns]",155,0.0028622720963251943,0.00909051950631408,False
F_relative_21_logit_top500,relative,21,logit,expanding,top500,v2_all,relative,0.5,248309,1008,0.5326951499945632,0.5744173590163868,-0.04172220902182355,0.5250894682733874,0.5405219341285096,15.248329108229258,0.8910441260521419,0.6686507936507936,"            day    n       acc   frac_up      y_up
0    2021-02-01  243  0.358025  0.176955  0.539095
1    2021-02-02  243  0.329218  0.172840  0.563786
2    2021-02-03  242  0.272727  0.123967  0.661157
3    2021-02-04  242  0.268595  0.128099  0.661157
4    2021-02-05  243  0.263374  0.144033  0.658436
...         ...  ...       ...       ...       ...
1003 2025-01-29  246  0.626016  0.951220  0.626016
1004 2025-01-30  246  0.686992  0.951220  0.678862
1005 2025-01-31  246  0.650407  0.947154  0.638211
1006 2025-02-03  246  0.642276  0.951220  0.634146
1007 2025-02-04  246  0.658537  0.955285  0.646341

[1008 rows x 5 columns]",156,0.003936853534469935,0.01251133788448114,False
F_relative_21_logit_top500,relative,21,logit,expanding,top500,v2_all,relative,0.25,123920,1008,0.5326420271142672,0.5696336346029697,-0.03699160748870245,0.5239273367934301,0.5416149230883579,10.091165250869082,0.8896655903983325,0.6418650793650794,"            day    n       acc   frac_up      y_up
0    2021-02-01  121  0.314050  0.198347  0.553719
1    2021-02-02  121  0.239669  0.181818  0.644628
2    2021-02-03  121  0.247934  0.157025  0.661157
3    2021-02-04  121  0.223140  0.157025  0.685950
4    2021-02-05  121  0.231405  0.198347  0.669421
...         ...  ...       ...       ...       ...
1003 2025-01-29  123  0.666667  0.926829  0.658537
1004 2025-01-30  123  0.747967  0.926829  0.707317
1005 2025-01-31  123  0.715447  0.918699  0.682927
1006 2025-02-03  123  0.682927  0.918699  0.666667
1007 2025-02-04  123  0.756098  0.934959  0.707317

[1008 rows x 5 columns]",157,0.004512139360950979,0.014348668161423784,False
F_relative_21_logit_top500,relative,21,logit,expanding,top500,v2_all,relative,0.1,49155,1008,0.5271895025938358,0.5506052283592717,-0.023415725765435935,0.517721779403063,0.5372414983176407,4.850345774878998,0.8680779107277832,0.6220238095238095,"            day   n       acc   frac_up      y_up
0    2021-02-01  48  0.208333  0.250000  0.666667
1    2021-02-02  48  0.166667  0.291667  0.666667
2    2021-02-03  48  0.125000  0.291667  0.666667
3    2021-02-04  48  0.104167  0.291667  0.687500
4    2021-02-05  48  0.166667  0.291667  0.708333
...         ...  ..       ...       ...       ...
1003 2025-01-29  49  0.693878  0.836735  0.653061
1004 2025-01-30  49  0.816327  0.857143  0.673469
1005 2025-01-31  49  0.775510  0.836735  0.653061
1006 2025-02-03  49  0.755102  0.836735  0.673469
1007 2025-02-04  49  0.775510  0.836735  0.653061

[1008 rows x 5 columns]",158,0.004979520131269824,0.015844884751086648,False
F_relative_21_logit_top500,relative,21,logit,expanding,top500,v2_all,relative,0.05,24192,1008,0.5250496031746031,0.5324487433862434,-0.007399140211640232,0.514422123015873,0.5358796296296297,2.928042874358636,0.8425925925925927,0.5208333333333334,"            day   n       acc   frac_up      y_up
0    2021-02-01  24  0.208333  0.458333  0.583333
1    2021-02-02  24  0.125000  0.500000  0.625000
2    2021-02-03  24  0.083333  0.541667  0.541667
3    2021-02-04  24  0.083333  0.500000  0.583333
4    2021-02-05  24  0.125000  0.541667  0.583333
...         ...  ..       ...       ...       ...
1003 2025-01-29  24  0.750000  0.750000  0.583333
1004 2025-01-30  24  0.791667  0.750000  0.541667
1005 2025-01-31  24  0.791667  0.708333  0.500000
1006 2025-02-03  24  0.666667  0.666667  0.500000
1007 2025-02-04  24  0.791667  0.666667  0.541667

[1008 rows x 5 columns]",159,0.005473853727999151,0.0174287093573493,False
F_relative_21_logit_top500,relative,21,logit,expanding,top500,v2_all,relative,0.02,9072,1008,0.5246913580246914,0.5087081128747796,0.015983245149911784,0.5111304012345679,0.538031856261023,1.731714849939975,0.818783068783069,0.5277777777777778,"            day  n       acc   frac_up      y_up
0    2021-02-01  9  0.222222  0.888889  0.333333
1    2021-02-02  9  0.333333  0.777778  0.555556
2    2021-02-03  9  0.222222  0.888889  0.333333
3    2021-02-04  9  0.222222  0.888889  0.333333
4    2021-02-05  9  0.333333  0.888889  0.444444
...         ... ..       ...       ...       ...
1003 2025-01-29  9  0.777778  0.444444  0.444444
1004 2025-01-30  9  0.888889  0.444444  0.333333
1005 2025-01-31  9  0.888889  0.333333  0.222222
1006 2025-02-03  9  0.888889  0.333333  0.444444
1007 2025-02-04  9  1.000000  0.333333  0.333333

[1008 rows x 5 columns]",160,0.00686261607817733,0.021864027330538674,False
F_relative_21_logit_top500,relative,21,logit,expanding,top500,v2_all,relative,0.01,4032,1008,0.5277777777777778,0.4955357142857143,0.03224206349206349,0.5109126984126984,0.5453869047619048,1.2445456545776201,0.8268849206349206,0.4861111111111111,"            day  n   acc  frac_up  y_up
0    2021-02-01  4  0.50      1.0  0.50
1    2021-02-02  4  0.75      1.0  0.75
2    2021-02-03  4  0.50      1.0  0.50
3    2021-02-04  4  0.50      1.0  0.50
4    2021-02-05  4  0.50      1.0  0.50
...         ... ..   ...      ...   ...
1003 2025-01-29  4  0.75      0.0  0.25
1004 2025-01-30  4  1.00      0.0  0.00
1005 2025-01-31  4  1.00      0.0  0.00
1006 2025-02-03  4  1.00      0.0  0.00
1007 2025-02-04  4  1.00      0.0  0.00

[1008 rows x 5 columns]",161,0.008794440395205712,0.0280359376702599,True
F_extremes10_21_hgb_shallow_top500,extremes10,21,hgb_shallow,expanding,top500,v2_all,relative,1.0,497096,1008,0.5386967507282295,0.5699502711749843,-0.03125352044675478,0.5337555552041925,0.5436379905354494,12.715093213363046,0.8317570867344829,0.7192460317460317,"            day    n       acc   frac_up      y_up
0    2021-02-01  486  0.528807  0.228395  0.477366
1    2021-02-02  486  0.493827  0.232510  0.504115
2    2021-02-03  485  0.420619  0.154639  0.560825
3    2021-02-04  485  0.422680  0.160825  0.544330
4    2021-02-05  486  0.390947  0.148148  0.567901
...         ...  ...       ...       ...       ...
1003 2025-01-29  492  0.575203  0.951220  0.575203
1004 2025-01-30  492  0.607724  0.953252  0.597561
1005 2025-01-31  492  0.571138  0.955285  0.563008
1006 2025-02-03  492  0.569106  0.955285  0.560976
1007 2025-02-04  492  0.554878  0.959350  0.550813

[1008 rows x 5 columns]",162,0.0025210294212389996,0.008041725318416484,False
F_extremes10_21_hgb_shallow_top500,extremes10,21,hgb_shallow,expanding,top500,v2_all,relative,0.5,248309,1008,0.5459165797453979,0.57493284576878,-0.029016266023382142,0.5389697312439451,0.552772660653088,12.256593126468427,0.895058113071924,0.6775793650793651,"            day    n       acc   frac_up      y_up
0    2021-02-01  243  0.559671  0.119342  0.395062
1    2021-02-02  243  0.526749  0.111111  0.436214
2    2021-02-03  242  0.462810  0.066116  0.512397
3    2021-02-04  242  0.438017  0.061983  0.524793
4    2021-02-05  243  0.403292  0.057613  0.563786
...         ...  ...       ...       ...       ...
1003 2025-01-29  246  0.695122  1.000000  0.695122
1004 2025-01-30  246  0.711382  1.000000  0.711382
1005 2025-01-31  246  0.678862  1.000000  0.678862
1006 2025-02-03  246  0.654472  1.000000  0.654472
1007 2025-02-04  246  0.678862  1.000000  0.678862

[1008 rows x 5 columns]",163,0.0035211554615160617,0.0112387761024319,False
F_extremes10_21_hgb_shallow_top500,extremes10,21,hgb_shallow,expanding,top500,v2_all,relative,0.25,123920,1008,0.5448030987734022,0.5755648805681085,-0.030761781794706344,0.5364421914335226,0.5534547758731961,9.210343483641958,0.9163876931029619,0.6448412698412699,"            day    n       acc   frac_up      y_up
0    2021-02-01  121  0.702479  0.090909  0.305785
1    2021-02-02  121  0.561983  0.074380  0.396694
2    2021-02-03  121  0.487603  0.041322  0.487603
3    2021-02-04  121  0.462810  0.024793  0.512397
4    2021-02-05  121  0.421488  0.033058  0.545455
...         ...  ...       ...       ...       ...
1003 2025-01-29  123  0.764228  1.000000  0.764228
1004 2025-01-30  123  0.772358  1.000000  0.772358
1005 2025-01-31  123  0.739837  1.000000  0.739837
1006 2025-02-03  123  0.764228  1.000000  0.764228
1007 2025-02-04  123  0.723577  1.000000  0.723577

[1008 rows x 5 columns]",164,0.004339945010120809,0.013860491324273501,False
F_extremes10_21_hgb_shallow_top500,extremes10,21,hgb_shallow,expanding,top500,v2_all,relative,0.1,49155,1008,0.5416336079747737,0.570542162547045,-0.028908554572271372,0.5312732587928796,0.5519422891757323,5.389060847975043,0.9325801749271136,0.625,"            day   n       acc   frac_up      y_up
0    2021-02-01  48  0.833333  0.062500  0.187500
1    2021-02-02  48  0.645833  0.083333  0.312500
2    2021-02-03  48  0.583333  0.020833  0.395833
3    2021-02-04  48  0.500000  0.041667  0.458333
4    2021-02-05  48  0.479167  0.041667  0.479167
...         ...  ..       ...       ...       ...
1003 2025-01-29  49  0.857143  1.000000  0.857143
1004 2025-01-30  49  0.857143  1.000000  0.857143
1005 2025-01-31  49  0.836735  1.000000  0.836735
1006 2025-02-03  49  0.857143  1.000000  0.857143
1007 2025-02-04  49  0.816327  1.000000  0.816327

[1008 rows x 5 columns]",165,0.005272711832360389,0.01684950399126745,False
F_extremes10_21_hgb_shallow_top500,extremes10,21,hgb_shallow,expanding,top500,v2_all,relative,0.05,24192,1008,0.5400958994708994,0.5681216931216931,-0.028025793650793718,0.5280237268518518,0.5519179894179894,3.6239743376996767,0.9429150132275133,0.5753968253968254,"            day   n       acc   frac_up      y_up
0    2021-02-01  24  0.875000  0.125000  0.166667
1    2021-02-02  24  0.750000  0.125000  0.208333
2    2021-02-03  24  0.583333  0.000000  0.416667
3    2021-02-04  24  0.500000  0.000000  0.500000
4    2021-02-05  24  0.541667  0.041667  0.416667
...         ...  ..       ...       ...       ...
1003 2025-01-29  24  0.875000  1.000000  0.875000
1004 2025-01-30  24  0.958333  1.000000  0.958333
1005 2025-01-31  24  0.916667  1.000000  0.916667
1006 2025-02-03  24  0.875000  1.000000  0.875000
1007 2025-02-04  24  0.750000  1.000000  0.750000

[1008 rows x 5 columns]",166,0.0060954751444228525,0.019490252537638714,False
F_extremes10_21_hgb_shallow_top500,extremes10,21,hgb_shallow,expanding,top500,v2_all,relative,0.02,9072,1008,0.5189594356261023,0.5510361552028219,-0.03207671957671965,0.5034171075837742,0.5339506172839507,2.2316525696411973,0.9561287477954145,0.5515873015873016,"            day  n       acc   frac_up      y_up
0    2021-02-01  9  0.777778  0.333333  0.333333
1    2021-02-02  9  0.777778  0.111111  0.111111
2    2021-02-03  9  0.333333  0.000000  0.666667
3    2021-02-04  9  0.444444  0.000000  0.555556
4    2021-02-05  9  0.444444  0.000000  0.555556
...         ... ..       ...       ...       ...
1003 2025-01-29  9  0.888889  1.000000  0.888889
1004 2025-01-30  9  1.000000  1.000000  1.000000
1005 2025-01-31  9  0.888889  1.000000  0.888889
1006 2025-02-03  9  0.888889  1.000000  0.888889
1007 2025-02-04  9  0.777778  1.000000  0.777778

[1008 rows x 5 columns]",167,0.00778916063780011,0.02492043027583419,False
F_extremes10_21_hgb_shallow_top500,extremes10,21,hgb_shallow,expanding,top500,v2_all,relative,0.01,4032,1008,0.49702380952380953,0.5277777777777778,-0.030753968253968256,0.4764322916666666,0.5166232638888889,1.6722147678134862,0.9677579365079365,0.4126984126984127,"            day  n   acc  frac_up  y_up
0    2021-02-01  4  0.75     0.50  0.75
1    2021-02-02  4  0.75     0.25  0.00
2    2021-02-03  4  0.25     0.00  0.75
3    2021-02-04  4  0.50     0.00  0.50
4    2021-02-05  4  0.50     0.00  0.50
...         ... ..   ...      ...   ...
1003 2025-01-29  4  1.00     1.00  1.00
1004 2025-01-30  4  1.00     1.00  1.00
1005 2025-01-31  4  0.75     1.00  0.75
1006 2025-02-03  4  0.75     1.00  0.75
1007 2025-02-04  4  0.75     1.00  0.75

[1008 rows x 5 columns]",168,0.010252799036281197,0.03282165504761949,False
F_relative_21_logit_liquid,relative,21,logit,expanding,liquid,v2_all,relative,1.0,830525,1008,0.5297432347009422,0.5443027000993348,-0.01455946539839259,0.5254241835249193,0.5339910211913718,16.08291381845977,0.7653970861065937,0.7222222222222222,"            day    n       acc   frac_up      y_up
0    2021-02-01  699  0.426323  0.236052  0.500715
1    2021-02-02  699  0.420601  0.236052  0.520744
2    2021-02-03  699  0.387697  0.198856  0.562232
3    2021-02-04  700  0.394286  0.195714  0.552857
4    2021-02-05  701  0.375178  0.201141  0.563481
...         ...  ...       ...       ...       ...
1003 2025-01-29  898  0.591314  0.789532  0.496659
1004 2025-01-30  897  0.619844  0.806020  0.510591
1005 2025-01-31  898  0.595768  0.793987  0.496659
1006 2025-02-03  898  0.585746  0.812918  0.507795
1007 2025-02-04  899  0.602892  0.807564  0.503893

[1008 rows x 5 columns]",169,0.0021854177720542086,0.007000093864851911,False
F_relative_21_logit_liquid,relative,21,logit,expanding,liquid,v2_all,relative,0.5,414995,1008,0.5446716225496693,0.5534837769129749,-0.008812154363305624,0.537990236801215,0.5511502338652623,18.83683760942805,0.8277880370421056,0.6607142857142857,"            day    n       acc   frac_up      y_up
0    2021-02-01  349  0.386819  0.151862  0.547278
1    2021-02-02  349  0.358166  0.146132  0.575931
2    2021-02-03  349  0.346705  0.108883  0.607450
3    2021-02-04  350  0.320000  0.111429  0.631429
4    2021-02-05  350  0.320000  0.128571  0.614286
...         ...  ...       ...       ...       ...
1003 2025-01-29  449  0.659243  0.884187  0.614699
1004 2025-01-30  448  0.694196  0.892857  0.662946
1005 2025-01-31  449  0.628062  0.877506  0.612472
1006 2025-02-03  449  0.619154  0.904232  0.612472
1007 2025-02-04  449  0.643653  0.902004  0.630290

[1008 rows x 5 columns]",170,0.003357142108175318,0.01075941622979689,False
F_relative_21_logit_liquid,relative,21,logit,expanding,liquid,v2_all,relative,0.25,207241,1008,0.5531916946936176,0.5481154790799118,0.005076215613705859,0.5453091375416393,0.561116270849429,13.43386813568771,0.8069264484204733,0.6299603174603174,"            day    n       acc   frac_up      y_up
0    2021-02-01  174  0.379310  0.166667  0.557471
1    2021-02-02  174  0.339080  0.166667  0.586207
2    2021-02-03  174  0.321839  0.143678  0.603448
3    2021-02-04  175  0.325714  0.142857  0.622857
4    2021-02-05  175  0.342857  0.165714  0.605714
...         ...  ...       ...       ...       ...
1003 2025-01-29  224  0.678571  0.825893  0.620536
1004 2025-01-30  224  0.718750  0.848214  0.683036
1005 2025-01-31  224  0.674107  0.839286  0.665179
1006 2025-02-03  224  0.660714  0.861607  0.638393
1007 2025-02-04  224  0.714286  0.852679  0.700893

[1008 rows x 5 columns]",171,0.004032431966272886,0.012931052481910057,False
F_relative_21_logit_liquid,relative,21,logit,expanding,liquid,v2_all,relative,0.1,82572,1008,0.5615583975197403,0.5205759821731337,0.04098241534660663,0.5524112488535492,0.5706063624291733,7.019154962426829,0.7379859597803888,0.5793650793650794,"            day   n       acc   frac_up      y_up
0    2021-02-01  69  0.347826  0.275362  0.579710
1    2021-02-02  69  0.347826  0.289855  0.565217
2    2021-02-03  69  0.333333  0.231884  0.579710
3    2021-02-04  70  0.271429  0.257143  0.642857
4    2021-02-05  70  0.328571  0.271429  0.600000
...         ...  ..       ...       ...       ...
1003 2025-01-29  89  0.752809  0.719101  0.629213
1004 2025-01-30  89  0.775281  0.730337  0.685393
1005 2025-01-31  89  0.707865  0.707865  0.662921
1006 2025-02-03  89  0.719101  0.741573  0.662921
1007 2025-02-04  89  0.741573  0.741573  0.707865

[1008 rows x 5 columns]",172,0.004641610606026554,0.014892981372141671,True
F_relative_21_logit_liquid,relative,21,logit,expanding,liquid,v2_all,relative,0.05,40985,1008,0.5625716725631329,0.5181163840429426,0.04445528852019032,0.5533983008965915,0.5719249981796094,3.859759028702262,0.6893926729929898,0.564484126984127,"            day   n       acc   frac_up      y_up
0    2021-02-01  34  0.411765  0.441176  0.558824
1    2021-02-02  34  0.411765  0.470588  0.470588
2    2021-02-03  34  0.441176  0.411765  0.441176
3    2021-02-04  35  0.342857  0.428571  0.514286
4    2021-02-05  35  0.371429  0.428571  0.542857
...         ...  ..       ...       ...       ...
1003 2025-01-29  44  0.772727  0.545455  0.545455
1004 2025-01-30  44  0.750000  0.545455  0.568182
1005 2025-01-31  44  0.727273  0.590909  0.636364
1006 2025-02-03  44  0.704545  0.613636  0.636364
1007 2025-02-04  44  0.750000  0.590909  0.613636

[1008 rows x 5 columns]",173,0.0047261982864841645,0.01517292443366286,True
F_relative_21_logit_liquid,relative,21,logit,expanding,liquid,v2_all,relative,0.02,16227,1008,0.576569914340297,0.5789116903925556,-0.002341776052258604,0.5660445910475751,0.5873120503334127,1.8948670205061022,0.7316071122181066,0.6567460317460317,"            day   n       acc   frac_up      y_up
0    2021-02-01  13  0.461538  0.538462  0.461538
1    2021-02-02  13  0.615385  0.538462  0.461538
2    2021-02-03  13  0.615385  0.461538  0.384615
3    2021-02-04  14  0.500000  0.500000  0.428571
4    2021-02-05  14  0.571429  0.571429  0.428571
...         ...  ..       ...       ...       ...
1003 2025-01-29  17  0.705882  0.235294  0.294118
1004 2025-01-30  17  0.823529  0.235294  0.294118
1005 2025-01-31  17  0.705882  0.176471  0.470588
1006 2025-02-03  17  0.705882  0.294118  0.470588
1007 2025-02-04  17  0.705882  0.235294  0.529412

[1008 rows x 5 columns]",174,0.005425372266795311,0.017427280940724345,False
F_relative_21_logit_liquid,relative,21,logit,expanding,liquid,v2_all,relative,0.01,7972,1008,0.5829152032112394,0.6063723030607125,-0.023457099849473195,0.5706924558337543,0.5958539719793846,1.3870050834529308,0.8233438051146384,0.7529761904761905,"            day  n       acc   frac_up      y_up
0    2021-02-01  6  0.333333  0.666667  0.333333
1    2021-02-02  6  0.666667  0.833333  0.500000
2    2021-02-03  6  0.500000  0.666667  0.166667
3    2021-02-04  7  0.714286  0.714286  0.428571
4    2021-02-05  7  0.714286  0.714286  0.428571
...         ... ..       ...       ...       ...
1003 2025-01-29  8  0.750000  0.000000  0.250000
1004 2025-01-30  8  0.750000  0.000000  0.250000
1005 2025-01-31  8  0.750000  0.000000  0.250000
1006 2025-02-03  8  0.750000  0.000000  0.250000
1007 2025-02-04  8  0.625000  0.000000  0.375000

[1008 rows x 5 columns]",175,0.006418754118783249,0.020629652006674458,False
F_relative_5_hgb_shallow_top500,relative,5,hgb_shallow,expanding,top500,v2_all,relative,1.0,496997,1008,0.5251238941080127,0.5394901780091228,-0.014366283901110055,0.5200998490121449,0.530246908316151,13.321033777137409,0.821998950919769,0.6438492063492064,"            day    n       acc   frac_up      y_up
0    2021-01-07  487  0.556468  0.342916  0.396304
1    2021-01-08  486  0.553498  0.294239  0.358025
2    2021-01-11  485  0.614433  0.171134  0.371134
3    2021-01-12  485  0.472165  0.490722  0.465979
4    2021-01-13  485  0.511340  0.517526  0.461856
...         ...  ...       ...       ...       ...
1003 2025-01-03  492  0.621951  0.910569  0.581301
1004 2025-01-06  492  0.638211  0.873984  0.573171
1005 2025-01-07  492  0.658537  0.916667  0.644309
1006 2025-01-08  491  0.631365  0.924644  0.633401
1007 2025-01-10  492  0.599593  0.756098  0.640244

[1008 rows x 5 columns]",176,0.002588535536736239,0.008324050924829648,False
F_relative_5_hgb_shallow_top500,relative,5,hgb_shallow,expanding,top500,v2_all,relative,0.5,248256,1008,0.5334896236143336,0.5425367362722351,-0.00904711265790148,0.5259907111504605,0.5413563196097873,15.520473814477066,0.8832495351176474,0.628968253968254,"            day    n       acc   frac_up      y_up
0    2021-01-07  243  0.596708  0.267490  0.374486
1    2021-01-08  243  0.567901  0.222222  0.382716
2    2021-01-11  242  0.661157  0.061983  0.351240
3    2021-01-12  242  0.425620  0.471074  0.475207
4    2021-01-13  242  0.570248  0.541322  0.442149
...         ...  ...       ...       ...       ...
1003 2025-01-03  246  0.593496  0.930894  0.565041
1004 2025-01-06  246  0.670732  0.898374  0.609756
1005 2025-01-07  246  0.691057  0.955285  0.670732
1006 2025-01-08  245  0.653061  0.983673  0.653061
1007 2025-01-10  246  0.666667  0.853659  0.682927

[1008 rows x 5 columns]",177,0.003919798076358871,0.012611946177777826,False
F_relative_5_hgb_shallow_top500,relative,5,hgb_shallow,expanding,top500,v2_all,relative,0.25,123892,1008,0.5370806831756691,0.5426904077745133,-0.0056097245988441236,0.5274315653041665,0.5468806829852808,12.301631088883955,0.8974954022300443,0.6130952380952381,"            day    n       acc   frac_up      y_up
0    2021-01-07  121  0.619835  0.206612  0.355372
1    2021-01-08  121  0.537190  0.165289  0.413223
2    2021-01-11  121  0.644628  0.024793  0.347107
3    2021-01-12  121  0.396694  0.479339  0.520661
4    2021-01-13  121  0.619835  0.504132  0.454545
...         ...  ...       ...       ...       ...
1003 2025-01-03  123  0.577236  0.902439  0.544715
1004 2025-01-06  123  0.707317  0.886179  0.593496
1005 2025-01-07  123  0.699187  0.959350  0.674797
1006 2025-01-08  122  0.631148  0.983607  0.631148
1007 2025-01-10  123  0.650407  0.861789  0.609756

[1008 rows x 5 columns]",178,0.00496150961252917,0.015972337152381156,False
F_relative_5_hgb_shallow_top500,relative,5,hgb_shallow,expanding,top500,v2_all,relative,0.1,49139,1008,0.5398359754980769,0.5413419076497283,-0.0015059321516514013,0.5283180534686319,0.5511773914246093,7.136739204079155,0.8987677660349854,0.6011904761904762,"            day   n       acc   frac_up      y_up
0    2021-01-07  48  0.666667  0.208333  0.375000
1    2021-01-08  48  0.541667  0.083333  0.416667
2    2021-01-11  48  0.666667  0.020833  0.354167
3    2021-01-12  48  0.395833  0.520833  0.541667
4    2021-01-13  48  0.625000  0.500000  0.458333
...         ...  ..       ...       ...       ...
1003 2025-01-03  49  0.571429  0.897959  0.591837
1004 2025-01-06  49  0.775510  0.836735  0.612245
1005 2025-01-07  49  0.775510  0.938776  0.755102
1006 2025-01-08  49  0.571429  0.959184  0.571429
1007 2025-01-10  49  0.673469  0.795918  0.551020

[1008 rows x 5 columns]",179,0.005831463764279946,0.018783081972553607,False
F_relative_5_hgb_shallow_top500,relative,5,hgb_shallow,expanding,top500,v2_all,relative,0.05,24192,1008,0.541005291005291,0.5395171957671958,0.0014880952380952328,0.5275276951058201,0.5538225446428571,4.604751629777017,0.8914930555555556,0.5615079365079365,"            day   n       acc   frac_up      y_up
0    2021-01-07  24  0.625000  0.291667  0.416667
1    2021-01-08  24  0.458333  0.083333  0.541667
2    2021-01-11  24  0.666667  0.000000  0.333333
3    2021-01-12  24  0.375000  0.583333  0.625000
4    2021-01-13  24  0.666667  0.541667  0.458333
...         ...  ..       ...       ...       ...
1003 2025-01-03  24  0.625000  0.833333  0.708333
1004 2025-01-06  24  0.791667  0.833333  0.625000
1005 2025-01-07  24  0.791667  0.958333  0.833333
1006 2025-01-08  24  0.625000  0.958333  0.666667
1007 2025-01-10  24  0.666667  0.750000  0.583333

[1008 rows x 5 columns]",180,0.006707869779856372,0.021617575172940513,False
F_relative_5_hgb_shallow_top500,relative,5,hgb_shallow,expanding,top500,v2_all,relative,0.02,9072,1008,0.5456349206349206,0.533289241622575,0.012345679012345623,0.5291005291005291,0.5613977072310405,2.465120552997221,0.8874559082892417,0.5763888888888888,"            day  n       acc   frac_up      y_up
0    2021-01-07  9  0.888889  0.222222  0.111111
1    2021-01-08  9  0.555556  0.000000  0.444444
2    2021-01-11  9  0.555556  0.000000  0.444444
3    2021-01-12  9  0.444444  0.555556  0.666667
4    2021-01-13  9  0.777778  0.333333  0.555556
...         ... ..       ...       ...       ...
1003 2025-01-03  9  0.555556  0.666667  0.666667
1004 2025-01-06  9  0.666667  0.888889  0.555556
1005 2025-01-07  9  0.777778  1.000000  0.777778
1006 2025-01-08  9  0.777778  1.000000  0.777778
1007 2025-01-10  9  0.666667  0.555556  0.222222

[1008 rows x 5 columns]",181,0.008239076053701907,0.026566381795461183,False
F_relative_5_hgb_shallow_top500,relative,5,hgb_shallow,expanding,top500,v2_all,relative,0.01,4032,1008,0.5436507936507936,0.5357142857142857,0.007936507936507908,0.5240575396825397,0.5632440476190477,1.5619192486194857,0.8849206349206349,0.4990079365079365,"            day  n   acc  frac_up  y_up
0    2021-01-07  4  1.00     0.00  0.00
1    2021-01-08  4  0.50     0.00  0.50
2    2021-01-11  4  0.50     0.00  0.50
3    2021-01-12  4  0.50     0.50  1.00
4    2021-01-13  4  0.50     0.25  0.75
...         ... ..   ...      ...   ...
1003 2025-01-03  4  0.25     0.50  0.75
1004 2025-01-06  4  0.75     1.00  0.75
1005 2025-01-07  4  0.75     1.00  0.75
1006 2025-01-08  4  0.75     1.00  0.75
1007 2025-01-10  4  0.75     0.50  0.25

[1008 rows x 5 columns]",182,0.009996558147068372,0.03225034889246099,False
F_extremes10_21_hgb_shallow_liquid,extremes10,21,hgb_shallow,expanding,liquid,v2_all,relative,1.0,830525,1008,0.532352427681286,0.5443629029830529,-0.01201047530176691,0.5287436776073047,0.5358148910027383,10.817798649284594,0.816148949421543,0.7470238095238095,"            day    n       acc   frac_up      y_up
0    2021-02-01  699  0.497854  0.330472  0.500715
1    2021-02-02  699  0.479256  0.288984  0.520744
2    2021-02-03  699  0.427754  0.213162  0.562232
3    2021-02-04  700  0.400000  0.198571  0.552857
4    2021-02-05  701  0.403709  0.186876  0.563481
...         ...  ...       ...       ...       ...
1003 2025-01-29  898  0.532294  0.917595  0.496659
1004 2025-01-30  897  0.538462  0.927536  0.510591
1005 2025-01-31  898  0.517817  0.918708  0.496659
1006 2025-02-03  898  0.530067  0.924276  0.507795
1007 2025-02-04  899  0.518354  0.929922  0.503893

[1008 rows x 5 columns]",183,0.001803880968222856,0.005822645079484089,False
F_extremes10_21_hgb_shallow_liquid,extremes10,21,hgb_shallow,expanding,liquid,v2_all,relative,0.5,414995,1008,0.5414691743274015,0.5583199797587923,-0.016850805431390836,0.53579883491914,0.5470516431165184,13.27116889626117,0.8943144170261546,0.7093253968253969,"            day    n       acc   frac_up      y_up
0    2021-02-01  349  0.527221  0.183381  0.467049
1    2021-02-02  349  0.495702  0.140401  0.495702
2    2021-02-03  349  0.446991  0.054441  0.532951
3    2021-02-04  350  0.400000  0.057143  0.565714
4    2021-02-05  350  0.371429  0.034286  0.605714
...         ...  ...       ...       ...       ...
1003 2025-01-29  449  0.628062  0.991091  0.619154
1004 2025-01-30  448  0.654018  0.991071  0.645089
1005 2025-01-31  449  0.625835  0.986637  0.616927
1006 2025-02-03  449  0.634744  0.988864  0.623608
1007 2025-02-04  449  0.652561  0.988864  0.641425

[1008 rows x 5 columns]",184,0.002870614336065917,0.009270738447470691,False
F_extremes10_21_hgb_shallow_liquid,extremes10,21,hgb_shallow,expanding,liquid,v2_all,relative,0.25,207241,1008,0.5457800338736061,0.5633923789211595,-0.01761234504755338,0.5384565287114751,0.5531674173333452,11.223781307864199,0.9163227779533044,0.6676587301587301,"            day    n       acc   frac_up      y_up
0    2021-02-01  174  0.603448  0.063218  0.390805
1    2021-02-02  174  0.545977  0.034483  0.431034
2    2021-02-03  174  0.465517  0.011494  0.522989
3    2021-02-04  175  0.417143  0.005714  0.577143
4    2021-02-05  175  0.394286  0.005714  0.600000
...         ...  ...       ...       ...       ...
1003 2025-01-29  224  0.718750  0.986607  0.705357
1004 2025-01-30  224  0.758929  0.982143  0.741071
1005 2025-01-31  224  0.727679  0.977679  0.705357
1006 2025-02-03  224  0.745536  0.982143  0.727679
1007 2025-02-04  224  0.781250  0.982143  0.763393

[1008 rows x 5 columns]",185,0.003752777709660737,0.012126009138605356,False
F_extremes10_21_hgb_shallow_liquid,extremes10,21,hgb_shallow,expanding,liquid,v2_all,relative,0.1,82572,1008,0.5499079591144698,0.56391997287216,-0.014012013757690234,0.5408521890916644,0.5592434449818484,7.332309788875332,0.9312661169264421,0.6329365079365079,"            day   n       acc   frac_up      y_up
0    2021-02-01  69  0.724638  0.014493  0.289855
1    2021-02-02  69  0.637681  0.000000  0.362319
2    2021-02-03  69  0.579710  0.000000  0.420290
3    2021-02-04  70  0.528571  0.000000  0.471429
4    2021-02-05  70  0.485714  0.000000  0.514286
...         ...  ..       ...       ...       ...
1003 2025-01-29  89  0.808989  0.988764  0.797753
1004 2025-01-30  89  0.853933  0.977528  0.831461
1005 2025-01-31  89  0.853933  0.977528  0.831461
1006 2025-02-03  89  0.797753  0.988764  0.786517
1007 2025-02-04  89  0.820225  0.977528  0.797753

[1008 rows x 5 columns]",186,0.004691646910761219,0.015167517136171607,False
F_extremes10_21_hgb_shallow_liquid,extremes10,21,hgb_shallow,expanding,liquid,v2_all,relative,0.05,40985,1008,0.5506648773941686,0.5600341588385995,-0.009369281444430944,0.5399996699347205,0.5612540739209745,4.715178043950598,0.9361702234750086,0.5942460317460317,"            day   n       acc   frac_up      y_up
0    2021-02-01  34  0.735294  0.000000  0.264706
1    2021-02-02  34  0.588235  0.000000  0.411765
2    2021-02-03  34  0.441176  0.000000  0.558824
3    2021-02-04  35  0.485714  0.000000  0.514286
4    2021-02-05  35  0.457143  0.000000  0.542857
...         ...  ..       ...       ...       ...
1003 2025-01-29  44  0.818182  0.977273  0.795455
1004 2025-01-30  44  0.909091  0.977273  0.886364
1005 2025-01-31  44  0.886364  1.000000  0.886364
1006 2025-02-03  44  0.795455  1.000000  0.795455
1007 2025-02-04  44  0.818182  1.000000  0.818182

[1008 rows x 5 columns]",187,0.005422041833228061,0.017537784556676372,False
F_extremes10_21_hgb_shallow_liquid,extremes10,21,hgb_shallow,expanding,liquid,v2_all,relative,0.02,16227,1008,0.5454489431194922,0.5473593393726505,-0.001910396253158253,0.5333126873970515,0.5576080492198332,2.499251412487446,0.9413746980273592,0.5347222222222222,"            day   n       acc  frac_up      y_up
0    2021-02-01  13  0.846154      0.0  0.153846
1    2021-02-02  13  0.615385      0.0  0.384615
2    2021-02-03  13  0.461538      0.0  0.538462
3    2021-02-04  14  0.571429      0.0  0.428571
4    2021-02-05  14  0.642857      0.0  0.357143
...         ...  ..       ...      ...       ...
1003 2025-01-29  17  1.000000      1.0  1.000000
1004 2025-01-30  17  1.000000      1.0  1.000000
1005 2025-01-31  17  0.941176      1.0  0.941176
1006 2025-02-03  17  0.941176      1.0  0.941176
1007 2025-02-04  17  0.705882      1.0  0.705882

[1008 rows x 5 columns]",188,0.006197796383362677,0.020057206660307986,False
F_extremes10_21_hgb_shallow_liquid,extremes10,21,hgb_shallow,expanding,liquid,v2_all,relative,0.01,7972,1008,0.5356246864024085,0.5329904666332163,0.002634219769192203,0.5207978625020502,0.5493540699862034,1.7880072816939925,0.9507314499874023,0.4722222222222222,"            day  n       acc  frac_up      y_up
0    2021-02-01  6  0.833333      0.0  0.166667
1    2021-02-02  6  1.000000      0.0  0.000000
2    2021-02-03  6  0.500000      0.0  0.500000
3    2021-02-04  7  0.571429      0.0  0.428571
4    2021-02-05  7  0.714286      0.0  0.285714
...         ... ..       ...      ...       ...
1003 2025-01-29  8  1.000000      1.0  1.000000
1004 2025-01-30  8  1.000000      1.0  1.000000
1005 2025-01-31  8  0.875000      1.0  0.875000
1006 2025-02-03  8  0.875000      1.0  0.875000
1007 2025-02-04  8  0.750000      1.0  0.750000

[1008 rows x 5 columns]",189,0.007284746807181944,0.02358671654381446,False
F_relative_5_hgb_shallow_liquid,relative,5,hgb_shallow,expanding,liquid,v2_all,relative,1.0,829603,1008,0.5236625229175883,0.5256176749601918,-0.0019551520426035474,0.5194702123866889,0.527798894831245,15.248616253472301,0.7466892921026657,0.6656746031746031,"            day    n       acc   frac_up      y_up
0    2021-01-07  696  0.579023  0.405172  0.438218
1    2021-01-08  696  0.500000  0.583333  0.408046
2    2021-01-11  697  0.614060  0.304161  0.403156
3    2021-01-12  700  0.484286  0.552857  0.460000
4    2021-01-13  700  0.502857  0.627143  0.450000
...         ...  ...       ...       ...       ...
1003 2025-01-03  917  0.642312  0.702290  0.527808
1004 2025-01-06  917  0.656489  0.652126  0.524537
1005 2025-01-07  922  0.650759  0.779826  0.567245
1006 2025-01-08  918  0.613290  0.788671  0.574074
1007 2025-01-10  915  0.594536  0.709290  0.572678

[1008 rows x 5 columns]",190,0.00212466388891737,0.006882746318310472,False
F_relative_5_hgb_shallow_liquid,relative,5,hgb_shallow,expanding,liquid,v2_all,relative,0.5,414551,1008,0.5325786212070409,0.527529785237522,0.005048835969518883,0.5258723230188512,0.5391107787938353,19.18288096475398,0.8145158251777868,0.6150793650793651,"            day    n       acc   frac_up      y_up
0    2021-01-07  348  0.614943  0.333333  0.390805
1    2021-01-08  348  0.531609  0.614943  0.462644
2    2021-01-11  348  0.672414  0.169540  0.347701
3    2021-01-12  350  0.480000  0.594286  0.462857
4    2021-01-13  350  0.494286  0.691429  0.442857
...         ...  ...       ...       ...       ...
1003 2025-01-03  458  0.685590  0.768559  0.537118
1004 2025-01-06  458  0.733624  0.689956  0.515284
1005 2025-01-07  461  0.713666  0.859002  0.624729
1006 2025-01-08  459  0.647059  0.875817  0.605664
1007 2025-01-10  457  0.630197  0.752735  0.562363

[1008 rows x 5 columns]",191,0.0033771570854551174,0.01094560882481516,False
F_relative_5_hgb_shallow_liquid,relative,5,hgb_shallow,expanding,liquid,v2_all,relative,0.25,207031,1008,0.5358859301264062,0.5263752771324102,0.009510652993996005,0.5273495306148992,0.5443163927725223,16.150972883166315,0.8145688185302594,0.5892857142857143,"            day    n       acc   frac_up      y_up
0    2021-01-07  174  0.637931  0.275862  0.350575
1    2021-01-08  174  0.591954  0.522989  0.494253
2    2021-01-11  174  0.666667  0.057471  0.321839
3    2021-01-12  175  0.434286  0.548571  0.440000
4    2021-01-13  175  0.497143  0.680000  0.451429
...         ...  ...       ...       ...       ...
1003 2025-01-03  229  0.724891  0.694323  0.515284
1004 2025-01-06  229  0.759825  0.615721  0.480349
1005 2025-01-07  230  0.721739  0.847826  0.639130
1006 2025-01-08  229  0.615721  0.886463  0.572052
1007 2025-01-10  228  0.596491  0.666667  0.500000

[1008 rows x 5 columns]",192,0.004328281162658956,0.014035242214087907,False
F_relative_5_hgb_shallow_liquid,relative,5,hgb_shallow,expanding,liquid,v2_all,relative,0.1,82500,1008,0.538860606060606,0.5190181818181818,0.019842424242424217,0.5278666861342698,0.5498038286961814,9.890731279641853,0.7908125036802357,0.5426587301587301,"            day   n       acc   frac_up      y_up
0    2021-01-07  69  0.724638  0.130435  0.231884
1    2021-01-08  69  0.594203  0.405797  0.521739
2    2021-01-11  69  0.753623  0.028986  0.246377
3    2021-01-12  70  0.457143  0.514286  0.428571
4    2021-01-13  70  0.528571  0.628571  0.442857
...         ...  ..       ...       ...       ...
1003 2025-01-03  91  0.747253  0.604396  0.483516
1004 2025-01-06  91  0.824176  0.505495  0.439560
1005 2025-01-07  92  0.771739  0.782609  0.684783
1006 2025-01-08  91  0.659341  0.835165  0.604396
1007 2025-01-10  91  0.615385  0.516484  0.373626

[1008 rows x 5 columns]",193,0.005596209837222346,0.018155695506190807,True
F_relative_5_hgb_shallow_liquid,relative,5,hgb_shallow,expanding,liquid,v2_all,relative,0.05,40970,1008,0.5419575298999267,0.5088113253600195,0.03314620453990724,0.5296322057064502,0.554200485922309,6.252552792293141,0.7710025254796657,0.5297619047619048,"            day   n       acc   frac_up      y_up
0    2021-01-07  34  0.735294  0.058824  0.205882
1    2021-01-08  34  0.647059  0.205882  0.441176
2    2021-01-11  34  0.705882  0.000000  0.294118
3    2021-01-12  35  0.485714  0.457143  0.514286
4    2021-01-13  35  0.600000  0.600000  0.428571
...         ...  ..       ...       ...       ...
1003 2025-01-03  45  0.711111  0.533333  0.466667
1004 2025-01-06  45  0.822222  0.333333  0.333333
1005 2025-01-07  46  0.782609  0.760870  0.673913
1006 2025-01-08  45  0.688889  0.822222  0.600000
1007 2025-01-10  45  0.666667  0.377778  0.266667

[1008 rows x 5 columns]",194,0.006267418422412952,0.020343268166496016,True
F_relative_5_hgb_shallow_liquid,relative,5,hgb_shallow,expanding,liquid,v2_all,relative,0.02,16208,1008,0.551949654491609,0.5043188548864758,0.04763079960513328,0.5374477871203117,0.565916595829595,3.3957694316916154,0.7608582686992176,0.5446428571428571,"            day   n       acc   frac_up      y_up
0    2021-01-07  13  0.615385  0.076923  0.307692
1    2021-01-08  13  0.692308  0.153846  0.461538
2    2021-01-11  13  0.615385  0.000000  0.384615
3    2021-01-12  14  0.500000  0.428571  0.500000
4    2021-01-13  14  0.571429  0.500000  0.357143
...         ...  ..       ...       ...       ...
1003 2025-01-03  18  0.722222  0.388889  0.444444
1004 2025-01-06  18  0.833333  0.388889  0.444444
1005 2025-01-07  18  0.777778  0.555556  0.555556
1006 2025-01-08  18  0.555556  0.722222  0.388889
1007 2025-01-10  18  0.777778  0.055556  0.166667

[1008 rows x 5 columns]",195,0.00726245120134777,0.023584522758852394,True
F_relative_5_hgb_shallow_liquid,relative,5,hgb_shallow,expanding,liquid,v2_all,relative,0.01,7959,1008,0.5549692172383466,0.518783766804875,0.036185450433471544,0.538876797975034,0.5702058119038351,2.0537985186207735,0.7949755133534896,0.5595238095238095,"            day  n       acc   frac_up      y_up
0    2021-01-07  6  0.833333  0.000000  0.166667
1    2021-01-08  6  1.000000  0.000000  0.000000
2    2021-01-11  6  0.666667  0.000000  0.333333
3    2021-01-12  7  0.428571  0.142857  0.428571
4    2021-01-13  7  0.571429  0.285714  0.428571
...         ... ..       ...       ...       ...
1003 2025-01-03  9  0.777778  0.111111  0.111111
1004 2025-01-06  9  0.777778  0.333333  0.333333
1005 2025-01-07  9  0.777778  0.444444  0.222222
1006 2025-01-08  9  0.777778  0.555556  0.555556
1007 2025-01-10  9  0.777778  0.000000  0.222222

[1008 rows x 5 columns]",196,0.007992095390000297,0.025966598736677452,True
F_relative_1_hgb_shallow_liquid,relative,1,hgb_shallow,expanding,liquid,v2_all,relative,1.0,829284,1008,0.515743701795766,0.5145318129856599,0.0012118888101061431,0.510775431307931,0.520571664509719,21.113157017529364,0.7213003626935776,0.5734126984126984,"            day    n       acc   frac_up      y_up
0    2020-12-31  693  0.463203  0.678211  0.383838
1    2021-01-04  695  0.474820  0.378417  0.474820
2    2021-01-05  696  0.481322  0.416667  0.550287
3    2021-01-06  696  0.531609  0.620690  0.497126
4    2021-01-07  696  0.597701  0.406609  0.515805
...         ...  ...       ...       ...       ...
1003 2024-12-27  917  0.531080  0.635769  0.435115
1004 2024-12-30  916  0.510917  0.744541  0.524017
1005 2024-12-31  911  0.392975  0.641054  0.462130
1006 2025-01-02  914  0.405908  0.588621  0.521882
1007 2025-01-03  917  0.447110  0.658670  0.496183

[1008 rows x 5 columns]",197,0.0024990390820887804,0.008123379168482863,False
F_relative_1_hgb_shallow_liquid,relative,1,hgb_shallow,expanding,liquid,v2_all,relative,0.5,414381,1008,0.5224081219940103,0.5184045600546358,0.004003561939374567,0.5145957248731322,0.5299679613223653,26.108575589957162,0.7954287010561643,0.5446428571428571,"            day    n       acc   frac_up      y_up
0    2020-12-31  346  0.407514  0.751445  0.401734
1    2021-01-04  347  0.438040  0.302594  0.530259
2    2021-01-05  348  0.471264  0.422414  0.537356
3    2021-01-06  348  0.594828  0.637931  0.594828
4    2021-01-07  348  0.652299  0.364943  0.494253
...         ...  ...       ...       ...       ...
1003 2024-12-27  458  0.543668  0.674672  0.419214
1004 2024-12-30  458  0.519651  0.799127  0.480349
1005 2024-12-31  455  0.336264  0.696703  0.437363
1006 2025-01-02  457  0.343545  0.599562  0.472648
1007 2025-01-03  458  0.382096  0.685590  0.390830

[1008 rows x 5 columns]",198,0.003921488890110494,0.01275330291552535,False
F_relative_1_hgb_shallow_liquid,relative,1,hgb_shallow,expanding,liquid,v2_all,relative,0.25,206941,1008,0.5257102265863217,0.5194234105373029,0.006286816049018817,0.5156603944137172,0.535632845302673,21.084824742013904,0.8088574068560608,0.5416666666666666,"            day    n       acc   frac_up      y_up
0    2020-12-31  173  0.387283  0.803468  0.387283
1    2021-01-04  173  0.416185  0.202312  0.589595
2    2021-01-05  174  0.477011  0.431034  0.471264
3    2021-01-06  174  0.586207  0.609195  0.678161
4    2021-01-07  174  0.735632  0.344828  0.448276
...         ...  ...       ...       ...       ...
1003 2024-12-27  229  0.620087  0.585153  0.441048
1004 2024-12-30  229  0.471616  0.772926  0.410480
1005 2024-12-31  227  0.330396  0.651982  0.466960
1006 2025-01-02  228  0.324561  0.473684  0.482456
1007 2025-01-03  229  0.358079  0.655022  0.379913

[1008 rows x 5 columns]",199,0.005095012981876459,0.01657767972335479,False
F_relative_1_hgb_shallow_liquid,relative,1,hgb_shallow,expanding,liquid,v2_all,relative,0.1,82459,1008,0.5334651159970409,0.5191671012260639,0.01429801477097703,0.5219173347563333,0.5452118302052494,11.677964125478097,0.8027711640725785,0.5525793650793651,"            day   n       acc   frac_up      y_up
0    2020-12-31  69  0.434783  0.797101  0.434783
1    2021-01-04  69  0.318841  0.072464  0.666667
2    2021-01-05  69  0.507246  0.492754  0.405797
3    2021-01-06  69  0.608696  0.492754  0.594203
4    2021-01-07  69  0.782609  0.434783  0.478261
...         ...  ..       ...       ...       ...
1003 2024-12-27  91  0.681319  0.296703  0.307692
1004 2024-12-30  91  0.538462  0.582418  0.406593
1005 2024-12-31  91  0.417582  0.417582  0.538462
1006 2025-01-02  91  0.351648  0.274725  0.461538
1007 2025-01-03  91  0.373626  0.461538  0.538462

[1008 rows x 5 columns]",200,0.005942473328805141,0.019344220029758073,False
F_relative_1_hgb_shallow_liquid,relative,1,hgb_shallow,expanding,liquid,v2_all,relative,0.05,40948,1008,0.5365341408615806,0.5150190485493797,0.021515092312200834,0.5240103028567481,0.5492468470968898,6.742664584470464,0.8005482258867357,0.5575396825396826,"            day   n       acc   frac_up      y_up
0    2020-12-31  34  0.529412  0.882353  0.470588
1    2021-01-04  34  0.323529  0.058824  0.676471
2    2021-01-05  34  0.558824  0.558824  0.529412
3    2021-01-06  34  0.441176  0.617647  0.705882
4    2021-01-07  34  0.882353  0.529412  0.529412
...         ...  ..       ...       ...       ...
1003 2024-12-27  45  0.711111  0.244444  0.266667
1004 2024-12-30  45  0.622222  0.355556  0.377778
1005 2024-12-31  45  0.400000  0.177778  0.600000
1006 2025-01-02  45  0.400000  0.155556  0.444444
1007 2025-01-03  45  0.400000  0.377778  0.533333

[1008 rows x 5 columns]",201,0.006437893938811647,0.020966798141229467,True
F_relative_1_hgb_shallow_liquid,relative,1,hgb_shallow,expanding,liquid,v2_all,relative,0.02,16197,1008,0.5420756930295734,0.5131814533555596,0.028894239674013722,0.5277731922713665,0.5564139403632539,3.517314887934791,0.8082352679319592,0.5515873015873016,"            day   n       acc   frac_up      y_up
0    2020-12-31  13  0.538462  0.923077  0.461538
1    2021-01-04  13  0.384615  0.076923  0.692308
2    2021-01-05  13  0.692308  0.769231  0.615385
3    2021-01-06  13  0.461538  0.538462  0.769231
4    2021-01-07  13  0.923077  0.692308  0.769231
...         ...  ..       ...       ...       ...
1003 2024-12-27  18  0.611111  0.166667  0.333333
1004 2024-12-30  18  0.777778  0.222222  0.333333
1005 2024-12-31  18  0.388889  0.111111  0.500000
1006 2025-01-02  18  0.444444  0.055556  0.500000
1007 2025-01-03  18  0.388889  0.333333  0.500000

[1008 rows x 5 columns]",202,0.007306313288746767,0.023806179093651056,True
F_relative_1_hgb_shallow_liquid,relative,1,hgb_shallow,expanding,liquid,v2_all,relative,0.01,7948,1008,0.5491947659788626,0.5012581781580272,0.04793658782083543,0.5327718593457258,0.5655590163474687,2.277718135593377,0.8378015558075081,0.5892857142857143,"            day  n       acc   frac_up      y_up
0    2020-12-31  6  0.333333  0.833333  0.166667
1    2021-01-04  6  0.500000  0.166667  0.666667
2    2021-01-05  6  0.833333  0.666667  0.500000
3    2021-01-06  6  0.500000  0.666667  0.833333
4    2021-01-07  6  1.000000  0.666667  0.666667
...         ... ..       ...       ...       ...
1003 2024-12-27  9  0.666667  0.111111  0.222222
1004 2024-12-30  9  0.666667  0.333333  0.444444
1005 2024-12-31  9  0.555556  0.000000  0.444444
1006 2025-01-02  9  0.444444  0.000000  0.555556
1007 2025-01-03  9  0.555556  0.111111  0.555556

[1008 rows x 5 columns]",203,0.008364070663709937,0.02726534626181365,True
F_relative_21_hgb_shallow_top500,relative,21,hgb_shallow,expanding,top500,v2_all,relative,1.0,497096,1008,0.5276807699116468,0.5699522828588441,-0.04227151294719733,0.5230546941015289,0.5323352592219295,11.355935171302713,0.7781994962652342,0.691468253968254,"            day    n       acc   frac_up      y_up
0    2021-02-01  486  0.530864  0.288066  0.477366
1    2021-02-02  486  0.489712  0.286008  0.504115
2    2021-02-03  485  0.465979  0.290722  0.560825
3    2021-02-04  485  0.449485  0.294845  0.544330
4    2021-02-05  486  0.436214  0.312757  0.567901
...         ...  ...       ...       ...       ...
1003 2025-01-29  492  0.593496  0.892276  0.575203
1004 2025-01-30  492  0.630081  0.890244  0.597561
1005 2025-01-31  492  0.591463  0.886179  0.563008
1006 2025-02-03  492  0.609756  0.869919  0.560976
1007 2025-02-04  492  0.589431  0.851626  0.550813

[1008 rows x 5 columns]",204,0.0023674911021429952,0.007721157639962704,False
F_relative_21_hgb_shallow_top500,relative,21,hgb_shallow,expanding,top500,v2_all,relative,0.5,248309,1008,0.5403549609559057,0.5772122637520186,-0.03685730279611288,0.5337640600833443,0.5470545912554949,11.963391882978947,0.8525215154216457,0.6785714285714286,"            day    n       acc   frac_up      y_up
0    2021-02-01  243  0.621399  0.176955  0.399177
1    2021-02-02  243  0.539095  0.164609  0.477366
2    2021-02-03  242  0.483471  0.177686  0.512397
3    2021-02-04  242  0.450413  0.198347  0.491736
4    2021-02-05  243  0.432099  0.205761  0.510288
...         ...  ...       ...       ...       ...
1003 2025-01-29  246  0.695122  0.959350  0.670732
1004 2025-01-30  246  0.727642  0.951220  0.711382
1005 2025-01-31  246  0.699187  0.951220  0.682927
1006 2025-02-03  246  0.715447  0.959350  0.699187
1007 2025-02-04  246  0.670732  0.926829  0.670732

[1008 rows x 5 columns]",205,0.0033904416255486278,0.011062414048375876,False
F_relative_21_hgb_shallow_top500,relative,21,hgb_shallow,expanding,top500,v2_all,relative,0.25,123920,1008,0.550734344738541,0.5833521626856036,-0.032617817947062644,0.5423946485485466,0.559464231452032,9.326523732428692,0.8677805158723715,0.6755952380952381,"            day    n       acc   frac_up      y_up
0    2021-02-01  121  0.727273  0.123967  0.280992
1    2021-02-02  121  0.586777  0.140496  0.371901
2    2021-02-03  121  0.586777  0.123967  0.421488
3    2021-02-04  121  0.528926  0.148760  0.421488
4    2021-02-05  121  0.520661  0.148760  0.429752
...         ...  ...       ...       ...       ...
1003 2025-01-29  123  0.837398  0.959350  0.813008
1004 2025-01-30  123  0.813008  0.934959  0.796748
1005 2025-01-31  123  0.845528  0.943089  0.804878
1006 2025-02-03  123  0.764228  0.951220  0.731707
1007 2025-02-04  123  0.699187  0.894309  0.691057

[1008 rows x 5 columns]",206,0.004354485434562594,0.014214412066867807,False
F_relative_21_hgb_shallow_top500,relative,21,hgb_shallow,expanding,top500,v2_all,relative,0.1,49155,1008,0.5610416030922591,0.5842132031329468,-0.023171600040687634,0.5501111397833168,0.5725423675406153,6.424378902695453,0.8741640009178274,0.6428571428571429,"            day   n       acc   frac_up      y_up
0    2021-02-01  48  0.791667  0.187500  0.270833
1    2021-02-02  48  0.583333  0.187500  0.437500
2    2021-02-03  48  0.562500  0.145833  0.458333
3    2021-02-04  48  0.479167  0.166667  0.479167
4    2021-02-05  48  0.500000  0.187500  0.437500
...         ...  ..       ...       ...       ...
1003 2025-01-29  49  0.918367  0.979592  0.897959
1004 2025-01-30  49  0.959184  0.938776  0.938776
1005 2025-01-31  49  0.938776  0.979592  0.918367
1006 2025-02-03  49  0.897959  0.938776  0.877551
1007 2025-02-04  49  0.775510  0.836735  0.734694

[1008 rows x 5 columns]",207,0.005722251978902664,0.01868771995280568,False
F_relative_21_hgb_shallow_top500,relative,21,hgb_shallow,expanding,top500,v2_all,relative,0.05,24192,1008,0.5650214947089947,0.5748181216931217,-0.009796626984127088,0.5524140211640212,0.578042328042328,4.181756712792139,0.8726851851851852,0.5783730158730159,"            day   n       acc   frac_up      y_up
0    2021-02-01  24  0.750000  0.208333  0.291667
1    2021-02-02  24  0.625000  0.250000  0.375000
2    2021-02-03  24  0.458333  0.041667  0.500000
3    2021-02-04  24  0.500000  0.208333  0.541667
4    2021-02-05  24  0.500000  0.166667  0.416667
...         ...  ..       ...       ...       ...
1003 2025-01-29  24  0.916667  1.000000  0.916667
1004 2025-01-30  24  1.000000  1.000000  1.000000
1005 2025-01-31  24  1.000000  0.958333  0.958333
1006 2025-02-03  24  0.958333  0.958333  1.000000
1007 2025-02-04  24  0.833333  0.833333  0.750000

[1008 rows x 5 columns]",208,0.0065378333873231794,0.021360889809434548,False
F_relative_21_hgb_shallow_top500,relative,21,hgb_shallow,expanding,top500,v2_all,relative,0.02,9072,1008,0.5652557319223986,0.5615079365079365,0.0037477954144621295,0.5501515652557318,0.5805776014109347,2.3293528015684886,0.8658509700176368,0.564484126984127,"            day  n       acc   frac_up      y_up
0    2021-02-01  9  0.888889  0.222222  0.111111
1    2021-02-02  9  0.666667  0.111111  0.444444
2    2021-02-03  9  0.666667  0.000000  0.333333
3    2021-02-04  9  0.666667  0.000000  0.333333
4    2021-02-05  9  0.555556  0.000000  0.444444
...         ... ..       ...       ...       ...
1003 2025-01-29  9  1.000000  1.000000  1.000000
1004 2025-01-30  9  1.000000  1.000000  1.000000
1005 2025-01-31  9  1.000000  1.000000  1.000000
1006 2025-02-03  9  1.000000  1.000000  1.000000
1007 2025-02-04  9  0.777778  0.777778  0.777778

[1008 rows x 5 columns]",209,0.007761743917143596,0.025371131498169993,False
F_relative_21_hgb_shallow_top500,relative,21,hgb_shallow,expanding,top500,v2_all,relative,0.01,4032,1008,0.5649801587301587,0.5562996031746031,0.00868055555555558,0.5456349206349206,0.5843253968253969,1.6069973419120773,0.8747519841269841,0.5069444444444444,"            day  n   acc  frac_up  y_up
0    2021-02-01  4  1.00     0.00  0.00
1    2021-02-02  4  1.00     0.00  0.00
2    2021-02-03  4  0.75     0.00  0.25
3    2021-02-04  4  0.50     0.00  0.50
4    2021-02-05  4  0.50     0.00  0.50
...         ... ..   ...      ...   ...
1003 2025-01-29  4  1.00     1.00  1.00
1004 2025-01-30  4  1.00     1.00  1.00
1005 2025-01-31  4  1.00     1.00  1.00
1006 2025-02-03  4  1.00     1.00  1.00
1007 2025-02-04  4  1.00     0.75  0.75

[1008 rows x 5 columns]",210,0.00987001943634599,0.032276948156678954,False
F_relative_10_hgb_shallow_liquid,relative,10,hgb_shallow,expanding,liquid,v2_all,relative,1.0,829942,1008,0.5254427417819558,0.5337131992356092,-0.008270457453653401,0.5214088123617783,0.5297608592694734,14.979042873538306,0.744214285268924,0.7232142857142857,"            day    n       acc   frac_up      y_up
0    2021-01-14  700  0.347143  0.470000  0.431429
1    2021-01-15  699  0.446352  0.496423  0.414878
2    2021-01-19  700  0.458571  0.445714  0.430000
3    2021-01-20  700  0.488571  0.467143  0.401429
4    2021-01-21  700  0.528571  0.468571  0.434286
...         ...  ...       ...       ...       ...
1003 2025-01-13  912  0.554825  0.713816  0.564693
1004 2025-01-14  908  0.530837  0.779736  0.574890
1005 2025-01-15  907  0.551268  0.683572  0.574421
1006 2025-01-16  912  0.537281  0.742325  0.547149
1007 2025-01-17  906  0.532009  0.743929  0.523179

[1008 rows x 5 columns]",211,0.0021306242111467063,0.006970664041301068,False
F_relative_10_hgb_shallow_liquid,relative,10,hgb_shallow,expanding,liquid,v2_all,relative,0.5,414724,1008,0.5363108959211428,0.5347556447179329,0.001555251203209873,0.5301364834959436,0.5428589492140421,17.674215988001492,0.8097993092594657,0.6736111111111112,"            day    n       acc   frac_up      y_up
0    2021-01-14  350  0.280000  0.411429  0.480000
1    2021-01-15  349  0.432665  0.435530  0.441261
2    2021-01-19  350  0.448571  0.382857  0.460000
3    2021-01-20  350  0.497143  0.380000  0.442857
4    2021-01-21  350  0.542857  0.411429  0.457143
...         ...  ...       ...       ...       ...
1003 2025-01-13  456  0.596491  0.780702  0.574561
1004 2025-01-14  454  0.559471  0.828194  0.555066
1005 2025-01-15  453  0.567329  0.739514  0.571744
1006 2025-01-16  456  0.543860  0.760965  0.515351
1007 2025-01-17  453  0.560706  0.766004  0.507726

[1008 rows x 5 columns]",212,0.0032455269689026893,0.010622928838174209,False
F_relative_10_hgb_shallow_liquid,relative,10,hgb_shallow,expanding,liquid,v2_all,relative,0.25,207108,1008,0.5411283002105182,0.5310369469069278,0.010091353303590345,0.5330559944791721,0.5495146645955705,15.162097684343543,0.8068762879626046,0.6438492063492064,"            day    n       acc   frac_up      y_up
0    2021-01-14  175  0.257143  0.262857  0.571429
1    2021-01-15  174  0.419540  0.264368  0.465517
2    2021-01-19  175  0.451429  0.268571  0.485714
3    2021-01-20  175  0.548571  0.245714  0.480000
4    2021-01-21  175  0.548571  0.320000  0.462857
...         ...  ...       ...       ...       ...
1003 2025-01-13  228  0.600877  0.732456  0.552632
1004 2025-01-14  227  0.541850  0.770925  0.550661
1005 2025-01-15  226  0.592920  0.672566  0.566372
1006 2025-01-16  228  0.548246  0.714912  0.508772
1007 2025-01-17  226  0.579646  0.738938  0.530973

[1008 rows x 5 columns]",213,0.004198640335815932,0.013748597851139892,False
F_relative_10_hgb_shallow_liquid,relative,10,hgb_shallow,expanding,liquid,v2_all,relative,0.1,82531,1008,0.5454798802874071,0.5206770789158013,0.024802801371605843,0.5354994486179596,0.5559252789081186,9.608444303518416,0.7756679674778257,0.5763888888888888,"            day   n       acc   frac_up      y_up
0    2021-01-14  70  0.171429  0.071429  0.757143
1    2021-01-15  69  0.434783  0.057971  0.565217
2    2021-01-19  70  0.500000  0.085714  0.442857
3    2021-01-20  70  0.571429  0.071429  0.414286
4    2021-01-21  70  0.528571  0.128571  0.371429
...         ...  ..       ...       ...       ...
1003 2025-01-13  91  0.604396  0.571429  0.527473
1004 2025-01-14  90  0.555556  0.655556  0.566667
1005 2025-01-15  90  0.600000  0.466667  0.533333
1006 2025-01-16  91  0.571429  0.637363  0.516484
1007 2025-01-17  90  0.600000  0.677778  0.500000

[1008 rows x 5 columns]",214,0.0052106709923874965,0.017069980051427246,True
F_relative_10_hgb_shallow_liquid,relative,10,hgb_shallow,expanding,liquid,v2_all,relative,0.05,40973,1008,0.5498743074707735,0.5070656285846777,0.04280867888609574,0.5384253304418621,0.5612670602045824,5.927983051788564,0.7450249143621569,0.5069444444444444,"            day   n       acc   frac_up      y_up
0    2021-01-14  35  0.228571  0.000000  0.771429
1    2021-01-15  34  0.382353  0.029412  0.588235
2    2021-01-19  35  0.542857  0.028571  0.428571
3    2021-01-20  35  0.542857  0.057143  0.457143
4    2021-01-21  35  0.542857  0.085714  0.371429
...         ...  ..       ...       ...       ...
1003 2025-01-13  45  0.622222  0.400000  0.511111
1004 2025-01-14  45  0.555556  0.444444  0.577778
1005 2025-01-15  45  0.533333  0.333333  0.533333
1006 2025-01-16  45  0.688889  0.488889  0.488889
1007 2025-01-17  45  0.622222  0.555556  0.488889

[1008 rows x 5 columns]",215,0.005826971878244962,0.01909725122481144,True
F_relative_10_hgb_shallow_liquid,relative,10,hgb_shallow,expanding,liquid,v2_all,relative,0.02,16219,1008,0.5594056353659288,0.5102657377150256,0.04913989765090321,0.5460923179056276,0.5727496445766792,3.1710653945599554,0.7481637206164516,0.5446428571428571,"            day   n       acc   frac_up      y_up
0    2021-01-14  14  0.357143  0.000000  0.642857
1    2021-01-15  13  0.615385  0.000000  0.384615
2    2021-01-19  14  0.785714  0.000000  0.214286
3    2021-01-20  14  0.571429  0.000000  0.428571
4    2021-01-21  14  0.714286  0.071429  0.214286
...         ...  ..       ...       ...       ...
1003 2025-01-13  18  0.611111  0.111111  0.500000
1004 2025-01-14  18  0.555556  0.277778  0.611111
1005 2025-01-15  18  0.444444  0.222222  0.555556
1006 2025-01-16  18  0.777778  0.333333  0.444444
1007 2025-01-17  18  0.722222  0.444444  0.388889

[1008 rows x 5 columns]",216,0.006800338436492751,0.02229697805425899,True
F_relative_10_hgb_shallow_liquid,relative,10,hgb_shallow,expanding,liquid,v2_all,relative,0.01,7966,1008,0.5671604318353001,0.5356515189555612,0.03150891287973889,0.5516536368946592,0.5825996616888807,2.07170260043238,0.792916587931469,0.5962301587301587,"            day  n       acc   frac_up      y_up
0    2021-01-14  7  0.142857  0.000000  0.857143
1    2021-01-15  6  0.666667  0.000000  0.333333
2    2021-01-19  7  0.857143  0.000000  0.142857
3    2021-01-20  7  0.428571  0.000000  0.571429
4    2021-01-21  7  0.857143  0.000000  0.142857
...         ... ..       ...       ...       ...
1003 2025-01-13  9  0.555556  0.111111  0.555556
1004 2025-01-14  9  0.555556  0.222222  0.666667
1005 2025-01-15  9  0.333333  0.000000  0.666667
1006 2025-01-16  9  0.777778  0.333333  0.555556
1007 2025-01-17  9  0.777778  0.333333  0.333333

[1008 rows x 5 columns]",217,0.007894394080158542,0.025895290938179674,True
F_relative_21_hgb_shallow_liquid,relative,21,hgb_shallow,expanding,liquid,v2_all,relative,1.0,830525,1008,0.5295060353390928,0.544432738328166,-0.01492670298907317,0.5255923342812188,0.5330414455429826,12.069809169791409,0.730766638903752,0.7242063492063492,"            day    n       acc   frac_up      y_up
0    2021-02-01  699  0.580830  0.407725  0.500715
1    2021-02-02  699  0.536481  0.403433  0.520744
2    2021-02-03  699  0.493562  0.379113  0.562232
3    2021-02-04  700  0.470000  0.380000  0.552857
4    2021-02-05  701  0.470756  0.368046  0.563481
...         ...  ...       ...       ...       ...
1003 2025-01-29  898  0.601336  0.750557  0.496659
1004 2025-01-30  897  0.615385  0.750279  0.510591
1005 2025-01-31  898  0.580178  0.760579  0.496659
1006 2025-02-03  898  0.589087  0.760579  0.507795
1007 2025-02-04  899  0.601780  0.739711  0.503893

[1008 rows x 5 columns]",218,0.001900283485143837,0.006235996796334203,False
F_relative_21_hgb_shallow_liquid,relative,21,hgb_shallow,expanding,liquid,v2_all,relative,0.5,414995,1008,0.5435969108061542,0.5510885673321365,-0.007491656525982271,0.5377718966762058,0.5491613863482399,14.129680592155925,0.7965385372671153,0.7013888888888888,"            day    n       acc   frac_up      y_up
0    2021-02-01  349  0.607450  0.297994  0.432665
1    2021-02-02  349  0.538682  0.289398  0.452722
2    2021-02-03  349  0.484241  0.266476  0.518625
3    2021-02-04  350  0.485714  0.262857  0.485714
4    2021-02-05  350  0.471429  0.262857  0.528571
...         ...  ...       ...       ...       ...
1003 2025-01-29  449  0.659243  0.817372  0.587973
1004 2025-01-30  448  0.705357  0.803571  0.616071
1005 2025-01-31  449  0.665924  0.819599  0.592428
1006 2025-02-03  449  0.685969  0.830735  0.614699
1007 2025-02-04  449  0.703786  0.779510  0.612472

[1008 rows x 5 columns]",219,0.0029054820591923507,0.009538721698910084,False
F_relative_21_hgb_shallow_liquid,relative,21,hgb_shallow,expanding,liquid,v2_all,relative,0.25,207241,1008,0.5526078333920411,0.551565568589227,0.001042264802814108,0.5453084183155261,0.5598131874362275,11.408942054171773,0.7996518443451522,0.6656746031746031,"            day    n       acc   frac_up      y_up
0    2021-02-01  174  0.666667  0.149425  0.333333
1    2021-02-02  174  0.586207  0.155172  0.431034
2    2021-02-03  174  0.557471  0.132184  0.459770
3    2021-02-04  175  0.491429  0.131429  0.480000
4    2021-02-05  175  0.468571  0.131429  0.514286
...         ...  ...       ...       ...       ...
1003 2025-01-29  224  0.718750  0.799107  0.651786
1004 2025-01-30  224  0.767857  0.776786  0.696429
1005 2025-01-31  224  0.745536  0.790179  0.678571
1006 2025-02-03  224  0.745536  0.825893  0.678571
1007 2025-02-04  224  0.758929  0.732143  0.669643

[1008 rows x 5 columns]",220,0.003700196204260567,0.012152908490333568,False
F_relative_21_hgb_shallow_liquid,relative,21,hgb_shallow,expanding,liquid,v2_all,relative,0.1,82572,1008,0.5612314101632515,0.5442038463401637,0.017027563823087788,0.5520222207812242,0.5704164063026496,7.440841295503721,0.7736937407529623,0.5813492063492064,"            day   n       acc   frac_up      y_up
0    2021-02-01  69  0.782609  0.101449  0.260870
1    2021-02-02  69  0.608696  0.086957  0.420290
2    2021-02-03  69  0.565217  0.072464  0.449275
3    2021-02-04  70  0.442857  0.071429  0.514286
4    2021-02-05  70  0.471429  0.114286  0.500000
...         ...  ..       ...       ...       ...
1003 2025-01-29  89  0.842697  0.775281  0.730337
1004 2025-01-30  89  0.808989  0.775281  0.786517
1005 2025-01-31  89  0.831461  0.797753  0.831461
1006 2025-02-03  89  0.808989  0.820225  0.786517
1007 2025-02-04  89  0.797753  0.685393  0.707865

[1008 rows x 5 columns]",221,0.0046923942656697335,0.01541815751807787,True
F_relative_21_hgb_shallow_liquid,relative,21,hgb_shallow,expanding,liquid,v2_all,relative,0.05,40985,1008,0.5649139929242406,0.5265340978406734,0.038379895083567206,0.5544666793897399,0.5755192108580319,4.716764968873051,0.7480706245241525,0.5367063492063492,"            day   n       acc   frac_up      y_up
0    2021-02-01  34  0.852941  0.029412  0.176471
1    2021-02-02  34  0.500000  0.058824  0.500000
2    2021-02-03  34  0.588235  0.058824  0.411765
3    2021-02-04  35  0.400000  0.057143  0.542857
4    2021-02-05  35  0.428571  0.028571  0.542857
...         ...  ..       ...       ...       ...
1003 2025-01-29  44  0.818182  0.704545  0.659091
1004 2025-01-30  44  0.795455  0.681818  0.795455
1005 2025-01-31  44  0.863636  0.750000  0.840909
1006 2025-02-03  44  0.840909  0.704545  0.772727
1007 2025-02-04  44  0.772727  0.613636  0.750000

[1008 rows x 5 columns]",222,0.005370543741911225,0.01765378256815627,True
F_relative_21_hgb_shallow_liquid,relative,21,hgb_shallow,expanding,liquid,v2_all,relative,0.02,16227,1008,0.5765082886547113,0.5013249522400937,0.07518333641461761,0.5644635898508682,0.5890319056195323,2.6823526613606488,0.7358576185103671,0.558531746031746,"            day   n       acc   frac_up      y_up
0    2021-02-01  13  0.769231  0.000000  0.230769
1    2021-02-02  13  0.538462  0.000000  0.461538
2    2021-02-03  13  0.538462  0.000000  0.461538
3    2021-02-04  14  0.500000  0.000000  0.500000
4    2021-02-05  14  0.571429  0.071429  0.357143
...         ...  ..       ...       ...       ...
1003 2025-01-29  17  0.941176  0.470588  0.411765
1004 2025-01-30  17  0.823529  0.470588  0.647059
1005 2025-01-31  17  0.764706  0.411765  0.647059
1006 2025-02-03  17  0.882353  0.529412  0.647059
1007 2025-02-04  17  0.705882  0.352941  0.647059

[1008 rows x 5 columns]",223,0.006267427492006158,0.020610541361668327,True
F_relative_21_hgb_shallow_liquid,relative,21,hgb_shallow,expanding,liquid,v2_all,relative,0.01,7972,1008,0.5869292523833417,0.5249623682890115,0.061966884094330155,0.5718215222540115,0.6024611909398053,1.9594160976678359,0.7664950239355001,0.5892857142857143,"            day  n       acc   frac_up      y_up
0    2021-02-01  6  0.666667  0.000000  0.333333
1    2021-02-02  6  0.500000  0.000000  0.500000
2    2021-02-03  6  0.666667  0.000000  0.333333
3    2021-02-04  7  0.571429  0.000000  0.428571
4    2021-02-05  7  0.571429  0.142857  0.285714
...         ... ..       ...       ...       ...
1003 2025-01-29  8  1.000000  0.250000  0.250000
1004 2025-01-30  8  0.875000  0.125000  0.250000
1005 2025-01-31  8  0.875000  0.250000  0.375000
1006 2025-02-03  8  0.750000  0.250000  0.500000
1007 2025-02-04  8  0.875000  0.125000  0.250000

[1008 rows x 5 columns]",224,0.007816242011682097,0.025714476517711124,True
