id,target,horizon,model,window,universe,features,eval_on,coverage,n,days,blocks,acc,null,skill,ci_lo,ci_hi,deff,agreement,day_acc,by_day,trials,se,bar,passes
G_extremes10_21_logit_v2_no_market,extremes10,21,logit,expanding,liquid,v2_no_market,relative,1.0,830525,1008,48,0.5288702928870292,0.5442822311188706,-0.015411938231841393,0.5123580395148524,0.5442077198033655,215.75644226343317,0.8515043593376406,0.7113095238095238,"            day    n       acc   frac_up      y_up
0    2021-02-01  699  0.402003  0.237482  0.500715
1    2021-02-02  699  0.389127  0.230329  0.520744
2    2021-02-03  699  0.354793  0.208870  0.562232
3    2021-02-04  700  0.352857  0.217143  0.552857
4    2021-02-05  701  0.345221  0.216833  0.563481
...         ...  ...       ...       ...       ...
1003 2025-01-29  898  0.521158  0.928731  0.496659
1004 2025-01-30  897  0.527313  0.929766  0.510591
1005 2025-01-31  898  0.504454  0.925390  0.496659
1006 2025-02-03  898  0.516704  0.928731  0.507795
1007 2025-02-04  899  0.509455  0.929922  0.503893

[1008 rows x 5 columns]",1,0.008124918440947218,0.009566360404492059,False
G_extremes10_21_logit_v2_no_market,extremes10,21,logit,expanding,liquid,v2_no_market,relative,0.5,414995,1008,48,0.5452812684490175,0.5639248665646575,-0.01864359811563998,0.520556799151478,0.5694746680422754,262.889208263566,0.9083166729639877,0.6825396825396826,"            day    n       acc   frac_up      y_up
0    2021-02-01  349  0.352436  0.174785  0.535817
1    2021-02-02  349  0.320917  0.160458  0.587393
2    2021-02-03  349  0.309456  0.131805  0.616046
3    2021-02-04  350  0.314286  0.145714  0.608571
4    2021-02-05  350  0.291429  0.154286  0.617143
...         ...  ...       ...       ...       ...
1003 2025-01-29  449  0.625835  0.966592  0.605791
1004 2025-01-30  448  0.665179  0.970982  0.658482
1005 2025-01-31  449  0.608018  0.964365  0.603563
1006 2025-02-03  449  0.612472  0.966592  0.605791
1007 2025-02-04  449  0.632517  0.966592  0.630290

[1008 rows x 5 columns]",2,0.01247904818642791,0.014692956406153779,False
G_extremes10_21_logit_v2_no_market,extremes10,21,logit,expanding,liquid,v2_no_market,relative,0.25,207241,1008,48,0.5578288080061378,0.5664564444294324,-0.008627636423294671,0.5311234886529551,0.5852980228989642,167.82129850587955,0.9050724549762003,0.685515873015873,"            day    n       acc   frac_up      y_up
0    2021-02-01  174  0.298851  0.201149  0.591954
1    2021-02-02  174  0.281609  0.206897  0.614943
2    2021-02-03  174  0.275862  0.189655  0.637931
3    2021-02-04  175  0.268571  0.200000  0.634286
4    2021-02-05  175  0.274286  0.211429  0.617143
...         ...  ...       ...       ...       ...
1003 2025-01-29  224  0.656250  0.959821  0.642857
1004 2025-01-30  224  0.732143  0.955357  0.714286
1005 2025-01-31  224  0.669643  0.955357  0.660714
1006 2025-02-03  224  0.625000  0.950893  0.611607
1007 2025-02-04  224  0.669643  0.955357  0.660714

[1008 rows x 5 columns]",3,0.01382003424643088,0.020485489381433887,False
G_extremes10_21_logit_v2_no_market,extremes10,21,logit,expanding,liquid,v2_no_market,relative,0.1,82572,1008,48,0.5725548612120331,0.5607106525214358,0.011844208690597324,0.5420693868648668,0.6043837193324534,84.73511271411023,0.877711852499646,0.6954365079365079,"            day   n       acc   frac_up      y_up
0    2021-02-01  69  0.275362  0.231884  0.666667
1    2021-02-02  69  0.260870  0.260870  0.681159
2    2021-02-03  69  0.275362  0.231884  0.637681
3    2021-02-04  70  0.285714  0.242857  0.614286
4    2021-02-05  70  0.300000  0.257143  0.642857
...         ...  ..       ...       ...       ...
1003 2025-01-29  89  0.662921  0.910112  0.640449
1004 2025-01-30  89  0.696629  0.898876  0.662921
1005 2025-01-31  89  0.651685  0.887640  0.629213
1006 2025-02-03  89  0.640449  0.898876  0.629213
1007 2025-02-04  89  0.685393  0.910112  0.685393

[1008 rows x 5 columns]",4,0.015896513384588407,0.026469431039338277,False
G_extremes10_21_logit_v2_no_market,extremes10,21,logit,expanding,liquid,v2_no_market,relative,0.05,40985,1008,48,0.5782115408076125,0.5512504574844456,0.026961083323166934,0.5457905017790826,0.6117099157769103,47.151993238053414,0.8378787390329359,0.6785714285714286,"            day   n       acc   frac_up      y_up
0    2021-02-01  34  0.323529  0.382353  0.588235
1    2021-02-02  34  0.352941  0.382353  0.558824
2    2021-02-03  34  0.382353  0.352941  0.500000
3    2021-02-04  35  0.342857  0.371429  0.514286
4    2021-02-05  35  0.342857  0.400000  0.542857
...         ...  ..       ...       ...       ...
1003 2025-01-29  44  0.590909  0.840909  0.568182
1004 2025-01-30  44  0.681818  0.818182  0.636364
1005 2025-01-31  44  0.636364  0.772727  0.590909
1006 2025-02-03  44  0.636364  0.840909  0.613636
1007 2025-02-04  44  0.636364  0.840909  0.613636

[1008 rows x 5 columns]",5,0.016816177040262153,0.030170282903480353,False
G_extremes10_21_logit_v2_no_market,extremes10,21,logit,expanding,liquid,v2_no_market,relative,0.02,16227,1008,48,0.5811302150736427,0.5310285326924262,0.050101682381216484,0.5464443556180528,0.6181447213785065,21.98164509103693,0.7524939721258874,0.6011904761904762,"            day   n       acc   frac_up      y_up
0    2021-02-01  13  0.461538  0.692308  0.461538
1    2021-02-02  13  0.692308  0.615385  0.307692
2    2021-02-03  13  0.538462  0.692308  0.230769
3    2021-02-04  14  0.428571  0.642857  0.357143
4    2021-02-05  14  0.642857  0.642857  0.285714
...         ...  ..       ...       ...       ...
1003 2025-01-29  17  0.588235  0.764706  0.470588
1004 2025-01-30  17  0.588235  0.705882  0.529412
1005 2025-01-31  17  0.588235  0.705882  0.529412
1006 2025-02-03  17  0.647059  0.588235  0.588235
1007 2025-02-04  17  0.588235  0.705882  0.529412

[1008 rows x 5 columns]",6,0.018290909632768797,0.03462502981960124,True
G_extremes10_21_logit_v2_no_market,extremes10,21,logit,expanding,liquid,v2_no_market,relative,0.01,7972,1008,48,0.5692423482187656,0.49811841445057703,0.0711239337681886,0.5326787455992296,0.6079851186092097,11.822184276711672,0.694588136180398,0.5783730158730159,"            day  n       acc   frac_up      y_up
0    2021-02-01  6  0.500000  0.666667  0.500000
1    2021-02-02  6  0.833333  0.666667  0.500000
2    2021-02-03  6  0.666667  0.500000  0.166667
3    2021-02-04  7  0.714286  0.714286  0.428571
4    2021-02-05  7  0.571429  0.857143  0.428571
...         ... ..       ...       ...       ...
1003 2025-01-29  8  0.500000  0.500000  0.250000
1004 2025-01-30  8  0.625000  0.625000  0.500000
1005 2025-01-31  8  0.625000  0.500000  0.375000
1006 2025-02-03  8  0.625000  0.500000  0.625000
1007 2025-02-04  8  0.625000  0.375000  0.500000

[1008 rows x 5 columns]",7,0.019210809441321457,0.037898502821513226,True
G_extremes10_21_logit_v2_all,extremes10,21,logit,expanding,liquid,v2_all,relative,1.0,830525,1008,48,0.5295806869149032,0.5442858432918937,-0.014705156376990436,0.5134094911296941,0.5444913034505109,208.5669600428384,0.8500138910452766,0.7182539682539683,"            day    n       acc   frac_up      y_up
0    2021-02-01  699  0.406295  0.204578  0.500715
1    2021-02-02  699  0.386266  0.210300  0.520744
2    2021-02-03  699  0.353362  0.187411  0.562232
3    2021-02-04  700  0.345714  0.192857  0.552857
4    2021-02-05  701  0.339515  0.194009  0.563481
...         ...  ...       ...       ...       ...
1003 2025-01-29  898  0.520045  0.925390  0.496659
1004 2025-01-30  897  0.526198  0.926421  0.510591
1005 2025-01-31  898  0.504454  0.920935  0.496659
1006 2025-02-03  898  0.520045  0.929844  0.507795
1007 2025-02-04  899  0.511680  0.929922  0.503893

[1008 rows x 5 columns]",8,0.007929033755310394,0.016169947968448475,False
G_extremes10_21_logit_v2_all,extremes10,21,logit,expanding,liquid,v2_all,relative,0.5,414995,1008,48,0.5466403209677225,0.5637007674791262,-0.017060446511403704,0.5221647130992133,0.5706336154127568,257.8906166706365,0.9050419986869112,0.6904761904761905,"            day    n       acc   frac_up      y_up
0    2021-02-01  349  0.369628  0.131805  0.555874
1    2021-02-02  349  0.346705  0.146132  0.570201
2    2021-02-03  349  0.320917  0.111748  0.624642
3    2021-02-04  350  0.320000  0.111429  0.625714
4    2021-02-05  350  0.302857  0.137143  0.622857
...         ...  ...       ...       ...       ...
1003 2025-01-29  449  0.619154  0.966592  0.599109
1004 2025-01-30  448  0.669643  0.973214  0.660714
1005 2025-01-31  449  0.603563  0.959911  0.603563
1006 2025-02-03  449  0.610245  0.968820  0.601336
1007 2025-02-04  449  0.636971  0.968820  0.636971

[1008 rows x 5 columns]",9,0.01236451589631212,0.025919662315505812,False
G_extremes10_21_logit_v2_all,extremes10,21,logit,expanding,liquid,v2_all,relative,0.25,207241,1008,48,0.5588565969089128,0.5668472937304877,-0.007990696821574939,0.5320340863236602,0.586120481183305,167.12042056005671,0.9011559011371489,0.6944444444444444,"            day    n       acc   frac_up      y_up
0    2021-02-01  174  0.316092  0.160920  0.614943
1    2021-02-02  174  0.281609  0.178161  0.632184
2    2021-02-03  174  0.275862  0.160920  0.655172
3    2021-02-04  175  0.274286  0.154286  0.674286
4    2021-02-05  175  0.274286  0.182857  0.634286
...         ...  ...       ...       ...       ...
1003 2025-01-29  224  0.665179  0.959821  0.651786
1004 2025-01-30  224  0.718750  0.955357  0.700893
1005 2025-01-31  224  0.660714  0.955357  0.651786
1006 2025-02-03  224  0.629464  0.955357  0.620536
1007 2025-02-04  224  0.683036  0.955357  0.674107

[1008 rows x 5 columns]",10,0.013797549709093042,0.029609072921752133,False
G_extremes10_21_logit_v2_all,extremes10,21,logit,expanding,liquid,v2_all,relative,0.1,82572,1008,48,0.5720825461415492,0.5590151625248269,0.013067383616722328,0.5421786480120228,0.602310873828704,80.36381778050972,0.8720534541110374,0.7013888888888888,"            day   n       acc   frac_up      y_up
0    2021-02-01  69  0.275362  0.202899  0.666667
1    2021-02-02  69  0.289855  0.260870  0.652174
2    2021-02-03  69  0.260870  0.217391  0.637681
3    2021-02-04  70  0.257143  0.214286  0.642857
4    2021-02-05  70  0.314286  0.257143  0.628571
...         ...  ..       ...       ...       ...
1003 2025-01-29  89  0.674157  0.910112  0.651685
1004 2025-01-30  89  0.696629  0.887640  0.651685
1005 2025-01-31  89  0.640449  0.887640  0.617978
1006 2025-02-03  89  0.629213  0.898876  0.617978
1007 2025-02-04  89  0.651685  0.910112  0.651685

[1008 rows x 5 columns]",11,0.015339853524663574,0.033593195414951045,False
G_extremes10_21_logit_v2_all,extremes10,21,logit,expanding,liquid,v2_all,relative,0.05,40985,1008,48,0.5792363059655972,0.5499817006221789,0.029254605343418283,0.547059717800639,0.6119838905060727,44.94777204700486,0.8305447605451793,0.6626984126984127,"            day   n       acc   frac_up      y_up
0    2021-02-01  34  0.323529  0.323529  0.588235
1    2021-02-02  34  0.352941  0.352941  0.588235
2    2021-02-03  34  0.411765  0.323529  0.500000
3    2021-02-04  35  0.342857  0.314286  0.571429
4    2021-02-05  35  0.342857  0.371429  0.514286
...         ...  ..       ...       ...       ...
1003 2025-01-29  44  0.590909  0.863636  0.545455
1004 2025-01-30  44  0.681818  0.863636  0.636364
1005 2025-01-31  44  0.613636  0.772727  0.568182
1006 2025-02-03  44  0.636364  0.840909  0.613636
1007 2025-02-04  44  0.659091  0.840909  0.636364

[1008 rows x 5 columns]",12,0.016562288955467783,0.03692244007476412,False
G_extremes10_21_logit_v2_all,extremes10,21,logit,expanding,liquid,v2_all,relative,0.02,16227,1008,48,0.5790965674493129,0.5252357182473655,0.05386084920194745,0.5452955478473884,0.6152071842027145,21.21962239597799,0.7429320508474045,0.5823412698412699,"            day   n       acc   frac_up      y_up
0    2021-02-01  13  0.461538  0.615385  0.538462
1    2021-02-02  13  0.692308  0.615385  0.307692
2    2021-02-03  13  0.615385  0.615385  0.230769
3    2021-02-04  14  0.500000  0.500000  0.428571
4    2021-02-05  14  0.500000  0.500000  0.428571
...         ...  ..       ...       ...       ...
1003 2025-01-29  17  0.588235  0.764706  0.470588
1004 2025-01-30  17  0.647059  0.764706  0.529412
1005 2025-01-31  17  0.647059  0.588235  0.470588
1006 2025-02-03  17  0.705882  0.764706  0.705882
1007 2025-02-04  17  0.647059  0.764706  0.647059

[1008 rows x 5 columns]",13,0.01783460111105256,0.04039408691240074,True
G_extremes10_21_logit_v2_all,extremes10,21,logit,expanding,liquid,v2_all,relative,0.01,7972,1008,48,0.5746362267937782,0.4988710486703462,0.07576517812343203,0.538372454414355,0.6137498778261706,11.905204309937165,0.6970210537918871,0.5674603174603174,"            day  n       acc   frac_up      y_up
0    2021-02-01  6  0.333333  0.833333  0.500000
1    2021-02-02  6  0.666667  0.833333  0.500000
2    2021-02-03  6  0.666667  0.666667  0.333333
3    2021-02-04  7  0.714286  0.714286  0.428571
4    2021-02-05  7  0.714286  0.714286  0.428571
...         ... ..       ...       ...       ...
1003 2025-01-29  8  0.500000  0.500000  0.250000
1004 2025-01-30  8  0.500000  0.625000  0.375000
1005 2025-01-31  8  0.625000  0.500000  0.375000
1006 2025-02-03  8  0.750000  0.750000  0.750000
1007 2025-02-04  8  0.625000  0.625000  0.750000

[1008 rows x 5 columns]",14,0.01922893454383052,0.04417683837387778,True
G_extremes20_21_logit_v2_all,extremes20,21,logit,expanding,liquid,v2_all,relative,1.0,830525,1008,48,0.5285355648535565,0.5442942716956142,-0.015758706842057713,0.5117382753261092,0.5441477825210326,231.67384673133392,0.8278981698847445,0.7093253968253969,"            day    n       acc   frac_up      y_up
0    2021-02-01  699  0.416309  0.174535  0.500715
1    2021-02-02  699  0.410587  0.168813  0.520744
2    2021-02-03  699  0.374821  0.143062  0.562232
3    2021-02-04  700  0.380000  0.155714  0.552857
4    2021-02-05  701  0.369472  0.158345  0.563481
...         ...  ...       ...       ...       ...
1003 2025-01-29  898  0.541203  0.886414  0.496659
1004 2025-01-30  897  0.556299  0.887402  0.510591
1005 2025-01-31  898  0.537862  0.869710  0.496659
1006 2025-02-03  898  0.538976  0.886414  0.507795
1007 2025-02-04  899  0.540601  0.887653  0.503893

[1008 rows x 5 columns]",15,0.008267731427276381,0.019241091889695004,False
G_extremes20_21_logit_v2_all,extremes20,21,logit,expanding,liquid,v2_all,relative,0.5,414995,1008,48,0.5447921059289871,0.5624573790045663,-0.01766527307557919,0.5189264855853858,0.5702152910215295,289.02997210330176,0.8894581394711011,0.6656746031746031,"            day    n       acc   frac_up      y_up
0    2021-02-01  349  0.395415  0.091691  0.558739
1    2021-02-02  349  0.366762  0.091691  0.587393
2    2021-02-03  349  0.335244  0.074499  0.636103
3    2021-02-04  350  0.340000  0.077143  0.634286
4    2021-02-05  350  0.342857  0.085714  0.622857
...         ...  ...       ...       ...       ...
1003 2025-01-29  449  0.645880  0.948775  0.616927
1004 2025-01-30  448  0.685268  0.957589  0.674107
1005 2025-01-31  449  0.632517  0.946548  0.632517
1006 2025-02-03  449  0.630290  0.948775  0.619154
1007 2025-02-04  449  0.645880  0.951002  0.641425

[1008 rows x 5 columns]",16,0.013083878937791752,0.030810180389470265,False
G_extremes20_21_logit_v2_all,extremes20,21,logit,expanding,liquid,v2_all,relative,0.25,207241,1008,48,0.5556043447001318,0.5642850594235697,-0.008680714723437899,0.5265626376096104,0.5846948143471922,190.9011298324777,0.8802181912874171,0.6617063492063492,"            day    n       acc   frac_up      y_up
0    2021-02-01  174  0.373563  0.109195  0.586207
1    2021-02-02  174  0.327586  0.097701  0.643678
2    2021-02-03  174  0.316092  0.086207  0.655172
3    2021-02-04  175  0.291429  0.102857  0.662857
4    2021-02-05  175  0.342857  0.102857  0.634286
...         ...  ...       ...       ...       ...
1003 2025-01-29  224  0.718750  0.933036  0.678571
1004 2025-01-30  224  0.763393  0.941964  0.732143
1005 2025-01-31  224  0.709821  0.933036  0.696429
1006 2025-02-03  224  0.700893  0.946429  0.674107
1007 2025-02-04  224  0.718750  0.941964  0.696429

[1008 rows x 5 columns]",17,0.014829636922852489,0.03530084939760013,False
G_extremes20_21_logit_v2_all,extremes20,21,logit,expanding,liquid,v2_all,relative,0.1,82572,1008,48,0.5686552342198324,0.5527297388945405,0.015925495325291972,0.5371344991484247,0.6001572421604601,87.51273695320072,0.8369097209695796,0.6329365079365079,"            day   n       acc   frac_up      y_up
0    2021-02-01  69  0.391304  0.159420  0.565217
1    2021-02-02  69  0.318841  0.173913  0.652174
2    2021-02-03  69  0.318841  0.159420  0.637681
3    2021-02-04  70  0.285714  0.171429  0.657143
4    2021-02-05  70  0.314286  0.200000  0.657143
...         ...  ..       ...       ...       ...
1003 2025-01-29  89  0.741573  0.887640  0.674157
1004 2025-01-30  89  0.764045  0.898876  0.707865
1005 2025-01-31  89  0.752809  0.865169  0.707865
1006 2025-02-03  89  0.752809  0.887640  0.707865
1007 2025-02-04  89  0.764045  0.876404  0.730337

[1008 rows x 5 columns]",18,0.016077230360213104,0.03865476923202731,False
G_extremes20_21_logit_v2_all,extremes20,21,logit,expanding,liquid,v2_all,relative,0.05,40985,1008,48,0.5752836403562279,0.5304379651091863,0.04484567524704164,0.5428452523540259,0.6082302721829924,45.262494187277795,0.7853196571580071,0.6071428571428571,"            day   n       acc   frac_up      y_up
0    2021-02-01  34  0.411765  0.323529  0.500000
1    2021-02-02  34  0.382353  0.294118  0.558824
2    2021-02-03  34  0.382353  0.264706  0.529412
3    2021-02-04  35  0.314286  0.257143  0.600000
4    2021-02-05  35  0.371429  0.285714  0.571429
...         ...  ..       ...       ...       ...
1003 2025-01-29  44  0.818182  0.772727  0.681818
1004 2025-01-30  44  0.795455  0.840909  0.681818
1005 2025-01-31  44  0.818182  0.772727  0.727273
1006 2025-02-03  44  0.772727  0.772727  0.681818
1007 2025-02-04  44  0.750000  0.772727  0.704545

[1008 rows x 5 columns]",19,0.01667985199718533,0.04047701426008534,True
G_extremes20_21_logit_v2_all,extremes20,21,logit,expanding,liquid,v2_all,relative,0.02,16227,1008,48,0.5837184938682443,0.5178406359770752,0.06587785789116907,0.5511708488694153,0.616613377138419,18.641964402276606,0.7075763718949118,0.6180555555555556,"            day   n       acc   frac_up      y_up
0    2021-02-01  13  0.538462  0.384615  0.384615
1    2021-02-02  13  0.769231  0.461538  0.384615
2    2021-02-03  13  0.692308  0.384615  0.230769
3    2021-02-04  14  0.500000  0.357143  0.428571
4    2021-02-05  14  0.571429  0.428571  0.428571
...         ...  ..       ...       ...       ...
1003 2025-01-29  17  0.764706  0.647059  0.529412
1004 2025-01-30  17  0.882353  0.588235  0.588235
1005 2025-01-31  17  0.823529  0.470588  0.529412
1006 2025-02-03  17  0.823529  0.470588  0.529412
1007 2025-02-04  17  0.764706  0.529412  0.647059

[1008 rows x 5 columns]",20,0.016694522517603002,0.040863964582192276,True
G_extremes20_21_logit_v2_all,extremes20,21,logit,expanding,liquid,v2_all,relative,0.01,7972,1008,48,0.5826643251379829,0.553687907676869,0.0289764174611139,0.5452359816818906,0.6203714169760978,12.188310007773135,0.7291450144872764,0.6468253968253969,"            day  n       acc   frac_up      y_up
0    2021-02-01  6  0.333333  0.666667  0.333333
1    2021-02-02  6  0.666667  0.666667  0.333333
2    2021-02-03  6  0.500000  0.666667  0.166667
3    2021-02-04  7  0.714286  0.571429  0.285714
4    2021-02-05  7  0.714286  0.714286  0.428571
...         ... ..       ...       ...       ...
1003 2025-01-29  8  0.625000  0.375000  0.250000
1004 2025-01-30  8  0.750000  0.375000  0.375000
1005 2025-01-31  8  0.750000  0.000000  0.250000
1006 2025-02-03  8  0.750000  0.125000  0.375000
1007 2025-02-04  8  0.750000  0.250000  0.500000

[1008 rows x 5 columns]",21,0.019167202881175304,0.04729697085908241,False
G_extremes20_21_logit_v2_no_market,extremes20,21,logit,expanding,liquid,v2_no_market,relative,1.0,830525,1008,48,0.5273712410824478,0.5442882514072424,-0.016917010324794535,0.5098094921941557,0.5435757735252059,247.72513049152187,0.8317916087243589,0.6924603174603174,"            day    n       acc   frac_up      y_up
0    2021-02-01  699  0.409156  0.210300  0.500715
1    2021-02-02  699  0.407725  0.203147  0.520744
2    2021-02-03  699  0.376252  0.175966  0.562232
3    2021-02-04  700  0.382857  0.184286  0.552857
4    2021-02-05  701  0.363766  0.181170  0.563481
...         ...  ...       ...       ...       ...
1003 2025-01-29  898  0.541203  0.886414  0.496659
1004 2025-01-30  897  0.559643  0.884058  0.510591
1005 2025-01-31  898  0.531180  0.880846  0.496659
1006 2025-02-03  898  0.545657  0.881960  0.507795
1007 2025-02-04  899  0.542825  0.883204  0.503893

[1008 rows x 5 columns]",22,0.008613847278329131,0.021417296560580935,False
G_extremes20_21_logit_v2_no_market,extremes20,21,logit,expanding,liquid,v2_no_market,relative,0.5,414995,1008,48,0.5434282340751093,0.5626164170652659,-0.019188182990156566,0.5169925047568715,0.5693782853050045,298.354282572426,0.8975601587392404,0.6646825396825397,"            day    n       acc   frac_up      y_up
0    2021-02-01  349  0.381089  0.128940  0.553009
1    2021-02-02  349  0.355301  0.117479  0.578797
2    2021-02-03  349  0.340974  0.094556  0.616046
3    2021-02-04  350  0.325714  0.108571  0.622857
4    2021-02-05  350  0.328571  0.120000  0.608571
...         ...  ...       ...       ...       ...
1003 2025-01-29  449  0.643653  0.951002  0.612472
1004 2025-01-30  448  0.685268  0.953125  0.674107
1005 2025-01-31  449  0.632517  0.953229  0.625835
1006 2025-02-03  449  0.634744  0.948775  0.623608
1007 2025-02-04  449  0.636971  0.951002  0.632517

[1008 rows x 5 columns]",23,0.013363719527584928,0.033465348505935424,False
G_extremes20_21_logit_v2_no_market,extremes20,21,logit,expanding,liquid,v2_no_market,relative,0.25,207241,1008,48,0.5549095014982557,0.5647048605247031,-0.009795359026447459,0.5260580842147011,0.5841180822415108,195.0574608773344,0.8893477797239653,0.6527777777777778,"            day    n       acc   frac_up      y_up
0    2021-02-01  174  0.350575  0.155172  0.574713
1    2021-02-02  174  0.304598  0.132184  0.632184
2    2021-02-03  174  0.310345  0.109195  0.637931
3    2021-02-04  175  0.285714  0.125714  0.657143
4    2021-02-05  175  0.314286  0.142857  0.622857
...         ...  ...       ...       ...       ...
1003 2025-01-29  224  0.714286  0.933036  0.674107
1004 2025-01-30  224  0.767857  0.946429  0.741071
1005 2025-01-31  224  0.727679  0.946429  0.700893
1006 2025-02-03  224  0.683036  0.937500  0.656250
1007 2025-02-04  224  0.700893  0.933036  0.678571

[1008 rows x 5 columns]",24,0.014811223986431052,0.037341053980376945,False
G_extremes20_21_logit_v2_no_market,extremes20,21,logit,expanding,liquid,v2_no_market,relative,0.1,82572,1008,48,0.5721188780700479,0.5565688126725766,0.01555006539747128,0.5396910331959625,0.6044636016318866,91.4764512473828,0.8480044061850224,0.6478174603174603,"            day   n       acc   frac_up      y_up
0    2021-02-01  69  0.376812  0.217391  0.579710
1    2021-02-02  69  0.333333  0.202899  0.637681
2    2021-02-03  69  0.318841  0.202899  0.623188
3    2021-02-04  70  0.300000  0.200000  0.642857
4    2021-02-05  70  0.300000  0.214286  0.657143
...         ...  ..       ...       ...       ...
1003 2025-01-29  89  0.741573  0.887640  0.674157
1004 2025-01-30  89  0.786517  0.887640  0.719101
1005 2025-01-31  89  0.764045  0.887640  0.719101
1006 2025-02-03  89  0.741573  0.887640  0.696629
1007 2025-02-04  89  0.786517  0.887640  0.741573

[1008 rows x 5 columns]",25,0.01652361439691943,0.04192491211841532,False
G_extremes20_21_logit_v2_no_market,extremes20,21,logit,expanding,liquid,v2_no_market,relative,0.05,40985,1008,48,0.5767475905819203,0.5367573502500915,0.03999024033182874,0.5434975282240707,0.6108008349743095,48.933020412292386,0.7926548369909245,0.6279761904761905,"            day   n       acc   frac_up      y_up
0    2021-02-01  34  0.411765  0.323529  0.500000
1    2021-02-02  34  0.382353  0.352941  0.558824
2    2021-02-03  34  0.382353  0.352941  0.500000
3    2021-02-04  35  0.314286  0.371429  0.542857
4    2021-02-05  35  0.400000  0.400000  0.542857
...         ...  ..       ...       ...       ...
1003 2025-01-29  44  0.840909  0.795455  0.727273
1004 2025-01-30  44  0.818182  0.772727  0.681818
1005 2025-01-31  44  0.840909  0.795455  0.727273
1006 2025-02-03  44  0.795455  0.772727  0.704545
1007 2025-02-04  44  0.750000  0.795455  0.681818

[1008 rows x 5 columns]",26,0.017169210905673155,0.04382756147057146,False
G_extremes20_21_logit_v2_no_market,extremes20,21,logit,expanding,liquid,v2_no_market,relative,0.02,16227,1008,48,0.5883404202871757,0.5040364824058667,0.08430393788130897,0.5555822531355593,0.621977434210977,19.40035680584962,0.6988757762720472,0.6071428571428571,"            day   n       acc   frac_up      y_up
0    2021-02-01  13  0.692308  0.538462  0.384615
1    2021-02-02  13  0.692308  0.615385  0.307692
2    2021-02-03  13  0.538462  0.461538  0.307692
3    2021-02-04  14  0.500000  0.500000  0.285714
4    2021-02-05  14  0.500000  0.571429  0.357143
...         ...  ..       ...       ...       ...
1003 2025-01-29  17  0.705882  0.529412  0.470588
1004 2025-01-30  17  0.882353  0.588235  0.588235
1005 2025-01-31  17  0.823529  0.470588  0.529412
1006 2025-02-03  17  0.764706  0.411765  0.529412
1007 2025-02-04  17  0.764706  0.470588  0.588235

[1008 rows x 5 columns]",27,0.016937546192708583,0.04348588811460132,True
G_extremes20_21_logit_v2_no_market,extremes20,21,logit,expanding,liquid,v2_no_market,relative,0.01,7972,1008,48,0.5852985449071751,0.5407676869041645,0.0445308580030106,0.5497067382364361,0.6214224388023853,11.02959274257018,0.7243106733434114,0.6458333333333334,"            day  n       acc   frac_up      y_up
0    2021-02-01  6  0.333333  0.666667  0.333333
1    2021-02-02  6  0.666667  0.666667  0.333333
2    2021-02-03  6  0.666667  0.666667  0.333333
3    2021-02-04  7  0.571429  0.714286  0.285714
4    2021-02-05  7  0.714286  0.714286  0.428571
...         ... ..       ...       ...       ...
1003 2025-01-29  8  0.875000  0.250000  0.375000
1004 2025-01-30  8  0.875000  0.125000  0.250000
1005 2025-01-31  8  0.750000  0.125000  0.375000
1006 2025-02-03  8  0.875000  0.125000  0.250000
1007 2025-02-04  8  0.750000  0.000000  0.250000

[1008 rows x 5 columns]",28,0.01829482157294623,0.04722902716794206,False
G_extremes10_21_hgb_shallow_v2_no_market,extremes10,21,hgb_shallow,expanding,liquid,v2_no_market,relative,1.0,830525,1008,48,0.5341380452123656,0.5443508624063093,-0.010212817193943624,0.5202125361189447,0.5468060493269644,152.25320103779586,0.811236534907441,0.7748015873015873,"            day    n       acc   frac_up      y_up
0    2021-02-01  699  0.483548  0.301860  0.500715
1    2021-02-02  699  0.459227  0.294707  0.520744
2    2021-02-03  699  0.426323  0.283262  0.562232
3    2021-02-04  700  0.395714  0.282857  0.552857
4    2021-02-05  701  0.400856  0.275321  0.563481
...         ...  ...       ...       ...       ...
1003 2025-01-29  898  0.534521  0.906459  0.496659
1004 2025-01-30  897  0.545151  0.911929  0.510591
1005 2025-01-31  898  0.524499  0.907572  0.496659
1006 2025-02-03  898  0.534521  0.910913  0.507795
1007 2025-02-04  899  0.521691  0.915462  0.503893

[1008 rows x 5 columns]",29,0.006784059491841767,0.017605375069980483,False
G_extremes10_21_hgb_shallow_v2_no_market,extremes10,21,hgb_shallow,expanding,liquid,v2_no_market,relative,0.5,414995,1008,48,0.5443414980903384,0.5586260075422596,-0.014284509451921168,0.5217405919480155,0.5656574543897179,202.40183779727195,0.8934409296955949,0.7182539682539683,"            day    n       acc   frac_up      y_up
0    2021-02-01  349  0.478510  0.200573  0.487106
1    2021-02-02  349  0.446991  0.191977  0.527221
2    2021-02-03  349  0.398281  0.180516  0.564470
3    2021-02-04  350  0.374286  0.182857  0.557143
4    2021-02-05  350  0.345714  0.174286  0.600000
...         ...  ...       ...       ...       ...
1003 2025-01-29  449  0.610245  0.975501  0.594655
1004 2025-01-30  448  0.638393  0.975446  0.636161
1005 2025-01-31  449  0.601336  0.971047  0.599109
1006 2025-02-03  449  0.616927  0.975501  0.605791
1007 2025-02-04  449  0.634744  0.973274  0.630290

[1008 rows x 5 columns]",30,0.011203281235128176,0.029219727002462604,False
G_extremes10_21_hgb_shallow_v2_no_market,extremes10,21,hgb_shallow,expanding,liquid,v2_no_market,relative,0.25,207241,1008,48,0.5485594066811104,0.5627554393194397,-0.014196032638329359,0.520103744866077,0.575834302753987,164.99875054535954,0.9169995966884511,0.685515873015873,"            day    n       acc   frac_up      y_up
0    2021-02-01  174  0.545977  0.086207  0.413793
1    2021-02-02  174  0.465517  0.097701  0.471264
2    2021-02-03  174  0.436782  0.080460  0.494253
3    2021-02-04  175  0.411429  0.085714  0.525714
4    2021-02-05  175  0.371429  0.068571  0.582857
...         ...  ...       ...       ...       ...
1003 2025-01-29  224  0.714286  0.986607  0.700893
1004 2025-01-30  224  0.763393  0.977679  0.741071
1005 2025-01-31  224  0.709821  0.968750  0.696429
1006 2025-02-03  224  0.732143  0.973214  0.714286
1007 2025-02-04  224  0.741071  0.973214  0.723214

[1008 rows x 5 columns]",31,0.014216979053038247,0.03725818181434633,False
G_extremes10_21_hgb_shallow_v2_no_market,extremes10,21,hgb_shallow,expanding,liquid,v2_no_market,relative,0.1,82572,1008,48,0.5468802984062394,0.5585670687400087,-0.011686770333769303,0.5119629852963407,0.5810642432561708,103.98295313578576,0.9352763148686666,0.6349206349206349,"            day   n       acc   frac_up      y_up
0    2021-02-01  69  0.724638  0.043478  0.260870
1    2021-02-02  69  0.594203  0.028986  0.376812
2    2021-02-03  69  0.550725  0.043478  0.405797
3    2021-02-04  70  0.485714  0.028571  0.485714
4    2021-02-05  70  0.514286  0.042857  0.442857
...         ...  ..       ...       ...       ...
1003 2025-01-29  89  0.730337  0.977528  0.707865
1004 2025-01-30  89  0.797753  0.966292  0.764045
1005 2025-01-31  89  0.808989  0.955056  0.764045
1006 2025-02-03  89  0.741573  0.966292  0.707865
1007 2025-02-04  89  0.786517  0.955056  0.741573

[1008 rows x 5 columns]",32,0.017627871928528095,0.046410112065276246,False
G_extremes10_21_hgb_shallow_v2_no_market,extremes10,21,hgb_shallow,expanding,liquid,v2_no_market,relative,0.05,40985,1008,48,0.5443698914236916,0.5511772599731609,-0.006807368549469284,0.5045101767018246,0.5846485060876072,68.744024639834,0.9446680851437184,0.5982142857142857,"            day   n       acc   frac_up      y_up
0    2021-02-01  34  0.705882  0.029412  0.264706
1    2021-02-02  34  0.558824  0.029412  0.411765
2    2021-02-03  34  0.470588  0.029412  0.500000
3    2021-02-04  35  0.542857  0.028571  0.428571
4    2021-02-05  35  0.514286  0.028571  0.457143
...         ...  ..       ...       ...       ...
1003 2025-01-29  44  0.818182  0.977273  0.795455
1004 2025-01-30  44  0.886364  0.931818  0.818182
1005 2025-01-31  44  0.840909  0.909091  0.750000
1006 2025-02-03  44  0.772727  0.954545  0.727273
1007 2025-02-04  44  0.818182  0.931818  0.750000

[1008 rows x 5 columns]",33,0.02044345137392413,0.05406129582257503,False
G_extremes10_21_hgb_shallow_v2_no_market,extremes10,21,hgb_shallow,expanding,liquid,v2_no_market,relative,0.02,16227,1008,48,0.5472977136870648,0.5423676588402045,0.004930054846860266,0.5021043701481586,0.5921955112262544,34.105073250701714,0.9533745674195604,0.5496031746031746,"            day   n       acc   frac_up      y_up
0    2021-02-01  13  0.692308  0.000000  0.307692
1    2021-02-02  13  0.615385  0.000000  0.384615
2    2021-02-03  13  0.461538  0.000000  0.538462
3    2021-02-04  14  0.500000  0.000000  0.500000
4    2021-02-05  14  0.428571  0.000000  0.571429
...         ...  ..       ...       ...       ...
1003 2025-01-29  17  1.000000  0.941176  0.941176
1004 2025-01-30  17  1.000000  0.941176  0.941176
1005 2025-01-31  17  0.882353  0.941176  0.823529
1006 2025-02-03  17  0.941176  1.000000  0.941176
1007 2025-02-04  17  0.705882  1.000000  0.705882

[1008 rows x 5 columns]",34,0.022982433948493825,0.06103435706271798,False
G_extremes10_21_hgb_shallow_v2_no_market,extremes10,21,hgb_shallow,expanding,liquid,v2_no_market,relative,0.01,7972,1008,48,0.5387606623181134,0.5301053687907676,0.008655293527345731,0.4900958807761626,0.5860114292736881,19.093239659338042,0.9638054295792391,0.49404761904761907,"            day  n       acc  frac_up      y_up
0    2021-02-01  6  0.666667      0.0  0.333333
1    2021-02-02  6  0.666667      0.0  0.333333
2    2021-02-03  6  0.333333      0.0  0.666667
3    2021-02-04  7  0.714286      0.0  0.285714
4    2021-02-05  7  0.428571      0.0  0.571429
...         ... ..       ...      ...       ...
1003 2025-01-29  8  1.000000      1.0  1.000000
1004 2025-01-30  8  1.000000      1.0  1.000000
1005 2025-01-31  8  0.875000      1.0  0.875000
1006 2025-02-03  8  0.875000      1.0  0.875000
1007 2025-02-04  8  0.625000      1.0  0.625000

[1008 rows x 5 columns]",35,0.024468252167736092,0.06524676853809376,False
G_extremes10_21_ens_lh_v2_no_market,extremes10,21,ens_lh,expanding,liquid,v2_no_market,relative,1.0,830525,1008,48,0.5339273351193522,0.5443159447337528,-0.010388609614400579,0.5182933356768135,0.5484368776212168,191.3072295009755,0.8511617842332035,0.7400793650793651,"            day    n       acc   frac_up      y_up
0    2021-02-01  699  0.442060  0.237482  0.500715
1    2021-02-02  699  0.433476  0.226037  0.520744
2    2021-02-03  699  0.407725  0.213162  0.562232
3    2021-02-04  700  0.385714  0.218571  0.552857
4    2021-02-05  701  0.379458  0.222539  0.563481
...         ...  ...       ...       ...       ...
1003 2025-01-29  898  0.528953  0.920935  0.496659
1004 2025-01-30  897  0.532887  0.926421  0.510591
1005 2025-01-31  898  0.513363  0.923163  0.496659
1006 2025-02-03  898  0.525612  0.922049  0.507795
1007 2025-02-04  899  0.517241  0.926585  0.503893

[1008 rows x 5 columns]",36,0.007689679067449843,0.020586288962397552,False
G_extremes10_21_ens_lh_v2_no_market,extremes10,21,ens_lh,expanding,liquid,v2_no_market,relative,0.5,414995,1008,48,0.5466885143194496,0.5628935288376968,-0.016205014518247185,0.5217533695048057,0.5707864974274658,253.57320729361777,0.9196252936721625,0.6934523809523809,"            day    n       acc   frac_up      y_up
0    2021-02-01  349  0.415473  0.146132  0.507163
1    2021-02-02  349  0.381089  0.146132  0.535817
2    2021-02-03  349  0.349570  0.137536  0.570201
3    2021-02-04  350  0.337143  0.137143  0.577143
4    2021-02-05  350  0.328571  0.140000  0.594286
...         ...  ...       ...       ...       ...
1003 2025-01-29  449  0.632517  0.977728  0.619154
1004 2025-01-30  448  0.665179  0.979911  0.662946
1005 2025-01-31  449  0.612472  0.971047  0.614699
1006 2025-02-03  449  0.619154  0.977728  0.614699
1007 2025-02-04  449  0.634744  0.977728  0.634744

[1008 rows x 5 columns]",37,0.012508451000678603,0.03361455275572023,False
G_extremes10_21_ens_lh_v2_no_market,extremes10,21,ens_lh,expanding,liquid,v2_no_market,relative,0.25,207241,1008,48,0.5504991772863478,0.5657326494274781,-0.015233472141130355,0.5211712875677084,0.5796783506447639,185.00974370512333,0.928441207306823,0.6547619047619048,"            day    n       acc   frac_up      y_up
0    2021-02-01  174  0.482759  0.109195  0.488506
1    2021-02-02  174  0.425287  0.126437  0.517241
2    2021-02-03  174  0.373563  0.109195  0.586207
3    2021-02-04  175  0.314286  0.114286  0.628571
4    2021-02-05  175  0.291429  0.120000  0.657143
...         ...  ...       ...       ...       ...
1003 2025-01-29  224  0.683036  0.977679  0.669643
1004 2025-01-30  224  0.741071  0.977679  0.727679
1005 2025-01-31  224  0.714286  0.968750  0.700893
1006 2025-02-03  224  0.700893  0.968750  0.687500
1007 2025-02-04  224  0.741071  0.968750  0.727679

[1008 rows x 5 columns]",38,0.014925271193126418,0.040257228554543424,False
G_extremes10_21_ens_lh_v2_no_market,extremes10,21,ens_lh,expanding,liquid,v2_no_market,relative,0.1,82572,1008,48,0.5556726251029405,0.5620791551615559,-0.006406530058615467,0.5220928017812249,0.5910199013141816,100.26334236673584,0.9240310782629784,0.6319444444444444,"            day   n       acc   frac_up      y_up
0    2021-02-01  69  0.449275  0.188406  0.536232
1    2021-02-02  69  0.391304  0.173913  0.579710
2    2021-02-03  69  0.347826  0.144928  0.623188
3    2021-02-04  70  0.271429  0.171429  0.642857
4    2021-02-05  70  0.328571  0.157143  0.657143
...         ...  ..       ...       ...       ...
1003 2025-01-29  89  0.786517  0.966292  0.752809
1004 2025-01-30  89  0.865169  0.955056  0.820225
1005 2025-01-31  89  0.820225  0.943820  0.786517
1006 2025-02-03  89  0.775281  0.943820  0.741573
1007 2025-02-04  89  0.797753  0.943820  0.764045

[1008 rows x 5 columns]",39,0.017583443758407327,0.0475960252615466,False
G_extremes10_21_ens_lh_v2_no_market,extremes10,21,ens_lh,expanding,liquid,v2_no_market,relative,0.05,40985,1008,48,0.5603025497133097,0.5559594973770892,0.004343052336220565,0.522800326912902,0.5994910974683764,60.54657716759352,0.9129795427195535,0.5863095238095238,"            day   n       acc   frac_up      y_up
0    2021-02-01  34  0.352941  0.235294  0.588235
1    2021-02-02  34  0.264706  0.294118  0.676471
2    2021-02-03  34  0.294118  0.264706  0.617647
3    2021-02-04  35  0.314286  0.257143  0.600000
4    2021-02-05  35  0.342857  0.257143  0.571429
...         ...  ..       ...       ...       ...
1003 2025-01-29  44  0.886364  0.954545  0.840909
1004 2025-01-30  44  0.954545  0.931818  0.886364
1005 2025-01-31  44  0.931818  0.931818  0.863636
1006 2025-02-03  44  0.840909  0.954545  0.795455
1007 2025-02-04  44  0.818182  0.977273  0.795455

[1008 rows x 5 columns]",40,0.01956397208047815,0.053139720272809075,False
G_extremes10_21_ens_lh_v2_no_market,extremes10,21,ens_lh,expanding,liquid,v2_no_market,relative,0.02,16227,1008,48,0.5676958156159487,0.5385468663338879,0.0291489492820608,0.5247123889236046,0.6118325480669156,32.65154444348234,0.8911339295333518,0.5843253968253969,"            day   n       acc   frac_up      y_up
0    2021-02-01  13  0.307692  0.461538  0.384615
1    2021-02-02  13  0.153846  0.461538  0.384615
2    2021-02-03  13  0.230769  0.384615  0.538462
3    2021-02-04  14  0.285714  0.357143  0.500000
4    2021-02-05  14  0.214286  0.428571  0.500000
...         ...  ..       ...       ...       ...
1003 2025-01-29  17  0.941176  0.941176  0.882353
1004 2025-01-30  17  1.000000  0.941176  0.941176
1005 2025-01-31  17  0.882353  0.882353  0.764706
1006 2025-02-03  17  0.882353  0.941176  0.823529
1007 2025-02-04  17  0.823529  0.941176  0.764706

[1008 rows x 5 columns]",41,0.022224530393701772,0.06056803987330167,False
G_extremes10_21_ens_lh_v2_no_market,extremes10,21,ens_lh,expanding,liquid,v2_no_market,relative,0.01,7972,1008,48,0.5691169091821375,0.515805318615153,0.053311590566984535,0.5197921640343801,0.6171600710511481,20.458944559392382,0.8736142605190224,0.5307539682539683,"            day  n       acc   frac_up      y_up
0    2021-02-01  6  0.166667  0.500000  0.333333
1    2021-02-02  6  0.166667  0.333333  0.500000
2    2021-02-03  6  0.333333  0.666667  0.333333
3    2021-02-04  7  0.428571  0.571429  0.285714
4    2021-02-05  7  0.142857  0.571429  0.285714
...         ... ..       ...       ...       ...
1003 2025-01-29  8  1.000000  0.875000  0.875000
1004 2025-01-30  8  1.000000  0.875000  0.875000
1005 2025-01-31  8  1.000000  0.875000  0.875000
1006 2025-02-03  8  0.750000  0.875000  0.625000
1007 2025-02-04  8  0.750000  1.000000  0.750000

[1008 rows x 5 columns]",42,0.02483875178999184,0.0679117967328526,False
G_extremes10_21_ens_lh_v2_all,extremes10,21,ens_lh,expanding,liquid,v2_all,relative,1.0,830525,1008,48,0.5350230276030222,0.5443279853104964,-0.009304957707474193,0.5195436506636777,0.5488836585141932,179.31666763221048,0.8456950498688518,0.753968253968254,"            day    n       acc   frac_up      y_up
0    2021-02-01  699  0.456366  0.228898  0.500715
1    2021-02-02  699  0.434907  0.221745  0.520744
2    2021-02-03  699  0.399142  0.167382  0.562232
3    2021-02-04  700  0.392857  0.160000  0.552857
4    2021-02-05  701  0.386591  0.161198  0.563481
...         ...  ...       ...       ...       ...
1003 2025-01-29  898  0.525612  0.922049  0.496659
1004 2025-01-30  897  0.527313  0.931996  0.510591
1005 2025-01-31  898  0.508909  0.925390  0.496659
1006 2025-02-03  898  0.522272  0.932071  0.507795
1007 2025-02-04  899  0.511680  0.932147  0.503893

[1008 rows x 5 columns]",43,0.0074846958802335445,0.020528271217312686,False
G_extremes10_21_ens_lh_v2_all,extremes10,21,ens_lh,expanding,liquid,v2_all,relative,0.5,414995,1008,48,0.5471824961746528,0.5611513391727612,-0.01396884299810841,0.5237161635414231,0.5694912191809531,223.42408051057197,0.9105594077101367,0.7152777777777778,"            day    n       acc   frac_up      y_up
0    2021-02-01  349  0.449857  0.123209  0.484241
1    2021-02-02  349  0.424069  0.131805  0.495702
2    2021-02-03  349  0.389685  0.065903  0.578797
3    2021-02-04  350  0.382857  0.062857  0.582857
4    2021-02-05  350  0.360000  0.068571  0.617143
...         ...  ...       ...       ...       ...
1003 2025-01-29  449  0.643653  0.984410  0.632517
1004 2025-01-30  448  0.674107  0.986607  0.665179
1005 2025-01-31  449  0.621381  0.982183  0.612472
1006 2025-02-03  449  0.623608  0.984410  0.616927
1007 2025-02-04  449  0.650334  0.984410  0.643653

[1008 rows x 5 columns]",44,0.011677310112124998,0.03212508293482061,False
G_extremes10_21_ens_lh_v2_all,extremes10,21,ens_lh,expanding,liquid,v2_all,relative,0.25,207241,1008,48,0.5519612431902954,0.5647000352246901,-0.012738792034394764,0.5239947959629084,0.5801178124907747,165.00353999207363,0.9180144224900008,0.6825396825396826,"            day    n       acc   frac_up      y_up
0    2021-02-01  174  0.494253  0.091954  0.482759
1    2021-02-02  174  0.454023  0.080460  0.522989
2    2021-02-03  174  0.419540  0.045977  0.568966
3    2021-02-04  175  0.354286  0.051429  0.617143
4    2021-02-05  175  0.314286  0.057143  0.662857
...         ...  ...       ...       ...       ...
1003 2025-01-29  224  0.705357  0.986607  0.691964
1004 2025-01-30  224  0.745536  0.982143  0.727679
1005 2025-01-31  224  0.714286  0.973214  0.696429
1006 2025-02-03  224  0.718750  0.977679  0.696429
1007 2025-02-04  224  0.745536  0.977679  0.723214

[1008 rows x 5 columns]",45,0.014317096053027098,0.03950409552878461,False
G_extremes10_21_ens_lh_v2_all,extremes10,21,ens_lh,expanding,liquid,v2_all,relative,0.1,82572,1008,48,0.558058421741026,0.5627452405173666,-0.004686818776340584,0.5254333519538464,0.5907239942474319,91.02918512354364,0.9122649748727205,0.6488095238095238,"            day   n       acc   frac_up      y_up
0    2021-02-01  69  0.565217  0.144928  0.434783
1    2021-02-02  69  0.434783  0.144928  0.565217
2    2021-02-03  69  0.391304  0.086957  0.579710
3    2021-02-04  70  0.271429  0.085714  0.671429
4    2021-02-05  70  0.300000  0.100000  0.628571
...         ...  ..       ...       ...       ...
1003 2025-01-29  89  0.808989  0.977528  0.786517
1004 2025-01-30  89  0.842697  0.966292  0.808989
1005 2025-01-31  89  0.853933  0.955056  0.808989
1006 2025-02-03  89  0.831461  0.988764  0.820225
1007 2025-02-04  89  0.831461  0.988764  0.820225

[1008 rows x 5 columns]",46,0.016655776095302423,0.04608952339466746,False
G_extremes10_21_ens_lh_v2_all,extremes10,21,ens_lh,expanding,liquid,v2_all,relative,0.05,40985,1008,48,0.5648163962425278,0.5549347322191045,0.009881664023423276,0.5300705796670385,0.6002757522719756,51.733565563348094,0.9005091688521069,0.6021825396825397,"            day   n       acc   frac_up      y_up
0    2021-02-01  34  0.470588  0.176471  0.470588
1    2021-02-02  34  0.323529  0.176471  0.558824
2    2021-02-03  34  0.382353  0.147059  0.588235
3    2021-02-04  35  0.342857  0.114286  0.600000
4    2021-02-05  35  0.371429  0.171429  0.514286
...         ...  ..       ...       ...       ...
1003 2025-01-29  44  0.909091  0.977273  0.886364
1004 2025-01-30  44  0.931818  0.954545  0.886364
1005 2025-01-31  44  0.931818  0.954545  0.886364
1006 2025-02-03  44  0.886364  0.977273  0.863636
1007 2025-02-04  44  0.863636  0.977273  0.840909

[1008 rows x 5 columns]",47,0.01790948280738191,0.049697750547346355,False
G_extremes10_21_ens_lh_v2_all,extremes10,21,ens_lh,expanding,liquid,v2_all,relative,0.02,16227,1008,48,0.5754606519997535,0.540765391014975,0.034695260984778487,0.535793444264596,0.6155281790096699,27.31171192876357,0.8795643978745344,0.5922619047619048,"            day   n       acc   frac_up      y_up
0    2021-02-01  13  0.461538  0.384615  0.307692
1    2021-02-02  13  0.230769  0.384615  0.538462
2    2021-02-03  13  0.153846  0.307692  0.692308
3    2021-02-04  14  0.357143  0.285714  0.500000
4    2021-02-05  14  0.357143  0.214286  0.571429
...         ...  ..       ...       ...       ...
1003 2025-01-29  17  0.941176  0.941176  0.882353
1004 2025-01-30  17  1.000000  0.941176  0.941176
1005 2025-01-31  17  0.882353  1.000000  0.882353
1006 2025-02-03  17  0.823529  1.000000  0.823529
1007 2025-02-04  17  0.882353  1.000000  0.882353

[1008 rows x 5 columns]",48,0.020340493557416833,0.05659777337561973,False
G_extremes10_21_ens_lh_v2_all,extremes10,21,ens_lh,expanding,liquid,v2_all,relative,0.01,7972,1008,48,0.5836678374310086,0.5274711490215755,0.05619668840943304,0.5358915727131885,0.6295435550122088,18.77269005880643,0.8627035304862687,0.5535714285714286,"            day  n       acc   frac_up      y_up
0    2021-02-01  6  0.333333  0.500000  0.500000
1    2021-02-02  6  0.166667  0.500000  0.333333
2    2021-02-03  6  0.333333  0.333333  0.666667
3    2021-02-04  7  0.285714  0.428571  0.571429
4    2021-02-05  7  0.285714  0.285714  0.428571
...         ... ..       ...       ...       ...
1003 2025-01-29  8  1.000000  0.875000  0.875000
1004 2025-01-30  8  1.000000  1.000000  1.000000
1005 2025-01-31  8  0.875000  1.000000  0.875000
1006 2025-02-03  8  0.875000  1.000000  0.875000
1007 2025-02-04  8  0.750000  1.000000  0.750000

[1008 rows x 5 columns]",49,0.02389081181097456,0.06665339798287581,False
G_extremes10_21_ens3_v2_no_market,extremes10,21,ens3,expanding,liquid,v2_no_market,relative,1.0,830525,1008,48,0.5318768248999127,0.5443075163300322,-0.012430691430119434,0.5155739286850126,0.5469649205320068,215.94639688986706,0.8590978557233498,0.7371031746031746,"            day    n       acc   frac_up      y_up
0    2021-02-01  699  0.432046  0.227468  0.500715
1    2021-02-02  699  0.419170  0.217454  0.520744
2    2021-02-03  699  0.384835  0.204578  0.562232
3    2021-02-04  700  0.377143  0.204286  0.552857
4    2021-02-05  701  0.369472  0.206847  0.563481
...         ...  ...       ...       ...       ...
1003 2025-01-29  898  0.526726  0.920935  0.496659
1004 2025-01-30  897  0.532887  0.924192  0.510591
1005 2025-01-31  898  0.506682  0.923163  0.496659
1006 2025-02-03  898  0.522272  0.923163  0.507795
1007 2025-02-04  899  0.513904  0.929922  0.503893

[1008 rows x 5 columns]",50,0.008007906083416895,0.022399311478537607,False
G_extremes10_21_ens3_v2_no_market,extremes10,21,ens3,expanding,liquid,v2_no_market,relative,0.5,414995,1008,48,0.5475391269774335,0.5635971517729129,-0.016058024795479464,0.5224691403873777,0.5722980779564752,267.08634867454276,0.9213517430848805,0.6984126984126984,"            day    n       acc   frac_up      y_up
0    2021-02-01  349  0.395415  0.146132  0.515759
1    2021-02-02  349  0.381089  0.143266  0.538682
2    2021-02-03  349  0.326648  0.128940  0.601719
3    2021-02-04  350  0.334286  0.137143  0.591429
4    2021-02-05  350  0.308571  0.142857  0.611429
...         ...  ...       ...       ...       ...
1003 2025-01-29  449  0.632517  0.968820  0.614699
1004 2025-01-30  448  0.678571  0.973214  0.669643
1005 2025-01-31  449  0.610245  0.966592  0.612472
1006 2025-02-03  449  0.619154  0.968820  0.610245
1007 2025-02-04  449  0.630290  0.971047  0.628062

[1008 rows x 5 columns]",51,0.012711463665586113,0.035645743942693466,False
G_extremes10_21_ens3_v2_no_market,extremes10,21,ens3,expanding,liquid,v2_no_market,relative,0.25,207241,1008,48,0.5527139899923278,0.5656023663271263,-0.012888376334798557,0.5233700751402861,0.5813267164645091,178.55329259069953,0.9225855941707848,0.6636904761904762,"            day    n       acc   frac_up      y_up
0    2021-02-01  174  0.431034  0.149425  0.500000
1    2021-02-02  174  0.362069  0.143678  0.586207
2    2021-02-03  174  0.344828  0.132184  0.591954
3    2021-02-04  175  0.291429  0.148571  0.628571
4    2021-02-05  175  0.291429  0.148571  0.640000
...         ...  ...       ...       ...       ...
1003 2025-01-29  224  0.678571  0.964286  0.660714
1004 2025-01-30  224  0.758929  0.964286  0.741071
1005 2025-01-31  224  0.709821  0.959821  0.696429
1006 2025-02-03  224  0.683036  0.959821  0.669643
1007 2025-02-04  224  0.723214  0.959821  0.709821

[1008 rows x 5 columns]",52,0.014784857480669123,0.041562249922353696,False
G_extremes10_21_ens3_v2_no_market,extremes10,21,ens3,expanding,liquid,v2_no_market,relative,0.1,82572,1008,48,0.5598386862374655,0.5594753669524778,0.0003633192849876732,0.5276699608947868,0.5922358590174255,90.3472279214622,0.9062724307142385,0.626984126984127,"            day   n       acc   frac_up      y_up
0    2021-02-01  69  0.333333  0.231884  0.637681
1    2021-02-02  69  0.289855  0.217391  0.695652
2    2021-02-03  69  0.289855  0.202899  0.652174
3    2021-02-04  70  0.242857  0.228571  0.671429
4    2021-02-05  70  0.271429  0.214286  0.685714
...         ...  ..       ...       ...       ...
1003 2025-01-29  89  0.775281  0.921348  0.741573
1004 2025-01-30  89  0.831461  0.932584  0.786517
1005 2025-01-31  89  0.820225  0.921348  0.786517
1006 2025-02-03  89  0.775281  0.921348  0.741573
1007 2025-02-04  89  0.797753  0.921348  0.764045

[1008 rows x 5 columns]",53,0.016470892378224154,0.046413396070143435,False
G_extremes10_21_ens3_v2_no_market,extremes10,21,ens3,expanding,liquid,v2_no_market,relative,0.05,40985,1008,48,0.5677930950347688,0.554031962913261,0.013761132121507869,0.5325806295154127,0.6039168891384183,52.39381803444206,0.8832005503054194,0.6398809523809523,"            day   n       acc   frac_up      y_up
0    2021-02-01  34  0.382353  0.323529  0.588235
1    2021-02-02  34  0.294118  0.352941  0.647059
2    2021-02-03  34  0.294118  0.294118  0.647059
3    2021-02-04  35  0.285714  0.314286  0.628571
4    2021-02-05  35  0.314286  0.371429  0.600000
...         ...  ..       ...       ...       ...
1003 2025-01-29  44  0.840909  0.909091  0.750000
1004 2025-01-30  44  0.886364  0.931818  0.818182
1005 2025-01-31  44  0.863636  0.886364  0.750000
1006 2025-02-03  44  0.886364  0.886364  0.818182
1007 2025-02-04  44  0.818182  0.909091  0.772727

[1008 rows x 5 columns]",54,0.01819802541403204,0.05140086347895134,False
G_extremes10_21_ens3_v2_no_market,extremes10,21,ens3,expanding,liquid,v2_no_market,relative,0.02,16227,1008,48,0.5814999691871572,0.5419362790411043,0.03956369014605288,0.5407242230185343,0.6213166406831394,28.378246559478516,0.840304969922442,0.6190476190476191,"            day   n       acc   frac_up      y_up
0    2021-02-01  13  0.384615  0.615385  0.461538
1    2021-02-02  13  0.384615  0.615385  0.307692
2    2021-02-03  13  0.307692  0.615385  0.384615
3    2021-02-04  14  0.285714  0.428571  0.428571
4    2021-02-05  14  0.142857  0.500000  0.500000
...         ...  ..       ...       ...       ...
1003 2025-01-29  17  0.941176  0.941176  0.882353
1004 2025-01-30  17  0.941176  0.882353  0.823529
1005 2025-01-31  17  0.941176  0.764706  0.705882
1006 2025-02-03  17  0.941176  0.941176  0.882353
1007 2025-02-04  17  0.882353  0.941176  0.823529

[1008 rows x 5 columns]",55,0.02055929022056253,0.058203733223887805,False
G_extremes10_21_ens3_v2_no_market,extremes10,21,ens3,expanding,liquid,v2_no_market,relative,0.01,7972,1008,48,0.5844204716507777,0.527722027094832,0.05669844455594575,0.5393179124681007,0.6281696456454886,16.35108262214463,0.8053705278407659,0.5248015873015873,"            day  n       acc   frac_up      y_up
0    2021-02-01  6  0.166667  0.833333  0.333333
1    2021-02-02  6  0.333333  0.833333  0.166667
2    2021-02-03  6  0.333333  0.666667  0.333333
3    2021-02-04  7  0.285714  0.714286  0.285714
4    2021-02-05  7  0.285714  0.857143  0.142857
...         ... ..       ...       ...       ...
1003 2025-01-29  8  1.000000  0.875000  0.875000
1004 2025-01-30  8  1.000000  0.875000  0.875000
1005 2025-01-31  8  0.875000  0.750000  0.625000
1006 2025-02-03  8  0.875000  0.875000  0.750000
1007 2025-02-04  8  0.875000  0.875000  0.750000

[1008 rows x 5 columns]",56,0.02266625846361937,0.06431270103413783,False
G_extremes10_21_hgb_shallow_v2_all,extremes10,21,hgb_shallow,expanding,liquid,v2_all,relative,1.0,830525,1008,48,0.532352427681286,0.5443629029830529,-0.01201047530176691,0.5191342703401882,0.5443637847762457,141.84274294684303,0.816148949421543,0.7470238095238095,"            day    n       acc   frac_up      y_up
0    2021-02-01  699  0.497854  0.330472  0.500715
1    2021-02-02  699  0.479256  0.288984  0.520744
2    2021-02-03  699  0.427754  0.213162  0.562232
3    2021-02-04  700  0.400000  0.198571  0.552857
4    2021-02-05  701  0.403709  0.186876  0.563481
...         ...  ...       ...       ...       ...
1003 2025-01-29  898  0.532294  0.917595  0.496659
1004 2025-01-30  897  0.538462  0.927536  0.510591
1005 2025-01-31  898  0.517817  0.918708  0.496659
1006 2025-02-03  898  0.530067  0.924276  0.507795
1007 2025-02-04  899  0.518354  0.929922  0.503893

[1008 rows x 5 columns]",57,0.006436100621443234,0.018301742777502728,False
G_extremes10_21_hgb_shallow_v2_all,extremes10,21,hgb_shallow,expanding,liquid,v2_all,relative,0.5,414995,1008,48,0.5414691743274015,0.5583199797587923,-0.016850805431390836,0.5204697605975254,0.5607721619294677,176.38728045236257,0.8943144170261546,0.7093253968253969,"            day    n       acc   frac_up      y_up
0    2021-02-01  349  0.527221  0.183381  0.467049
1    2021-02-02  349  0.495702  0.140401  0.495702
2    2021-02-03  349  0.446991  0.054441  0.532951
3    2021-02-04  350  0.400000  0.057143  0.565714
4    2021-02-05  350  0.371429  0.034286  0.605714
...         ...  ...       ...       ...       ...
1003 2025-01-29  449  0.628062  0.991091  0.619154
1004 2025-01-30  448  0.654018  0.991071  0.645089
1005 2025-01-31  449  0.625835  0.986637  0.616927
1006 2025-02-03  449  0.634744  0.988864  0.623608
1007 2025-02-04  449  0.652561  0.988864  0.641425

[1008 rows x 5 columns]",58,0.010281224829577116,0.029298579447732117,False
G_extremes10_21_hgb_shallow_v2_all,extremes10,21,hgb_shallow,expanding,liquid,v2_all,relative,0.25,207241,1008,48,0.5457800338736061,0.5633923789211595,-0.01761234504755338,0.5199955382341744,0.5704967022015147,140.9764887977298,0.9163227779533044,0.6676587301587301,"            day    n       acc   frac_up      y_up
0    2021-02-01  174  0.603448  0.063218  0.390805
1    2021-02-02  174  0.545977  0.034483  0.431034
2    2021-02-03  174  0.465517  0.011494  0.522989
3    2021-02-04  175  0.417143  0.005714  0.577143
4    2021-02-05  175  0.394286  0.005714  0.600000
...         ...  ...       ...       ...       ...
1003 2025-01-29  224  0.718750  0.986607  0.705357
1004 2025-01-30  224  0.758929  0.982143  0.741071
1005 2025-01-31  224  0.727679  0.977679  0.705357
1006 2025-02-03  224  0.745536  0.982143  0.727679
1007 2025-02-04  224  0.781250  0.982143  0.763393

[1008 rows x 5 columns]",59,0.01288294999166844,0.03678995848242165,False
G_extremes10_21_hgb_shallow_v2_all,extremes10,21,hgb_shallow,expanding,liquid,v2_all,relative,0.1,82572,1008,48,0.5499079591144698,0.56391997287216,-0.014012013757690234,0.5195368598104086,0.579915570368036,79.56311423456138,0.9312661169264421,0.6329365079365079,"            day   n       acc   frac_up      y_up
0    2021-02-01  69  0.724638  0.014493  0.289855
1    2021-02-02  69  0.637681  0.000000  0.362319
2    2021-02-03  69  0.579710  0.000000  0.420290
3    2021-02-04  70  0.528571  0.000000  0.471429
4    2021-02-05  70  0.485714  0.000000  0.514286
...         ...  ..       ...       ...       ...
1003 2025-01-29  89  0.808989  0.988764  0.797753
1004 2025-01-30  89  0.853933  0.977528  0.831461
1005 2025-01-31  89  0.853933  0.977528  0.831461
1006 2025-02-03  89  0.797753  0.988764  0.786517
1007 2025-02-04  89  0.820225  0.977528  0.797753

[1008 rows x 5 columns]",60,0.015402732285109015,0.04407628260132966,False
G_extremes10_21_hgb_shallow_v2_all,extremes10,21,hgb_shallow,expanding,liquid,v2_all,relative,0.05,40985,1008,48,0.5506648773941686,0.5600341588385995,-0.009369281444430944,0.5175525794324451,0.5844777949481439,48.43422368566205,0.9361702234750086,0.5942460317460317,"            day   n       acc   frac_up      y_up
0    2021-02-01  34  0.735294  0.000000  0.264706
1    2021-02-02  34  0.588235  0.000000  0.411765
2    2021-02-03  34  0.441176  0.000000  0.558824
3    2021-02-04  35  0.485714  0.000000  0.514286
4    2021-02-05  35  0.457143  0.000000  0.542857
...         ...  ..       ...       ...       ...
1003 2025-01-29  44  0.818182  0.977273  0.795455
1004 2025-01-30  44  0.909091  0.977273  0.886364
1005 2025-01-31  44  0.886364  1.000000  0.886364
1006 2025-02-03  44  0.795455  1.000000  0.795455
1007 2025-02-04  44  0.818182  1.000000  0.818182

[1008 rows x 5 columns]",61,0.01707275906012723,0.04895372962414272,False
G_extremes10_21_hgb_shallow_v2_all,extremes10,21,hgb_shallow,expanding,liquid,v2_all,relative,0.02,16227,1008,48,0.5454489431194922,0.5473593393726505,-0.001910396253158253,0.5081620562779939,0.5814107067373904,22.22361992032153,0.9413746980273592,0.5347222222222222,"            day   n       acc  frac_up      y_up
0    2021-02-01  13  0.846154      0.0  0.153846
1    2021-02-02  13  0.615385      0.0  0.384615
2    2021-02-03  13  0.461538      0.0  0.538462
3    2021-02-04  14  0.571429      0.0  0.428571
4    2021-02-05  14  0.642857      0.0  0.357143
...         ...  ..       ...      ...       ...
1003 2025-01-29  17  1.000000      1.0  1.000000
1004 2025-01-30  17  1.000000      1.0  1.000000
1005 2025-01-31  17  0.941176      1.0  0.941176
1006 2025-02-03  17  0.941176      1.0  0.941176
1007 2025-02-04  17  0.705882      1.0  0.705882

[1008 rows x 5 columns]",62,0.018685880219233786,0.05368498839754874,False
G_extremes10_21_hgb_shallow_v2_all,extremes10,21,hgb_shallow,expanding,liquid,v2_all,relative,0.01,7972,1008,48,0.5356246864024085,0.5329904666332163,0.002634219769192203,0.49556125121093003,0.5760141584725413,13.687636060902484,0.9507314499874023,0.4722222222222222,"            day  n       acc  frac_up      y_up
0    2021-02-01  6  0.833333      0.0  0.166667
1    2021-02-02  6  1.000000      0.0  0.000000
2    2021-02-03  6  0.500000      0.0  0.500000
3    2021-02-04  7  0.571429      0.0  0.428571
4    2021-02-05  7  0.714286      0.0  0.285714
...         ... ..       ...      ...       ...
1003 2025-01-29  8  1.000000      1.0  1.000000
1004 2025-01-30  8  1.000000      1.0  1.000000
1005 2025-01-31  8  0.875000      1.0  0.875000
1006 2025-02-03  8  0.875000      1.0  0.875000
1007 2025-02-04  8  0.750000      1.0  0.750000

[1008 rows x 5 columns]",63,0.0205237008320437,0.05907928099492171,False
G_extremes10_21_ens3_v2_all,extremes10,21,ens3,expanding,liquid,v2_all,relative,1.0,830525,1008,48,0.5337154209686644,0.5443279853104964,-0.010612564341831998,0.5177047440828373,0.5483668932988163,202.08499706744402,0.8560851663403364,0.7430555555555556,"            day    n       acc   frac_up      y_up
0    2021-02-01  699  0.456366  0.211731  0.500715
1    2021-02-02  699  0.433476  0.197425  0.520744
2    2021-02-03  699  0.383405  0.157368  0.562232
3    2021-02-04  700  0.382857  0.155714  0.552857
4    2021-02-05  701  0.370899  0.162625  0.563481
...         ...  ...       ...       ...       ...
1003 2025-01-29  898  0.523385  0.926503  0.496659
1004 2025-01-30  897  0.531773  0.927536  0.510591
1005 2025-01-31  898  0.503341  0.924276  0.496659
1006 2025-02-03  898  0.515590  0.929844  0.507795
1007 2025-02-04  899  0.510567  0.933259  0.503893

[1008 rows x 5 columns]",64,0.007821976840810966,0.022559001821637694,False
G_extremes10_21_ens3_v2_all,extremes10,21,ens3,expanding,liquid,v2_all,relative,0.5,414995,1008,48,0.547866841769178,0.5630019638790829,-0.015135122109904864,0.5238218728719851,0.5713530537540776,245.66470811145865,0.9149053211131007,0.7073412698412699,"            day    n       acc   frac_up      y_up
0    2021-02-01  349  0.429799  0.123209  0.504298
1    2021-02-02  349  0.406877  0.134670  0.515759
2    2021-02-03  349  0.358166  0.083095  0.593123
3    2021-02-04  350  0.351429  0.082857  0.600000
4    2021-02-05  350  0.337143  0.080000  0.628571
...         ...  ...       ...       ...       ...
1003 2025-01-29  449  0.645880  0.979955  0.634744
1004 2025-01-30  448  0.680804  0.979911  0.669643
1005 2025-01-31  449  0.623608  0.973274  0.619154
1006 2025-02-03  449  0.628062  0.977728  0.619154
1007 2025-02-04  449  0.657016  0.979955  0.650334

[1008 rows x 5 columns]",65,0.012125301245431765,0.03503514374440718,False
G_extremes10_21_ens3_v2_all,extremes10,21,ens3,expanding,liquid,v2_all,relative,0.25,207241,1008,48,0.554277387196549,0.5648351436250549,-0.010557756428505982,0.5259329697872869,0.5823000744665091,168.12406377807244,0.914733236991506,0.6775793650793651,"            day    n       acc   frac_up      y_up
0    2021-02-01  174  0.477011  0.114943  0.488506
1    2021-02-02  174  0.408046  0.126437  0.545977
2    2021-02-03  174  0.362069  0.068966  0.614943
3    2021-02-04  175  0.314286  0.085714  0.657143
4    2021-02-05  175  0.280000  0.091429  0.697143
...         ...  ...       ...       ...       ...
1003 2025-01-29  224  0.683036  0.968750  0.669643
1004 2025-01-30  224  0.732143  0.968750  0.709821
1005 2025-01-31  224  0.705357  0.959821  0.691964
1006 2025-02-03  224  0.700893  0.964286  0.691964
1007 2025-02-04  224  0.718750  0.964286  0.709821

[1008 rows x 5 columns]",66,0.014379363438577101,0.04162399648287665,False
G_extremes10_21_ens3_v2_all,extremes10,21,ens3,expanding,liquid,v2_all,relative,0.1,82572,1008,48,0.5629511214455263,0.5593542605241486,0.003596860921377676,0.5309632184729447,0.5944860422140587,84.49692539386662,0.8957229007865984,0.6706349206349206,"            day   n       acc   frac_up      y_up
0    2021-02-01  69  0.405797  0.202899  0.594203
1    2021-02-02  69  0.333333  0.217391  0.652174
2    2021-02-03  69  0.333333  0.144928  0.637681
3    2021-02-04  70  0.242857  0.157143  0.685714
4    2021-02-05  70  0.285714  0.185714  0.642857
...         ...  ..       ...       ...       ...
1003 2025-01-29  89  0.797753  0.955056  0.752809
1004 2025-01-30  89  0.842697  0.943820  0.786517
1005 2025-01-31  89  0.842697  0.932584  0.797753
1006 2025-02-03  89  0.842697  0.955056  0.797753
1007 2025-02-04  89  0.820225  0.966292  0.786517

[1008 rows x 5 columns]",67,0.016204801974773968,0.04699220809479943,False
G_extremes10_21_ens3_v2_all,extremes10,21,ens3,expanding,liquid,v2_all,relative,0.05,40985,1008,48,0.5734537025741124,0.5527388068805661,0.020714895693546342,0.5413380109108248,0.6071732624293104,47.552185316686845,0.8732666000990579,0.6498015873015873,"            day   n       acc   frac_up      y_up
0    2021-02-01  34  0.382353  0.264706  0.529412
1    2021-02-02  34  0.352941  0.294118  0.588235
2    2021-02-03  34  0.352941  0.235294  0.588235
3    2021-02-04  35  0.257143  0.171429  0.628571
4    2021-02-05  35  0.314286  0.257143  0.600000
...         ...  ..       ...       ...       ...
1003 2025-01-29  44  0.840909  0.977273  0.818182
1004 2025-01-30  44  0.863636  0.954545  0.818182
1005 2025-01-31  44  0.863636  0.909091  0.772727
1006 2025-02-03  44  0.818182  0.977273  0.795455
1007 2025-02-04  44  0.863636  0.977273  0.840909

[1008 rows x 5 columns]",68,0.01679470702002183,0.0487885961727898,False
G_extremes10_21_ens3_v2_all,extremes10,21,ens3,expanding,liquid,v2_all,relative,0.02,16227,1008,48,0.5855672644358169,0.5383619892771307,0.04720527515868611,0.548357279549545,0.6235155480555521,24.532824549326453,0.8305161523298779,0.5892857142857143,"            day   n       acc   frac_up      y_up
0    2021-02-01  13  0.384615  0.538462  0.538462
1    2021-02-02  13  0.461538  0.461538  0.384615
2    2021-02-03  13  0.384615  0.384615  0.538462
3    2021-02-04  14  0.285714  0.357143  0.500000
4    2021-02-05  14  0.357143  0.357143  0.428571
...         ...  ..       ...       ...       ...
1003 2025-01-29  17  0.882353  0.941176  0.823529
1004 2025-01-30  17  0.941176  0.941176  0.882353
1005 2025-01-31  17  0.882353  0.882353  0.764706
1006 2025-02-03  17  0.882353  1.000000  0.882353
1007 2025-02-04  17  0.823529  0.941176  0.764706

[1008 rows x 5 columns]",69,0.019173027680103837,0.0557938828379657,False
G_extremes10_21_ens3_v2_all,extremes10,21,ens3,expanding,liquid,v2_all,relative,0.01,7972,1008,48,0.5980933266432514,0.5268439538384345,0.07124937280481691,0.5583644219624914,0.6387420817087048,14.266686423810917,0.7993157911312674,0.5684523809523809,"            day  n       acc   frac_up      y_up
0    2021-02-01  6  0.333333  0.833333  0.500000
1    2021-02-02  6  0.333333  0.833333  0.500000
2    2021-02-03  6  0.333333  0.666667  0.333333
3    2021-02-04  7  0.428571  0.428571  0.428571
4    2021-02-05  7  0.428571  0.428571  0.428571
...         ... ..       ...       ...       ...
1003 2025-01-29  8  1.000000  0.875000  0.875000
1004 2025-01-30  8  1.000000  0.875000  0.875000
1005 2025-01-31  8  0.875000  0.875000  0.750000
1006 2025-02-03  8  0.750000  1.000000  0.750000
1007 2025-02-04  8  0.750000  1.000000  0.750000

[1008 rows x 5 columns]",70,0.020504505037299354,0.05976980736972108,True
G_extremes20_21_hgb_shallow_v2_no_market,extremes20,21,hgb_shallow,expanding,liquid,v2_no_market,relative,1.0,830525,1008,48,0.532356039854309,0.5443713313867734,-0.01201529153246439,0.518306213529633,0.545585824789856,158.77977086566807,0.7655532363653226,0.7619047619047619,"            day    n       acc   frac_up      y_up
0    2021-02-01  699  0.507868  0.314735  0.500715
1    2021-02-02  699  0.494993  0.298999  0.520744
2    2021-02-03  699  0.449213  0.306152  0.562232
3    2021-02-04  700  0.420000  0.292857  0.552857
4    2021-02-05  701  0.419401  0.268188  0.563481
...         ...  ...       ...       ...       ...
1003 2025-01-29  898  0.554566  0.839644  0.496659
1004 2025-01-30  897  0.580825  0.849498  0.510591
1005 2025-01-31  898  0.550111  0.844098  0.496659
1006 2025-02-03  898  0.559020  0.846325  0.507795
1007 2025-02-04  899  0.550612  0.846496  0.503893

[1008 rows x 5 columns]",71,0.006959084505158912,0.02031928713519103,False
G_extremes20_21_hgb_shallow_v2_no_market,extremes20,21,hgb_shallow,expanding,liquid,v2_no_market,relative,0.5,414995,1008,48,0.5440667959854938,0.5575127411173628,-0.01344594513186903,0.5214896049911043,0.565255816845478,203.3913776564417,0.8458217978288693,0.7182539682539683,"            day    n       acc   frac_up      y_up
0    2021-02-01  349  0.532951  0.180516  0.464183
1    2021-02-02  349  0.487106  0.171920  0.507163
2    2021-02-03  349  0.429799  0.157593  0.550143
3    2021-02-04  350  0.411429  0.154286  0.548571
4    2021-02-05  350  0.388571  0.137143  0.582857
...         ...  ...       ...       ...       ...
1003 2025-01-29  449  0.652561  0.951002  0.621381
1004 2025-01-30  448  0.687500  0.955357  0.669643
1005 2025-01-31  449  0.665924  0.944321  0.654788
1006 2025-02-03  449  0.661470  0.953229  0.645880
1007 2025-02-04  449  0.688196  0.964365  0.665924

[1008 rows x 5 columns]",72,0.011164849962850429,0.032652810062947416,False
G_extremes20_21_hgb_shallow_v2_no_market,extremes20,21,hgb_shallow,expanding,liquid,v2_no_market,relative,0.25,207241,1008,48,0.5512712252884323,0.5646421316245338,-0.013370906336101496,0.5216169856074367,0.5796240616156706,179.16880404371855,0.8668340586146009,0.6517857142857143,"            day    n       acc   frac_up      y_up
0    2021-02-01  174  0.603448  0.051724  0.413793
1    2021-02-02  174  0.522989  0.040230  0.482759
2    2021-02-03  174  0.482759  0.034483  0.528736
3    2021-02-04  175  0.451429  0.040000  0.565714
4    2021-02-05  175  0.422857  0.022857  0.588571
...         ...  ...       ...       ...       ...
1003 2025-01-29  224  0.741071  0.955357  0.696429
1004 2025-01-30  224  0.767857  0.955357  0.741071
1005 2025-01-31  224  0.741071  0.955357  0.723214
1006 2025-02-03  224  0.772321  0.964286  0.745536
1007 2025-02-04  224  0.821429  0.964286  0.794643

[1008 rows x 5 columns]",73,0.014797723471488227,0.04334727545229824,False
G_extremes20_21_hgb_shallow_v2_no_market,extremes20,21,hgb_shallow,expanding,liquid,v2_no_market,relative,0.1,82572,1008,48,0.5556726251029405,0.564077411228988,-0.008404786126047559,0.5197764288010797,0.5907795341899233,112.38248689018684,0.8767180833548018,0.6081349206349206,"            day   n       acc   frac_up      y_up
0    2021-02-01  69  0.681159  0.000000  0.318841
1    2021-02-02  69  0.521739  0.000000  0.478261
2    2021-02-03  69  0.434783  0.000000  0.565217
3    2021-02-04  70  0.428571  0.000000  0.571429
4    2021-02-05  70  0.414286  0.000000  0.585714
...         ...  ..       ...       ...       ...
1003 2025-01-29  89  0.786517  0.955056  0.741573
1004 2025-01-30  89  0.865169  0.955056  0.820225
1005 2025-01-31  89  0.842697  0.943820  0.786517
1006 2025-02-03  89  0.842697  0.943820  0.786517
1007 2025-02-04  89  0.898876  0.943820  0.865169

[1008 rows x 5 columns]",74,0.018113037088990737,0.05314295378488197,False
G_extremes20_21_hgb_shallow_v2_no_market,extremes20,21,hgb_shallow,expanding,liquid,v2_no_market,relative,0.05,40985,1008,48,0.5584238135903379,0.5579846285226302,0.0004391850677076814,0.5154423280888806,0.6021457765387729,78.436386977008,0.8818279105853318,0.5753968253968254,"            day   n       acc   frac_up      y_up
0    2021-02-01  34  0.676471  0.000000  0.323529
1    2021-02-02  34  0.529412  0.000000  0.470588
2    2021-02-03  34  0.441176  0.000000  0.558824
3    2021-02-04  35  0.428571  0.000000  0.571429
4    2021-02-05  35  0.371429  0.000000  0.628571
...         ...  ..       ...       ...       ...
1003 2025-01-29  44  0.863636  0.909091  0.772727
1004 2025-01-30  44  0.977273  0.909091  0.886364
1005 2025-01-31  44  1.000000  0.886364  0.886364
1006 2025-02-03  44  0.954545  0.909091  0.863636
1007 2025-02-04  44  0.954545  0.909091  0.863636

[1008 rows x 5 columns]",75,0.02211822664538069,0.06499513903059065,False
G_extremes20_21_hgb_shallow_v2_no_market,extremes20,21,hgb_shallow,expanding,liquid,v2_no_market,relative,0.02,16227,1008,48,0.554446293215012,0.5406421396438036,0.013804153571208455,0.5042473661830347,0.6036589515682209,41.61533236898961,0.8991582628421739,0.5466269841269841,"            day   n       acc   frac_up      y_up
0    2021-02-01  13  0.692308  0.000000  0.307692
1    2021-02-02  13  0.538462  0.000000  0.461538
2    2021-02-03  13  0.307692  0.000000  0.692308
3    2021-02-04  14  0.428571  0.000000  0.571429
4    2021-02-05  14  0.357143  0.000000  0.642857
...         ...  ..       ...       ...       ...
1003 2025-01-29  17  0.882353  0.882353  0.764706
1004 2025-01-30  17  1.000000  0.882353  0.882353
1005 2025-01-31  17  1.000000  0.823529  0.823529
1006 2025-02-03  17  0.941176  0.764706  0.705882
1007 2025-02-04  17  0.941176  0.764706  0.705882

[1008 rows x 5 columns]",76,0.02536009831254751,0.07463570721456776,False
G_extremes20_21_hgb_shallow_v2_no_market,extremes20,21,hgb_shallow,expanding,liquid,v2_no_market,relative,0.01,7972,1008,48,0.5457852483692925,0.532237832413447,0.013547415955845521,0.49180606328676346,0.6017583143450655,26.219145187353746,0.9080707514487276,0.49603174603174605,"            day  n       acc  frac_up      y_up
0    2021-02-01  6  0.833333    0.000  0.166667
1    2021-02-02  6  0.500000    0.000  0.500000
2    2021-02-03  6  0.333333    0.000  0.666667
3    2021-02-04  7  0.428571    0.000  0.571429
4    2021-02-05  7  0.428571    0.000  0.571429
...         ... ..       ...      ...       ...
1003 2025-01-29  8  1.000000    0.875  0.875000
1004 2025-01-30  8  1.000000    0.875  0.875000
1005 2025-01-31  8  1.000000    0.875  0.875000
1006 2025-02-03  8  0.875000    1.000  0.875000
1007 2025-02-04  8  1.000000    0.875  0.875000

[1008 rows x 5 columns]",77,0.028049043637321962,0.08267386425934191,False
G_relative_21_logit_v2_no_market,relative,21,logit,expanding,liquid,v2_no_market,relative,1.0,830525,1008,48,0.5292459588814304,0.5443027000993348,-0.015056741217904346,0.5125438036413529,0.5453628572325776,239.365997551326,0.7683723576217696,0.7132936507936508,"            day    n       acc   frac_up      y_up
0    2021-02-01  699  0.426323  0.256080  0.500715
1    2021-02-02  699  0.420601  0.247496  0.520744
2    2021-02-03  699  0.383405  0.223176  0.562232
3    2021-02-04  700  0.391429  0.227143  0.552857
4    2021-02-05  701  0.372325  0.221113  0.563481
...         ...  ...       ...       ...       ...
1003 2025-01-29  898  0.583519  0.792873  0.496659
1004 2025-01-30  897  0.618729  0.800446  0.510591
1005 2025-01-31  898  0.589087  0.796214  0.496659
1006 2025-02-03  898  0.586860  0.793987  0.507795
1007 2025-02-04  899  0.598443  0.796440  0.503893

[1008 rows x 5 columns]",78,0.008372207548781816,0.024713499762159127,False
G_relative_21_logit_v2_no_market,relative,21,logit,expanding,liquid,v2_no_market,relative,0.5,414995,1008,48,0.5441535440186026,0.5538741430619646,-0.009720599043361977,0.5195659304131376,0.5681648556533755,265.6253150641976,0.8329111273368286,0.6507936507936508,"            day    n       acc   frac_up      y_up
0    2021-02-01  349  0.392550  0.194842  0.532951
1    2021-02-02  349  0.355301  0.180516  0.567335
2    2021-02-03  349  0.338109  0.140401  0.601719
3    2021-02-04  350  0.314286  0.154286  0.622857
4    2021-02-05  350  0.322857  0.151429  0.605714
...         ...  ...       ...       ...       ...
1003 2025-01-29  449  0.668151  0.879733  0.623608
1004 2025-01-30  448  0.694196  0.883929  0.658482
1005 2025-01-31  449  0.628062  0.881960  0.612472
1006 2025-02-03  449  0.634744  0.884187  0.608018
1007 2025-02-04  449  0.652561  0.888641  0.630290

[1008 rows x 5 columns]",79,0.01239768501026477,0.03664956937220911,False
G_relative_21_logit_v2_no_market,relative,21,logit,expanding,liquid,v2_no_market,relative,0.25,207241,1008,48,0.5527911947925362,0.5480768766798075,0.00471431811272871,0.525584315541864,0.5797123081277518,169.33866418533324,0.8105589436078625,0.6150793650793651,"            day    n       acc   frac_up      y_up
0    2021-02-01  174  0.356322  0.218391  0.528736
1    2021-02-02  174  0.339080  0.201149  0.574713
2    2021-02-03  174  0.321839  0.149425  0.597701
3    2021-02-04  175  0.320000  0.154286  0.628571
4    2021-02-05  175  0.337143  0.177143  0.600000
...         ...  ...       ...       ...       ...
1003 2025-01-29  224  0.687500  0.825893  0.620536
1004 2025-01-30  224  0.732143  0.834821  0.700893
1005 2025-01-31  224  0.683036  0.834821  0.660714
1006 2025-02-03  224  0.651786  0.843750  0.638393
1007 2025-02-04  224  0.696429  0.843750  0.674107

[1008 rows x 5 columns]",80,0.013808161373950955,0.04087787941826294,False
G_relative_21_logit_v2_no_market,relative,21,logit,expanding,liquid,v2_no_market,relative,0.1,82572,1008,48,0.5634355471588431,0.5223320253839073,0.041103521774935814,0.5337726490801546,0.5921607263554617,74.14273799079302,0.7312539304123408,0.5882936507936508,"            day   n       acc   frac_up      y_up
0    2021-02-01  69  0.318841  0.333333  0.550725
1    2021-02-02  69  0.347826  0.304348  0.550725
2    2021-02-03  69  0.333333  0.275362  0.565217
3    2021-02-04  70  0.271429  0.285714  0.614286
4    2021-02-05  70  0.314286  0.314286  0.571429
...         ...  ..       ...       ...       ...
1003 2025-01-29  89  0.764045  0.651685  0.640449
1004 2025-01-30  89  0.775281  0.730337  0.685393
1005 2025-01-31  89  0.775281  0.719101  0.674157
1006 2025-02-03  89  0.719101  0.719101  0.662921
1007 2025-02-04  89  0.730337  0.707865  0.707865

[1008 rows x 5 columns]",81,0.014894917672272204,0.04415758635206943,False
G_relative_21_logit_v2_no_market,relative,21,logit,expanding,liquid,v2_no_market,relative,0.05,40985,1008,48,0.566377943149933,0.5177259973160913,0.04865194583384169,0.5382884851227568,0.595790497542621,35.48895967847664,0.6689655864335222,0.5694444444444444,"            day   n       acc   frac_up      y_up
0    2021-02-01  34  0.411765  0.441176  0.558824
1    2021-02-02  34  0.441176  0.500000  0.470588
2    2021-02-03  34  0.411765  0.441176  0.441176
3    2021-02-04  35  0.371429  0.428571  0.485714
4    2021-02-05  35  0.371429  0.485714  0.542857
...         ...  ..       ...       ...       ...
1003 2025-01-29  44  0.727273  0.545455  0.545455
1004 2025-01-30  44  0.772727  0.522727  0.568182
1005 2025-01-31  44  0.750000  0.568182  0.590909
1006 2025-02-03  44  0.704545  0.590909  0.613636
1007 2025-02-04  44  0.750000  0.568182  0.636364

[1008 rows x 5 columns]",82,0.01466888071935311,0.04354814558671453,True
G_relative_21_logit_v2_no_market,relative,21,logit,expanding,liquid,v2_no_market,relative,0.02,16227,1008,48,0.5760152831700253,0.5843963764096876,-0.008381093239662296,0.5464897462040362,0.6048739337969006,14.591644857484006,0.7377077763085292,0.6795634920634921,"            day   n       acc   frac_up      y_up
0    2021-02-01  13  0.461538  0.538462  0.461538
1    2021-02-02  13  0.615385  0.615385  0.384615
2    2021-02-03  13  0.461538  0.615385  0.384615
3    2021-02-04  14  0.500000  0.571429  0.357143
4    2021-02-05  14  0.500000  0.642857  0.428571
...         ...  ..       ...       ...       ...
1003 2025-01-29  17  0.764706  0.117647  0.235294
1004 2025-01-30  17  0.705882  0.117647  0.294118
1005 2025-01-31  17  0.764706  0.176471  0.411765
1006 2025-02-03  17  0.705882  0.117647  0.411765
1007 2025-02-04  17  0.647059  0.117647  0.470588

[1008 rows x 5 columns]",83,0.014893925406342946,0.044277015597114895,False
G_relative_21_logit_v2_no_market,relative,21,logit,expanding,liquid,v2_no_market,relative,0.01,7972,1008,48,0.5824134470647265,0.6011038635223281,-0.01869041645760161,0.5481841585621287,0.6150659906392969,9.97779733516502,0.8391498960695388,0.7400793650793651,"            day  n       acc   frac_up      y_up
0    2021-02-01  6  0.333333  0.666667  0.333333
1    2021-02-02  6  0.666667  0.666667  0.333333
2    2021-02-03  6  0.500000  0.666667  0.166667
3    2021-02-04  7  0.571429  0.714286  0.285714
4    2021-02-05  7  0.714286  0.714286  0.428571
...         ... ..       ...       ...       ...
1003 2025-01-29  8  0.750000  0.000000  0.250000
1004 2025-01-30  8  0.750000  0.000000  0.250000
1005 2025-01-31  8  0.750000  0.000000  0.250000
1006 2025-02-03  8  0.625000  0.000000  0.375000
1007 2025-02-04  8  0.750000  0.000000  0.250000

[1008 rows x 5 columns]",84,0.01706169185642047,0.050790090740499304,False
G_relative_21_logit_v2_all,relative,21,logit,expanding,liquid,v2_all,relative,1.0,830525,1008,48,0.5297432347009422,0.5443027000993348,-0.01455946539839259,0.513335610386668,0.545646764128788,233.98518511628353,0.7653970861065937,0.7222222222222222,"            day    n       acc   frac_up      y_up
0    2021-02-01  699  0.426323  0.236052  0.500715
1    2021-02-02  699  0.420601  0.236052  0.520744
2    2021-02-03  699  0.387697  0.198856  0.562232
3    2021-02-04  700  0.394286  0.195714  0.552857
4    2021-02-05  701  0.375178  0.201141  0.563481
...         ...  ...       ...       ...       ...
1003 2025-01-29  898  0.591314  0.789532  0.496659
1004 2025-01-30  897  0.619844  0.806020  0.510591
1005 2025-01-31  898  0.595768  0.793987  0.496659
1006 2025-02-03  898  0.585746  0.812918  0.507795
1007 2025-02-04  899  0.602892  0.807564  0.503893

[1008 rows x 5 columns]",85,0.008242641260744902,0.024569850165103116,False
G_relative_21_logit_v2_all,relative,21,logit,expanding,liquid,v2_all,relative,0.5,414995,1008,48,0.5446716225496693,0.5534837769129749,-0.008812154363305624,0.520525640994013,0.5681372545338467,258.40944172268337,0.8277880370421056,0.6607142857142857,"            day    n       acc   frac_up      y_up
0    2021-02-01  349  0.386819  0.151862  0.547278
1    2021-02-02  349  0.358166  0.146132  0.575931
2    2021-02-03  349  0.346705  0.108883  0.607450
3    2021-02-04  350  0.320000  0.111429  0.631429
4    2021-02-05  350  0.320000  0.128571  0.614286
...         ...  ...       ...       ...       ...
1003 2025-01-29  449  0.659243  0.884187  0.614699
1004 2025-01-30  448  0.694196  0.892857  0.662946
1005 2025-01-31  449  0.628062  0.877506  0.612472
1006 2025-02-03  449  0.619154  0.904232  0.612472
1007 2025-02-04  449  0.643653  0.902004  0.630290

[1008 rows x 5 columns]",86,0.012145819780569816,0.036252158334476016,False
G_relative_21_logit_v2_all,relative,21,logit,expanding,liquid,v2_all,relative,0.25,207241,1008,48,0.5531916946936176,0.5481154790799118,0.005076215613705859,0.5259972793779631,0.5799638338478776,169.57582706301108,0.8069264484204733,0.6299603174603174,"            day    n       acc   frac_up      y_up
0    2021-02-01  174  0.379310  0.166667  0.557471
1    2021-02-02  174  0.339080  0.166667  0.586207
2    2021-02-03  174  0.321839  0.143678  0.603448
3    2021-02-04  175  0.325714  0.142857  0.622857
4    2021-02-05  175  0.342857  0.165714  0.605714
...         ...  ...       ...       ...       ...
1003 2025-01-29  224  0.678571  0.825893  0.620536
1004 2025-01-30  224  0.718750  0.848214  0.683036
1005 2025-01-31  224  0.674107  0.839286  0.665179
1006 2025-02-03  224  0.660714  0.861607  0.638393
1007 2025-02-04  224  0.714286  0.852679  0.700893

[1008 rows x 5 columns]",87,0.013766978181100637,0.041144189709658406,False
G_relative_21_logit_v2_all,relative,21,logit,expanding,liquid,v2_all,relative,0.1,82572,1008,48,0.5615583975197403,0.5205759821731337,0.04098241534660663,0.5316614749810661,0.5905649387417606,74.33097838241524,0.7379859597803888,0.5793650793650794,"            day   n       acc   frac_up      y_up
0    2021-02-01  69  0.347826  0.275362  0.579710
1    2021-02-02  69  0.347826  0.289855  0.565217
2    2021-02-03  69  0.333333  0.231884  0.579710
3    2021-02-04  70  0.271429  0.257143  0.642857
4    2021-02-05  70  0.328571  0.271429  0.600000
...         ...  ..       ...       ...       ...
1003 2025-01-29  89  0.752809  0.719101  0.629213
1004 2025-01-30  89  0.775281  0.730337  0.685393
1005 2025-01-31  89  0.707865  0.707865  0.662921
1006 2025-02-03  89  0.719101  0.741573  0.662921
1007 2025-02-04  89  0.741573  0.741573  0.707865

[1008 rows x 5 columns]",88,0.015026393816503713,0.04496552284828531,False
G_relative_21_logit_v2_all,relative,21,logit,expanding,liquid,v2_all,relative,0.05,40985,1008,48,0.5625716725631329,0.5181163840429426,0.04445528852019032,0.5337867216475687,0.5921771011299964,37.05512488299303,0.6893926729929898,0.564484126984127,"            day   n       acc   frac_up      y_up
0    2021-02-01  34  0.411765  0.441176  0.558824
1    2021-02-02  34  0.411765  0.470588  0.470588
2    2021-02-03  34  0.441176  0.411765  0.441176
3    2021-02-04  35  0.342857  0.428571  0.514286
4    2021-02-05  35  0.371429  0.428571  0.542857
...         ...  ..       ...       ...       ...
1003 2025-01-29  44  0.772727  0.545455  0.545455
1004 2025-01-30  44  0.750000  0.545455  0.568182
1005 2025-01-31  44  0.727273  0.590909  0.636364
1006 2025-02-03  44  0.704545  0.613636  0.636364
1007 2025-02-04  44  0.750000  0.590909  0.613636

[1008 rows x 5 columns]",89,0.01489550497000708,0.044630056907787985,False
G_relative_21_logit_v2_all,relative,21,logit,expanding,liquid,v2_all,relative,0.02,16227,1008,48,0.576569914340297,0.5789116903925556,-0.002341776052258604,0.546674694613149,0.6060008802632023,15.16210393598718,0.7316071122181066,0.6567460317460317,"            day   n       acc   frac_up      y_up
0    2021-02-01  13  0.461538  0.538462  0.461538
1    2021-02-02  13  0.615385  0.538462  0.461538
2    2021-02-03  13  0.615385  0.461538  0.384615
3    2021-02-04  14  0.500000  0.500000  0.428571
4    2021-02-05  14  0.571429  0.571429  0.428571
...         ...  ..       ...       ...       ...
1003 2025-01-29  17  0.705882  0.235294  0.294118
1004 2025-01-30  17  0.823529  0.235294  0.294118
1005 2025-01-31  17  0.705882  0.176471  0.470588
1006 2025-02-03  17  0.705882  0.294118  0.470588
1007 2025-02-04  17  0.705882  0.235294  0.529412

[1008 rows x 5 columns]",90,0.015134231033176867,0.045401732924979656,False
G_relative_21_logit_v2_all,relative,21,logit,expanding,liquid,v2_all,relative,0.01,7972,1008,48,0.5829152032112394,0.6063723030607125,-0.023457099849473195,0.5485873235277103,0.6159649300980198,9.703282507090002,0.8233438051146384,0.7529761904761905,"            day  n       acc   frac_up      y_up
0    2021-02-01  6  0.333333  0.666667  0.333333
1    2021-02-02  6  0.666667  0.833333  0.500000
2    2021-02-03  6  0.500000  0.666667  0.166667
3    2021-02-04  7  0.714286  0.714286  0.428571
4    2021-02-05  7  0.714286  0.714286  0.428571
...         ... ..       ...       ...       ...
1003 2025-01-29  8  0.750000  0.000000  0.250000
1004 2025-01-30  8  0.750000  0.000000  0.250000
1005 2025-01-31  8  0.750000  0.000000  0.250000
1006 2025-02-03  8  0.750000  0.000000  0.250000
1007 2025-02-04  8  0.625000  0.000000  0.375000

[1008 rows x 5 columns]",91,0.01718816494140547,0.05162667566248521,False
G_extremes20_21_hgb_shallow_v2_all,extremes20,21,hgb_shallow,expanding,liquid,v2_all,relative,1.0,830525,1008,48,0.5323271424701244,0.5443809638481684,-0.012053821378044005,0.5187488319092104,0.544770283669014,145.7791216394149,0.7839055888319713,0.7361111111111112,"            day    n       acc   frac_up      y_up
0    2021-02-01  699  0.519313  0.303290  0.500715
1    2021-02-02  699  0.497854  0.304721  0.520744
2    2021-02-03  699  0.463519  0.248927  0.562232
3    2021-02-04  700  0.447143  0.237143  0.552857
4    2021-02-05  701  0.440799  0.241084  0.563481
...         ...  ...       ...       ...       ...
1003 2025-01-29  898  0.561247  0.832962  0.496659
1004 2025-01-30  897  0.579710  0.841695  0.510591
1005 2025-01-31  898  0.550111  0.846325  0.496659
1006 2025-02-03  898  0.570156  0.839644  0.507795
1007 2025-02-04  899  0.563960  0.844271  0.503893

[1008 rows x 5 columns]",92,0.006638125448929499,0.019962529897701847,False
G_extremes20_21_hgb_shallow_v2_all,extremes20,21,hgb_shallow,expanding,liquid,v2_all,relative,0.5,414995,1008,48,0.5423462933288353,0.5600766274292461,-0.017730334100410805,0.5214899446765415,0.5617384698209457,180.03504535952572,0.8723882174169922,0.7003968253968254,"            day    n       acc   frac_up      y_up
0    2021-02-01  349  0.567335  0.140401  0.446991
1    2021-02-02  349  0.501433  0.151862  0.495702
2    2021-02-03  349  0.458453  0.100287  0.538682
3    2021-02-04  350  0.437143  0.085714  0.534286
4    2021-02-05  350  0.411429  0.082857  0.574286
...         ...  ...       ...       ...       ...
1003 2025-01-29  449  0.663697  0.975501  0.639198
1004 2025-01-30  448  0.705357  0.975446  0.694196
1005 2025-01-31  449  0.663697  0.971047  0.652561
1006 2025-02-03  449  0.654788  0.982183  0.645880
1007 2025-02-04  449  0.677060  0.979955  0.670379

[1008 rows x 5 columns]",93,0.010267480904184728,0.03091381293363721,False
G_extremes20_21_hgb_shallow_v2_all,extremes20,21,hgb_shallow,expanding,liquid,v2_all,relative,0.25,207241,1008,48,0.5482119850801723,0.5671898900314127,-0.01897790495124041,0.521345319909143,0.5728996257368922,146.40187515565307,0.8945161556017837,0.6636904761904762,"            day    n       acc   frac_up      y_up
0    2021-02-01  174  0.626437  0.028736  0.390805
1    2021-02-02  174  0.551724  0.028736  0.465517
2    2021-02-03  174  0.488506  0.000000  0.511494
3    2021-02-04  175  0.462857  0.000000  0.537143
4    2021-02-05  175  0.434286  0.000000  0.565714
...         ...  ...       ...       ...       ...
1003 2025-01-29  224  0.741071  0.986607  0.727679
1004 2025-01-30  224  0.803571  0.982143  0.785714
1005 2025-01-31  224  0.767857  0.977679  0.745536
1006 2025-02-03  224  0.763393  0.982143  0.745536
1007 2025-02-04  224  0.825893  0.982143  0.808036

[1008 rows x 5 columns]",94,0.013151608629527864,0.03964417023267898,False
G_extremes20_21_hgb_shallow_v2_all,extremes20,21,hgb_shallow,expanding,liquid,v2_all,relative,0.1,82572,1008,48,0.5499321804001356,0.5649978200842901,-0.01506563968415453,0.5183464387645981,0.5799691634044909,83.92572621192696,0.9008358219062012,0.6101190476190477,"            day   n       acc   frac_up      y_up
0    2021-02-01  69  0.695652  0.000000  0.304348
1    2021-02-02  69  0.565217  0.000000  0.434783
2    2021-02-03  69  0.507246  0.000000  0.492754
3    2021-02-04  70  0.485714  0.000000  0.514286
4    2021-02-05  70  0.428571  0.000000  0.571429
...         ...  ..       ...       ...       ...
1003 2025-01-29  89  0.865169  0.988764  0.853933
1004 2025-01-30  89  0.887640  0.988764  0.876404
1005 2025-01-31  89  0.898876  0.977528  0.876404
1006 2025-02-03  89  0.853933  0.977528  0.831461
1007 2025-02-04  89  0.910112  0.955056  0.865169

[1008 rows x 5 columns]",95,0.01572008281629919,0.04744172485085674,False
G_extremes20_21_hgb_shallow_v2_all,extremes20,21,hgb_shallow,expanding,liquid,v2_all,relative,0.05,40985,1008,48,0.5527632060509943,0.5601805538611687,-0.007417347810174446,0.5180763490094232,0.5864092276883558,50.13428385745316,0.8968480390165199,0.5724206349206349,"            day   n       acc   frac_up      y_up
0    2021-02-01  34  0.647059  0.000000  0.352941
1    2021-02-02  34  0.500000  0.000000  0.500000
2    2021-02-03  34  0.500000  0.000000  0.500000
3    2021-02-04  35  0.428571  0.000000  0.571429
4    2021-02-05  35  0.514286  0.000000  0.485714
...         ...  ..       ...       ...       ...
1003 2025-01-29  44  0.840909  1.000000  0.840909
1004 2025-01-30  44  0.977273  0.977273  0.954545
1005 2025-01-31  44  0.954545  0.977273  0.931818
1006 2025-02-03  44  0.931818  1.000000  0.931818
1007 2025-02-04  44  0.954545  0.931818  0.886364

[1008 rows x 5 columns]",96,0.017431856805850143,0.05266814604465129,False
G_extremes20_21_hgb_shallow_v2_all,extremes20,21,hgb_shallow,expanding,liquid,v2_all,relative,0.02,16227,1008,48,0.554939298699698,0.5520428914771677,0.0028964072225303727,0.5136272513491247,0.5955301507120075,27.571513510824605,0.8904351787011101,0.5436507936507936,"            day   n       acc   frac_up      y_up
0    2021-02-01  13  0.769231  0.000000  0.230769
1    2021-02-02  13  0.538462  0.000000  0.461538
2    2021-02-03  13  0.230769  0.000000  0.769231
3    2021-02-04  14  0.500000  0.000000  0.500000
4    2021-02-05  14  0.428571  0.000000  0.571429
...         ...  ..       ...       ...       ...
1003 2025-01-29  17  0.882353  1.000000  0.882353
1004 2025-01-30  17  1.000000  0.941176  0.941176
1005 2025-01-31  17  0.941176  0.941176  0.882353
1006 2025-02-03  17  0.941176  1.000000  0.941176
1007 2025-02-04  17  0.941176  0.941176  0.882353

[1008 rows x 5 columns]",97,0.020893596776245627,0.06319897541815615,False
G_extremes20_21_hgb_shallow_v2_all,extremes20,21,hgb_shallow,expanding,liquid,v2_all,relative,0.01,7972,1008,48,0.5577019568489714,0.5500501756146513,0.0076517812343200875,0.5128560717792148,0.6022061203442113,16.683242509840902,0.893461435500126,0.5376984126984127,"            day  n       acc  frac_up      y_up
0    2021-02-01  6  0.500000    0.000  0.500000
1    2021-02-02  6  0.500000    0.000  0.500000
2    2021-02-03  6  0.500000    0.000  0.500000
3    2021-02-04  7  0.428571    0.000  0.571429
4    2021-02-05  7  0.428571    0.000  0.571429
...         ... ..       ...      ...       ...
1003 2025-01-29  8  1.000000    1.000  1.000000
1004 2025-01-30  8  1.000000    0.875  0.875000
1005 2025-01-31  8  1.000000    0.875  0.875000
1006 2025-02-03  8  0.875000    1.000  0.875000
1007 2025-02-04  8  1.000000    1.000  1.000000

[1008 rows x 5 columns]",98,0.022793379735968497,0.06902268564112247,False
G_extremes20_21_ens_lh_v2_no_market,extremes20,21,ens_lh,expanding,liquid,v2_no_market,relative,1.0,830525,1008,48,0.5333891213389121,0.5443376177718913,-0.010948496432979127,0.5171583879840072,0.5486397458972869,217.1039267746546,0.8170799344086602,0.7281746031746031,"            day    n       acc   frac_up      y_up
0    2021-02-01  699  0.467811  0.228898  0.500715
1    2021-02-02  699  0.442060  0.217454  0.520744
2    2021-02-03  699  0.406295  0.200286  0.562232
3    2021-02-04  700  0.398571  0.211429  0.552857
4    2021-02-05  701  0.389444  0.203994  0.563481
...         ...  ...       ...       ...       ...
1003 2025-01-29  898  0.554566  0.857461  0.496659
1004 2025-01-30  897  0.566332  0.868450  0.510591
1005 2025-01-31  898  0.546771  0.863029  0.496659
1006 2025-02-03  898  0.557906  0.858575  0.507795
1007 2025-02-04  899  0.550612  0.862069  0.503893

[1008 rows x 5 columns]",99,0.00803095865134688,0.02434617891825821,False
G_extremes20_21_ens_lh_v2_no_market,extremes20,21,ens_lh,expanding,liquid,v2_no_market,relative,0.5,414995,1008,48,0.5466355016325498,0.5619730358197087,-0.015337534187158886,0.5214199443914828,0.5704826634869271,264.9772630922697,0.891571699157302,0.6934523809523809,"            day    n       acc   frac_up      y_up
0    2021-02-01  349  0.464183  0.114613  0.489971
1    2021-02-02  349  0.435530  0.108883  0.524355
2    2021-02-03  349  0.389685  0.085960  0.570201
3    2021-02-04  350  0.362857  0.094286  0.588571
4    2021-02-05  350  0.357143  0.091429  0.602857
...         ...  ...       ...       ...       ...
1003 2025-01-29  449  0.650334  0.957684  0.621381
1004 2025-01-30  448  0.696429  0.957589  0.685268
1005 2025-01-31  449  0.652561  0.962138  0.645880
1006 2025-02-03  449  0.650334  0.964365  0.636971
1007 2025-02-04  449  0.668151  0.962138  0.657016

[1008 rows x 5 columns]",100,0.012515999769246009,0.03798423520246425,False
G_extremes20_21_ens_lh_v2_no_market,extremes20,21,ens_lh,expanding,liquid,v2_no_market,relative,0.25,207241,1008,48,0.5553341278994022,0.5677447995329109,-0.01241067163350873,0.5241845324162923,0.585756489952109,204.63882071749003,0.8970864556644563,0.6329365079365079,"            day    n       acc   frac_up      y_up
0    2021-02-01  174  0.517241  0.080460  0.482759
1    2021-02-02  174  0.477011  0.080460  0.511494
2    2021-02-03  174  0.431034  0.080460  0.557471
3    2021-02-04  175  0.382857  0.080000  0.582857
4    2021-02-05  175  0.388571  0.074286  0.605714
...         ...  ...       ...       ...       ...
1003 2025-01-29  224  0.741071  0.964286  0.705357
1004 2025-01-30  224  0.794643  0.973214  0.767857
1005 2025-01-31  224  0.758929  0.964286  0.732143
1006 2025-02-03  224  0.758929  0.959821  0.736607
1007 2025-02-04  224  0.812500  0.964286  0.794643

[1008 rows x 5 columns]",101,0.015707132024443057,0.04772032746600035,False
G_extremes20_21_ens_lh_v2_no_market,extremes20,21,ens_lh,expanding,liquid,v2_no_market,relative,0.1,82572,1008,48,0.5603231119507823,0.5609165334495955,-0.0005934214988131403,0.5217457544018602,0.5985533720452793,124.21780884699145,0.8805059485463305,0.5873015873015873,"            day   n       acc   frac_up      y_up
0    2021-02-01  69  0.637681  0.130435  0.347826
1    2021-02-02  69  0.463768  0.115942  0.536232
2    2021-02-03  69  0.405797  0.072464  0.579710
3    2021-02-04  70  0.328571  0.114286  0.642857
4    2021-02-05  70  0.357143  0.114286  0.614286
...         ...  ..       ...       ...       ...
1003 2025-01-29  89  0.831461  0.943820  0.775281
1004 2025-01-30  89  0.887640  0.943820  0.831461
1005 2025-01-31  89  0.865169  0.932584  0.820225
1006 2025-02-03  89  0.853933  0.932584  0.808989
1007 2025-02-04  89  0.898876  0.921348  0.842697

[1008 rows x 5 columns]",102,0.019593780011076284,0.059591980291316696,False
G_extremes20_21_ens_lh_v2_no_market,extremes20,21,ens_lh,expanding,liquid,v2_no_market,relative,0.05,40985,1008,48,0.5641820178113944,0.547980968647066,0.016201049164328407,0.520872346963394,0.6072771190268955,74.83857336240806,0.8576376686166279,0.5694444444444444,"            day   n       acc   frac_up      y_up
0    2021-02-01  34  0.676471  0.147059  0.235294
1    2021-02-02  34  0.441176  0.117647  0.558824
2    2021-02-03  34  0.411765  0.088235  0.558824
3    2021-02-04  35  0.400000  0.085714  0.571429
4    2021-02-05  35  0.485714  0.085714  0.485714
...         ...  ..       ...       ...       ...
1003 2025-01-29  44  0.909091  0.909091  0.818182
1004 2025-01-30  44  0.977273  0.886364  0.863636
1005 2025-01-31  44  0.931818  0.863636  0.840909
1006 2025-02-03  44  0.886364  0.863636  0.795455
1007 2025-02-04  44  0.909091  0.863636  0.818182

[1008 rows x 5 columns]",103,0.02204203368966875,0.06710870090421761,False
G_extremes20_21_ens_lh_v2_no_market,extremes20,21,ens_lh,expanding,liquid,v2_no_market,relative,0.02,16227,1008,48,0.569113206384421,0.5265298576446663,0.04258334873975467,0.5221263754257431,0.6147428604979063,34.487389738650975,0.8022771056428271,0.5466269841269841,"            day   n       acc   frac_up      y_up
0    2021-02-01  13  0.692308  0.076923  0.230769
1    2021-02-02  13  0.384615  0.000000  0.615385
2    2021-02-03  13  0.384615  0.000000  0.615385
3    2021-02-04  14  0.285714  0.000000  0.714286
4    2021-02-05  14  0.357143  0.071429  0.571429
...         ...  ..       ...       ...       ...
1003 2025-01-29  17  0.882353  0.823529  0.705882
1004 2025-01-30  17  1.000000  0.823529  0.823529
1005 2025-01-31  17  1.000000  0.764706  0.764706
1006 2025-02-03  17  0.941176  0.823529  0.764706
1007 2025-02-04  17  0.882353  0.705882  0.705882

[1008 rows x 5 columns]",104,0.023626654355143658,0.07200814253892403,False
G_extremes20_21_ens_lh_v2_no_market,extremes20,21,ens_lh,expanding,liquid,v2_no_market,relative,0.01,7972,1008,48,0.5801555444054189,0.5046412443552434,0.07551430005017556,0.5262023254851382,0.6288234713018951,21.291031915666252,0.7671406525573192,0.5009920634920635,"            day  n       acc   frac_up      y_up
0    2021-02-01  6  0.666667  0.000000  0.333333
1    2021-02-02  6  0.333333  0.000000  0.666667
2    2021-02-03  6  0.333333  0.000000  0.666667
3    2021-02-04  7  0.428571  0.000000  0.571429
4    2021-02-05  7  0.428571  0.142857  0.428571
...         ... ..       ...       ...       ...
1003 2025-01-29  8  1.000000  0.750000  0.750000
1004 2025-01-30  8  1.000000  0.750000  0.750000
1005 2025-01-31  8  1.000000  0.625000  0.625000
1006 2025-02-03  8  1.000000  0.625000  0.625000
1007 2025-02-04  8  1.000000  0.750000  0.750000

[1008 rows x 5 columns]",105,0.026178863728764504,0.0798687945543643,False
G_extremes20_21_ens_lh_v2_all,extremes20,21,ens_lh,expanding,liquid,v2_all,relative,1.0,830525,1008,48,0.5340971072514373,0.5443388218295656,-0.01024171457812828,0.5182571415933568,0.5488033009550972,202.2555780934445,0.8133072913450254,0.7321428571428571,"            day    n       acc   frac_up      y_up
0    2021-02-01  699  0.469242  0.207439  0.500715
1    2021-02-02  699  0.459227  0.194564  0.520744
2    2021-02-03  699  0.406295  0.160229  0.562232
3    2021-02-04  700  0.410000  0.162857  0.552857
4    2021-02-05  701  0.392297  0.169757  0.563481
...         ...  ...       ...       ...       ...
1003 2025-01-29  898  0.556793  0.853007  0.496659
1004 2025-01-30  897  0.568562  0.859532  0.510591
1005 2025-01-31  898  0.550111  0.848552  0.496659
1006 2025-02-03  898  0.559020  0.857461  0.507795
1007 2025-02-04  899  0.552836  0.862069  0.503893

[1008 rows x 5 columns]",106,0.007792387592280722,0.023797903467743513,False
G_extremes20_21_ens_lh_v2_all,extremes20,21,ens_lh,expanding,liquid,v2_all,relative,0.5,414995,1008,48,0.546623453294618,0.5617417077314184,-0.015118254436800371,0.5223506957926605,0.5694265648769707,236.1046780212558,0.887112924716778,0.6964285714285714,"            day    n       acc   frac_up      y_up
0    2021-02-01  349  0.498567  0.085960  0.467049
1    2021-02-02  349  0.446991  0.094556  0.515759
2    2021-02-03  349  0.409742  0.063037  0.561605
3    2021-02-04  350  0.394286  0.062857  0.582857
4    2021-02-05  350  0.377143  0.062857  0.605714
...         ...  ...       ...       ...       ...
1003 2025-01-29  449  0.657016  0.966592  0.632517
1004 2025-01-30  448  0.694196  0.975446  0.683036
1005 2025-01-31  449  0.652561  0.966592  0.650334
1006 2025-02-03  449  0.650334  0.971047  0.639198
1007 2025-02-04  449  0.679287  0.971047  0.672606

[1008 rows x 5 columns]",107,0.012009150276609764,0.03671277509642469,False
G_extremes20_21_ens_lh_v2_all,extremes20,21,ens_lh,expanding,liquid,v2_all,relative,0.25,207241,1008,48,0.5543352907967053,0.5659594385280905,-0.011624147731385204,0.5245398287908846,0.5831552946680437,179.24825078487493,0.8913279387172373,0.6696428571428571,"            day    n       acc   frac_up      y_up
0    2021-02-01  174  0.574713  0.063218  0.419540
1    2021-02-02  174  0.511494  0.057471  0.477011
2    2021-02-03  174  0.436782  0.034483  0.551724
3    2021-02-04  175  0.405714  0.051429  0.577143
4    2021-02-05  175  0.377143  0.051429  0.605714
...         ...  ...       ...       ...       ...
1003 2025-01-29  224  0.763393  0.977679  0.741071
1004 2025-01-30  224  0.799107  0.977679  0.776786
1005 2025-01-31  224  0.758929  0.968750  0.736607
1006 2025-02-03  224  0.736607  0.973214  0.718750
1007 2025-02-04  224  0.812500  0.973214  0.794643

[1008 rows x 5 columns]",108,0.01495292496866305,0.045757568942258915,False
G_extremes20_21_ens_lh_v2_all,extremes20,21,ens_lh,expanding,liquid,v2_all,relative,0.1,82572,1008,48,0.561461512377077,0.5608923121639297,0.000569200213147325,0.5255141104137355,0.5959579794602595,101.81006290676771,0.8777249170566616,0.6200396825396826,"            day   n       acc   frac_up      y_up
0    2021-02-01  69  0.652174  0.057971  0.318841
1    2021-02-02  69  0.449275  0.057971  0.521739
2    2021-02-03  69  0.420290  0.014493  0.565217
3    2021-02-04  70  0.342857  0.000000  0.657143
4    2021-02-05  70  0.357143  0.028571  0.614286
...         ...  ..       ...       ...       ...
1003 2025-01-29  89  0.842697  0.977528  0.820225
1004 2025-01-30  89  0.876404  0.955056  0.831461
1005 2025-01-31  89  0.887640  0.932584  0.842697
1006 2025-02-03  89  0.876404  0.966292  0.842697
1007 2025-02-04  89  0.910112  0.943820  0.876404

[1008 rows x 5 columns]",109,0.017970374756766327,0.055045389773014895,False
G_extremes20_21_ens_lh_v2_all,extremes20,21,ens_lh,expanding,liquid,v2_all,relative,0.05,40985,1008,48,0.5674271074783457,0.5503232890081737,0.01710381847017195,0.5289085452548838,0.6047414817689808,58.5249867790939,0.8564270270169714,0.6091269841269841,"            day   n       acc   frac_up      y_up
0    2021-02-01  34  0.735294  0.058824  0.205882
1    2021-02-02  34  0.441176  0.000000  0.558824
2    2021-02-03  34  0.500000  0.000000  0.500000
3    2021-02-04  35  0.428571  0.000000  0.571429
4    2021-02-05  35  0.457143  0.000000  0.542857
...         ...  ..       ...       ...       ...
1003 2025-01-29  44  0.840909  0.977273  0.818182
1004 2025-01-30  44  0.931818  0.977273  0.909091
1005 2025-01-31  44  0.931818  0.931818  0.863636
1006 2025-02-03  44  0.886364  0.977273  0.863636
1007 2025-02-04  44  0.931818  0.931818  0.863636

[1008 rows x 5 columns]",110,0.019345136865841057,0.05931409739765118,False
G_extremes20_21_ens_lh_v2_all,extremes20,21,ens_lh,expanding,liquid,v2_all,relative,0.02,16227,1008,48,0.5768164170826401,0.5244345843347508,0.05238183274788932,0.5351640007028272,0.6172699104208487,27.37160856196101,0.8127138640356427,0.5575396825396826,"            day   n       acc   frac_up      y_up
0    2021-02-01  13  0.769231  0.153846  0.076923
1    2021-02-02  13  0.461538  0.000000  0.538462
2    2021-02-03  13  0.538462  0.000000  0.461538
3    2021-02-04  14  0.428571  0.000000  0.571429
4    2021-02-05  14  0.428571  0.000000  0.571429
...         ...  ..       ...       ...       ...
1003 2025-01-29  17  0.941176  0.941176  0.882353
1004 2025-01-30  17  1.000000  0.941176  0.941176
1005 2025-01-31  17  0.941176  0.882353  0.823529
1006 2025-02-03  17  0.941176  0.941176  0.882353
1007 2025-02-04  17  0.941176  0.941176  0.882353

[1008 rows x 5 columns]",111,0.02094538513214833,0.06428240864756676,False
G_extremes20_21_ens_lh_v2_all,extremes20,21,ens_lh,expanding,liquid,v2_all,relative,0.01,7972,1008,48,0.5836678374310086,0.5048921224284998,0.0787757150025088,0.5380898226486031,0.62684713461212,16.317179295002955,0.7906352355757118,0.5515873015873016,"            day  n       acc  frac_up      y_up
0    2021-02-01  6  0.833333    0.000  0.166667
1    2021-02-02  6  0.500000    0.000  0.500000
2    2021-02-03  6  0.333333    0.000  0.666667
3    2021-02-04  7  0.285714    0.000  0.714286
4    2021-02-05  7  0.428571    0.000  0.571429
...         ... ..       ...      ...       ...
1003 2025-01-29  8  0.875000    0.875  0.750000
1004 2025-01-30  8  1.000000    0.875  0.875000
1005 2025-01-31  8  1.000000    0.875  0.875000
1006 2025-02-03  8  1.000000    0.875  0.875000
1007 2025-02-04  8  1.000000    0.875  0.875000

[1008 rows x 5 columns]",112,0.02264217141926454,0.06955606419161317,True
G_extremes20_21_ens3_v2_no_market,extremes20,21,ens3,expanding,liquid,v2_no_market,relative,1.0,830525,1008,48,0.5321429216459468,0.5443219650221246,-0.012179043376177812,0.5152169079109716,0.548074076905774,235.766245157945,0.8284172818686423,0.7192460317460317,"            day    n       acc   frac_up      y_up
0    2021-02-01  699  0.449213  0.213162  0.500715
1    2021-02-02  699  0.440629  0.204578  0.520744
2    2021-02-03  699  0.383405  0.183119  0.562232
3    2021-02-04  700  0.387143  0.185714  0.552857
4    2021-02-05  701  0.380884  0.195435  0.563481
...         ...  ...       ...       ...       ...
1003 2025-01-29  898  0.550111  0.864143  0.496659
1004 2025-01-30  897  0.562988  0.874025  0.510591
1005 2025-01-31  898  0.547884  0.866370  0.496659
1006 2025-02-03  898  0.555679  0.867483  0.507795
1007 2025-02-04  899  0.549499  0.869855  0.503893

[1008 rows x 5 columns]",113,0.00838193086602102,0.025773279777523823,False
G_extremes20_21_ens3_v2_no_market,extremes20,21,ens3,expanding,liquid,v2_no_market,relative,0.5,414995,1008,48,0.5456933216062844,0.5625923203894023,-0.016898998783117958,0.5199721702587187,0.5708470046539331,283.5312298061367,0.8990589966302003,0.6815476190476191,"            day    n       acc   frac_up      y_up
0    2021-02-01  349  0.432665  0.106017  0.512894
1    2021-02-02  349  0.412607  0.100287  0.538682
2    2021-02-03  349  0.372493  0.077364  0.590258
3    2021-02-04  350  0.357143  0.091429  0.597143
4    2021-02-05  350  0.357143  0.088571  0.605714
...         ...  ...       ...       ...       ...
1003 2025-01-29  449  0.648107  0.953229  0.619154
1004 2025-01-30  448  0.694196  0.950893  0.680804
1005 2025-01-31  449  0.648107  0.953229  0.641425
1006 2025-02-03  449  0.650334  0.955457  0.636971
1007 2025-02-04  449  0.668151  0.955457  0.654788

[1008 rows x 5 columns]",114,0.01297827408041185,0.0399435706567505,False
G_extremes20_21_ens3_v2_no_market,extremes20,21,ens3,expanding,liquid,v2_no_market,relative,0.25,207241,1008,48,0.5564101698023075,0.5673587755318686,-0.010948605729561134,0.5250288884255123,0.5870732497072834,204.31180083073565,0.8958611626380548,0.6359126984126984,"            day    n       acc   frac_up      y_up
0    2021-02-01  174  0.459770  0.109195  0.511494
1    2021-02-02  174  0.425287  0.103448  0.551724
2    2021-02-03  174  0.385057  0.091954  0.580460
3    2021-02-04  175  0.308571  0.114286  0.645714
4    2021-02-05  175  0.325714  0.097143  0.657143
...         ...  ...       ...       ...       ...
1003 2025-01-29  224  0.736607  0.955357  0.709821
1004 2025-01-30  224  0.785714  0.968750  0.763393
1005 2025-01-31  224  0.763393  0.959821  0.741071
1006 2025-02-03  224  0.745536  0.950893  0.732143
1007 2025-02-04  224  0.803571  0.950893  0.781250

[1008 rows x 5 columns]",115,0.015827643184125266,0.048758041334128886,False
G_extremes20_21_ens3_v2_no_market,extremes20,21,ens3,expanding,liquid,v2_no_market,relative,0.1,82572,1008,48,0.5617642784479,0.5550065397471298,0.006757738700770233,0.5248988403462219,0.5983419578611939,115.93874189769242,0.8660351781502718,0.5932539682539683,"            day   n       acc   frac_up      y_up
0    2021-02-01  69  0.579710  0.173913  0.420290
1    2021-02-02  69  0.434783  0.188406  0.550725
2    2021-02-03  69  0.449275  0.173913  0.521739
3    2021-02-04  70  0.385714  0.185714  0.542857
4    2021-02-05  70  0.428571  0.185714  0.557143
...         ...  ..       ...       ...       ...
1003 2025-01-29  89  0.820225  0.921348  0.764045
1004 2025-01-30  89  0.887640  0.921348  0.831461
1005 2025-01-31  89  0.853933  0.910112  0.786517
1006 2025-02-03  89  0.842697  0.910112  0.775281
1007 2025-02-04  89  0.887640  0.921348  0.831461

[1008 rows x 5 columns]",116,0.018735489161982657,0.05776847506816142,False
G_extremes20_21_ens3_v2_no_market,extremes20,21,ens3,expanding,liquid,v2_no_market,relative,0.05,40985,1008,48,0.5677686958643406,0.5410760034158839,0.026692692448456734,0.5265371182908168,0.608955578844923,69.77529592632982,0.8264400210681723,0.5793650793650794,"            day   n       acc   frac_up      y_up
0    2021-02-01  34  0.617647  0.323529  0.352941
1    2021-02-02  34  0.529412  0.294118  0.470588
2    2021-02-03  34  0.441176  0.264706  0.470588
3    2021-02-04  35  0.428571  0.285714  0.514286
4    2021-02-05  35  0.485714  0.314286  0.485714
...         ...  ..       ...       ...       ...
1003 2025-01-29  44  0.886364  0.840909  0.772727
1004 2025-01-30  44  0.954545  0.909091  0.863636
1005 2025-01-31  44  0.909091  0.840909  0.795455
1006 2025-02-03  44  0.886364  0.818182  0.750000
1007 2025-02-04  44  0.863636  0.840909  0.750000

[1008 rows x 5 columns]",117,0.021025117488292392,0.06488675506239298,False
G_extremes20_21_ens3_v2_no_market,extremes20,21,ens3,expanding,liquid,v2_no_market,relative,0.02,16227,1008,48,0.5792198188204843,0.510445553706785,0.06877426511369933,0.5373738958286279,0.6195454963518937,27.953980436445462,0.7439124314255617,0.5744047619047619,"            day   n       acc   frac_up      y_up
0    2021-02-01  13  0.461538  0.461538  0.384615
1    2021-02-02  13  0.384615  0.384615  0.538462
2    2021-02-03  13  0.384615  0.307692  0.615385
3    2021-02-04  14  0.357143  0.428571  0.500000
4    2021-02-05  14  0.500000  0.500000  0.428571
...         ...  ..       ...       ...       ...
1003 2025-01-29  17  0.941176  0.764706  0.705882
1004 2025-01-30  17  1.000000  0.764706  0.764706
1005 2025-01-31  17  0.941176  0.705882  0.764706
1006 2025-02-03  17  1.000000  0.764706  0.764706
1007 2025-02-04  17  0.941176  0.588235  0.647059

[1008 rows x 5 columns]",118,0.020962142990629026,0.06475018756273457,True
G_extremes20_21_ens3_v2_no_market,extremes20,21,ens3,expanding,liquid,v2_no_market,relative,0.01,7972,1008,48,0.592824887104867,0.5175614651279479,0.07526342197691915,0.547971759985916,0.636512953975593,17.233456499949014,0.7115299823633157,0.5545634920634921,"            day  n       acc   frac_up      y_up
0    2021-02-01  6  0.500000  0.500000  0.333333
1    2021-02-02  6  0.500000  0.333333  0.500000
2    2021-02-03  6  0.500000  0.666667  0.500000
3    2021-02-04  7  0.571429  0.285714  0.428571
4    2021-02-05  7  0.571429  0.428571  0.285714
...         ... ..       ...       ...       ...
1003 2025-01-29  8  1.000000  0.750000  0.750000
1004 2025-01-30  8  1.000000  0.625000  0.625000
1005 2025-01-31  8  0.875000  0.500000  0.625000
1006 2025-02-03  8  1.000000  0.625000  0.625000
1007 2025-02-04  8  1.000000  0.750000  0.750000

[1008 rows x 5 columns]",119,0.02258703928308089,0.0698310273583904,True
G_extremes20_21_ens3_v2_all,extremes20,21,ens3,expanding,liquid,v2_all,relative,1.0,830525,1008,48,0.5336684627193643,0.5443303934258451,-0.010661930706480804,0.5173723217044592,0.548751178891162,218.21826399656103,0.8226139140647689,0.7361111111111112,"            day    n       acc   frac_up      y_up
0    2021-02-01  699  0.459227  0.180258  0.500715
1    2021-02-02  699  0.442060  0.177396  0.520744
2    2021-02-03  699  0.389127  0.154506  0.562232
3    2021-02-04  700  0.391429  0.150000  0.552857
4    2021-02-05  701  0.386591  0.152639  0.563481
...         ...  ...       ...       ...       ...
1003 2025-01-29  898  0.552339  0.859688  0.496659
1004 2025-01-30  897  0.571906  0.862876  0.510591
1005 2025-01-31  898  0.551225  0.851893  0.496659
1006 2025-02-03  898  0.551225  0.867483  0.507795
1007 2025-02-04  899  0.551724  0.867631  0.503893

[1008 rows x 5 columns]",120,0.008004810506811925,0.024769661544378537,False
G_extremes20_21_ens3_v2_all,extremes20,21,ens3,expanding,liquid,v2_all,relative,0.5,414995,1008,48,0.5474740659526018,0.5623561729659393,-0.014882107013337476,0.5226664610655625,0.571656151552347,260.47038731604806,0.8916436887383233,0.7083333333333334,"            day    n       acc   frac_up      y_up
0    2021-02-01  349  0.467049  0.077364  0.501433
1    2021-02-02  349  0.438395  0.077364  0.530086
2    2021-02-03  349  0.398281  0.060172  0.575931
3    2021-02-04  350  0.385714  0.057143  0.591429
4    2021-02-05  350  0.368571  0.062857  0.608571
...         ...  ...       ...       ...       ...
1003 2025-01-29  449  0.659243  0.957684  0.634744
1004 2025-01-30  448  0.694196  0.962054  0.683036
1005 2025-01-31  449  0.645880  0.953229  0.648107
1006 2025-02-03  449  0.650334  0.966592  0.639198
1007 2025-02-04  449  0.674833  0.964365  0.665924

[1008 rows x 5 columns]",121,0.012497370022138897,0.03870470217807911,False
G_extremes20_21_ens3_v2_all,extremes20,21,ens3,expanding,liquid,v2_all,relative,0.25,207241,1008,48,0.5564005192022814,0.5647868906249246,-0.008386371422643202,0.5263510270212205,0.5850039611709777,183.31227282820262,0.8865377751622664,0.6686507936507936,"            day    n       acc   frac_up      y_up
0    2021-02-01  174  0.494253  0.086207  0.488506
1    2021-02-02  174  0.471264  0.080460  0.517241
2    2021-02-03  174  0.408046  0.068966  0.580460
3    2021-02-04  175  0.377143  0.068571  0.611429
4    2021-02-05  175  0.354286  0.068571  0.634286
...         ...  ...       ...       ...       ...
1003 2025-01-29  224  0.754464  0.968750  0.732143
1004 2025-01-30  224  0.790179  0.968750  0.767857
1005 2025-01-31  224  0.763393  0.959821  0.741071
1006 2025-02-03  224  0.732143  0.959821  0.709821
1007 2025-02-04  224  0.785714  0.955357  0.767857

[1008 rows x 5 columns]",122,0.014962483201468688,0.046378972651045354,False
G_extremes20_21_ens3_v2_all,extremes20,21,ens3,expanding,liquid,v2_all,relative,0.1,82572,1008,48,0.5655185777261057,0.5565688126725766,0.008949765053529068,0.5306219360059713,0.6000156740765475,100.91087392999992,0.8580015568593137,0.623015873015873,"            day   n       acc   frac_up      y_up
0    2021-02-01  69  0.652174  0.144928  0.318841
1    2021-02-02  69  0.463768  0.159420  0.550725
2    2021-02-03  69  0.492754  0.101449  0.463768
3    2021-02-04  70  0.385714  0.114286  0.585714
4    2021-02-05  70  0.442857  0.142857  0.528571
...         ...  ..       ...       ...       ...
1003 2025-01-29  89  0.820225  0.955056  0.775281
1004 2025-01-30  89  0.865169  0.955056  0.820225
1005 2025-01-31  89  0.876404  0.921348  0.820225
1006 2025-02-03  89  0.853933  0.932584  0.808989
1007 2025-02-04  89  0.876404  0.921348  0.820225

[1008 rows x 5 columns]",123,0.017702484201677617,0.054918711810131464,False
G_extremes20_21_ens3_v2_all,extremes20,21,ens3,expanding,liquid,v2_all,relative,0.05,40985,1008,48,0.5721361473709894,0.5410516042454556,0.03108454312553377,0.5353544275052233,0.6098968639466397,57.02252196226987,0.8250113808255916,0.5892857142857143,"            day   n       acc   frac_up      y_up
0    2021-02-01  34  0.647059  0.205882  0.264706
1    2021-02-02  34  0.500000  0.176471  0.500000
2    2021-02-03  34  0.470588  0.147059  0.500000
3    2021-02-04  35  0.428571  0.171429  0.514286
4    2021-02-05  35  0.457143  0.200000  0.514286
...         ...  ..       ...       ...       ...
1003 2025-01-29  44  0.818182  0.954545  0.772727
1004 2025-01-30  44  0.909091  0.909091  0.818182
1005 2025-01-31  44  0.886364  0.886364  0.818182
1006 2025-02-03  44  0.863636  0.909091  0.818182
1007 2025-02-04  44  0.863636  0.909091  0.818182

[1008 rows x 5 columns]",124,0.019015927663626617,0.05904304106887931,False
G_extremes20_21_ens3_v2_all,extremes20,21,ens3,expanding,liquid,v2_all,relative,0.02,16227,1008,48,0.5826092315277007,0.5053922474887533,0.07721698403894739,0.544230487405292,0.6203970060170731,24.901792666960784,0.7659968100488057,0.5575396825396826,"            day   n       acc   frac_up      y_up
0    2021-02-01  13  0.615385  0.307692  0.230769
1    2021-02-02  13  0.384615  0.307692  0.615385
2    2021-02-03  13  0.384615  0.230769  0.384615
3    2021-02-04  14  0.428571  0.214286  0.500000
4    2021-02-05  14  0.571429  0.285714  0.428571
...         ...  ..       ...       ...       ...
1003 2025-01-29  17  0.941176  0.941176  0.882353
1004 2025-01-30  17  1.000000  0.882353  0.882353
1005 2025-01-31  17  0.941176  0.764706  0.823529
1006 2025-02-03  17  0.882353  0.882353  0.764706
1007 2025-02-04  17  0.941176  0.823529  0.882353

[1008 rows x 5 columns]",125,0.019430234339740088,0.060379675883020095,True
G_extremes20_21_ens3_v2_all,extremes20,21,ens3,expanding,liquid,v2_all,relative,0.01,7972,1008,48,0.5884345208228801,0.5263421976919217,0.06209232313095836,0.5459076260015865,0.628173143455297,14.232363083670863,0.7357075932224741,0.5763888888888888,"            day  n       acc   frac_up      y_up
0    2021-02-01  6  0.333333  0.500000  0.166667
1    2021-02-02  6  0.333333  0.500000  0.500000
2    2021-02-03  6  0.333333  0.166667  0.500000
3    2021-02-04  7  0.428571  0.142857  0.428571
4    2021-02-05  7  0.571429  0.428571  0.571429
...         ... ..       ...       ...       ...
1003 2025-01-29  8  0.875000  0.875000  0.750000
1004 2025-01-30  8  1.000000  0.875000  0.875000
1005 2025-01-31  8  1.000000  0.625000  0.625000
1006 2025-02-03  8  1.000000  0.875000  0.875000
1007 2025-02-04  8  1.000000  0.875000  0.875000

[1008 rows x 5 columns]",126,0.02098610139125267,0.06526834020282564,False
G_extremes10_42_logit_v2_all,extremes10,42,logit,expanding,liquid,v2_all,relative,1.0,717587,882,21,0.5285839905126486,0.5551006358810848,-0.02651664536843623,0.5061109440787942,0.549865624636,397.3128535909983,0.8669673054730703,0.7698412698412699,"           day    n       acc   frac_up      y_up
0   2021-03-03  713  0.326788  0.136045  0.660589
1   2021-03-04  713  0.332398  0.150070  0.652174
2   2021-03-05  713  0.356241  0.173913  0.652174
3   2021-03-08  712  0.300562  0.165730  0.679775
4   2021-03-09  711  0.331927  0.191280  0.682138
..         ...  ...       ...       ...       ...
877 2024-08-27  892  0.554933  0.912556  0.543722
878 2024-08-28  891  0.539843  0.924804  0.534231
879 2024-08-29  893  0.536394  0.924972  0.533035
880 2024-08-30  895  0.534078  0.921788  0.527374
881 2024-09-03  894  0.529083  0.904922  0.525727

[882 rows x 5 columns]",127,0.011161908305409637,0.03474272686826869,False
G_extremes10_42_logit_v2_all,extremes10,42,logit,expanding,liquid,v2_all,relative,0.5,358570,882,21,0.5489583623839139,0.578422623197702,-0.029464260813788057,0.5129217047308989,0.584425984008135,504.5916061335666,0.9179710492114791,0.7403628117913832,"           day    n       acc   frac_up      y_up
0   2021-03-03  356  0.247191  0.050562  0.741573
1   2021-03-04  356  0.280899  0.067416  0.724719
2   2021-03-05  356  0.300562  0.078652  0.688202
3   2021-03-08  356  0.264045  0.070225  0.733146
4   2021-03-09  355  0.287324  0.101408  0.712676
..         ...  ...       ...       ...       ...
877 2024-08-27  446  0.605381  0.964126  0.591928
878 2024-08-28  445  0.577528  0.973034  0.568539
879 2024-08-29  446  0.556054  0.968610  0.542601
880 2024-08-30  447  0.554810  0.964206  0.545861
881 2024-09-03  447  0.568233  0.957494  0.552573

[882 rows x 5 columns]",128,0.018240887570723473,0.0568228110815681,False
G_extremes10_42_logit_v2_all,extremes10,42,logit,expanding,liquid,v2_all,relative,0.25,179070,882,21,0.5660467973418216,0.5843524878539119,-0.0183056905120903,0.5237355140036856,0.606280457958224,332.9602323774922,0.9183563620941668,0.7392290249433107,"           day    n       acc   frac_up      y_up
0   2021-03-03  178  0.247191  0.061798  0.724719
1   2021-03-04  178  0.320225  0.073034  0.685393
2   2021-03-05  178  0.292135  0.067416  0.696629
3   2021-03-08  178  0.297753  0.050562  0.707865
4   2021-03-09  177  0.305085  0.079096  0.683616
..         ...  ...       ...       ...       ...
877 2024-08-27  223  0.632287  0.955157  0.623318
878 2024-08-28  222  0.585586  0.959459  0.563063
879 2024-08-29  223  0.547085  0.959641  0.533632
880 2024-08-30  223  0.556054  0.955157  0.538117
881 2024-09-03  223  0.569507  0.946188  0.551570

[882 rows x 5 columns]",129,0.021057383661872063,0.06564915801531127,False
G_extremes10_42_logit_v2_all,extremes10,42,logit,expanding,liquid,v2_all,relative,0.1,71345,882,21,0.5803630247389445,0.5830541733828579,-0.002691148643913399,0.5330798774965388,0.6240385436545568,157.79522924521078,0.9017396655423521,0.7290249433106576,"           day   n       acc   frac_up      y_up
0   2021-03-03  71  0.295775  0.098592  0.661972
1   2021-03-04  71  0.380282  0.098592  0.605634
2   2021-03-05  71  0.380282  0.084507  0.591549
3   2021-03-08  71  0.394366  0.056338  0.605634
4   2021-03-09  71  0.394366  0.098592  0.619718
..         ...  ..       ...       ...       ...
877 2024-08-27  89  0.595506  0.932584  0.617978
878 2024-08-28  89  0.617978  0.943820  0.606742
879 2024-08-29  89  0.595506  0.921348  0.561798
880 2024-08-30  89  0.561798  0.921348  0.550562
881 2024-09-03  89  0.595506  0.910112  0.573034

[882 rows x 5 columns]",130,0.023203741366841314,0.07239816036216025,False
G_extremes10_42_logit_v2_all,extremes10,42,logit,expanding,liquid,v2_all,relative,0.05,35424,882,21,0.5883864046973803,0.5748927280939476,0.013493676603432703,0.541569309125973,0.6329292617966348,82.34852715207903,0.8773610600961649,0.7018140589569161,"           day   n       acc   frac_up      y_up
0   2021-03-03  35  0.514286  0.200000  0.400000
1   2021-03-04  35  0.485714  0.171429  0.457143
2   2021-03-05  35  0.542857  0.114286  0.457143
3   2021-03-08  35  0.542857  0.114286  0.457143
4   2021-03-09  35  0.485714  0.114286  0.514286
..         ...  ..       ...       ...       ...
877 2024-08-27  44  0.613636  0.886364  0.636364
878 2024-08-28  44  0.590909  0.931818  0.568182
879 2024-08-29  44  0.522727  0.886364  0.500000
880 2024-08-30  44  0.568182  0.909091  0.568182
881 2024-09-03  44  0.659091  0.840909  0.636364

[882 rows x 5 columns]",131,0.02330611037516882,0.07277477911312202,False
G_extremes10_42_logit_v2_all,extremes10,42,logit,expanding,liquid,v2_all,relative,0.02,14004,882,21,0.5864752927734933,0.5448443301913739,0.0416309625821194,0.5407961704291117,0.6297705536555919,28.452126991763073,0.8336471493359249,0.63718820861678,"           day   n       acc   frac_up      y_up
0   2021-03-03  14  0.571429  0.214286  0.214286
1   2021-03-04  14  0.714286  0.214286  0.357143
2   2021-03-05  14  0.785714  0.214286  0.285714
3   2021-03-08  14  0.714286  0.214286  0.357143
4   2021-03-09  14  0.785714  0.214286  0.285714
..         ...  ..       ...       ...       ...
877 2024-08-27  17  0.588235  0.764706  0.588235
878 2024-08-28  17  0.470588  0.882353  0.470588
879 2024-08-29  17  0.529412  0.764706  0.529412
880 2024-08-30  17  0.529412  0.764706  0.529412
881 2024-09-03  17  0.470588  0.705882  0.411765

[882 rows x 5 columns]",132,0.022697546741449033,0.07092975674095774,False
G_extremes10_42_logit_v2_all,extremes10,42,logit,expanding,liquid,v2_all,relative,0.01,6883,882,21,0.5898590730785994,0.514746476826965,0.07511259625163447,0.5480104697865311,0.6301657306706901,12.30071564137663,0.7957766439909297,0.5884353741496599,"           day  n       acc   frac_up      y_up
0   2021-03-03  7  0.714286  0.142857  0.142857
1   2021-03-04  7  1.000000  0.285714  0.285714
2   2021-03-05  7  1.000000  0.285714  0.285714
3   2021-03-08  7  0.857143  0.428571  0.285714
4   2021-03-09  7  0.857143  0.428571  0.285714
..         ... ..       ...       ...       ...
877 2024-08-27  8  0.500000  0.500000  0.500000
878 2024-08-28  8  0.375000  0.750000  0.375000
879 2024-08-29  8  0.250000  0.625000  0.375000
880 2024-08-30  8  0.500000  0.500000  0.500000
881 2024-09-03  8  0.500000  0.375000  0.375000

[882 rows x 5 columns]",133,0.020957974715346692,0.06554419628489482,True
G_extremes10_42_logit_v2_no_market,extremes10,42,logit,expanding,liquid,v2_no_market,relative,1.0,717587,882,21,0.5269995136478225,0.5550992423218369,-0.028099728674014446,0.5038740912396631,0.5492942104706676,419.1963942005084,0.8689829510248588,0.7346938775510204,"           day    n       acc   frac_up      y_up
0   2021-03-03  713  0.325386  0.165498  0.660589
1   2021-03-04  713  0.347826  0.182328  0.652174
2   2021-03-05  713  0.350631  0.193548  0.652174
3   2021-03-08  712  0.308989  0.165730  0.679775
4   2021-03-09  711  0.329114  0.185654  0.682138
..         ...  ...       ...       ...       ...
877 2024-08-27  892  0.554933  0.917040  0.543722
878 2024-08-28  891  0.540965  0.928171  0.534231
879 2024-08-29  893  0.539754  0.926092  0.533035
880 2024-08-30  895  0.536313  0.924022  0.527374
881 2024-09-03  894  0.525727  0.919463  0.525727

[882 rows x 5 columns]",134,0.011586765109950135,0.03626431585969097,False
G_extremes10_42_logit_v2_no_market,extremes10,42,logit,expanding,liquid,v2_no_market,relative,0.5,358570,882,21,0.547708955015757,0.579797529073821,-0.03208857405806398,0.5103901552325647,0.5845474638410563,531.8947832962532,0.9195634231959487,0.7018140589569161,"           day    n       acc   frac_up      y_up
0   2021-03-03  356  0.235955  0.073034  0.752809
1   2021-03-04  356  0.278090  0.084270  0.727528
2   2021-03-05  356  0.300562  0.101124  0.682584
3   2021-03-08  356  0.261236  0.073034  0.733146
4   2021-03-09  355  0.287324  0.095775  0.723944
..         ...  ...       ...       ...       ...
877 2024-08-27  446  0.612108  0.968610  0.598655
878 2024-08-28  445  0.575281  0.973034  0.566292
879 2024-08-29  446  0.551570  0.970852  0.540359
880 2024-08-30  447  0.554810  0.966443  0.548098
881 2024-09-03  447  0.563758  0.966443  0.552573

[882 rows x 5 columns]",135,0.01891768076747234,0.05925357531999998,False
G_extremes10_42_logit_v2_no_market,extremes10,42,logit,expanding,liquid,v2_no_market,relative,0.25,179070,882,21,0.5650918635170604,0.5864857318367119,-0.02139386831965151,0.5219674418963987,0.6058259807256221,345.2160956880876,0.9194442975475864,0.7278911564625851,"           day    n       acc   frac_up      y_up
0   2021-03-03  178  0.252809  0.084270  0.719101
1   2021-03-04  178  0.314607  0.095506  0.679775
2   2021-03-05  178  0.303371  0.089888  0.674157
3   2021-03-08  178  0.308989  0.061798  0.696629
4   2021-03-09  177  0.299435  0.084746  0.694915
..         ...  ...       ...       ...       ...
877 2024-08-27  223  0.627803  0.968610  0.632287
878 2024-08-28  222  0.585586  0.968468  0.572072
879 2024-08-29  223  0.556054  0.959641  0.542601
880 2024-08-30  223  0.560538  0.950673  0.547085
881 2024-09-03  223  0.582960  0.950673  0.569507

[882 rows x 5 columns]",136,0.021392484395210066,0.06705549143288349,False
G_extremes10_42_logit_v2_no_market,extremes10,42,logit,expanding,liquid,v2_no_market,relative,0.1,71345,882,21,0.578779171630808,0.5841614689186349,-0.005382297287826798,0.5314517305619707,0.6220300593504401,157.4240305566469,0.9041204622095358,0.7426303854875284,"           day   n       acc   frac_up      y_up
0   2021-03-03  71  0.267606  0.098592  0.661972
1   2021-03-04  71  0.366197  0.112676  0.605634
2   2021-03-05  71  0.408451  0.126761  0.577465
3   2021-03-08  71  0.366197  0.084507  0.605634
4   2021-03-09  71  0.394366  0.154930  0.563380
..         ...  ..       ...       ...       ...
877 2024-08-27  89  0.629213  0.932584  0.629213
878 2024-08-28  89  0.606742  0.943820  0.595506
879 2024-08-29  89  0.561798  0.921348  0.550562
880 2024-08-30  89  0.561798  0.932584  0.539326
881 2024-09-03  89  0.617978  0.932584  0.595506

[882 rows x 5 columns]",137,0.02310671652767076,0.07248279701373225,False
G_extremes10_42_logit_v2_no_market,extremes10,42,logit,expanding,liquid,v2_no_market,relative,0.05,35424,882,21,0.5868620144534779,0.5761065943992774,0.010755420054200493,0.5390601926395541,0.631769360215986,80.91988718528982,0.8829504104583109,0.7346938775510204,"           day   n       acc   frac_up      y_up
0   2021-03-03  35  0.457143  0.171429  0.428571
1   2021-03-04  35  0.485714  0.171429  0.457143
2   2021-03-05  35  0.571429  0.171429  0.371429
3   2021-03-08  35  0.514286  0.114286  0.485714
4   2021-03-09  35  0.485714  0.171429  0.457143
..         ...  ..       ...       ...       ...
877 2024-08-27  44  0.613636  0.886364  0.636364
878 2024-08-28  44  0.613636  0.909091  0.613636
879 2024-08-29  44  0.568182  0.863636  0.522727
880 2024-08-30  44  0.545455  0.863636  0.500000
881 2024-09-03  44  0.659091  0.863636  0.613636

[882 rows x 5 columns]",138,0.023650297851130583,0.07424275407970377,False
G_extremes10_42_logit_v2_no_market,extremes10,42,logit,expanding,liquid,v2_no_market,relative,0.02,14004,882,21,0.5914738646101114,0.5544844330191374,0.03698943159097401,0.5459459851327856,0.6348670348221922,29.646648381699812,0.8334371843975685,0.6836734693877551,"           day   n       acc   frac_up      y_up
0   2021-03-03  14  0.571429  0.214286  0.214286
1   2021-03-04  14  0.714286  0.285714  0.285714
2   2021-03-05  14  0.857143  0.214286  0.214286
3   2021-03-08  14  0.714286  0.214286  0.357143
4   2021-03-09  14  0.785714  0.214286  0.285714
..         ...  ..       ...       ...       ...
877 2024-08-27  17  0.588235  0.764706  0.588235
878 2024-08-28  17  0.588235  0.823529  0.529412
879 2024-08-29  17  0.588235  0.647059  0.470588
880 2024-08-30  17  0.588235  0.705882  0.529412
881 2024-09-03  17  0.588235  0.647059  0.470588

[882 rows x 5 columns]",139,0.022683941247297605,0.07126133287522039,False
G_extremes10_42_logit_v2_no_market,extremes10,42,logit,expanding,liquid,v2_no_market,relative,0.01,6883,882,21,0.5927647827981984,0.5273863141072207,0.06537846869097774,0.5472040275989777,0.6343197242172658,13.513275842011181,0.7808956916099773,0.5986394557823129,"           day  n       acc   frac_up      y_up
0   2021-03-03  7  0.714286  0.142857  0.142857
1   2021-03-04  7  1.000000  0.285714  0.285714
2   2021-03-05  7  0.857143  0.428571  0.285714
3   2021-03-08  7  0.857143  0.428571  0.285714
4   2021-03-09  7  0.857143  0.428571  0.285714
..         ... ..       ...       ...       ...
877 2024-08-27  8  0.500000  0.500000  0.500000
878 2024-08-28  8  0.500000  0.625000  0.375000
879 2024-08-29  8  0.500000  0.625000  0.375000
880 2024-08-30  8  0.500000  0.500000  0.500000
881 2024-09-03  8  0.500000  0.500000  0.500000

[882 rows x 5 columns]",140,0.02222339199446125,0.06986521549209068,False
G_extremes10_42_ens_lh_v2_no_market,extremes10,42,ens_lh,expanding,liquid,v2_no_market,relative,1.0,717587,882,21,0.5355852321739385,0.5550922745255976,-0.01950704235165912,0.513465487371634,0.5567192702616182,362.5048303544928,0.8585966634093919,0.7947845804988662,"           day    n       acc   frac_up      y_up
0   2021-03-03  713  0.318373  0.166900  0.660589
1   2021-03-04  713  0.328191  0.176718  0.652174
2   2021-03-05  713  0.330996  0.201964  0.652174
3   2021-03-08  712  0.313202  0.172753  0.679775
4   2021-03-09  711  0.299578  0.189873  0.682138
..         ...  ...       ...       ...       ...
877 2024-08-27  892  0.553812  0.920404  0.543722
878 2024-08-28  891  0.547699  0.928171  0.534231
879 2024-08-29  893  0.538634  0.924972  0.533035
880 2024-08-30  895  0.532961  0.927374  0.527374
881 2024-09-03  894  0.525727  0.921700  0.525727

[882 rows x 5 columns]",141,0.011034128288261266,0.03471372495841637,False
G_extremes10_42_ens_lh_v2_no_market,extremes10,42,ens_lh,expanding,liquid,v2_no_market,relative,0.5,358570,882,21,0.5460942075466436,0.5721839529241153,-0.026089745377471663,0.5135728887663404,0.5767442909965237,396.8139948282743,0.9169211458120751,0.7233560090702947,"           day    n       acc   frac_up      y_up
0   2021-03-03  356  0.191011  0.058989  0.800562
1   2021-03-04  356  0.213483  0.067416  0.780899
2   2021-03-05  356  0.216292  0.073034  0.772472
3   2021-03-08  356  0.191011  0.058989  0.800562
4   2021-03-09  355  0.202817  0.078873  0.802817
..         ...  ...       ...       ...       ...
877 2024-08-27  446  0.573991  0.979821  0.567265
878 2024-08-28  445  0.548315  0.982022  0.534831
879 2024-08-29  446  0.517937  0.979821  0.506726
880 2024-08-30  447  0.525727  0.979866  0.514541
881 2024-09-03  447  0.541387  0.979866  0.530201

[882 rows x 5 columns]",142,0.016115153630148787,0.05073498300036902,False
G_extremes10_42_ens_lh_v2_no_market,extremes10,42,ens_lh,expanding,liquid,v2_no_market,relative,0.25,179070,882,21,0.5400625453733177,0.5621209582844697,-0.02205841291115207,0.5011463705199672,0.5775062709869629,266.28573462728224,0.9167757511121459,0.6893424036281179,"           day    n       acc   frac_up      y_up
0   2021-03-03  178  0.146067  0.033708  0.831461
1   2021-03-04  178  0.196629  0.061798  0.808989
2   2021-03-05  178  0.162921  0.044944  0.825843
3   2021-03-08  178  0.174157  0.044944  0.825843
4   2021-03-09  177  0.163842  0.050847  0.819209
..         ...  ...       ...       ...       ...
877 2024-08-27  223  0.578475  0.982063  0.569507
878 2024-08-28  222  0.527027  0.981982  0.509009
879 2024-08-29  223  0.511211  0.986547  0.506726
880 2024-08-30  223  0.511211  0.986547  0.506726
881 2024-09-03  223  0.497758  0.986547  0.493274

[882 rows x 5 columns]",143,0.019479566445662167,0.0613704946881166,False
G_extremes10_42_ens_lh_v2_no_market,extremes10,42,ens_lh,expanding,liquid,v2_no_market,relative,0.1,71345,882,21,0.5279977573761301,0.5435839932721284,-0.01558623589599828,0.4808930148869775,0.572845896703541,157.44216597595735,0.9055128367833852,0.6156462585034014,"           day   n       acc   frac_up      y_up
0   2021-03-03  71  0.140845  0.014085  0.845070
1   2021-03-04  71  0.197183  0.042254  0.788732
2   2021-03-05  71  0.211268  0.056338  0.788732
3   2021-03-08  71  0.183099  0.028169  0.816901
4   2021-03-09  71  0.154930  0.042254  0.830986
..         ...  ..       ...       ...       ...
877 2024-08-27  89  0.606742  0.977528  0.584270
878 2024-08-28  89  0.573034  0.977528  0.550562
879 2024-08-29  89  0.505618  0.988764  0.494382
880 2024-08-30  89  0.505618  0.977528  0.483146
881 2024-09-03  89  0.426966  0.988764  0.415730

[882 rows x 5 columns]",144,0.023457367810347837,0.07395445014679758,False
G_extremes10_42_ens_lh_v2_no_market,extremes10,42,ens_lh,expanding,liquid,v2_no_market,relative,0.05,35424,882,21,0.5321815718157181,0.535766711833785,-0.003585140018066868,0.47894403675699654,0.5824232685763152,100.77254354106604,0.8935101597704189,0.5873015873015873,"           day   n       acc   frac_up      y_up
0   2021-03-03  35  0.085714  0.028571  0.885714
1   2021-03-04  35  0.228571  0.057143  0.771429
2   2021-03-05  35  0.314286  0.085714  0.714286
3   2021-03-08  35  0.228571  0.057143  0.771429
4   2021-03-09  35  0.200000  0.057143  0.800000
..         ...  ..       ...       ...       ...
877 2024-08-27  44  0.590909  0.954545  0.545455
878 2024-08-28  44  0.431818  0.954545  0.386364
879 2024-08-29  44  0.477273  0.977273  0.454545
880 2024-08-30  44  0.545455  0.977273  0.522727
881 2024-09-03  44  0.431818  0.977273  0.409091

[882 rows x 5 columns]",145,0.026397763219213947,0.08328261057005366,False
G_extremes10_42_ens_lh_v2_no_market,extremes10,42,ens_lh,expanding,liquid,v2_no_market,relative,0.02,14004,882,21,0.5375606969437303,0.5279205941159668,0.009640102827763508,0.4717313343105533,0.5972961372839892,57.133391398711204,0.8721935996620871,0.5702947845804989,"           day   n       acc   frac_up      y_up
0   2021-03-03  14  0.142857  0.071429  0.785714
1   2021-03-04  14  0.285714  0.071429  0.785714
2   2021-03-05  14  0.285714  0.142857  0.714286
3   2021-03-08  14  0.285714  0.142857  0.714286
4   2021-03-09  14  0.285714  0.142857  0.714286
..         ...  ..       ...       ...       ...
877 2024-08-27  17  0.647059  0.941176  0.588235
878 2024-08-28  17  0.588235  0.941176  0.529412
879 2024-08-29  17  0.529412  0.941176  0.470588
880 2024-08-30  17  0.470588  1.000000  0.470588
881 2024-09-03  17  0.411765  0.941176  0.352941

[882 rows x 5 columns]",146,0.03203183749322345,0.10112737341425874,False
G_extremes10_42_ens_lh_v2_no_market,extremes10,42,ens_lh,expanding,liquid,v2_no_market,relative,0.01,6883,882,21,0.5467092837425541,0.5221560366119424,0.02455324713061169,0.47702696115861015,0.6110622321345459,31.289288851855872,0.8513321995464853,0.5476190476190477,"           day  n       acc   frac_up      y_up
0   2021-03-03  7  0.285714  0.142857  0.571429
1   2021-03-04  7  0.428571  0.142857  0.714286
2   2021-03-05  7  0.571429  0.285714  0.428571
3   2021-03-08  7  0.142857  0.285714  0.857143
4   2021-03-09  7  0.285714  0.285714  0.714286
..         ... ..       ...       ...       ...
877 2024-08-27  8  0.500000  0.875000  0.375000
878 2024-08-28  8  0.750000  0.875000  0.625000
879 2024-08-29  8  0.625000  1.000000  0.625000
880 2024-08-30  8  0.500000  1.000000  0.500000
881 2024-09-03  8  0.375000  0.875000  0.250000

[882 rows x 5 columns]",147,0.03419267116733055,0.1080232213382028,False
G_extremes10_42_ens_lh_v2_all,extremes10,42,ens_lh,expanding,liquid,v2_all,relative,1.0,717587,882,21,0.5339032061617616,0.5550936680848455,-0.021190461923083936,0.5125936138858953,0.5537950752842068,340.0018557336518,0.8613283730817324,0.7777777777777778,"           day    n       acc   frac_up      y_up
0   2021-03-03  713  0.319776  0.117812  0.660589
1   2021-03-04  713  0.325386  0.151473  0.652174
2   2021-03-05  713  0.340813  0.217391  0.652174
3   2021-03-08  712  0.304775  0.200843  0.679775
4   2021-03-09  711  0.300985  0.222222  0.682138
..         ...  ...       ...       ...       ...
877 2024-08-27  892  0.554933  0.930493  0.543722
878 2024-08-28  891  0.544332  0.936027  0.534231
879 2024-08-29  893  0.539754  0.932811  0.533035
880 2024-08-30  895  0.532961  0.929609  0.527374
881 2024-09-03  894  0.523490  0.926174  0.525727

[882 rows x 5 columns]",148,0.01051057688732436,0.03322809552765919,False
G_extremes10_42_ens_lh_v2_all,extremes10,42,ens_lh,expanding,liquid,v2_all,relative,0.5,358570,882,21,0.5467997880469644,0.5728226008868561,-0.026022812839891718,0.5146539663947349,0.5790096871157603,407.96784257214244,0.9193984756963832,0.7006802721088435,"           day    n       acc   frac_up      y_up
0   2021-03-03  356  0.165730  0.028090  0.828652
1   2021-03-04  356  0.205056  0.047753  0.808989
2   2021-03-05  356  0.210674  0.095506  0.778090
3   2021-03-08  356  0.210674  0.089888  0.783708
4   2021-03-09  355  0.216901  0.104225  0.785915
..         ...  ...       ...       ...       ...
877 2024-08-27  446  0.582960  0.982063  0.573991
878 2024-08-28  445  0.543820  0.982022  0.530337
879 2024-08-29  446  0.531390  0.975336  0.515695
880 2024-08-30  447  0.536913  0.979866  0.525727
881 2024-09-03  447  0.536913  0.975391  0.521253

[882 rows x 5 columns]",149,0.016417275694139123,0.051936467763170874,False
G_extremes10_42_ens_lh_v2_all,extremes10,42,ens_lh,expanding,liquid,v2_all,relative,0.25,179070,882,21,0.5406991679231585,0.5613614787513262,-0.020662310828167718,0.502073015275353,0.5773365911733731,271.9757601511158,0.9206536619201889,0.6519274376417233,"           day    n       acc   frac_up      y_up
0   2021-03-03  178  0.117978  0.005618  0.876404
1   2021-03-04  178  0.157303  0.033708  0.842697
2   2021-03-05  178  0.174157  0.050562  0.831461
3   2021-03-08  178  0.168539  0.050562  0.837079
4   2021-03-09  177  0.186441  0.067797  0.813559
..         ...  ...       ...       ...       ...
877 2024-08-27  223  0.573991  0.982063  0.565022
878 2024-08-28  222  0.527027  0.981982  0.518018
879 2024-08-29  223  0.497758  0.991031  0.488789
880 2024-08-30  223  0.511211  0.986547  0.506726
881 2024-09-03  223  0.493274  0.986547  0.488789

[882 rows x 5 columns]",150,0.019199891810719422,0.06077992725149363,False
G_extremes10_42_ens_lh_v2_all,extremes10,42,ens_lh,expanding,liquid,v2_all,relative,0.1,71345,882,21,0.5271707898240942,0.5422244025509847,-0.015053612726890542,0.480068731472023,0.5712178958227606,155.2997406090529,0.9087426203287403,0.5997732426303855,"           day   n       acc   frac_up      y_up
0   2021-03-03  71  0.098592  0.014085  0.887324
1   2021-03-04  71  0.183099  0.028169  0.816901
2   2021-03-05  71  0.197183  0.056338  0.802817
3   2021-03-08  71  0.211268  0.056338  0.788732
4   2021-03-09  71  0.169014  0.084507  0.802817
..         ...  ..       ...       ...       ...
877 2024-08-27  89  0.573034  0.977528  0.550562
878 2024-08-28  89  0.516854  0.977528  0.494382
879 2024-08-29  89  0.471910  0.988764  0.460674
880 2024-08-30  89  0.528090  0.988764  0.516854
881 2024-09-03  89  0.449438  0.966292  0.438202

[882 rows x 5 columns]",151,0.02325233784457592,0.07365729816605185,False
G_extremes10_42_ens_lh_v2_all,extremes10,42,ens_lh,expanding,liquid,v2_all,relative,0.05,35424,882,21,0.525124209575429,0.5336212737127372,-0.008497064137308108,0.47051905337308897,0.5751422819790593,101.10235416692974,0.8920557601353034,0.5861678004535147,"           day   n       acc   frac_up      y_up
0   2021-03-03  35  0.085714  0.028571  0.885714
1   2021-03-04  35  0.285714  0.028571  0.742857
2   2021-03-05  35  0.371429  0.114286  0.628571
3   2021-03-08  35  0.257143  0.085714  0.771429
4   2021-03-09  35  0.228571  0.057143  0.771429
..         ...  ..       ...       ...       ...
877 2024-08-27  44  0.636364  0.954545  0.590909
878 2024-08-28  44  0.500000  1.000000  0.500000
879 2024-08-29  44  0.454545  1.000000  0.454545
880 2024-08-30  44  0.500000  1.000000  0.500000
881 2024-09-03  44  0.454545  0.954545  0.409091

[882 rows x 5 columns]",152,0.026689599134176095,0.08460123442851579,False
G_extremes10_42_ens_lh_v2_all,extremes10,42,ens_lh,expanding,liquid,v2_all,relative,0.02,14004,882,21,0.5294201656669523,0.5254927163667523,0.003927449300199948,0.4644076621801595,0.5899222850695721,55.99741372739284,0.8668942577030814,0.5804988662131519,"           day   n       acc   frac_up      y_up
0   2021-03-03  14  0.214286  0.071429  0.714286
1   2021-03-04  14  0.357143  0.071429  0.714286
2   2021-03-05  14  0.500000  0.142857  0.642857
3   2021-03-08  14  0.142857  0.142857  0.857143
4   2021-03-09  14  0.357143  0.142857  0.642857
..         ...  ..       ...       ...       ...
877 2024-08-27  17  0.647059  0.941176  0.588235
878 2024-08-28  17  0.647059  1.000000  0.647059
879 2024-08-29  17  0.588235  1.000000  0.588235
880 2024-08-30  17  0.647059  1.000000  0.647059
881 2024-09-03  17  0.529412  1.000000  0.529412

[882 rows x 5 columns]",153,0.032019036451380774,0.10156080939448134,False
G_extremes10_42_ens_lh_v2_all,extremes10,42,ens_lh,expanding,liquid,v2_all,relative,0.01,6883,882,21,0.5366845852099376,0.5198314688362633,0.01685311637367426,0.4631935764816631,0.6051906745816213,35.51006709493114,0.8518586005830904,0.5351473922902494,"           day  n       acc   frac_up      y_up
0   2021-03-03  7  0.285714  0.000000  0.714286
1   2021-03-04  7  0.428571  0.142857  0.714286
2   2021-03-05  7  0.714286  0.285714  0.571429
3   2021-03-08  7  0.285714  0.285714  0.714286
4   2021-03-09  7  0.000000  0.142857  0.857143
..         ... ..       ...       ...       ...
877 2024-08-27  8  0.625000  1.000000  0.625000
878 2024-08-28  8  0.500000  1.000000  0.500000
879 2024-08-29  8  0.625000  1.000000  0.625000
880 2024-08-30  8  0.500000  1.000000  0.500000
881 2024-09-03  8  0.500000  1.000000  0.500000

[882 rows x 5 columns]",154,0.03622374951529547,0.11497206506440663,False
G_extremes10_42_ens3_v2_no_market,extremes10,42,ens3,expanding,liquid,v2_no_market,relative,1.0,717587,882,21,0.5347323739142431,0.5550922745255976,-0.02035990061135451,0.5118970359009055,0.5562183130214543,381.4606804388321,0.8727874809264865,0.7902494331065759,"           day    n       acc   frac_up      y_up
0   2021-03-03  713  0.318373  0.164095  0.660589
1   2021-03-04  713  0.335203  0.172511  0.652174
2   2021-03-05  713  0.338008  0.186536  0.652174
3   2021-03-08  712  0.308989  0.162921  0.679775
4   2021-03-09  711  0.302391  0.175809  0.682138
..         ...  ...       ...       ...       ...
877 2024-08-27  892  0.556054  0.927130  0.543722
878 2024-08-28  891  0.544332  0.936027  0.534231
879 2024-08-29  893  0.537514  0.930571  0.533035
880 2024-08-30  895  0.531844  0.928492  0.527374
881 2024-09-03  894  0.525727  0.921700  0.525727

[882 rows x 5 columns]",155,0.011306448245037955,0.035909055763987965,False
G_extremes10_42_ens3_v2_no_market,extremes10,42,ens3,expanding,liquid,v2_no_market,relative,0.5,358570,882,21,0.5492484033800932,0.5753799815935522,-0.026131578213459017,0.5152615267724862,0.5821178022452201,438.6558002522169,0.923654573452595,0.7301587301587301,"           day    n       acc   frac_up      y_up
0   2021-03-03  356  0.213483  0.056180  0.775281
1   2021-03-04  356  0.224719  0.067416  0.775281
2   2021-03-05  356  0.227528  0.087079  0.758427
3   2021-03-08  356  0.213483  0.067416  0.780899
4   2021-03-09  355  0.236620  0.076056  0.771831
..         ...  ...       ...       ...       ...
877 2024-08-27  446  0.582960  0.970852  0.571749
878 2024-08-28  445  0.555056  0.977528  0.541573
879 2024-08-29  446  0.529148  0.975336  0.513453
880 2024-08-30  447  0.534676  0.975391  0.523490
881 2024-09-03  447  0.550336  0.973154  0.536913

[882 rows x 5 columns]",156,0.017055172314472955,0.054201412787166246,False
G_extremes10_42_ens3_v2_no_market,extremes10,42,ens3,expanding,liquid,v2_no_market,relative,0.25,179070,882,21,0.5456804601552465,0.5658513430502038,-0.020170882894957276,0.5053454366844125,0.5853069763247531,290.13933068364975,0.9195895297401631,0.6927437641723356,"           day    n       acc   frac_up      y_up
0   2021-03-03  178  0.168539  0.050562  0.803371
1   2021-03-04  178  0.235955  0.067416  0.764045
2   2021-03-05  178  0.202247  0.056180  0.786517
3   2021-03-08  178  0.213483  0.044944  0.786517
4   2021-03-09  177  0.209040  0.062147  0.774011
..         ...  ...       ...       ...       ...
877 2024-08-27  223  0.591928  0.977578  0.587444
878 2024-08-28  222  0.540541  0.981982  0.522523
879 2024-08-29  223  0.497758  0.982063  0.488789
880 2024-08-30  223  0.515695  0.982063  0.506726
881 2024-09-03  223  0.497758  0.982063  0.488789

[882 rows x 5 columns]",157,0.020398351949066505,0.06486705301925784,False
G_extremes10_42_ens3_v2_no_market,extremes10,42,ens3,expanding,liquid,v2_no_market,relative,0.1,71345,882,21,0.539435139112762,0.5490784217534516,-0.009643282640689588,0.4911506501986221,0.5843739280061543,158.52066315492695,0.900502724359829,0.6281179138321995,"           day   n       acc   frac_up      y_up
0   2021-03-03  71  0.183099  0.042254  0.802817
1   2021-03-04  71  0.267606  0.056338  0.732394
2   2021-03-05  71  0.239437  0.084507  0.760563
3   2021-03-08  71  0.211268  0.070423  0.774648
4   2021-03-09  71  0.211268  0.084507  0.760563
..         ...  ..       ...       ...       ...
877 2024-08-27  89  0.606742  0.966292  0.595506
878 2024-08-28  89  0.584270  0.977528  0.561798
879 2024-08-29  89  0.494382  0.966292  0.483146
880 2024-08-30  89  0.539326  0.966292  0.528090
881 2024-09-03  89  0.471910  0.955056  0.449438

[882 rows x 5 columns]",158,0.023781448420288828,0.07567281575329166,False
G_extremes10_42_ens3_v2_no_market,extremes10,42,ens3,expanding,liquid,v2_no_market,relative,0.05,35424,882,21,0.5416948961156278,0.5424006323396567,-0.0007057362240289189,0.4894717755711028,0.590264472322191,94.01601221783066,0.8795976602455009,0.5816326530612245,"           day   n       acc   frac_up      y_up
0   2021-03-03  35  0.142857  0.057143  0.800000
1   2021-03-04  35  0.342857  0.085714  0.685714
2   2021-03-05  35  0.371429  0.114286  0.628571
3   2021-03-08  35  0.285714  0.085714  0.742857
4   2021-03-09  35  0.228571  0.085714  0.742857
..         ...  ..       ...       ...       ...
877 2024-08-27  44  0.613636  0.931818  0.590909
878 2024-08-28  44  0.590909  0.954545  0.545455
879 2024-08-29  44  0.522727  0.931818  0.500000
880 2024-08-30  44  0.522727  0.931818  0.500000
881 2024-09-03  44  0.477273  0.931818  0.454545

[882 rows x 5 columns]",159,0.02571242264058374,0.08186816150819354,False
G_extremes10_42_ens3_v2_no_market,extremes10,42,ens3,expanding,liquid,v2_no_market,relative,0.02,14004,882,21,0.5520565552699229,0.5251356755212796,0.026920879748643323,0.49229911876820415,0.6053975971954533,45.314650058997685,0.840992547812776,0.5975056689342404,"           day   n       acc   frac_up      y_up
0   2021-03-03  14  0.214286  0.142857  0.642857
1   2021-03-04  14  0.285714  0.142857  0.714286
2   2021-03-05  14  0.571429  0.214286  0.500000
3   2021-03-08  14  0.357143  0.142857  0.642857
4   2021-03-09  14  0.357143  0.142857  0.642857
..         ...  ..       ...       ...       ...
877 2024-08-27  17  0.588235  0.823529  0.529412
878 2024-08-28  17  0.588235  0.882353  0.470588
879 2024-08-29  17  0.529412  0.882353  0.529412
880 2024-08-30  17  0.588235  0.882353  0.588235
881 2024-09-03  17  0.529412  0.882353  0.529412

[882 rows x 5 columns]",160,0.028851652660012533,0.09192024078043182,False
G_extremes10_42_ens3_v2_no_market,extremes10,42,ens3,expanding,liquid,v2_no_market,relative,0.01,6883,882,21,0.55876797907889,0.5175069010605841,0.04126107801830592,0.4957109452938069,0.6177038089773887,25.798881043084236,0.8004940071266601,0.5566893424036281,"           day  n       acc   frac_up      y_up
0   2021-03-03  7  0.428571  0.142857  0.428571
1   2021-03-04  7  0.571429  0.285714  0.428571
2   2021-03-05  7  0.714286  0.428571  0.428571
3   2021-03-08  7  0.428571  0.285714  0.571429
4   2021-03-09  7  0.428571  0.285714  0.571429
..         ... ..       ...       ...       ...
877 2024-08-27  8  0.750000  0.625000  0.625000
878 2024-08-28  8  0.875000  0.875000  0.750000
879 2024-08-29  8  0.750000  0.750000  0.750000
880 2024-08-30  8  0.500000  0.750000  0.500000
881 2024-09-03  8  0.500000  0.750000  0.500000

[882 rows x 5 columns]",161,0.03112062849070966,0.09920995099364044,False
G_extremes10_42_ens3_v2_all,extremes10,42,ens3,expanding,liquid,v2_all,relative,1.0,717587,882,21,0.5347532773029612,0.555097848762589,-0.02034457145962787,0.5123802252514174,0.5557584664918817,362.2987813347476,0.8692006994599722,0.7913832199546486,"           day    n       acc   frac_up      y_up
0   2021-03-03  713  0.323983  0.119215  0.660589
1   2021-03-04  713  0.335203  0.147265  0.652174
2   2021-03-05  713  0.352034  0.203366  0.652174
3   2021-03-08  712  0.314607  0.176966  0.679775
4   2021-03-09  711  0.302391  0.203938  0.682138
..         ...  ...       ...       ...       ...
877 2024-08-27  892  0.554933  0.930493  0.543722
878 2024-08-28  891  0.545455  0.937149  0.534231
879 2024-08-29  893  0.537514  0.930571  0.533035
880 2024-08-30  895  0.530726  0.931844  0.527374
881 2024-09-03  894  0.524609  0.925056  0.525727

[882 rows x 5 columns]",162,0.011065877867465383,0.03529857663206725,False
G_extremes10_42_ens3_v2_all,extremes10,42,ens3,expanding,liquid,v2_all,relative,0.5,358570,882,21,0.5504531890565301,0.5749979083582006,-0.02454471930167057,0.5162703927502981,0.5842430525678619,446.9899181260134,0.922329679987328,0.7346938775510204,"           day    n       acc   frac_up      y_up
0   2021-03-03  356  0.193820  0.039326  0.789326
1   2021-03-04  356  0.221910  0.053371  0.786517
2   2021-03-05  356  0.227528  0.087079  0.758427
3   2021-03-08  356  0.233146  0.084270  0.766854
4   2021-03-09  355  0.233803  0.101408  0.771831
..         ...  ...       ...       ...       ...
877 2024-08-27  446  0.582960  0.973094  0.573991
878 2024-08-28  445  0.559551  0.977528  0.546067
879 2024-08-29  446  0.542601  0.975336  0.531390
880 2024-08-30  447  0.539150  0.970917  0.523490
881 2024-09-03  447  0.552573  0.970917  0.536913

[882 rows x 5 columns]",163,0.01733996423917445,0.055345461976379316,False
G_extremes10_42_ens3_v2_all,extremes10,42,ens3,expanding,liquid,v2_all,relative,0.25,179070,882,21,0.5485340928128665,0.5655162785502876,-0.016982185737421163,0.5087789614922352,0.5873953529137949,291.5796056538779,0.9209407901968456,0.6825396825396826,"           day    n       acc   frac_up      y_up
0   2021-03-03  178  0.146067  0.028090  0.837079
1   2021-03-04  178  0.207865  0.056180  0.803371
2   2021-03-05  178  0.202247  0.056180  0.786517
3   2021-03-08  178  0.202247  0.050562  0.803371
4   2021-03-09  177  0.220339  0.073446  0.774011
..         ...  ...       ...       ...       ...
877 2024-08-27  223  0.596413  0.977578  0.591928
878 2024-08-28  222  0.558559  0.986486  0.545045
879 2024-08-29  223  0.520179  0.982063  0.511211
880 2024-08-30  223  0.538117  0.982063  0.529148
881 2024-09-03  223  0.515695  0.977578  0.502242

[882 rows x 5 columns]",164,0.020055201893255006,0.0640503396240674,False
G_extremes10_42_ens3_v2_all,extremes10,42,ens3,expanding,liquid,v2_all,relative,0.1,71345,882,21,0.5430233373046465,0.5509986684420772,-0.007975331137430763,0.4971904503243918,0.5857344149881096,145.64277228901193,0.9023375315168223,0.6383219954648526,"           day   n       acc   frac_up      y_up
0   2021-03-03  71  0.154930  0.014085  0.830986
1   2021-03-04  71  0.253521  0.056338  0.746479
2   2021-03-05  71  0.225352  0.056338  0.774648
3   2021-03-08  71  0.225352  0.070423  0.760563
4   2021-03-09  71  0.239437  0.098592  0.718310
..         ...  ..       ...       ...       ...
877 2024-08-27  89  0.595506  0.966292  0.584270
878 2024-08-28  89  0.550562  0.966292  0.516854
879 2024-08-29  89  0.505618  0.966292  0.494382
880 2024-08-30  89  0.505618  0.966292  0.494382
881 2024-09-03  89  0.528090  0.955056  0.505618

[882 rows x 5 columns]",165,0.02258774608768312,0.07218151303515784,False
G_extremes10_42_ens3_v2_all,extremes10,42,ens3,expanding,liquid,v2_all,relative,0.05,35424,882,21,0.5433886630532972,0.5430216802168022,0.0003669828364950556,0.49367650336336605,0.5898193808953973,85.77168409117594,0.8819400857923727,0.5782312925170068,"           day   n       acc   frac_up      y_up
0   2021-03-03  35  0.114286  0.028571  0.857143
1   2021-03-04  35  0.342857  0.085714  0.685714
2   2021-03-05  35  0.371429  0.114286  0.628571
3   2021-03-08  35  0.285714  0.085714  0.742857
4   2021-03-09  35  0.285714  0.085714  0.742857
..         ...  ..       ...       ...       ...
877 2024-08-27  44  0.681818  0.954545  0.636364
878 2024-08-28  44  0.659091  0.977273  0.636364
879 2024-08-29  44  0.545455  0.931818  0.522727
880 2024-08-30  44  0.568182  0.954545  0.568182
881 2024-09-03  44  0.522727  0.909091  0.477273

[882 rows x 5 columns]",166,0.024526244268375325,0.0784225484091791,False
G_extremes10_42_ens3_v2_all,extremes10,42,ens3,expanding,liquid,v2_all,relative,0.02,14004,882,21,0.5477006569551557,0.5243501856612397,0.023350471293915986,0.4892239942825799,0.6035667116864883,46.345309175943406,0.8450679081156273,0.6065759637188208,"           day   n       acc   frac_up      y_up
0   2021-03-03  14  0.214286  0.071429  0.714286
1   2021-03-04  14  0.357143  0.214286  0.714286
2   2021-03-05  14  0.571429  0.214286  0.500000
3   2021-03-08  14  0.357143  0.214286  0.714286
4   2021-03-09  14  0.357143  0.214286  0.714286
..         ...  ..       ...       ...       ...
877 2024-08-27  17  0.705882  0.882353  0.588235
878 2024-08-28  17  0.588235  0.941176  0.529412
879 2024-08-29  17  0.705882  0.823529  0.647059
880 2024-08-30  17  0.529412  0.882353  0.529412
881 2024-09-03  17  0.588235  0.764706  0.470588

[882 rows x 5 columns]",167,0.029169060562221544,0.0933227049426633,False
G_extremes10_42_ens3_v2_all,extremes10,42,ens3,expanding,liquid,v2_all,relative,0.01,6883,882,21,0.5488885660322533,0.5131483364811855,0.035740229551067815,0.48485356449734435,0.6086649891606537,26.276351179124404,0.816468253968254,0.5510204081632653,"           day  n       acc   frac_up      y_up
0   2021-03-03  7  0.428571  0.142857  0.428571
1   2021-03-04  7  0.571429  0.142857  0.571429
2   2021-03-05  7  0.714286  0.428571  0.428571
3   2021-03-08  7  0.571429  0.428571  0.571429
4   2021-03-09  7  0.571429  0.428571  0.571429
..         ... ..       ...       ...       ...
877 2024-08-27  8  0.750000  0.750000  0.500000
878 2024-08-28  8  0.625000  0.875000  0.500000
879 2024-08-29  8  0.750000  1.000000  0.750000
880 2024-08-30  8  0.375000  0.875000  0.500000
881 2024-09-03  8  0.625000  0.625000  0.500000

[882 rows x 5 columns]",168,0.03158454710798708,0.1011096683301077,False
G_relative_21_ens_lh_v2_no_market,relative,21,ens_lh,expanding,liquid,v2_no_market,relative,1.0,830525,1008,48,0.5324583847566299,0.5443472502332862,-0.011888865476656352,0.5166718433743211,0.5478976438832864,218.2177044478613,0.7611208418055875,0.7470238095238095,"            day    n       acc   frac_up      y_up
0    2021-02-01  699  0.479256  0.314735  0.500715
1    2021-02-02  699  0.449213  0.301860  0.520744
2    2021-02-03  699  0.420601  0.277539  0.562232
3    2021-02-04  700  0.408571  0.287143  0.552857
4    2021-02-05  701  0.405136  0.273894  0.563481
...         ...  ...       ...       ...       ...
1003 2025-01-29  898  0.581292  0.788419  0.496659
1004 2025-01-30  897  0.603122  0.793757  0.510591
1005 2025-01-31  898  0.575724  0.787305  0.496659
1006 2025-02-03  898  0.583519  0.795100  0.507795
1007 2025-02-04  899  0.587319  0.794216  0.503893

[1008 rows x 5 columns]",169,0.007965765435960531,0.025515078384625484,False
G_relative_21_ens_lh_v2_no_market,relative,21,ens_lh,expanding,liquid,v2_no_market,relative,0.5,414995,1008,48,0.5471222544849937,0.5521753274135833,-0.005053072928589586,0.524024246770211,0.5695326721151235,230.91882008358226,0.8136979390557146,0.7053571428571429,"            day    n       acc   frac_up      y_up
0    2021-02-01  349  0.481375  0.243553  0.487106
1    2021-02-02  349  0.446991  0.226361  0.527221
2    2021-02-03  349  0.398281  0.174785  0.564470
3    2021-02-04  350  0.388571  0.191429  0.557143
4    2021-02-05  350  0.380000  0.177143  0.562857
...         ...  ...       ...       ...       ...
1003 2025-01-29  449  0.636971  0.861915  0.592428
1004 2025-01-30  448  0.680804  0.852679  0.627232
1005 2025-01-31  449  0.648107  0.870824  0.612472
1006 2025-02-03  449  0.659243  0.873051  0.616927
1007 2025-02-04  449  0.674833  0.875278  0.643653

[1008 rows x 5 columns]",170,0.011609292179824619,0.03720700604001243,False
G_relative_21_ens_lh_v2_no_market,relative,21,ens_lh,expanding,liquid,v2_no_market,relative,0.25,207241,1008,48,0.5569699046038188,0.5493266293831819,0.007643275220636903,0.5279667135613172,0.5852549390407876,167.41464203543143,0.7933538934134281,0.6359126984126984,"            day    n       acc   frac_up      y_up
0    2021-02-01  174  0.557471  0.218391  0.385057
1    2021-02-02  174  0.494253  0.218391  0.448276
2    2021-02-03  174  0.454023  0.166667  0.494253
3    2021-02-04  175  0.405714  0.177143  0.542857
4    2021-02-05  175  0.388571  0.171429  0.565714
...         ...  ...       ...       ...       ...
1003 2025-01-29  224  0.714286  0.839286  0.660714
1004 2025-01-30  224  0.758929  0.834821  0.718750
1005 2025-01-31  224  0.723214  0.843750  0.691964
1006 2025-02-03  224  0.723214  0.848214  0.687500
1007 2025-02-04  224  0.754464  0.852679  0.732143

[1008 rows x 5 columns]",171,0.014614343234558784,0.04686473099492786,False
G_relative_21_ens_lh_v2_no_market,relative,21,ens_lh,expanding,liquid,v2_no_market,relative,0.1,82572,1008,48,0.5663542120815773,0.5308215860097854,0.03553262607179197,0.5318797919631768,0.5997877796496404,97.24955147275955,0.7310095509952353,0.5714285714285714,"            day   n       acc   frac_up      y_up
0    2021-02-01  69  0.652174  0.289855  0.289855
1    2021-02-02  69  0.434783  0.275362  0.492754
2    2021-02-03  69  0.507246  0.217391  0.449275
3    2021-02-04  70  0.385714  0.242857  0.514286
4    2021-02-05  70  0.457143  0.242857  0.528571
...         ...  ..       ...       ...       ...
1003 2025-01-29  89  0.808989  0.730337  0.696629
1004 2025-01-30  89  0.797753  0.730337  0.752809
1005 2025-01-31  89  0.786517  0.741573  0.775281
1006 2025-02-03  89  0.775281  0.764045  0.741573
1007 2025-02-04  89  0.775281  0.719101  0.741573

[1008 rows x 5 columns]",172,0.017323466246546827,0.0555837363383668,False
G_relative_21_ens_lh_v2_no_market,relative,21,ens_lh,expanding,liquid,v2_no_market,relative,0.05,40985,1008,48,0.5730633158472612,0.502134927412468,0.07092838843479321,0.5357548949018119,0.6082587780443641,55.71262376757446,0.6879999889494911,0.5615079365079365,"            day   n       acc   frac_up      y_up
0    2021-02-01  34  0.588235  0.411765  0.411765
1    2021-02-02  34  0.500000  0.382353  0.470588
2    2021-02-03  34  0.529412  0.294118  0.470588
3    2021-02-04  35  0.400000  0.428571  0.457143
4    2021-02-05  35  0.485714  0.342857  0.457143
...         ...  ..       ...       ...       ...
1003 2025-01-29  44  0.818182  0.568182  0.613636
1004 2025-01-30  44  0.795455  0.568182  0.727273
1005 2025-01-31  44  0.795455  0.590909  0.750000
1006 2025-02-03  44  0.772727  0.590909  0.681818
1007 2025-02-04  44  0.772727  0.636364  0.681818

[1008 rows x 5 columns]",173,0.018495888556773518,0.059378955852937954,True
G_relative_21_ens_lh_v2_no_market,relative,21,ens_lh,expanding,liquid,v2_no_market,relative,0.02,16227,1008,48,0.5866765267763604,0.5447094348924632,0.041967091883897245,0.5463174681723671,0.6242901141834144,25.98594323793611,0.672346923990394,0.6200396825396826,"            day   n       acc   frac_up      y_up
0    2021-02-01  13  0.461538  0.538462  0.461538
1    2021-02-02  13  0.307692  0.538462  0.461538
2    2021-02-03  13  0.615385  0.615385  0.384615
3    2021-02-04  14  0.285714  0.500000  0.500000
4    2021-02-05  14  0.428571  0.571429  0.428571
...         ...  ..       ...       ...       ...
1003 2025-01-29  17  0.941176  0.294118  0.352941
1004 2025-01-30  17  0.882353  0.294118  0.411765
1005 2025-01-31  17  0.764706  0.294118  0.529412
1006 2025-02-03  17  0.764706  0.235294  0.470588
1007 2025-02-04  17  0.764706  0.294118  0.529412

[1008 rows x 5 columns]",174,0.019890981125267156,0.06389344347451288,False
G_relative_21_ens_lh_v2_no_market,relative,21,ens_lh,expanding,liquid,v2_no_market,relative,0.01,7972,1008,48,0.6110135474159558,0.5812844957350728,0.029729051680883023,0.567690784217834,0.6496931846653808,14.948228168726624,0.7434945042831947,0.6845238095238095,"            day  n       acc   frac_up      y_up
0    2021-02-01  6  0.333333  0.833333  0.166667
1    2021-02-02  6  0.500000  0.833333  0.333333
2    2021-02-03  6  0.500000  0.833333  0.333333
3    2021-02-04  7  0.428571  0.571429  0.285714
4    2021-02-05  7  0.428571  0.857143  0.285714
...         ... ..       ...       ...       ...
1003 2025-01-29  8  1.000000  0.000000  0.000000
1004 2025-01-30  8  1.000000  0.000000  0.000000
1005 2025-01-31  8  0.875000  0.125000  0.250000
1006 2025-02-03  8  0.875000  0.125000  0.250000
1007 2025-02-04  8  0.875000  0.125000  0.250000

[1008 rows x 5 columns]",175,0.02091897970600684,0.06723287162640403,False
G_extremes10_42_hgb_shallow_v2_no_market,extremes10,42,hgb_shallow,expanding,liquid,v2_no_market,relative,1.0,717587,882,21,0.5296500633372678,0.5550992423218369,-0.02544917898456911,0.5088445710934639,0.5486855909915809,292.3162028381561,0.8006542315621461,0.7528344671201814,"           day    n       acc   frac_up      y_up
0   2021-03-03  713  0.325386  0.187938  0.660589
1   2021-03-04  713  0.315568  0.203366  0.652174
2   2021-03-05  713  0.309958  0.237027  0.652174
3   2021-03-08  712  0.297753  0.210674  0.679775
4   2021-03-09  711  0.298172  0.219409  0.682138
..         ...  ...       ...       ...       ...
877 2024-08-27  892  0.560538  0.906951  0.543722
878 2024-08-28  891  0.557800  0.915825  0.534231
879 2024-08-29  893  0.547592  0.911534  0.533035
880 2024-08-30  895  0.539665  0.913966  0.527374
881 2024-09-03  894  0.530201  0.906040  0.525727

[882 rows x 5 columns]",176,0.010163525484213507,0.03268323053932935,False
G_extremes10_42_hgb_shallow_v2_no_market,extremes10,42,hgb_shallow,expanding,liquid,v2_no_market,relative,0.5,358570,882,21,0.5354101012354631,0.563769975179184,-0.02835987394372097,0.5064452960852898,0.5632117353786374,307.2421873138363,0.8676748456525671,0.6575963718820862,"           day    n       acc   frac_up      y_up
0   2021-03-03  356  0.176966  0.050562  0.817416
1   2021-03-04  356  0.193820  0.067416  0.800562
2   2021-03-05  356  0.199438  0.084270  0.800562
3   2021-03-08  356  0.168539  0.064607  0.823034
4   2021-03-09  355  0.163380  0.076056  0.828169
..         ...  ...       ...       ...       ...
877 2024-08-27  446  0.549327  0.977578  0.544843
878 2024-08-28  445  0.523596  0.977528  0.510112
879 2024-08-29  446  0.524664  0.979821  0.508969
880 2024-08-30  447  0.525727  0.979866  0.514541
881 2024-09-03  447  0.512304  0.982103  0.498881

[882 rows x 5 columns]",177,0.014481234513609102,0.046593356778997425,False
G_extremes10_42_hgb_shallow_v2_no_market,extremes10,42,hgb_shallow,expanding,liquid,v2_no_market,relative,0.25,179070,882,21,0.5301055453174736,0.5588931702686101,-0.028787624951136515,0.4943289446527594,0.5645359722385174,230.51662528453363,0.8786851969501474,0.6054421768707483,"           day    n       acc   frac_up      y_up
0   2021-03-03  178  0.112360  0.000000  0.887640
1   2021-03-04  178  0.146067  0.005618  0.848315
2   2021-03-05  178  0.129213  0.016854  0.865169
3   2021-03-08  178  0.129213  0.011236  0.870787
4   2021-03-09  177  0.118644  0.011299  0.881356
..         ...  ...       ...       ...       ...
877 2024-08-27  223  0.529148  0.986547  0.524664
878 2024-08-28  222  0.500000  0.981982  0.490991
879 2024-08-29  223  0.488789  0.991031  0.488789
880 2024-08-30  223  0.470852  0.991031  0.470852
881 2024-09-03  223  0.443946  0.991031  0.443946

[882 rows x 5 columns]",178,0.017909956016774992,0.05765661627700128,False
G_extremes10_42_hgb_shallow_v2_no_market,extremes10,42,hgb_shallow,expanding,liquid,v2_no_market,relative,0.1,71345,882,21,0.5113883243394772,0.5429953045062723,-0.031606980166795084,0.4636923573446874,0.5563847330764501,159.38783210689326,0.8833878321603851,0.5294784580498866,"           day   n       acc   frac_up      y_up
0   2021-03-03  71  0.042254  0.000000  0.957746
1   2021-03-04  71  0.112676  0.000000  0.887324
2   2021-03-05  71  0.084507  0.000000  0.915493
3   2021-03-08  71  0.126761  0.000000  0.873239
4   2021-03-09  71  0.070423  0.000000  0.929577
..         ...  ..       ...       ...       ...
877 2024-08-27  89  0.516854  1.000000  0.516854
878 2024-08-28  89  0.460674  0.988764  0.449438
879 2024-08-29  89  0.415730  1.000000  0.415730
880 2024-08-30  89  0.449438  0.988764  0.438202
881 2024-09-03  89  0.314607  1.000000  0.314607

[882 rows x 5 columns]",179,0.023646014217286404,0.07616355709659467,False
G_extremes10_42_hgb_shallow_v2_no_market,extremes10,42,hgb_shallow,expanding,liquid,v2_no_market,relative,0.05,35424,882,21,0.5097109304426377,0.5362183830171635,-0.026507452574525803,0.45596716556126476,0.5588683935642412,98.186989412261,0.8848372858077732,0.4886621315192744,"           day   n       acc  frac_up      y_up
0   2021-03-03  35  0.000000      0.0  1.000000
1   2021-03-04  35  0.085714      0.0  0.914286
2   2021-03-05  35  0.114286      0.0  0.885714
3   2021-03-08  35  0.085714      0.0  0.914286
4   2021-03-09  35  0.057143      0.0  0.942857
..         ...  ..       ...      ...       ...
877 2024-08-27  44  0.431818      1.0  0.431818
878 2024-08-28  44  0.318182      1.0  0.318182
879 2024-08-29  44  0.340909      1.0  0.340909
880 2024-08-30  44  0.386364      1.0  0.386364
881 2024-09-03  44  0.340909      1.0  0.340909

[882 rows x 5 columns]",180,0.026250313266065424,0.08459736681927021,False
G_extremes10_42_hgb_shallow_v2_no_market,extremes10,42,hgb_shallow,expanding,liquid,v2_no_market,relative,0.02,14004,882,21,0.5044987146529563,0.5234932876321051,-0.01899457297914886,0.44578128387687715,0.5602733871178868,46.4922700764495,0.892125262803534,0.48639455782312924,"           day   n       acc  frac_up      y_up
0   2021-03-03  14  0.000000      0.0  1.000000
1   2021-03-04  14  0.071429      0.0  0.928571
2   2021-03-05  14  0.071429      0.0  0.928571
3   2021-03-08  14  0.214286      0.0  0.785714
4   2021-03-09  14  0.000000      0.0  1.000000
..         ...  ..       ...      ...       ...
877 2024-08-27  17  0.352941      1.0  0.352941
878 2024-08-28  17  0.235294      1.0  0.235294
879 2024-08-29  17  0.294118      1.0  0.294118
880 2024-08-30  17  0.117647      1.0  0.117647
881 2024-09-03  17  0.176471      1.0  0.176471

[882 rows x 5 columns]",181,0.029207169194135105,0.09417667744763591,False
G_extremes10_42_hgb_shallow_v2_no_market,extremes10,42,hgb_shallow,expanding,liquid,v2_no_market,relative,0.01,6883,882,21,0.5082086299578672,0.5231730350138021,-0.014964405055934882,0.446936154178529,0.5691947876013763,27.239016205995693,0.8954891480401684,0.46825396825396826,"           day  n       acc  frac_up      y_up
0   2021-03-03  7  0.000000      0.0  1.000000
1   2021-03-04  7  0.142857      0.0  0.857143
2   2021-03-05  7  0.142857      0.0  0.857143
3   2021-03-08  7  0.285714      0.0  0.714286
4   2021-03-09  7  0.000000      0.0  1.000000
..         ... ..       ...      ...       ...
877 2024-08-27  8  0.375000      1.0  0.375000
878 2024-08-28  8  0.250000      1.0  0.250000
879 2024-08-29  8  0.250000      1.0  0.250000
880 2024-08-30  8  0.125000      1.0  0.125000
881 2024-09-03  8  0.125000      1.0  0.125000

[882 rows x 5 columns]",182,0.0311884268935835,0.10061839624471718,False
G_extremes10_42_hgb_shallow_v2_all,extremes10,42,hgb_shallow,expanding,liquid,v2_all,relative,1.0,717587,882,21,0.5310617388553583,0.5550811260516146,-0.024019387196256292,0.5110357928601875,0.5502602185258217,300.292138720578,0.8202297953346114,0.7494331065759637,"           day    n       acc   frac_up      y_up
0   2021-03-03  713  0.307153  0.141655  0.660589
1   2021-03-04  713  0.305750  0.187938  0.652174
2   2021-03-05  713  0.319776  0.297335  0.652174
3   2021-03-08  712  0.293539  0.287921  0.679775
4   2021-03-09  711  0.281294  0.281294  0.682138
..         ...  ...       ...       ...       ...
877 2024-08-27  892  0.561659  0.919283  0.543722
878 2024-08-28  891  0.551066  0.927048  0.534231
879 2024-08-29  893  0.545353  0.924972  0.533035
880 2024-08-30  895  0.532961  0.925140  0.527374
881 2024-09-03  894  0.526846  0.918345  0.525727

[882 rows x 5 columns]",183,0.010006231037151586,0.032298545712830945,False
G_extremes10_42_hgb_shallow_v2_all,extremes10,42,hgb_shallow,expanding,liquid,v2_all,relative,0.5,358570,882,21,0.5372953677106284,0.5676604289260117,-0.030365061215383293,0.5071305184272197,0.5665219964369471,339.6079982463068,0.8836925836843557,0.6575963718820862,"           day    n       acc   frac_up      y_up
0   2021-03-03  356  0.148876  0.000000  0.851124
1   2021-03-04  356  0.176966  0.044944  0.828652
2   2021-03-05  356  0.224719  0.148876  0.772472
3   2021-03-08  356  0.199438  0.146067  0.800562
4   2021-03-09  355  0.191549  0.152113  0.808451
..         ...  ...       ...       ...       ...
877 2024-08-27  446  0.567265  0.982063  0.558296
878 2024-08-28  445  0.525843  0.984270  0.514607
879 2024-08-29  446  0.511211  0.984305  0.500000
880 2024-08-30  447  0.530201  0.986577  0.521253
881 2024-09-03  447  0.512304  0.986577  0.503356

[882 rows x 5 columns]",184,0.015150887247379449,0.04893026247129726,False
G_extremes10_42_hgb_shallow_v2_all,extremes10,42,hgb_shallow,expanding,liquid,v2_all,relative,0.25,179070,882,21,0.5291952867593679,0.5609538169430949,-0.031758530183726985,0.49277333281861463,0.5654630727922058,245.47819177250463,0.8886524025506445,0.6133786848072562,"           day    n       acc   frac_up      y_up
0   2021-03-03  178  0.089888  0.000000  0.910112
1   2021-03-04  178  0.117978  0.000000  0.882022
2   2021-03-05  178  0.157303  0.078652  0.853933
3   2021-03-08  178  0.157303  0.056180  0.842697
4   2021-03-09  177  0.135593  0.050847  0.858757
..         ...  ...       ...       ...       ...
877 2024-08-27  223  0.529148  0.991031  0.529148
878 2024-08-28  222  0.495495  0.986486  0.490991
879 2024-08-29  223  0.457399  0.995516  0.461883
880 2024-08-30  223  0.497758  0.991031  0.497758
881 2024-09-03  223  0.430493  0.995516  0.434978

[882 rows x 5 columns]",185,0.018543301013671205,0.059917281264179834,False
G_extremes10_42_hgb_shallow_v2_all,extremes10,42,hgb_shallow,expanding,liquid,v2_all,relative,0.1,71345,882,21,0.5041979115565212,0.5396874342981288,-0.03548952274160766,0.4576773934868855,0.5515792675372618,163.9177506215594,0.8949383698028393,0.5249433106575964,"           day   n       acc   frac_up      y_up
0   2021-03-03  71  0.042254  0.000000  0.957746
1   2021-03-04  71  0.112676  0.000000  0.887324
2   2021-03-05  71  0.112676  0.014085  0.873239
3   2021-03-08  71  0.140845  0.000000  0.859155
4   2021-03-09  71  0.098592  0.014085  0.887324
..         ...  ..       ...       ...       ...
877 2024-08-27  89  0.516854  0.988764  0.528090
878 2024-08-28  89  0.471910  0.988764  0.483146
879 2024-08-29  89  0.460674  0.988764  0.471910
880 2024-08-30  89  0.449438  0.988764  0.460674
881 2024-09-03  89  0.325843  1.000000  0.325843

[882 rows x 5 columns]",186,0.02395455970672865,0.07744214382541893,False
G_extremes10_42_hgb_shallow_v2_all,extremes10,42,hgb_shallow,expanding,liquid,v2_all,relative,0.05,35424,882,21,0.4982497741644083,0.5312782294489612,-0.03302845528455289,0.4460357193734203,0.5509891692393041,100.40048996951133,0.9009254394671182,0.4886621315192744,"           day   n       acc   frac_up      y_up
0   2021-03-03  35  0.028571  0.000000  0.971429
1   2021-03-04  35  0.085714  0.000000  0.914286
2   2021-03-05  35  0.142857  0.000000  0.857143
3   2021-03-08  35  0.171429  0.000000  0.828571
4   2021-03-09  35  0.085714  0.000000  0.914286
..         ...  ..       ...       ...       ...
877 2024-08-27  44  0.477273  1.000000  0.477273
878 2024-08-28  44  0.386364  1.000000  0.386364
879 2024-08-29  44  0.431818  1.000000  0.431818
880 2024-08-30  44  0.386364  0.977273  0.409091
881 2024-09-03  44  0.409091  1.000000  0.409091

[882 rows x 5 columns]",187,0.026773839251500967,0.08660092249202665,False
G_extremes10_42_hgb_shallow_v2_all,extremes10,42,hgb_shallow,expanding,liquid,v2_all,relative,0.02,14004,882,21,0.4987146529562982,0.5229934304484433,-0.024278777492145076,0.44151679179235437,0.5566181255381132,48.95630429037459,0.9089755743567268,0.47278911564625853,"           day   n       acc  frac_up      y_up
0   2021-03-03  14  0.000000      0.0  1.000000
1   2021-03-04  14  0.071429      0.0  0.928571
2   2021-03-05  14  0.071429      0.0  0.928571
3   2021-03-08  14  0.142857      0.0  0.857143
4   2021-03-09  14  0.000000      0.0  1.000000
..         ...  ..       ...      ...       ...
877 2024-08-27  17  0.470588      1.0  0.470588
878 2024-08-28  17  0.352941      1.0  0.352941
879 2024-08-29  17  0.411765      1.0  0.411765
880 2024-08-30  17  0.470588      1.0  0.470588
881 2024-09-03  17  0.294118      1.0  0.294118

[882 rows x 5 columns]",188,0.029362585139224188,0.09502271481509643,False
G_extremes10_42_hgb_shallow_v2_all,extremes10,42,hgb_shallow,expanding,liquid,v2_all,relative,0.01,6883,882,21,0.49542350719163153,0.5073369170419875,-0.011913409850355938,0.43699901698140625,0.5546793073442942,24.366159961716974,0.9158365727243278,0.4523809523809524,"           day  n       acc  frac_up      y_up
0   2021-03-03  7  0.000000      0.0  1.000000
1   2021-03-04  7  0.142857      0.0  0.857143
2   2021-03-05  7  0.142857      0.0  0.857143
3   2021-03-08  7  0.285714      0.0  0.714286
4   2021-03-09  7  0.000000      0.0  1.000000
..         ... ..       ...      ...       ...
877 2024-08-27  8  0.625000      1.0  0.625000
878 2024-08-28  8  0.125000      1.0  0.125000
879 2024-08-29  8  0.375000      1.0  0.375000
880 2024-08-30  8  0.375000      1.0  0.375000
881 2024-09-03  8  0.125000      1.0  0.125000

[882 rows x 5 columns]",189,0.03002048223543059,0.09720099047198548,False
G_extremes20_42_logit_v2_all,extremes20,42,logit,expanding,liquid,v2_all,relative,1.0,717587,882,21,0.5239364704210082,0.5551020294403327,-0.031165559019324496,0.4979558282229142,0.5486438386736904,515.7778287275142,0.8390192957033004,0.7052154195011338,"           day    n       acc   frac_up      y_up
0   2021-03-03  713  0.328191  0.123422  0.660589
1   2021-03-04  713  0.342216  0.151473  0.652174
2   2021-03-05  713  0.345021  0.173913  0.652174
3   2021-03-08  712  0.310393  0.158708  0.679775
4   2021-03-09  711  0.329114  0.185654  0.682138
..         ...  ...       ...       ...       ...
877 2024-08-27  892  0.553812  0.880045  0.543722
878 2024-08-28  891  0.537598  0.893378  0.534231
879 2024-08-29  893  0.531915  0.893617  0.533035
880 2024-08-30  895  0.529609  0.892737  0.527374
881 2024-09-03  894  0.517897  0.878076  0.525727

[882 rows x 5 columns]",190,0.012930614910912295,0.04188810410710252,False
G_extremes20_42_logit_v2_all,extremes20,42,logit,expanding,liquid,v2_all,relative,0.5,358570,882,21,0.5420280558886689,0.5772457260785899,-0.03521767018992106,0.5029201248846398,0.5804260570912838,586.9786369519187,0.8968736241010216,0.6757369614512472,"           day    n       acc   frac_up      y_up
0   2021-03-03  356  0.238764  0.053371  0.741573
1   2021-03-04  356  0.266854  0.075843  0.730337
2   2021-03-05  356  0.275281  0.092697  0.710674
3   2021-03-08  356  0.258427  0.070225  0.744382
4   2021-03-09  355  0.278873  0.098592  0.729577
..         ...  ...       ...       ...       ...
877 2024-08-27  446  0.600897  0.939462  0.571749
878 2024-08-28  445  0.550562  0.952809  0.525843
879 2024-08-29  446  0.531390  0.957399  0.511211
880 2024-08-30  447  0.545861  0.953020  0.525727
881 2024-09-03  447  0.530201  0.946309  0.507830

[882 rows x 5 columns]",191,0.019771921481286744,0.06408221849708826,False
G_extremes20_42_logit_v2_all,extremes20,42,logit,expanding,liquid,v2_all,relative,0.25,179070,882,21,0.5563969397442341,0.5793041827218406,-0.02290724297760649,0.5113235097874138,0.6001108798406203,390.2455477170449,0.8888897104209741,0.7029478458049887,"           day    n       acc   frac_up      y_up
0   2021-03-03  178  0.269663  0.056180  0.696629
1   2021-03-04  178  0.331461  0.061798  0.651685
2   2021-03-05  178  0.303371  0.084270  0.668539
3   2021-03-08  178  0.314607  0.067416  0.685393
4   2021-03-09  177  0.333333  0.101695  0.677966
..         ...  ...       ...       ...       ...
877 2024-08-27  223  0.645740  0.932735  0.614350
878 2024-08-28  222  0.599099  0.936937  0.563063
879 2024-08-29  223  0.560538  0.937220  0.533632
880 2024-08-30  223  0.560538  0.923767  0.529148
881 2024-09-03  223  0.538117  0.923767  0.506726

[882 rows x 5 columns]",192,0.022649839299287367,0.0734462408353285,False
G_extremes20_42_logit_v2_all,extremes20,42,logit,expanding,liquid,v2_all,relative,0.1,71345,882,21,0.5718270376340319,0.5701030205340248,0.0017240171000070248,0.5234188452166193,0.6180888985834226,177.98273182749168,0.8553082904535678,0.7154195011337868,"           day   n       acc   frac_up      y_up
0   2021-03-03  71  0.380282  0.070423  0.577465
1   2021-03-04  71  0.436620  0.070423  0.549296
2   2021-03-05  71  0.436620  0.098592  0.521127
3   2021-03-08  71  0.408451  0.084507  0.591549
4   2021-03-09  71  0.408451  0.112676  0.591549
..         ...  ..       ...       ...       ...
877 2024-08-27  89  0.629213  0.865169  0.584270
878 2024-08-28  89  0.584270  0.887640  0.539326
879 2024-08-29  89  0.561798  0.876404  0.505618
880 2024-08-30  89  0.550562  0.853933  0.494382
881 2024-09-03  89  0.595506  0.842697  0.528090

[882 rows x 5 columns]",193,0.024150523818062077,0.07835116436115916,False
G_extremes20_42_logit_v2_all,extremes20,42,logit,expanding,liquid,v2_all,relative,0.05,35424,882,21,0.5858457542908763,0.5485546522131888,0.03729110207768749,0.5397626943047532,0.6302417108707843,81.15860262845612,0.8287350730798531,0.6904761904761905,"           day   n       acc   frac_up      y_up
0   2021-03-03  35  0.542857  0.114286  0.400000
1   2021-03-04  35  0.571429  0.114286  0.428571
2   2021-03-05  35  0.600000  0.114286  0.400000
3   2021-03-08  35  0.514286  0.142857  0.457143
4   2021-03-09  35  0.542857  0.171429  0.400000
..         ...  ..       ...       ...       ...
877 2024-08-27  44  0.636364  0.795455  0.568182
878 2024-08-28  44  0.613636  0.795455  0.545455
879 2024-08-29  44  0.636364  0.772727  0.545455
880 2024-08-30  44  0.613636  0.750000  0.500000
881 2024-09-03  44  0.613636  0.704545  0.500000

[882 rows x 5 columns]",194,0.023081381777048746,0.07491932203929673,False
G_extremes20_42_logit_v2_all,extremes20,42,logit,expanding,liquid,v2_all,relative,0.02,14004,882,21,0.6004712939160239,0.4995715509854327,0.10089974293059123,0.5565797792518363,0.6416546481528528,26.99074576722102,0.7689590518747182,0.6405895691609977,"           day   n       acc   frac_up      y_up
0   2021-03-03  14  0.642857  0.214286  0.142857
1   2021-03-04  14  0.785714  0.285714  0.214286
2   2021-03-05  14  0.857143  0.214286  0.214286
3   2021-03-08  14  0.857143  0.214286  0.214286
4   2021-03-09  14  0.928571  0.214286  0.142857
..         ...  ..       ...       ...       ...
877 2024-08-27  17  0.588235  0.470588  0.411765
878 2024-08-28  17  0.647059  0.588235  0.352941
879 2024-08-29  17  0.588235  0.470588  0.294118
880 2024-08-30  17  0.647059  0.470588  0.352941
881 2024-09-03  17  0.529412  0.411765  0.294118

[882 rows x 5 columns]",195,0.02170277267883073,0.07047889507045417,True
G_extremes20_42_logit_v2_all,extremes20,42,logit,expanding,liquid,v2_all,relative,0.01,6883,882,21,0.6039517652186547,0.5455469998547146,0.058404765363940125,0.5630483445437298,0.6467028852240888,13.739482871462048,0.7511742792355037,0.6621315192743764,"           day  n       acc   frac_up      y_up
0   2021-03-03  7  0.714286  0.142857  0.142857
1   2021-03-04  7  0.857143  0.142857  0.285714
2   2021-03-05  7  0.857143  0.285714  0.142857
3   2021-03-08  7  0.857143  0.285714  0.142857
4   2021-03-09  7  0.857143  0.285714  0.142857
..         ... ..       ...       ...       ...
877 2024-08-27  8  0.500000  0.125000  0.375000
878 2024-08-28  8  0.625000  0.250000  0.125000
879 2024-08-29  8  0.625000  0.125000  0.250000
880 2024-08-30  8  0.625000  0.125000  0.250000
881 2024-09-03  8  0.625000  0.125000  0.250000

[882 rows x 5 columns]",196,0.021340444051112004,0.06933585255139456,False
G_extremes20_42_logit_v2_no_market,extremes20,42,logit,expanding,liquid,v2_no_market,relative,1.0,717587,882,21,0.5234069179068183,0.5551076036773241,-0.03170068577050589,0.4969996516906406,0.5483324839094386,534.5958374926334,0.8448561969043916,0.7018140589569161,"           day    n       acc   frac_up      y_up
0   2021-03-03  713  0.333801  0.162693  0.660589
1   2021-03-04  713  0.346424  0.180926  0.652174
2   2021-03-05  713  0.350631  0.196353  0.652174
3   2021-03-08  712  0.307584  0.167135  0.679775
4   2021-03-09  711  0.326301  0.191280  0.682138
..         ...  ...       ...       ...       ...
877 2024-08-27  892  0.553812  0.886771  0.543722
878 2024-08-28  891  0.538721  0.892256  0.534231
879 2024-08-29  893  0.526316  0.892497  0.533035
880 2024-08-30  895  0.534078  0.890503  0.527374
881 2024-09-03  894  0.524609  0.889262  0.525727

[882 rows x 5 columns]",197,0.013095110259897442,0.04256697970698563,False
G_extremes20_42_logit_v2_no_market,extremes20,42,logit,expanding,liquid,v2_no_market,relative,0.5,358570,882,21,0.5416431937975849,0.5787879632986586,-0.037144769501073704,0.5016485345936464,0.5802440566659659,612.4027486718699,0.9050055343045105,0.6689342403628118,"           day    n       acc   frac_up      y_up
0   2021-03-03  356  0.247191  0.070225  0.738764
1   2021-03-04  356  0.266854  0.087079  0.730337
2   2021-03-05  356  0.286517  0.112360  0.696629
3   2021-03-08  356  0.261236  0.081461  0.741573
4   2021-03-09  355  0.278873  0.104225  0.735211
..         ...  ...       ...       ...       ...
877 2024-08-27  446  0.596413  0.950673  0.573991
878 2024-08-28  445  0.548315  0.955056  0.525843
879 2024-08-29  446  0.535874  0.957399  0.515695
880 2024-08-30  447  0.548098  0.953020  0.527964
881 2024-09-03  447  0.541387  0.953020  0.521253

[882 rows x 5 columns]",198,0.02004987807967333,0.06520537880759389,False
G_extremes20_42_logit_v2_no_market,extremes20,42,logit,expanding,liquid,v2_no_market,relative,0.25,179070,882,21,0.5554364215111409,0.5804880772882113,-0.02505165577707036,0.5103896052167635,0.5993453796327276,392.6676611367336,0.8959036669670679,0.6893424036281179,"           day    n       acc   frac_up      y_up
0   2021-03-03  178  0.258427  0.084270  0.679775
1   2021-03-04  178  0.353933  0.095506  0.640449
2   2021-03-05  178  0.320225  0.112360  0.657303
3   2021-03-08  178  0.320225  0.084270  0.685393
4   2021-03-09  177  0.310734  0.101695  0.689266
..         ...  ...       ...       ...       ...
877 2024-08-27  223  0.636771  0.932735  0.605381
878 2024-08-28  222  0.608108  0.932432  0.567568
879 2024-08-29  223  0.560538  0.937220  0.533632
880 2024-08-30  223  0.547085  0.932735  0.524664
881 2024-09-03  223  0.542601  0.928251  0.515695

[882 rows x 5 columns]",199,0.02269279959590922,0.07383572231619877,False
G_extremes20_42_logit_v2_no_market,extremes20,42,logit,expanding,liquid,v2_no_market,relative,0.1,71345,882,21,0.5724717919966361,0.5718270376340319,0.0006447543626042496,0.5241613581121353,0.6186509253838633,176.38981776862667,0.8633084923236788,0.719954648526077,"           day   n       acc   frac_up      y_up
0   2021-03-03  71  0.366197  0.098592  0.563380
1   2021-03-04  71  0.450704  0.140845  0.521127
2   2021-03-05  71  0.436620  0.154930  0.492958
3   2021-03-08  71  0.394366  0.098592  0.591549
4   2021-03-09  71  0.394366  0.126761  0.591549
..         ...  ..       ...       ...       ...
877 2024-08-27  89  0.584270  0.865169  0.539326
878 2024-08-28  89  0.595506  0.898876  0.561798
879 2024-08-29  89  0.550562  0.876404  0.516854
880 2024-08-30  89  0.584270  0.853933  0.528090
881 2024-09-03  89  0.584270  0.853933  0.528090

[882 rows x 5 columns]",200,0.02410448144686941,0.07846604721829167,False
G_extremes20_42_logit_v2_no_market,extremes20,42,logit,expanding,liquid,v2_no_market,relative,0.05,35424,882,21,0.5860998193315267,0.5578421409214093,0.028257678410117393,0.5383356403755181,0.6333644082939893,84.94571503272,0.8270220537299207,0.6927437641723356,"           day   n       acc   frac_up      y_up
0   2021-03-03  35  0.485714  0.171429  0.400000
1   2021-03-04  35  0.542857  0.200000  0.371429
2   2021-03-05  35  0.571429  0.142857  0.400000
3   2021-03-08  35  0.514286  0.171429  0.428571
4   2021-03-09  35  0.542857  0.171429  0.400000
..         ...  ..       ...       ...       ...
877 2024-08-27  44  0.636364  0.772727  0.590909
878 2024-08-28  44  0.613636  0.795455  0.545455
879 2024-08-29  44  0.613636  0.772727  0.522727
880 2024-08-30  44  0.590909  0.750000  0.477273
881 2024-09-03  44  0.636364  0.727273  0.545455

[882 rows x 5 columns]",201,0.024242032632263075,0.07895094413866331,False
G_extremes20_42_logit_v2_no_market,extremes20,42,logit,expanding,liquid,v2_no_market,relative,0.02,14004,882,21,0.6016852327906312,0.5044273064838618,0.09725792630676944,0.5604160146967873,0.6423032689427576,25.469764879229587,0.7639384722142825,0.6643990929705216,"           day   n       acc   frac_up      y_up
0   2021-03-03  14  0.642857  0.214286  0.142857
1   2021-03-04  14  0.785714  0.285714  0.214286
2   2021-03-05  14  0.785714  0.214286  0.285714
3   2021-03-08  14  0.785714  0.285714  0.214286
4   2021-03-09  14  0.785714  0.357143  0.142857
..         ...  ..       ...       ...       ...
877 2024-08-27  17  0.647059  0.470588  0.470588
878 2024-08-28  17  0.647059  0.588235  0.352941
879 2024-08-29  17  0.588235  0.411765  0.352941
880 2024-08-30  17  0.705882  0.470588  0.411765
881 2024-09-03  17  0.647059  0.470588  0.352941

[882 rows x 5 columns]",202,0.02088960567499243,0.06806465507858342,True
G_extremes20_42_logit_v2_no_market,extremes20,42,logit,expanding,liquid,v2_no_market,relative,0.01,6883,882,21,0.6099084701438326,0.5381374400697371,0.07177103007409558,0.573096515378799,0.6503219547681162,11.488157280430979,0.7536038224813735,0.6825396825396826,"           day  n       acc   frac_up      y_up
0   2021-03-03  7  0.714286  0.142857  0.142857
1   2021-03-04  7  0.714286  0.285714  0.285714
2   2021-03-05  7  0.857143  0.285714  0.142857
3   2021-03-08  7  0.857143  0.285714  0.142857
4   2021-03-09  7  0.857143  0.285714  0.142857
..         ... ..       ...       ...       ...
877 2024-08-27  8  0.500000  0.125000  0.375000
878 2024-08-28  8  0.625000  0.250000  0.125000
879 2024-08-29  8  0.625000  0.125000  0.250000
880 2024-08-30  8  0.625000  0.125000  0.250000
881 2024-09-03  8  0.500000  0.250000  0.250000

[882 rows x 5 columns]",203,0.019700367191152333,0.06421960724006974,True
G_relative_21_ens_lh_v2_all,relative,21,ens_lh,expanding,liquid,v2_all,relative,1.0,830525,1008,48,0.5329761295566058,0.5443592908100298,-0.011383161253423979,0.5171155877326684,0.5485120013683104,214.55425504563837,0.7670946792719142,0.7271825396825397,"            day    n       acc   frac_up      y_up
0    2021-02-01  699  0.493562  0.283262  0.500715
1    2021-02-02  699  0.452074  0.284692  0.520744
2    2021-02-03  699  0.419170  0.261803  0.562232
3    2021-02-04  700  0.414286  0.272857  0.552857
4    2021-02-05  701  0.409415  0.258203  0.563481
...         ...  ...       ...       ...       ...
1003 2025-01-29  898  0.590200  0.772829  0.496659
1004 2025-01-30  897  0.618729  0.773690  0.510591
1005 2025-01-31  898  0.584633  0.778396  0.496659
1006 2025-02-03  898  0.590200  0.777283  0.507795
1007 2025-02-04  899  0.604004  0.768632  0.503893

[1008 rows x 5 columns]",204,0.008009289192765801,0.026120894133632614,False
G_relative_21_ens_lh_v2_all,relative,21,ens_lh,expanding,liquid,v2_all,relative,0.5,414995,1008,48,0.5475535849829516,0.5540572777985276,-0.0065036928155760565,0.5246772998052676,0.5701109169858525,225.45566726861637,0.8253797877488771,0.685515873015873,"            day    n       acc   frac_up      y_up
0    2021-02-01  349  0.527221  0.200573  0.461318
1    2021-02-02  349  0.484241  0.194842  0.492837
2    2021-02-03  349  0.415473  0.148997  0.561605
3    2021-02-04  350  0.414286  0.151429  0.542857
4    2021-02-05  350  0.385714  0.157143  0.565714
...         ...  ...       ...       ...       ...
1003 2025-01-29  449  0.661470  0.864143  0.614699
1004 2025-01-30  448  0.703125  0.861607  0.654018
1005 2025-01-31  449  0.661470  0.864143  0.628062
1006 2025-02-03  449  0.654788  0.884187  0.623608
1007 2025-02-04  449  0.690423  0.846325  0.639198

[1008 rows x 5 columns]",205,0.011590208464434927,0.037816809460573614,False
G_relative_21_ens_lh_v2_all,relative,21,ens_lh,expanding,liquid,v2_all,relative,0.25,207241,1008,48,0.5568589227035191,0.5505233037864129,0.006335618917106212,0.5299694486663914,0.5833745693589959,153.77265056781172,0.8121501664300462,0.6577380952380952,"            day    n       acc   frac_up      y_up
0    2021-02-01  174  0.609195  0.183908  0.344828
1    2021-02-02  174  0.517241  0.178161  0.454023
2    2021-02-03  174  0.471264  0.143678  0.488506
3    2021-02-04  175  0.411429  0.142857  0.537143
4    2021-02-05  175  0.428571  0.160000  0.525714
...         ...  ...       ...       ...       ...
1003 2025-01-29  224  0.732143  0.843750  0.665179
1004 2025-01-30  224  0.754464  0.825893  0.696429
1005 2025-01-31  224  0.732143  0.852679  0.700893
1006 2025-02-03  224  0.723214  0.866071  0.696429
1007 2025-02-04  224  0.772321  0.839286  0.727679

[1008 rows x 5 columns]",206,0.01362375527872564,0.044472228542297126,False
G_relative_21_ens_lh_v2_all,relative,21,ens_lh,expanding,liquid,v2_all,relative,0.1,82572,1008,48,0.5708714818582571,0.5354115196434627,0.035459962214794416,0.538409908222378,0.6036337813487069,88.50070877030629,0.7572806468111251,0.5793650793650794,"            day   n       acc   frac_up      y_up
0    2021-02-01  69  0.666667  0.246377  0.289855
1    2021-02-02  69  0.521739  0.217391  0.463768
2    2021-02-03  69  0.536232  0.202899  0.434783
3    2021-02-04  70  0.457143  0.228571  0.485714
4    2021-02-05  70  0.485714  0.214286  0.528571
...         ...  ..       ...       ...       ...
1003 2025-01-29  89  0.808989  0.730337  0.696629
1004 2025-01-30  89  0.808989  0.730337  0.764045
1005 2025-01-31  89  0.797753  0.764045  0.764045
1006 2025-02-03  89  0.808989  0.786517  0.775281
1007 2025-02-04  89  0.775281  0.707865  0.730337

[1008 rows x 5 columns]",207,0.016638743144471668,0.05433877665593115,False
G_relative_21_ens_lh_v2_all,relative,21,ens_lh,expanding,liquid,v2_all,relative,0.05,40985,1008,48,0.5757960229352203,0.5081127241673783,0.06768329876784196,0.5396344642017358,0.61008896983274,50.96874971153472,0.705475063717402,0.5654761904761905,"            day   n       acc   frac_up      y_up
0    2021-02-01  34  0.676471  0.323529  0.294118
1    2021-02-02  34  0.500000  0.323529  0.470588
2    2021-02-03  34  0.529412  0.264706  0.441176
3    2021-02-04  35  0.400000  0.342857  0.485714
4    2021-02-05  35  0.485714  0.342857  0.457143
...         ...  ..       ...       ...       ...
1003 2025-01-29  44  0.818182  0.613636  0.613636
1004 2025-01-30  44  0.795455  0.590909  0.704545
1005 2025-01-31  44  0.818182  0.659091  0.795455
1006 2025-02-03  44  0.863636  0.681818  0.727273
1007 2025-02-04  44  0.772727  0.568182  0.704545

[1008 rows x 5 columns]",208,0.017973088171174538,0.05872299479275989,True
G_relative_21_ens_lh_v2_all,relative,21,ens_lh,expanding,liquid,v2_all,relative,0.02,16227,1008,48,0.5869846552042891,0.5456338201762495,0.0413508350280396,0.5474160269068057,0.6239249423989107,24.92810461830664,0.6905498764676811,0.5982142857142857,"            day   n       acc   frac_up      y_up
0    2021-02-01  13  0.538462  0.615385  0.307692
1    2021-02-02  13  0.461538  0.538462  0.461538
2    2021-02-03  13  0.461538  0.461538  0.384615
3    2021-02-04  14  0.285714  0.500000  0.500000
4    2021-02-05  14  0.428571  0.571429  0.428571
...         ...  ..       ...       ...       ...
1003 2025-01-29  17  0.941176  0.411765  0.352941
1004 2025-01-30  17  0.823529  0.352941  0.529412
1005 2025-01-31  17  0.882353  0.411765  0.529412
1006 2025-02-03  17  0.882353  0.411765  0.529412
1007 2025-02-04  17  0.764706  0.294118  0.529412

[1008 rows x 5 columns]",209,0.019517580482679858,0.06379791786977938,False
G_relative_21_ens_lh_v2_all,relative,21,ens_lh,expanding,liquid,v2_all,relative,0.01,7972,1008,48,0.6048670346211741,0.5805318615153036,0.024335173105870522,0.5599631012950592,0.6455965583340811,16.319143940602036,0.7517479213907786,0.6884920634920635,"            day  n       acc   frac_up      y_up
0    2021-02-01  6  0.666667  0.500000  0.166667
1    2021-02-02  6  0.500000  0.500000  0.333333
2    2021-02-03  6  0.666667  0.666667  0.333333
3    2021-02-04  7  0.285714  0.714286  0.285714
4    2021-02-05  7  0.428571  0.857143  0.285714
...         ... ..       ...       ...       ...
1003 2025-01-29  8  1.000000  0.125000  0.125000
1004 2025-01-30  8  1.000000  0.250000  0.250000
1005 2025-01-31  8  0.875000  0.125000  0.250000
1006 2025-02-03  8  0.875000  0.125000  0.250000
1007 2025-02-04  8  0.875000  0.000000  0.125000

[1008 rows x 5 columns]",210,0.021845269652811715,0.0714384242705719,False
G_relative_21_ens3_v2_no_market,relative,21,ens3,expanding,liquid,v2_no_market,relative,1.0,830525,1008,48,0.5325234038710455,0.5443291893681708,-0.011805785497125298,0.5163153356403292,0.5484620878520502,234.49668132624078,0.770584470439264,0.7420634920634921,"            day    n       acc   frac_up      y_up
0    2021-02-01  699  0.457797  0.281831  0.500715
1    2021-02-02  699  0.432046  0.264664  0.520744
2    2021-02-03  699  0.404864  0.241774  0.562232
3    2021-02-04  700  0.398571  0.242857  0.552857
4    2021-02-05  701  0.399429  0.242511  0.563481
...         ...  ...       ...       ...       ...
1003 2025-01-29  898  0.581292  0.788419  0.496659
1004 2025-01-30  897  0.608696  0.794872  0.510591
1005 2025-01-31  898  0.580178  0.793987  0.496659
1006 2025-02-03  898  0.585746  0.797327  0.507795
1007 2025-02-04  899  0.595106  0.795328  0.503893

[1008 rows x 5 columns]",211,0.008200702094826793,0.026829855263432636,False
G_relative_21_ens3_v2_no_market,relative,21,ens3,expanding,liquid,v2_no_market,relative,0.5,414995,1008,48,0.5468379137098037,0.5531922071350257,-0.00635429342522198,0.5222843435481062,0.5700663672343964,248.1833531430417,0.8277328210083721,0.6944444444444444,"            day    n       acc   frac_up      y_up
0    2021-02-01  349  0.449857  0.220630  0.495702
1    2021-02-02  349  0.412607  0.212034  0.530086
2    2021-02-03  349  0.369628  0.151862  0.587393
3    2021-02-04  350  0.365714  0.157143  0.574286
4    2021-02-05  350  0.362857  0.154286  0.580000
...         ...  ...       ...       ...       ...
1003 2025-01-29  449  0.650334  0.875278  0.605791
1004 2025-01-30  448  0.691964  0.872768  0.649554
1005 2025-01-31  449  0.634744  0.875278  0.608018
1006 2025-02-03  449  0.643653  0.875278  0.621381
1007 2025-02-04  449  0.665924  0.890869  0.645880

[1008 rows x 5 columns]",212,0.012189291756706697,0.03989675025347821,False
G_relative_21_ens3_v2_no_market,relative,21,ens3,expanding,liquid,v2_no_market,relative,0.25,207241,1008,48,0.5563329650020991,0.5498477617845889,0.006485203217510116,0.5279919108826364,0.5846713515226031,172.4524480600344,0.8036596400958812,0.6299603174603174,"            day    n       acc   frac_up      y_up
0    2021-02-01  174  0.482759  0.206897  0.448276
1    2021-02-02  174  0.436782  0.189655  0.511494
2    2021-02-03  174  0.373563  0.155172  0.563218
3    2021-02-04  175  0.342857  0.165714  0.594286
4    2021-02-05  175  0.342857  0.182857  0.600000
...         ...  ...       ...       ...       ...
1003 2025-01-29  224  0.691964  0.843750  0.651786
1004 2025-01-30  224  0.750000  0.839286  0.714286
1005 2025-01-31  224  0.705357  0.848214  0.687500
1006 2025-02-03  224  0.705357  0.848214  0.669643
1007 2025-02-04  224  0.741071  0.857143  0.732143

[1008 rows x 5 columns]",213,0.014459040979583332,0.04734664649545682,False
G_relative_21_ens3_v2_no_market,relative,21,ens3,expanding,liquid,v2_no_market,relative,0.1,82572,1008,48,0.5681102552923509,0.5278786998013855,0.040231555490965465,0.5337681769384927,0.6018389310290482,96.66110460651794,0.7298884318170121,0.5843253968253969,"            day   n       acc   frac_up      y_up
0    2021-02-01  69  0.550725  0.304348  0.376812
1    2021-02-02  69  0.449275  0.304348  0.478261
2    2021-02-03  69  0.492754  0.289855  0.420290
3    2021-02-04  70  0.371429  0.285714  0.542857
4    2021-02-05  70  0.442857  0.271429  0.514286
...         ...  ..       ...       ...       ...
1003 2025-01-29  89  0.797753  0.730337  0.685393
1004 2025-01-30  89  0.797753  0.741573  0.764045
1005 2025-01-31  89  0.797753  0.730337  0.752809
1006 2025-02-03  89  0.808989  0.752809  0.764045
1007 2025-02-04  89  0.786517  0.752809  0.741573

[1008 rows x 5 columns]",214,0.017364988288407022,0.056887108034537,False
G_relative_21_ens3_v2_no_market,relative,21,ens3,expanding,liquid,v2_no_market,relative,0.05,40985,1008,48,0.5746492619250946,0.5055508112724167,0.06909845065267783,0.5381365156826593,0.6096884245814888,52.42765716612255,0.66957659816987,0.5466269841269841,"            day   n       acc   frac_up      y_up
0    2021-02-01  34  0.500000  0.500000  0.411765
1    2021-02-02  34  0.441176  0.411765  0.500000
2    2021-02-03  34  0.529412  0.382353  0.382353
3    2021-02-04  35  0.400000  0.457143  0.428571
4    2021-02-05  35  0.485714  0.428571  0.485714
...         ...  ..       ...       ...       ...
1003 2025-01-29  44  0.795455  0.500000  0.568182
1004 2025-01-30  44  0.772727  0.522727  0.704545
1005 2025-01-31  44  0.795455  0.568182  0.727273
1006 2025-02-03  44  0.772727  0.545455  0.681818
1007 2025-02-04  44  0.727273  0.545455  0.636364

[1008 rows x 5 columns]",215,0.01825303798439527,0.05982229866347196,True
G_relative_21_ens3_v2_no_market,relative,21,ens3,expanding,liquid,v2_no_market,relative,0.02,16227,1008,48,0.5880322918592469,0.5634436433105319,0.02458864854871501,0.5482118463678265,0.6247407455162804,24.135246546344504,0.6839272202826999,0.6329365079365079,"            day   n       acc   frac_up      y_up
0    2021-02-01  13  0.461538  0.692308  0.461538
1    2021-02-02  13  0.615385  0.769231  0.384615
2    2021-02-03  13  0.538462  0.769231  0.307692
3    2021-02-04  14  0.500000  0.714286  0.357143
4    2021-02-05  14  0.642857  0.785714  0.428571
...         ...  ..       ...       ...       ...
1003 2025-01-29  17  0.823529  0.235294  0.294118
1004 2025-01-30  17  0.941176  0.352941  0.411765
1005 2025-01-31  17  0.882353  0.411765  0.529412
1006 2025-02-03  17  0.705882  0.176471  0.470588
1007 2025-02-04  17  0.764706  0.294118  0.529412

[1008 rows x 5 columns]",216,0.019522678354197437,0.06401103928709759,False
G_relative_21_ens3_v2_no_market,relative,21,ens3,expanding,liquid,v2_no_market,relative,0.01,7972,1008,48,0.6110135474159558,0.6029854490717511,0.008028098344204704,0.5706071532661604,0.6477043270378144,12.652420477287105,0.8008885267069791,0.7212301587301587,"            day  n       acc   frac_up      y_up
0    2021-02-01  6  0.500000  0.666667  0.500000
1    2021-02-02  6  0.666667  0.833333  0.500000
2    2021-02-03  6  0.666667  0.666667  0.333333
3    2021-02-04  7  0.428571  0.714286  0.142857
4    2021-02-05  7  0.714286  0.714286  0.428571
...         ... ..       ...       ...       ...
1003 2025-01-29  8  1.000000  0.000000  0.000000
1004 2025-01-30  8  1.000000  0.000000  0.000000
1005 2025-01-31  8  0.875000  0.000000  0.125000
1006 2025-02-03  8  0.875000  0.000000  0.125000
1007 2025-02-04  8  0.875000  0.000000  0.125000

[1008 rows x 5 columns]",217,0.019667646370319907,0.06451406145390189,False
G_relative_21_hgb_shallow_v2_no_market,relative,21,hgb_shallow,expanding,liquid,v2_no_market,relative,1.0,830525,1008,48,0.5296830318172241,0.544396616597935,-0.014713584780710942,0.5169466312099202,0.5423630720562855,137.97470838677276,0.7081342474636415,0.7589285714285714,"            day    n       acc   frac_up      y_up
0    2021-02-01  699  0.537911  0.402003  0.500715
1    2021-02-02  699  0.505007  0.400572  0.520744
2    2021-02-03  699  0.487840  0.390558  0.562232
3    2021-02-04  700  0.464286  0.371429  0.552857
4    2021-02-05  701  0.455064  0.355207  0.563481
...         ...  ...       ...       ...       ...
1003 2025-01-29  898  0.571269  0.776169  0.496659
1004 2025-01-30  897  0.589744  0.778149  0.510591
1005 2025-01-31  898  0.572383  0.768374  0.496659
1006 2025-02-03  898  0.576837  0.777283  0.507795
1007 2025-02-04  899  0.581758  0.779755  0.503893

[1008 rows x 5 columns]",218,0.006483785930195229,0.02127728236598013,False
G_relative_21_hgb_shallow_v2_no_market,relative,21,hgb_shallow,expanding,liquid,v2_no_market,relative,0.5,414995,1008,48,0.5452162074241859,0.5477222617139965,-0.0025060542898106553,0.5243901544113038,0.5651490345127627,176.45152268403572,0.7624767321297412,0.7261904761904762,"            day    n       acc   frac_up      y_up
0    2021-02-01  349  0.581662  0.340974  0.438395
1    2021-02-02  349  0.518625  0.338109  0.481375
2    2021-02-03  349  0.484241  0.312321  0.518625
3    2021-02-04  350  0.468571  0.297143  0.502857
4    2021-02-05  350  0.457143  0.291429  0.548571
...         ...  ...       ...       ...       ...
1003 2025-01-29  449  0.634744  0.819599  0.570156
1004 2025-01-30  448  0.662946  0.814732  0.584821
1005 2025-01-31  449  0.657016  0.812918  0.585746
1006 2025-02-03  449  0.654788  0.824053  0.590200
1007 2025-02-04  449  0.701559  0.830735  0.639198

[1008 rows x 5 columns]",219,0.010397673495270127,0.03413564832511306,False
G_relative_21_hgb_shallow_v2_no_market,relative,21,hgb_shallow,expanding,liquid,v2_no_market,relative,0.25,207241,1008,48,0.553958917395689,0.5459054916739449,0.008053425721744167,0.5272123077436393,0.5790764771157475,145.00179630869417,0.7577830686014023,0.6765873015873016,"            day    n       acc   frac_up      y_up
0    2021-02-01  174  0.655172  0.224138  0.350575
1    2021-02-02  174  0.603448  0.235632  0.425287
2    2021-02-03  174  0.528736  0.166667  0.488506
3    2021-02-04  175  0.462857  0.177143  0.497143
4    2021-02-05  175  0.468571  0.171429  0.508571
...         ...  ...       ...       ...       ...
1003 2025-01-29  224  0.709821  0.790179  0.625000
1004 2025-01-30  224  0.754464  0.781250  0.678571
1005 2025-01-31  224  0.718750  0.799107  0.642857
1006 2025-02-03  224  0.750000  0.803571  0.696429
1007 2025-02-04  224  0.758929  0.808036  0.709821

[1008 rows x 5 columns]",220,0.01323065545206843,0.04345470783170331,False
G_relative_21_hgb_shallow_v2_no_market,relative,21,hgb_shallow,expanding,liquid,v2_no_market,relative,0.1,82572,1008,48,0.5588213922395001,0.5364288136414281,0.022392578598071977,0.5249078513250434,0.5918352444356848,92.8924879693763,0.7348747351377459,0.5783730158730159,"            day   n       acc   frac_up      y_up
0    2021-02-01  69  0.724638  0.159420  0.347826
1    2021-02-02  69  0.565217  0.159420  0.478261
2    2021-02-03  69  0.579710  0.115942  0.478261
3    2021-02-04  70  0.457143  0.128571  0.528571
4    2021-02-05  70  0.514286  0.085714  0.514286
...         ...  ..       ...       ...       ...
1003 2025-01-29  89  0.808989  0.707865  0.674157
1004 2025-01-30  89  0.786517  0.719101  0.752809
1005 2025-01-31  89  0.808989  0.786517  0.797753
1006 2025-02-03  89  0.808989  0.764045  0.752809
1007 2025-02-04  89  0.831461  0.764045  0.775281

[1008 rows x 5 columns]",221,0.017073314569041185,0.05609909109877393,False
G_relative_21_hgb_shallow_v2_no_market,relative,21,hgb_shallow,expanding,liquid,v2_no_market,relative,0.05,40985,1008,48,0.565792363059656,0.5261925094546785,0.03959985360497742,0.5271575737056261,0.6019205993865195,58.00887832587002,0.7170097740849859,0.5267857142857143,"            day   n       acc   frac_up      y_up
0    2021-02-01  34  0.705882  0.205882  0.323529
1    2021-02-02  34  0.500000  0.147059  0.529412
2    2021-02-03  34  0.558824  0.088235  0.470588
3    2021-02-04  35  0.400000  0.085714  0.628571
4    2021-02-05  35  0.400000  0.085714  0.571429
...         ...  ..       ...       ...       ...
1003 2025-01-29  44  0.840909  0.681818  0.659091
1004 2025-01-30  44  0.772727  0.636364  0.727273
1005 2025-01-31  44  0.840909  0.659091  0.772727
1006 2025-02-03  44  0.795455  0.659091  0.727273
1007 2025-02-04  44  0.818182  0.681818  0.772727

[1008 rows x 5 columns]",222,0.019072200428799348,0.06269318259876971,False
G_relative_21_hgb_shallow_v2_no_market,relative,21,hgb_shallow,expanding,liquid,v2_no_market,relative,0.02,16227,1008,48,0.5737967584889382,0.4997226844148641,0.07407407407407407,0.5324640368244699,0.6120801773118367,26.28011833113245,0.7172610586257294,0.5396825396825397,"            day   n       acc   frac_up      y_up
0    2021-02-01  13  0.692308  0.153846  0.307692
1    2021-02-02  13  0.230769  0.076923  0.692308
2    2021-02-03  13  0.538462  0.076923  0.384615
3    2021-02-04  14  0.428571  0.000000  0.571429
4    2021-02-05  14  0.428571  0.071429  0.500000
...         ...  ..       ...       ...       ...
1003 2025-01-29  17  0.941176  0.470588  0.529412
1004 2025-01-30  17  0.823529  0.411765  0.588235
1005 2025-01-31  17  0.764706  0.411765  0.647059
1006 2025-02-03  17  0.823529  0.411765  0.588235
1007 2025-02-04  17  0.764706  0.470588  0.705882

[1008 rows x 5 columns]",223,0.02031023992024665,0.06679056765723482,True
G_relative_21_hgb_shallow_v2_no_market,relative,21,hgb_shallow,expanding,liquid,v2_no_market,relative,0.01,7972,1008,48,0.5825388861013547,0.5191921726041144,0.0633467134972403,0.538136056206112,0.6245270190020329,15.017583146772454,0.7432130259511212,0.5803571428571429,"            day  n       acc  frac_up      y_up
0    2021-02-01  6  0.666667    0.000  0.333333
1    2021-02-02  6  0.500000    0.000  0.500000
2    2021-02-03  6  0.666667    0.000  0.333333
3    2021-02-04  7  0.428571    0.000  0.571429
4    2021-02-05  7  0.571429    0.000  0.428571
...         ... ..       ...      ...       ...
1003 2025-01-29  8  1.000000    0.125  0.125000
1004 2025-01-30  8  0.750000    0.125  0.375000
1005 2025-01-31  8  0.625000    0.125  0.500000
1006 2025-02-03  8  0.750000    0.250  0.500000
1007 2025-02-04  8  0.750000    0.250  0.500000

[1008 rows x 5 columns]",224,0.022038510917326747,0.07250399496611289,False
G_extremes20_42_hgb_shallow_v2_no_market,extremes20,42,hgb_shallow,expanding,liquid,v2_no_market,relative,1.0,717587,882,21,0.5313864381601116,0.5550825196108625,-0.023696081450750972,0.5091039554805893,0.5525343282212108,356.70978027556725,0.7694077796164238,0.7585034013605442,"           day    n       acc   frac_up      y_up
0   2021-03-03  713  0.308555  0.258065  0.660589
1   2021-03-04  713  0.307153  0.259467  0.652174
2   2021-03-05  713  0.323983  0.279102  0.652174
3   2021-03-08  712  0.310393  0.282303  0.679775
4   2021-03-09  711  0.298172  0.284107  0.682138
..         ...  ...       ...       ...       ...
877 2024-08-27  892  0.568386  0.856502  0.543722
878 2024-08-28  891  0.549944  0.863075  0.534231
879 2024-08-29  893  0.557671  0.867861  0.533035
880 2024-08-30  895  0.546369  0.864804  0.527374
881 2024-09-03  894  0.531320  0.862416  0.525727

[882 rows x 5 columns]",225,0.011079176719546316,0.036464128710882886,False
G_extremes20_42_hgb_shallow_v2_no_market,extremes20,42,hgb_shallow,expanding,liquid,v2_no_market,relative,0.5,358570,882,21,0.5421479766851661,0.5699668126167833,-0.02781883593161716,0.5086631472145459,0.5733576819019246,404.1671294491482,0.8396017269201764,0.68140589569161,"           day    n       acc   frac_up      y_up
0   2021-03-03  356  0.185393  0.067416  0.831461
1   2021-03-04  356  0.188202  0.089888  0.817416
2   2021-03-05  356  0.205056  0.109551  0.797753
3   2021-03-08  356  0.191011  0.095506  0.808989
4   2021-03-09  355  0.185915  0.104225  0.828169
..         ...  ...       ...       ...       ...
877 2024-08-27  446  0.576233  0.955157  0.562780
878 2024-08-28  445  0.543820  0.959551  0.521348
879 2024-08-29  446  0.529148  0.959641  0.511211
880 2024-08-30  447  0.539150  0.953020  0.523490
881 2024-09-03  447  0.507830  0.953020  0.487696

[882 rows x 5 columns]",226,0.016503707828412942,0.05433974559610874,False
G_extremes20_42_hgb_shallow_v2_no_market,extremes20,42,hgb_shallow,expanding,liquid,v2_no_market,relative,0.25,179070,882,21,0.5385491707153627,0.5661808231417881,-0.0276316524264254,0.49640165940638975,0.5789202066962487,316.64595736381256,0.8583940881973271,0.6303854875283447,"           day    n       acc   frac_up      y_up
0   2021-03-03  178  0.123596  0.005618  0.882022
1   2021-03-04  178  0.151685  0.022472  0.848315
2   2021-03-05  178  0.129213  0.033708  0.870787
3   2021-03-08  178  0.123596  0.028090  0.870787
4   2021-03-09  177  0.096045  0.022599  0.903955
..         ...  ...       ...       ...       ...
877 2024-08-27  223  0.618834  0.959641  0.587444
878 2024-08-28  222  0.554054  0.959459  0.531532
879 2024-08-29  223  0.524664  0.959641  0.502242
880 2024-08-30  223  0.542601  0.973094  0.533632
881 2024-09-03  223  0.493274  0.977578  0.479821

[882 rows x 5 columns]",227,0.021050649818841558,0.06933912791194012,False
G_extremes20_42_hgb_shallow_v2_no_market,extremes20,42,hgb_shallow,expanding,liquid,v2_no_market,relative,0.1,71345,882,21,0.5344172682037984,0.5613287546429322,-0.02691148643913377,0.4830321491451844,0.5819942254988711,183.33113934427575,0.8816833997202644,0.5804988662131519,"           day   n       acc   frac_up      y_up
0   2021-03-03  71  0.070423  0.000000  0.929577
1   2021-03-04  71  0.084507  0.000000  0.915493
2   2021-03-05  71  0.126761  0.000000  0.873239
3   2021-03-08  71  0.169014  0.000000  0.830986
4   2021-03-09  71  0.056338  0.000000  0.943662
..         ...  ..       ...       ...       ...
877 2024-08-27  89  0.561798  0.943820  0.528090
878 2024-08-28  89  0.494382  0.943820  0.460674
879 2024-08-29  89  0.505618  0.955056  0.483146
880 2024-08-30  89  0.528090  0.955056  0.505618
881 2024-09-03  89  0.460674  0.955056  0.438202

[882 rows x 5 columns]",228,0.025245427641246623,0.08319006704901853,False
G_extremes20_42_hgb_shallow_v2_no_market,extremes20,42,hgb_shallow,expanding,liquid,v2_no_market,relative,0.05,35424,882,21,0.53125,0.5601851851851852,-0.02893518518518523,0.47273362259938295,0.5845265380379026,117.41031578650869,0.8951456363485952,0.5306122448979592,"           day   n       acc   frac_up      y_up
0   2021-03-03  35  0.028571  0.000000  0.971429
1   2021-03-04  35  0.114286  0.000000  0.885714
2   2021-03-05  35  0.028571  0.000000  0.971429
3   2021-03-08  35  0.114286  0.000000  0.885714
4   2021-03-09  35  0.057143  0.000000  0.942857
..         ...  ..       ...       ...       ...
877 2024-08-27  44  0.590909  0.909091  0.545455
878 2024-08-28  44  0.431818  0.931818  0.409091
879 2024-08-29  44  0.409091  0.954545  0.409091
880 2024-08-30  44  0.477273  0.954545  0.477273
881 2024-09-03  44  0.431818  0.931818  0.409091

[882 rows x 5 columns]",229,0.028518600877173367,0.09401386792556618,False
G_extremes20_42_hgb_shallow_v2_no_market,extremes20,42,hgb_shallow,expanding,liquid,v2_no_market,relative,0.02,14004,882,21,0.5223507569265924,0.5503427592116538,-0.02799200228506138,0.45580851271633394,0.585608712443607,61.21070535953174,0.8984650606274256,0.5170068027210885,"           day   n       acc   frac_up      y_up
0   2021-03-03  14  0.000000  0.000000  1.000000
1   2021-03-04  14  0.071429  0.000000  0.928571
2   2021-03-05  14  0.000000  0.000000  1.000000
3   2021-03-08  14  0.071429  0.000000  0.928571
4   2021-03-09  14  0.000000  0.000000  1.000000
..         ...  ..       ...       ...       ...
877 2024-08-27  17  0.647059  0.882353  0.529412
878 2024-08-28  17  0.411765  0.882353  0.411765
879 2024-08-29  17  0.470588  0.941176  0.411765
880 2024-08-30  17  0.588235  0.882353  0.588235
881 2024-09-03  17  0.411765  0.941176  0.352941

[882 rows x 5 columns]",230,0.03311229584879415,0.10920111180607613,False
G_extremes20_42_hgb_shallow_v2_no_market,extremes20,42,hgb_shallow,expanding,liquid,v2_no_market,relative,0.01,6883,882,21,0.523463605985762,0.5449658579107947,-0.021502251925032634,0.44870492259566874,0.5964545372440109,38.33945259055644,0.9084062196307096,0.5170068027210885,"           day  n    acc  frac_up   y_up
0   2021-03-03  7  0.000      0.0  1.000
1   2021-03-04  7  0.000      0.0  1.000
2   2021-03-05  7  0.000      0.0  1.000
3   2021-03-08  7  0.000      0.0  1.000
4   2021-03-09  7  0.000      0.0  1.000
..         ... ..    ...      ...    ...
877 2024-08-27  8  0.500      1.0  0.500
878 2024-08-28  8  0.375      1.0  0.375
879 2024-08-29  8  0.375      1.0  0.375
880 2024-08-30  8  0.625      1.0  0.625
881 2024-09-03  8  0.375      1.0  0.375

[882 rows x 5 columns]",231,0.03769122822661789,0.12435155581315796,False
G_extremes20_42_hgb_shallow_v2_all,extremes20,42,hgb_shallow,expanding,liquid,v2_all,relative,1.0,717587,882,21,0.5339645227686678,0.555067190459136,-0.021102667690468202,0.5127718390866255,0.5541328047136809,339.0494013439418,0.7947457700264217,0.7505668934240363,"           day    n       acc   frac_up      y_up
0   2021-03-03  713  0.293128  0.194951  0.660589
1   2021-03-04  713  0.311360  0.252454  0.652174
2   2021-03-05  713  0.343619  0.307153  0.652174
3   2021-03-08  712  0.324438  0.307584  0.679775
4   2021-03-09  711  0.317862  0.315049  0.682138
..         ...  ...       ...       ...       ...
877 2024-08-27  892  0.559417  0.865471  0.543722
878 2024-08-28  891  0.545455  0.874299  0.534231
879 2024-08-29  893  0.549832  0.882419  0.533035
880 2024-08-30  895  0.548603  0.873743  0.527374
881 2024-09-03  894  0.526846  0.882550  0.525727

[882 rows x 5 columns]",232,0.01055126674159576,0.034824734795698795,False
G_extremes20_42_hgb_shallow_v2_all,extremes20,42,hgb_shallow,expanding,liquid,v2_all,relative,0.5,358570,882,21,0.5460272750090638,0.5743453161167973,-0.028318041107733505,0.5127177800529765,0.5767763530642288,388.2563393487294,0.8653061799292765,0.7074829931972789,"           day    n       acc   frac_up      y_up
0   2021-03-03  356  0.148876  0.000000  0.851124
1   2021-03-04  356  0.179775  0.064607  0.823034
2   2021-03-05  356  0.227528  0.191011  0.766854
3   2021-03-08  356  0.233146  0.174157  0.778090
4   2021-03-09  355  0.225352  0.174648  0.797183
..         ...  ...       ...       ...       ...
877 2024-08-27  446  0.585202  0.966368  0.560538
878 2024-08-28  445  0.548315  0.970787  0.528090
879 2024-08-29  446  0.533632  0.973094  0.515695
880 2024-08-30  447  0.554810  0.964206  0.536913
881 2024-09-03  447  0.505593  0.982103  0.492170

[882 rows x 5 columns]",233,0.016341472706952114,0.05395675383635656,False
G_extremes20_42_hgb_shallow_v2_all,extremes20,42,hgb_shallow,expanding,liquid,v2_all,relative,0.25,179070,882,21,0.542787736639303,0.5724800357402133,-0.029692299100910313,0.5020574539283451,0.5806865961182595,297.86127882370965,0.8709255052828129,0.6394557823129252,"           day    n       acc   frac_up      y_up
0   2021-03-03  178  0.089888  0.000000  0.910112
1   2021-03-04  178  0.134831  0.000000  0.865169
2   2021-03-05  178  0.202247  0.117978  0.825843
3   2021-03-08  178  0.196629  0.106742  0.820225
4   2021-03-09  177  0.169492  0.129944  0.847458
..         ...  ...       ...       ...       ...
877 2024-08-27  223  0.618834  0.973094  0.600897
878 2024-08-28  222  0.531532  0.972973  0.513514
879 2024-08-29  223  0.484305  0.982063  0.475336
880 2024-08-30  223  0.542601  0.982063  0.533632
881 2024-09-03  223  0.466368  0.982063  0.457399

[882 rows x 5 columns]",234,0.020058454640284273,0.06625560564982358,False
G_extremes20_42_hgb_shallow_v2_all,extremes20,42,hgb_shallow,expanding,liquid,v2_all,relative,0.1,71345,882,21,0.5298899712663817,0.5633891653234284,-0.03349919405704671,0.48112660438465593,0.5763673022672935,171.64423690254782,0.8723151088810502,0.5839002267573696,"           day   n       acc   frac_up      y_up
0   2021-03-03  71  0.098592  0.000000  0.901408
1   2021-03-04  71  0.112676  0.000000  0.887324
2   2021-03-05  71  0.183099  0.098592  0.859155
3   2021-03-08  71  0.183099  0.014085  0.830986
4   2021-03-09  71  0.098592  0.042254  0.915493
..         ...  ..       ...       ...       ...
877 2024-08-27  89  0.595506  0.966292  0.561798
878 2024-08-28  89  0.483146  0.966292  0.449438
879 2024-08-29  89  0.483146  0.988764  0.471910
880 2024-08-30  89  0.561798  0.977528  0.539326
881 2024-09-03  89  0.415730  0.977528  0.393258

[882 rows x 5 columns]",235,0.02429609639863203,0.0802844314675057,False
G_extremes20_42_hgb_shallow_v2_all,extremes20,42,hgb_shallow,expanding,liquid,v2_all,relative,0.05,35424,882,21,0.5209462511291779,0.5518010388437218,-0.030854787714543863,0.4662582917974034,0.575398189599794,111.11450949852889,0.8728156698179675,0.5328798185941043,"           day   n       acc   frac_up      y_up
0   2021-03-03  35  0.000000  0.000000  1.000000
1   2021-03-04  35  0.057143  0.000000  0.942857
2   2021-03-05  35  0.085714  0.000000  0.914286
3   2021-03-08  35  0.171429  0.000000  0.828571
4   2021-03-09  35  0.000000  0.000000  1.000000
..         ...  ..       ...       ...       ...
877 2024-08-27  44  0.590909  0.977273  0.568182
878 2024-08-28  44  0.431818  0.977273  0.409091
879 2024-08-29  44  0.409091  1.000000  0.409091
880 2024-08-30  44  0.477273  0.954545  0.431818
881 2024-09-03  44  0.340909  1.000000  0.340909

[882 rows x 5 columns]",236,0.027841810663875165,0.09203672034012311,False
G_extremes20_42_hgb_shallow_v2_all,extremes20,42,hgb_shallow,expanding,liquid,v2_all,relative,0.02,14004,882,21,0.5141388174807198,0.5297057983433304,-0.015566980862610658,0.45361220354568976,0.5739528440421685,52.15990436705841,0.8756631223918138,0.5011337868480725,"           day   n       acc  frac_up      y_up
0   2021-03-03  14  0.000000      0.0  1.000000
1   2021-03-04  14  0.142857      0.0  0.857143
2   2021-03-05  14  0.071429      0.0  0.928571
3   2021-03-08  14  0.214286      0.0  0.785714
4   2021-03-09  14  0.000000      0.0  1.000000
..         ...  ..       ...      ...       ...
877 2024-08-27  17  0.588235      1.0  0.588235
878 2024-08-28  17  0.352941      1.0  0.352941
879 2024-08-29  17  0.294118      1.0  0.294118
880 2024-08-30  17  0.470588      1.0  0.470588
881 2024-09-03  17  0.352941      1.0  0.352941

[882 rows x 5 columns]",237,0.0306991429837956,0.10152146839721292,False
G_extremes20_42_hgb_shallow_v2_all,extremes20,42,hgb_shallow,expanding,liquid,v2_all,relative,0.01,6883,882,21,0.5215748946680226,0.5164899026587244,0.005084992009298239,0.457748791660655,0.5852983864281204,28.242071582563405,0.8871679624230645,0.5034013605442177,"           day  n       acc  frac_up      y_up
0   2021-03-03  7  0.000000      0.0  1.000000
1   2021-03-04  7  0.000000      0.0  1.000000
2   2021-03-05  7  0.142857      0.0  0.857143
3   2021-03-08  7  0.285714      0.0  0.714286
4   2021-03-09  7  0.000000      0.0  1.000000
..         ... ..       ...      ...       ...
877 2024-08-27  8  0.625000      1.0  0.625000
878 2024-08-28  8  0.375000      1.0  0.375000
879 2024-08-29  8  0.375000      1.0  0.375000
880 2024-08-30  8  0.500000      1.0  0.500000
881 2024-09-03  8  0.375000      1.0  0.375000

[882 rows x 5 columns]",238,0.03253816193047586,0.10764448871501146,False
G_extremes20_42_ens3_v2_no_market,extremes20,42,ens3,expanding,liquid,v2_no_market,relative,1.0,717587,882,21,0.5324120977665426,0.5551020294403327,-0.022689931673790076,0.5074099352237729,0.5555914272808827,446.16824580090133,0.8317980519632383,0.7687074829931972,"           day    n       acc   frac_up      y_up
0   2021-03-03  713  0.328191  0.171108  0.660589
1   2021-03-04  713  0.325386  0.185133  0.652174
2   2021-03-05  713  0.333801  0.210379  0.652174
3   2021-03-08  712  0.318820  0.195225  0.679775
4   2021-03-09  711  0.309423  0.202532  0.682138
..         ...  ...       ...       ...       ...
877 2024-08-27  892  0.562780  0.882287  0.543722
878 2024-08-28  891  0.549944  0.887767  0.534231
879 2024-08-29  893  0.538634  0.893617  0.533035
880 2024-08-30  895  0.532961  0.887151  0.527374
881 2024-09-03  894  0.524609  0.891499  0.525727

[882 rows x 5 columns]",239,0.012291196953344354,0.040677970448008666,False
G_extremes20_42_ens3_v2_no_market,extremes20,42,ens3,expanding,liquid,v2_no_market,relative,0.5,358570,882,21,0.5469169199877291,0.5764592687620269,-0.029542348774297844,0.5105037193513177,0.5825359813998827,514.0281784543026,0.8931373840939654,0.7029478458049887,"           day    n       acc   frac_up      y_up
0   2021-03-03  356  0.213483  0.075843  0.778090
1   2021-03-04  356  0.224719  0.081461  0.772472
2   2021-03-05  356  0.238764  0.098315  0.764045
3   2021-03-08  356  0.230337  0.089888  0.769663
4   2021-03-09  355  0.239437  0.104225  0.774648
..         ...  ...       ...       ...       ...
877 2024-08-27  446  0.587444  0.952915  0.558296
878 2024-08-28  445  0.548315  0.959551  0.525843
879 2024-08-29  446  0.533632  0.952915  0.508969
880 2024-08-30  447  0.543624  0.955257  0.521253
881 2024-09-03  447  0.532438  0.955257  0.510067

[882 rows x 5 columns]",240,0.01837557705320537,0.060837530843978305,False
G_extremes20_42_ens3_v2_no_market,extremes20,42,ens3,expanding,liquid,v2_no_market,relative,0.25,179070,882,21,0.5448763053554476,0.5676830289830792,-0.022806723627631587,0.5024593031833103,0.587442501122814,344.9934208122708,0.886940780990417,0.6541950113378685,"           day    n       acc   frac_up      y_up
0   2021-03-03  178  0.174157  0.039326  0.808989
1   2021-03-04  178  0.207865  0.056180  0.780899
2   2021-03-05  178  0.213483  0.067416  0.775281
3   2021-03-08  178  0.230337  0.056180  0.769663
4   2021-03-09  177  0.237288  0.073446  0.757062
..         ...  ...       ...       ...       ...
877 2024-08-27  223  0.618834  0.941704  0.587444
878 2024-08-28  222  0.576577  0.950450  0.545045
879 2024-08-29  223  0.547085  0.946188  0.520179
880 2024-08-30  223  0.542601  0.946188  0.515695
881 2024-09-03  223  0.511211  0.941704  0.479821

[882 rows x 5 columns]",241,0.021679387229465233,0.0718029482775692,False
G_extremes20_42_ens3_v2_no_market,extremes20,42,ens3,expanding,liquid,v2_no_market,relative,0.1,71345,882,21,0.5406685822412223,0.544901534795711,-0.004232952554488745,0.4931273340712937,0.5871530513874506,171.8393642107301,0.8615722746062329,0.6179138321995464,"           day   n       acc   frac_up      y_up
0   2021-03-03  71  0.169014  0.070423  0.788732
1   2021-03-04  71  0.225352  0.084507  0.774648
2   2021-03-05  71  0.225352  0.098592  0.760563
3   2021-03-08  71  0.225352  0.056338  0.774648
4   2021-03-09  71  0.211268  0.070423  0.774648
..         ...  ..       ...       ...       ...
877 2024-08-27  89  0.629213  0.898876  0.573034
878 2024-08-28  89  0.573034  0.898876  0.516854
879 2024-08-29  89  0.573034  0.898876  0.516854
880 2024-08-30  89  0.595506  0.898876  0.539326
881 2024-09-03  89  0.550562  0.910112  0.483146

[882 rows x 5 columns]",242,0.023986152376570622,0.07947302389061409,False
G_extremes20_42_ens3_v2_no_market,extremes20,42,ens3,expanding,liquid,v2_no_market,relative,0.05,35424,882,21,0.5501637308039747,0.5327179313459801,0.017445799457994626,0.49840193751238365,0.6002213852067589,100.52315122109587,0.8360930458067469,0.5850340136054422,"           day   n       acc   frac_up      y_up
0   2021-03-03  35  0.171429  0.142857  0.742857
1   2021-03-04  35  0.285714  0.142857  0.685714
2   2021-03-05  35  0.314286  0.142857  0.657143
3   2021-03-08  35  0.285714  0.114286  0.714286
4   2021-03-09  35  0.285714  0.114286  0.714286
..         ...  ..       ...       ...       ...
877 2024-08-27  44  0.590909  0.818182  0.500000
878 2024-08-28  44  0.545455  0.863636  0.454545
879 2024-08-29  44  0.522727  0.795455  0.409091
880 2024-08-30  44  0.590909  0.840909  0.477273
881 2024-09-03  44  0.477273  0.863636  0.386364

[882 rows x 5 columns]",243,0.025974348901626348,0.08609281260273423,False
G_extremes20_42_ens3_v2_no_market,extremes20,42,ens3,expanding,liquid,v2_no_market,relative,0.02,14004,882,21,0.5584118823193374,0.5037846329620108,0.054627249357326546,0.5016733154782048,0.6106792876374348,44.15426458828091,0.7868429514663008,0.572562358276644,"           day   n       acc   frac_up      y_up
0   2021-03-03  14  0.285714  0.142857  0.571429
1   2021-03-04  14  0.500000  0.214286  0.571429
2   2021-03-05  14  0.428571  0.214286  0.642857
3   2021-03-08  14  0.428571  0.214286  0.642857
4   2021-03-09  14  0.428571  0.285714  0.571429
..         ...  ..       ...       ...       ...
877 2024-08-27  17  0.588235  0.647059  0.352941
878 2024-08-28  17  0.529412  0.823529  0.352941
879 2024-08-29  17  0.529412  0.647059  0.294118
880 2024-08-30  17  0.529412  0.764706  0.411765
881 2024-09-03  17  0.588235  0.705882  0.411765

[882 rows x 5 columns]",244,0.027807645958987253,0.09220378238479517,False
G_extremes20_42_ens3_v2_no_market,extremes20,42,ens3,expanding,liquid,v2_no_market,relative,0.01,6883,882,21,0.5670492517797472,0.5381374400697371,0.028911811710010116,0.512334979696858,0.6222593449321,21.85974750002002,0.7649619371558147,0.5952380952380952,"           day  n       acc   frac_up      y_up
0   2021-03-03  7  0.285714  0.142857  0.571429
1   2021-03-04  7  0.857143  0.285714  0.428571
2   2021-03-05  7  0.857143  0.428571  0.285714
3   2021-03-08  7  0.428571  0.285714  0.571429
4   2021-03-09  7  0.428571  0.428571  0.428571
..         ... ..       ...       ...       ...
877 2024-08-27  8  0.375000  0.750000  0.125000
878 2024-08-28  8  0.500000  0.750000  0.250000
879 2024-08-29  8  0.500000  0.500000  0.250000
880 2024-08-30  8  0.375000  0.500000  0.125000
881 2024-09-03  8  0.375000  0.500000  0.125000

[882 rows x 5 columns]",245,0.02804192990694948,0.09301519741027355,False
G_relative_42_logit_v2_no_market,relative,42,logit,expanding,liquid,v2_no_market,relative,1.0,717587,882,21,0.5183078846188686,0.5551243263882986,-0.03681644176943,0.4897221589561618,0.5453644492290097,605.7257413200979,0.7719321490202635,0.6678004535147393,"           day    n       acc   frac_up      y_up
0   2021-03-03  713  0.350631  0.224404  0.660589
1   2021-03-04  713  0.363254  0.237027  0.652174
2   2021-03-05  713  0.374474  0.256662  0.652174
3   2021-03-08  712  0.344101  0.245787  0.679775
4   2021-03-09  711  0.358650  0.265823  0.682138
..         ...  ...       ...       ...       ...
877 2024-08-27  892  0.542601  0.835202  0.543722
878 2024-08-28  891  0.533109  0.843996  0.534231
879 2024-08-29  893  0.520717  0.846585  0.533035
880 2024-08-30  895  0.525140  0.848045  0.527374
881 2024-09-03  894  0.511186  0.835570  0.525727

[882 rows x 5 columns]",246,0.014194461804297946,0.04710051623973548,False
G_relative_42_logit_v2_no_market,relative,42,logit,expanding,liquid,v2_no_market,relative,0.5,358570,882,21,0.529316451459966,0.5676966840505341,-0.03838023259056811,0.48908686705474574,0.5686815385982853,622.7562090251467,0.8310022064072765,0.6054421768707483,"           day    n       acc   frac_up      y_up
0   2021-03-03  356  0.289326  0.143258  0.707865
1   2021-03-04  356  0.306180  0.154494  0.696629
2   2021-03-05  356  0.328652  0.199438  0.679775
3   2021-03-08  356  0.306180  0.171348  0.696629
4   2021-03-09  355  0.335211  0.202817  0.681690
..         ...  ...       ...       ...       ...
877 2024-08-27  446  0.582960  0.883408  0.565022
878 2024-08-28  445  0.552809  0.896629  0.534831
879 2024-08-29  446  0.533632  0.896861  0.515695
880 2024-08-30  447  0.543624  0.897092  0.530201
881 2024-09-03  447  0.539150  0.892617  0.534676

[882 rows x 5 columns]",247,0.02030476314886213,0.06740073280505618,False
G_relative_42_logit_v2_no_market,relative,42,logit,expanding,liquid,v2_no_market,relative,0.25,179070,882,21,0.5416708549729157,0.5656335511252583,-0.02396269615234259,0.49628225735332215,0.5851871501562794,380.0367040396948,0.8128059898425191,0.6292517006802721,"           day    n       acc   frac_up      y_up
0   2021-03-03  178  0.320225  0.151685  0.662921
1   2021-03-04  178  0.404494  0.179775  0.629213
2   2021-03-05  178  0.365169  0.202247  0.623596
3   2021-03-08  178  0.370787  0.174157  0.646067
4   2021-03-09  177  0.389831  0.214689  0.655367
..         ...  ...       ...       ...       ...
877 2024-08-27  223  0.614350  0.829596  0.560538
878 2024-08-28  222  0.585586  0.846847  0.549550
879 2024-08-29  223  0.556054  0.843049  0.524664
880 2024-08-30  223  0.573991  0.838565  0.529148
881 2024-09-03  223  0.533632  0.856502  0.506726

[882 rows x 5 columns]",248,0.02267981959259114,0.07531222467739518,False
G_relative_42_logit_v2_no_market,relative,42,logit,expanding,liquid,v2_no_market,relative,0.1,71345,882,21,0.5587497371925152,0.5422804681477329,0.016469269044782298,0.5123541735702053,0.6035602203206943,160.96984865561112,0.7553241175747676,0.6485260770975056,"           day   n       acc   frac_up      y_up
0   2021-03-03  71  0.492958  0.197183  0.450704
1   2021-03-04  71  0.549296  0.225352  0.450704
2   2021-03-05  71  0.492958  0.267606  0.464789
3   2021-03-08  71  0.521127  0.225352  0.507042
4   2021-03-09  71  0.535211  0.253521  0.549296
..         ...  ..       ...       ...       ...
877 2024-08-27  89  0.606742  0.674157  0.528090
878 2024-08-28  89  0.595506  0.707865  0.505618
879 2024-08-29  89  0.528090  0.696629  0.471910
880 2024-08-30  89  0.629213  0.719101  0.550562
881 2024-09-03  89  0.595506  0.696629  0.516854

[882 rows x 5 columns]",249,0.023266848660839043,0.07728974597355992,False
G_relative_42_logit_v2_no_market,relative,42,logit,expanding,liquid,v2_no_market,relative,0.05,35424,882,21,0.573707091237579,0.5033310749774165,0.07037601626016254,0.5283826157097061,0.6167474985662322,76.30401164560318,0.7043080712615769,0.6428571428571429,"           day   n       acc   frac_up      y_up
0   2021-03-03  35  0.542857  0.285714  0.285714
1   2021-03-04  35  0.600000  0.314286  0.371429
2   2021-03-05  35  0.571429  0.257143  0.285714
3   2021-03-08  35  0.600000  0.285714  0.342857
4   2021-03-09  35  0.714286  0.285714  0.342857
..         ...  ..       ...       ...       ...
877 2024-08-27  44  0.659091  0.431818  0.454545
878 2024-08-28  44  0.681818  0.522727  0.431818
879 2024-08-29  44  0.613636  0.500000  0.477273
880 2024-08-30  44  0.613636  0.522727  0.409091
881 2024-09-03  44  0.568182  0.500000  0.340909

[882 rows x 5 columns]",250,0.022542061953195434,0.07490928263788758,False
G_relative_42_logit_v2_no_market,relative,42,logit,expanding,liquid,v2_no_market,relative,0.02,14004,882,21,0.5890459868608969,0.5741216795201372,0.01492430734075978,0.5456170864817776,0.6334948968692996,29.63916277964574,0.7578174126793575,0.691609977324263,"           day   n       acc   frac_up      y_up
0   2021-03-03  14  0.571429  0.357143  0.071429
1   2021-03-04  14  0.714286  0.357143  0.214286
2   2021-03-05  14  0.714286  0.357143  0.214286
3   2021-03-08  14  0.785714  0.357143  0.142857
4   2021-03-09  14  0.785714  0.357143  0.142857
..         ...  ..       ...       ...       ...
877 2024-08-27  17  0.705882  0.117647  0.294118
878 2024-08-28  17  0.764706  0.176471  0.176471
879 2024-08-29  17  0.705882  0.176471  0.235294
880 2024-08-30  17  0.764706  0.117647  0.117647
881 2024-09-03  17  0.647059  0.176471  0.176471

[882 rows x 5 columns]",251,0.02241780877232703,0.07452330384309919,False
G_relative_42_logit_v2_no_market,relative,42,logit,expanding,liquid,v2_no_market,relative,0.01,6883,882,21,0.6125236088914717,0.6132500363213715,-0.0007264274298998119,0.5605699796659784,0.6617077958903255,20.022295252734935,0.8531138645934564,0.7687074829931972,"           day  n       acc   frac_up      y_up
0   2021-03-03  7  0.571429  0.285714  0.142857
1   2021-03-04  7  0.714286  0.285714  0.285714
2   2021-03-05  7  0.857143  0.285714  0.142857
3   2021-03-08  7  0.857143  0.285714  0.142857
4   2021-03-09  7  0.857143  0.285714  0.142857
..         ... ..       ...       ...       ...
877 2024-08-27  8  0.625000  0.125000  0.250000
878 2024-08-28  8  0.750000  0.125000  0.125000
879 2024-08-29  8  0.750000  0.125000  0.125000
880 2024-08-30  8  0.750000  0.125000  0.125000
881 2024-09-03  8  0.750000  0.125000  0.125000

[882 rows x 5 columns]",252,0.02580046332253751,0.08579908360243098,False
G_relative_21_hgb_shallow_v2_all,relative,21,hgb_shallow,expanding,liquid,v2_all,relative,1.0,830525,1008,48,0.5295060353390928,0.544432738328166,-0.01492670298907317,0.5163222784494267,0.5422470216504741,144.57699929311218,0.730766638903752,0.7242063492063492,"            day    n       acc   frac_up      y_up
0    2021-02-01  699  0.580830  0.407725  0.500715
1    2021-02-02  699  0.536481  0.403433  0.520744
2    2021-02-03  699  0.493562  0.379113  0.562232
3    2021-02-04  700  0.470000  0.380000  0.552857
4    2021-02-05  701  0.470756  0.368046  0.563481
...         ...  ...       ...       ...       ...
1003 2025-01-29  898  0.601336  0.750557  0.496659
1004 2025-01-30  897  0.615385  0.750279  0.510591
1005 2025-01-31  898  0.580178  0.760579  0.496659
1006 2025-02-03  898  0.589087  0.760579  0.507795
1007 2025-02-04  899  0.601780  0.739711  0.503893

[1008 rows x 5 columns]",253,0.006613454898226385,0.022000827420899528,False
G_relative_21_hgb_shallow_v2_all,relative,21,hgb_shallow,expanding,liquid,v2_all,relative,0.5,414995,1008,48,0.5435969108061542,0.5510885673321365,-0.007491656525982271,0.5235521158055397,0.562623818816345,167.1666234615097,0.7965385372671153,0.7013888888888888,"            day    n       acc   frac_up      y_up
0    2021-02-01  349  0.607450  0.297994  0.432665
1    2021-02-02  349  0.538682  0.289398  0.452722
2    2021-02-03  349  0.484241  0.266476  0.518625
3    2021-02-04  350  0.485714  0.262857  0.485714
4    2021-02-05  350  0.471429  0.262857  0.528571
...         ...  ...       ...       ...       ...
1003 2025-01-29  449  0.659243  0.817372  0.587973
1004 2025-01-30  448  0.705357  0.803571  0.616071
1005 2025-01-31  449  0.665924  0.819599  0.592428
1006 2025-02-03  449  0.685969  0.830735  0.614699
1007 2025-02-04  449  0.703786  0.779510  0.612472

[1008 rows x 5 columns]",254,0.009967271176225846,0.033169707548087464,False
G_relative_21_hgb_shallow_v2_all,relative,21,hgb_shallow,expanding,liquid,v2_all,relative,0.25,207241,1008,48,0.5526078333920411,0.551565568589227,0.001042264802814108,0.5281233455213028,0.5765646895098723,124.02230040019083,0.7996518443451522,0.6656746031746031,"            day    n       acc   frac_up      y_up
0    2021-02-01  174  0.666667  0.149425  0.333333
1    2021-02-02  174  0.586207  0.155172  0.431034
2    2021-02-03  174  0.557471  0.132184  0.459770
3    2021-02-04  175  0.491429  0.131429  0.480000
4    2021-02-05  175  0.468571  0.131429  0.514286
...         ...  ...       ...       ...       ...
1003 2025-01-29  224  0.718750  0.799107  0.651786
1004 2025-01-30  224  0.767857  0.776786  0.696429
1005 2025-01-31  224  0.745536  0.790179  0.678571
1006 2025-02-03  224  0.745536  0.825893  0.678571
1007 2025-02-04  224  0.758929  0.732143  0.669643

[1008 rows x 5 columns]",255,0.012357485711369765,0.04113860092356546,False
G_relative_21_hgb_shallow_v2_all,relative,21,hgb_shallow,expanding,liquid,v2_all,relative,0.1,82572,1008,48,0.5612314101632515,0.5442038463401637,0.017027563823087788,0.5308452733643857,0.5910057144990127,74.84722068597256,0.7736937407529623,0.5813492063492064,"            day   n       acc   frac_up      y_up
0    2021-02-01  69  0.782609  0.101449  0.260870
1    2021-02-02  69  0.608696  0.086957  0.420290
2    2021-02-03  69  0.565217  0.072464  0.449275
3    2021-02-04  70  0.442857  0.071429  0.514286
4    2021-02-05  70  0.471429  0.114286  0.500000
...         ...  ..       ...       ...       ...
1003 2025-01-29  89  0.842697  0.775281  0.730337
1004 2025-01-30  89  0.808989  0.775281  0.786517
1005 2025-01-31  89  0.831461  0.797753  0.831461
1006 2025-02-03  89  0.808989  0.820225  0.786517
1007 2025-02-04  89  0.797753  0.685393  0.707865

[1008 rows x 5 columns]",256,0.015347051309853837,0.05110903334277039,False
G_relative_21_hgb_shallow_v2_all,relative,21,hgb_shallow,expanding,liquid,v2_all,relative,0.05,40985,1008,48,0.5649139929242406,0.5265340978406734,0.038379895083567206,0.5332924876097604,0.5970125694266505,43.83284196025446,0.7480706245241525,0.5367063492063492,"            day   n       acc   frac_up      y_up
0    2021-02-01  34  0.852941  0.029412  0.176471
1    2021-02-02  34  0.500000  0.058824  0.500000
2    2021-02-03  34  0.588235  0.058824  0.411765
3    2021-02-04  35  0.400000  0.057143  0.542857
4    2021-02-05  35  0.428571  0.028571  0.542857
...         ...  ..       ...       ...       ...
1003 2025-01-29  44  0.818182  0.704545  0.659091
1004 2025-01-30  44  0.795455  0.681818  0.795455
1005 2025-01-31  44  0.863636  0.750000  0.840909
1006 2025-02-03  44  0.840909  0.704545  0.772727
1007 2025-02-04  44  0.772727  0.613636  0.750000

[1008 rows x 5 columns]",257,0.01625512291247195,0.05415213644555653,False
G_relative_21_hgb_shallow_v2_all,relative,21,hgb_shallow,expanding,liquid,v2_all,relative,0.02,16227,1008,48,0.5765082886547113,0.5013249522400937,0.07518333641461761,0.538225327249734,0.6124397081577383,23.765662383957203,0.7358576185103671,0.558531746031746,"            day   n       acc   frac_up      y_up
0    2021-02-01  13  0.769231  0.000000  0.230769
1    2021-02-02  13  0.538462  0.000000  0.461538
2    2021-02-03  13  0.538462  0.000000  0.461538
3    2021-02-04  14  0.500000  0.000000  0.500000
4    2021-02-05  14  0.571429  0.071429  0.357143
...         ...  ..       ...       ...       ...
1003 2025-01-29  17  0.941176  0.470588  0.411765
1004 2025-01-30  17  0.823529  0.470588  0.647059
1005 2025-01-31  17  0.764706  0.411765  0.647059
1006 2025-02-03  17  0.882353  0.529412  0.647059
1007 2025-02-04  17  0.705882  0.352941  0.647059

[1008 rows x 5 columns]",258,0.018932240027552106,0.06309272077395546,True
G_relative_21_hgb_shallow_v2_all,relative,21,hgb_shallow,expanding,liquid,v2_all,relative,0.01,7972,1008,48,0.5869292523833417,0.5249623682890115,0.061966884094330155,0.5426381371178821,0.6301911747621313,16.612420647422415,0.7664950239355001,0.5892857142857143,"            day  n       acc   frac_up      y_up
0    2021-02-01  6  0.666667  0.000000  0.333333
1    2021-02-02  6  0.500000  0.000000  0.500000
2    2021-02-03  6  0.666667  0.000000  0.333333
3    2021-02-04  7  0.571429  0.000000  0.428571
4    2021-02-05  7  0.571429  0.142857  0.285714
...         ... ..       ...       ...       ...
1003 2025-01-29  8  1.000000  0.250000  0.250000
1004 2025-01-30  8  0.875000  0.125000  0.250000
1005 2025-01-31  8  0.875000  0.250000  0.375000
1006 2025-02-03  8  0.750000  0.250000  0.500000
1007 2025-02-04  8  0.875000  0.125000  0.250000

[1008 rows x 5 columns]",259,0.02233495858271662,0.07445838786580526,False
G_extremes20_42_ens_lh_v2_all,extremes20,42,ens_lh,expanding,liquid,v2_all,relative,1.0,717587,882,21,0.5330294445133482,0.5550908809663497,-0.022061436453001515,0.5090207615235622,0.5555879881829031,421.62288647181026,0.830110070106412,0.746031746031746,"           day    n       acc   frac_up      y_up
0   2021-03-03  713  0.316971  0.154278  0.660589
1   2021-03-04  713  0.318373  0.200561  0.652174
2   2021-03-05  713  0.342216  0.238429  0.652174
3   2021-03-08  712  0.323034  0.227528  0.679775
4   2021-03-09  711  0.312236  0.241913  0.682138
..         ...  ...       ...       ...       ...
877 2024-08-27  892  0.556054  0.880045  0.543722
878 2024-08-28  891  0.542088  0.888889  0.534231
879 2024-08-29  893  0.539754  0.896976  0.533035
880 2024-08-30  895  0.537430  0.896089  0.527374
881 2024-09-03  894  0.523490  0.890380  0.525727

[882 rows x 5 columns]",260,0.011879394555954305,0.039616246042963515,False
G_extremes20_42_ens_lh_v2_all,extremes20,42,ens_lh,expanding,liquid,v2_all,relative,0.5,358570,882,21,0.5482667261622556,0.5777951306578911,-0.02952840449563554,0.5130870850302879,0.5830757966377709,466.7489546287949,0.8964485507989661,0.6961451247165533,"           day    n       acc   frac_up      y_up
0   2021-03-03  356  0.162921  0.019663  0.828652
1   2021-03-04  356  0.202247  0.053371  0.811798
2   2021-03-05  356  0.238764  0.112360  0.766854
3   2021-03-08  356  0.233146  0.103933  0.775281
4   2021-03-09  355  0.239437  0.123944  0.777465
..         ...  ...       ...       ...       ...
877 2024-08-27  446  0.580717  0.957399  0.556054
878 2024-08-28  445  0.543820  0.964045  0.521348
879 2024-08-29  446  0.533632  0.964126  0.515695
880 2024-08-30  447  0.550336  0.959732  0.532438
881 2024-09-03  447  0.523490  0.959732  0.505593

[882 rows x 5 columns]",261,0.017854263165174234,0.05956220944155989,False
G_extremes20_42_ens_lh_v2_all,extremes20,42,ens_lh,expanding,liquid,v2_all,relative,0.25,179070,882,21,0.5452225386720277,0.5702741944490981,-0.02505165577707036,0.5036811303458875,0.5849841658659986,316.96737490136763,0.8916092997055174,0.6473922902494331,"           day    n       acc   frac_up      y_up
0   2021-03-03  178  0.140449  0.016854  0.853933
1   2021-03-04  178  0.174157  0.033708  0.825843
2   2021-03-05  178  0.207865  0.067416  0.803371
3   2021-03-08  178  0.191011  0.044944  0.797753
4   2021-03-09  177  0.225989  0.084746  0.779661
..         ...  ...       ...       ...       ...
877 2024-08-27  223  0.600897  0.955157  0.573991
878 2024-08-28  222  0.531532  0.954955  0.504505
879 2024-08-29  223  0.520179  0.968610  0.497758
880 2024-08-30  223  0.542601  0.955157  0.515695
881 2024-09-03  223  0.493274  0.959641  0.461883

[882 rows x 5 columns]",262,0.020740570285742624,0.06921476356654681,False
G_extremes20_42_ens_lh_v2_all,extremes20,42,ens_lh,expanding,liquid,v2_all,relative,0.1,71345,882,21,0.5394771883103231,0.5487980937697106,-0.009320905459387463,0.49394641818248297,0.5845728215351694,155.351478272842,0.870253516213693,0.6031746031746031,"           day   n       acc   frac_up      y_up
0   2021-03-03  71  0.098592  0.014085  0.887324
1   2021-03-04  71  0.183099  0.042254  0.830986
2   2021-03-05  71  0.253521  0.070423  0.760563
3   2021-03-08  71  0.239437  0.070423  0.774648
4   2021-03-09  71  0.197183  0.070423  0.816901
..         ...  ..       ...       ...       ...
877 2024-08-27  89  0.595506  0.943820  0.561798
878 2024-08-28  89  0.584270  0.955056  0.539326
879 2024-08-29  89  0.561798  0.955056  0.516854
880 2024-08-30  89  0.561798  0.955056  0.539326
881 2024-09-03  89  0.483146  0.966292  0.449438

[882 rows x 5 columns]",263,0.023118980447113892,0.07717830425399576,False
G_extremes20_42_ens_lh_v2_all,extremes20,42,ens_lh,expanding,liquid,v2_all,relative,0.05,35424,882,21,0.5400858175248419,0.5352868112014454,0.004799006323396471,0.4919673331198435,0.5874368876713891,89.79994427881745,0.8516634507382537,0.5873015873015873,"           day   n       acc   frac_up      y_up
0   2021-03-03  35  0.114286  0.000000  0.885714
1   2021-03-04  35  0.200000  0.028571  0.828571
2   2021-03-05  35  0.257143  0.085714  0.771429
3   2021-03-08  35  0.228571  0.085714  0.800000
4   2021-03-09  35  0.200000  0.114286  0.800000
..         ...  ..       ...       ...       ...
877 2024-08-27  44  0.636364  0.909091  0.590909
878 2024-08-28  44  0.522727  0.931818  0.454545
879 2024-08-29  44  0.522727  0.931818  0.454545
880 2024-08-30  44  0.590909  0.931818  0.522727
881 2024-09-03  44  0.386364  0.931818  0.318182

[882 rows x 5 columns]",264,0.024354478201924913,0.08133045977908306,False
G_extremes20_42_ens_lh_v2_all,extremes20,42,ens_lh,expanding,liquid,v2_all,relative,0.02,14004,882,21,0.5374178806055413,0.4975721222507855,0.03984575835475579,0.478245403273065,0.5943441506991863,48.18630642971444,0.8218328998265972,0.5566893424036281,"           day   n       acc   frac_up      y_up
0   2021-03-03  14  0.214286  0.000000  0.785714
1   2021-03-04  14  0.357143  0.071429  0.714286
2   2021-03-05  14  0.428571  0.214286  0.642857
3   2021-03-08  14  0.428571  0.142857  0.714286
4   2021-03-09  14  0.214286  0.214286  0.714286
..         ...  ..       ...       ...       ...
877 2024-08-27  17  0.588235  0.882353  0.470588
878 2024-08-28  17  0.470588  0.882353  0.352941
879 2024-08-29  17  0.470588  0.882353  0.352941
880 2024-08-30  17  0.470588  0.882353  0.352941
881 2024-09-03  17  0.470588  0.882353  0.352941

[882 rows x 5 columns]",265,0.029617027404622798,0.09893798253929764,False
G_extremes20_42_ens_lh_v2_all,extremes20,42,ens_lh,expanding,liquid,v2_all,relative,0.01,6883,882,21,0.5480168531163737,0.5103879122475665,0.03762894086880719,0.48320228117947467,0.6135629768996143,29.28141019136033,0.8063856494978945,0.5226757369614512,"           day  n       acc   frac_up      y_up
0   2021-03-03  7  0.428571  0.000000  0.571429
1   2021-03-04  7  0.714286  0.142857  0.428571
2   2021-03-05  7  0.714286  0.285714  0.571429
3   2021-03-08  7  0.428571  0.142857  0.714286
4   2021-03-09  7  0.285714  0.142857  0.571429
..         ... ..       ...       ...       ...
877 2024-08-27  8  0.750000  0.750000  0.500000
878 2024-08-28  8  0.625000  0.750000  0.375000
879 2024-08-29  8  0.500000  0.875000  0.375000
880 2024-08-30  8  0.625000  0.750000  0.375000
881 2024-09-03  8  0.500000  0.750000  0.250000

[882 rows x 5 columns]",266,0.03325527952044377,0.11112933539504001,False
G_extremes20_42_ens3_v2_all,extremes20,42,ens3,expanding,liquid,v2_all,relative,1.0,717587,882,21,0.5312847083350172,0.5550950616440933,-0.023810353309076104,0.5069375378404585,0.5537232810009148,436.9834338536086,0.8348865481658212,0.7437641723356009,"           day    n       acc   frac_up      y_up
0   2021-03-03  713  0.321178  0.144460  0.660589
1   2021-03-04  713  0.330996  0.171108  0.652174
2   2021-03-05  713  0.339411  0.207574  0.652174
3   2021-03-08  712  0.323034  0.199438  0.679775
4   2021-03-09  711  0.317862  0.219409  0.682138
..         ...  ...       ...       ...       ...
877 2024-08-27  892  0.557175  0.883408  0.543722
878 2024-08-28  891  0.542088  0.888889  0.534231
879 2024-08-29  893  0.535274  0.899216  0.533035
880 2024-08-30  895  0.531844  0.890503  0.527374
881 2024-09-03  894  0.523490  0.885906  0.525727

[882 rows x 5 columns]",267,0.01193513856134091,0.03989711229481161,False
G_extremes20_42_ens3_v2_all,extremes20,42,ens3,expanding,liquid,v2_all,relative,0.5,358570,882,21,0.5482472041721281,0.5767911425941936,-0.028543938422065485,0.5118095294491893,0.5831444056921494,487.79477645095955,0.8966030279456959,0.6927437641723356,"           day    n       acc   frac_up      y_up
0   2021-03-03  356  0.185393  0.030899  0.800562
1   2021-03-04  356  0.230337  0.061798  0.780899
2   2021-03-05  356  0.244382  0.098315  0.764045
3   2021-03-08  356  0.238764  0.095506  0.766854
4   2021-03-09  355  0.256338  0.118310  0.766197
..         ...  ...       ...       ...       ...
877 2024-08-27  446  0.596413  0.950673  0.569507
878 2024-08-28  445  0.546067  0.959551  0.523596
879 2024-08-29  446  0.538117  0.964126  0.515695
880 2024-08-30  447  0.548098  0.959732  0.525727
881 2024-09-03  447  0.534676  0.959732  0.512304

[882 rows x 5 columns]",268,0.018197672510959207,0.06085203178094045,False
G_extremes20_42_ens3_v2_all,extremes20,42,ens3,expanding,liquid,v2_all,relative,0.25,179070,882,21,0.5475847433964371,0.5684313396995588,-0.02084659630312169,0.5073723950209894,0.5875050678003502,317.1150699284194,0.889067751185524,0.6666666666666666,"           day    n       acc   frac_up      y_up
0   2021-03-03  178  0.168539  0.022472  0.820225
1   2021-03-04  178  0.224719  0.044944  0.775281
2   2021-03-05  178  0.241573  0.056180  0.747191
3   2021-03-08  178  0.252809  0.050562  0.741573
4   2021-03-09  177  0.254237  0.079096  0.757062
..         ...  ...       ...       ...       ...
877 2024-08-27  223  0.609865  0.946188  0.573991
878 2024-08-28  222  0.563063  0.950450  0.531532
879 2024-08-29  223  0.533632  0.950673  0.511211
880 2024-08-30  223  0.551570  0.941704  0.520179
881 2024-09-03  223  0.493274  0.941704  0.470852

[882 rows x 5 columns]",269,0.020442008362081827,0.06837973335602271,False
G_extremes20_42_ens3_v2_all,extremes20,42,ens3,expanding,liquid,v2_all,relative,0.1,71345,882,21,0.5450276823883944,0.5461770271217324,-0.0011493447333380535,0.49849019060022565,0.5903116460515958,159.21509915347775,0.8601973366213777,0.626984126984127,"           day   n       acc   frac_up      y_up
0   2021-03-03  71  0.140845  0.028169  0.830986
1   2021-03-04  71  0.225352  0.042254  0.788732
2   2021-03-05  71  0.281690  0.084507  0.718310
3   2021-03-08  71  0.253521  0.056338  0.746479
4   2021-03-09  71  0.253521  0.084507  0.746479
..         ...  ..       ...       ...       ...
877 2024-08-27  89  0.617978  0.921348  0.584270
878 2024-08-28  89  0.573034  0.932584  0.528090
879 2024-08-29  89  0.561798  0.921348  0.528090
880 2024-08-30  89  0.573034  0.910112  0.528090
881 2024-09-03  89  0.483146  0.921348  0.426966

[882 rows x 5 columns]",270,0.02342384067636994,0.07838011882693194,False
G_extremes20_42_ens3_v2_all,extremes20,42,ens3,expanding,liquid,v2_all,relative,0.05,35424,882,21,0.5481594399277326,0.5255758807588076,0.02258355916892507,0.4983377319440605,0.5954800100278793,90.54099596820828,0.834698217368353,0.5657596371882087,"           day   n       acc   frac_up      y_up
0   2021-03-03  35  0.171429  0.028571  0.800000
1   2021-03-04  35  0.285714  0.085714  0.742857
2   2021-03-05  35  0.314286  0.085714  0.714286
3   2021-03-08  35  0.342857  0.085714  0.685714
4   2021-03-09  35  0.285714  0.114286  0.714286
..         ...  ..       ...       ...       ...
877 2024-08-27  44  0.613636  0.840909  0.545455
878 2024-08-28  44  0.545455  0.863636  0.454545
879 2024-08-29  44  0.568182  0.863636  0.477273
880 2024-08-30  44  0.590909  0.863636  0.500000
881 2024-09-03  44  0.477273  0.886364  0.409091

[882 rows x 5 columns]",271,0.02478119338872929,0.08294942362910208,False
G_extremes20_42_ens3_v2_all,extremes20,42,ens3,expanding,liquid,v2_all,relative,0.02,14004,882,21,0.5588403313339046,0.5054270208511854,0.053413310482719245,0.5050704634253077,0.6096758411776735,40.15773053619735,0.794432336426634,0.5895691609977324,"           day   n       acc   frac_up      y_up
0   2021-03-03  14  0.285714  0.071429  0.642857
1   2021-03-04  14  0.500000  0.142857  0.642857
2   2021-03-05  14  0.571429  0.214286  0.500000
3   2021-03-08  14  0.500000  0.214286  0.571429
4   2021-03-09  14  0.500000  0.285714  0.500000
..         ...  ..       ...       ...       ...
877 2024-08-27  17  0.588235  0.705882  0.529412
878 2024-08-28  17  0.529412  0.705882  0.352941
879 2024-08-29  17  0.529412  0.705882  0.352941
880 2024-08-30  17  0.470588  0.705882  0.294118
881 2024-09-03  17  0.411765  0.764706  0.294118

[882 rows x 5 columns]",272,0.026685045344991273,0.08935149484248414,False
G_extremes20_42_ens3_v2_all,extremes20,42,ens3,expanding,liquid,v2_all,relative,0.01,6883,882,21,0.5735870986488449,0.5359581577800377,0.03762894086880719,0.520483416642283,0.6295470566632647,20.3032826477523,0.7732426303854876,0.6099773242630385,"           day  n       acc   frac_up      y_up
0   2021-03-03  7  0.428571  0.142857  0.428571
1   2021-03-04  7  0.714286  0.142857  0.428571
2   2021-03-05  7  0.857143  0.428571  0.285714
3   2021-03-08  7  0.714286  0.285714  0.285714
4   2021-03-09  7  0.714286  0.428571  0.428571
..         ... ..       ...       ...       ...
877 2024-08-27  8  0.500000  0.625000  0.375000
878 2024-08-28  8  0.750000  0.625000  0.375000
879 2024-08-29  8  0.625000  0.625000  0.250000
880 2024-08-30  8  0.500000  0.500000  0.250000
881 2024-09-03  8  0.500000  0.500000  0.250000

[882 rows x 5 columns]",273,0.027822357148209614,0.0931901269630297,False
G_extremes20_42_ens_lh_v2_no_market,extremes20,42,ens_lh,expanding,liquid,v2_no_market,relative,1.0,717587,882,21,0.5343352095286007,0.5550825196108625,-0.020747310082261827,0.5108930196655231,0.5572529246946261,416.63370938721346,0.8165646138482348,0.7732426303854876,"           day    n       acc   frac_up      y_up
0   2021-03-03  713  0.308555  0.201964  0.660589
1   2021-03-04  713  0.309958  0.206171  0.652174
2   2021-03-05  713  0.330996  0.230014  0.652174
3   2021-03-08  712  0.323034  0.213483  0.679775
4   2021-03-09  711  0.309423  0.233474  0.682138
..         ...  ...       ...       ...       ...
877 2024-08-27  892  0.567265  0.880045  0.543722
878 2024-08-28  891  0.547699  0.887767  0.534231
879 2024-08-29  893  0.544233  0.892497  0.533035
880 2024-08-30  895  0.540782  0.886034  0.527374
881 2024-09-03  894  0.523490  0.888143  0.525727

[882 rows x 5 columns]",274,0.011826506384975235,0.03962542611472326,False
G_extremes20_42_ens_lh_v2_no_market,extremes20,42,ens_lh,expanding,liquid,v2_no_market,relative,0.5,358570,882,21,0.5474328582982402,0.5755389463703042,-0.02810608807206405,0.5116148752242698,0.5820802274278993,481.99173514226294,0.8855067711301663,0.7040816326530612,"           day    n       acc   frac_up      y_up
0   2021-03-03  356  0.193820  0.061798  0.800562
1   2021-03-04  356  0.216292  0.087079  0.792135
2   2021-03-05  356  0.210674  0.095506  0.783708
3   2021-03-08  356  0.205056  0.087079  0.797753
4   2021-03-09  355  0.205634  0.101408  0.805634
..         ...  ...       ...       ...       ...
877 2024-08-27  446  0.580717  0.957399  0.551570
878 2024-08-28  445  0.552809  0.957303  0.528090
879 2024-08-29  446  0.531390  0.955157  0.508969
880 2024-08-30  447  0.543624  0.959732  0.521253
881 2024-09-03  447  0.525727  0.957494  0.505593

[882 rows x 5 columns]",275,0.017975855153987114,0.060248733288533696,False
G_extremes20_42_ens_lh_v2_no_market,extremes20,42,ens_lh,expanding,liquid,v2_no_market,relative,0.25,179070,882,21,0.5430222817892444,0.5654548500586363,-0.022432568269391884,0.5008625598069951,0.5850933794242326,335.0114800274047,0.887482806434027,0.6496598639455783,"           day    n       acc   frac_up      y_up
0   2021-03-03  178  0.151685  0.033708  0.837079
1   2021-03-04  178  0.168539  0.039326  0.825843
2   2021-03-05  178  0.174157  0.050562  0.831461
3   2021-03-08  178  0.168539  0.033708  0.831461
4   2021-03-09  177  0.180791  0.056497  0.807910
..         ...  ...       ...       ...       ...
877 2024-08-27  223  0.614350  0.946188  0.578475
878 2024-08-28  222  0.549550  0.950450  0.518018
879 2024-08-29  223  0.515695  0.946188  0.488789
880 2024-08-30  223  0.547085  0.950673  0.524664
881 2024-09-03  223  0.520179  0.946188  0.484305

[882 rows x 5 columns]",276,0.021487453983989144,0.07204164210170816,False
G_extremes20_42_ens_lh_v2_no_market,extremes20,42,ens_lh,expanding,liquid,v2_no_market,relative,0.1,71345,882,21,0.5386502207582872,0.5479711262176746,-0.009320905459387463,0.48909607480834827,0.5852813043171642,174.05830488168272,0.8763301668544213,0.6099773242630385,"           day   n       acc   frac_up      y_up
0   2021-03-03  71  0.126761  0.070423  0.830986
1   2021-03-04  71  0.211268  0.084507  0.788732
2   2021-03-05  71  0.169014  0.070423  0.816901
3   2021-03-08  71  0.183099  0.056338  0.816901
4   2021-03-09  71  0.183099  0.056338  0.816901
..         ...  ..       ...       ...       ...
877 2024-08-27  89  0.606742  0.910112  0.539326
878 2024-08-28  89  0.561798  0.932584  0.516854
879 2024-08-29  89  0.561798  0.910112  0.516854
880 2024-08-30  89  0.550562  0.921348  0.516854
881 2024-09-03  89  0.494382  0.932584  0.449438

[882 rows x 5 columns]",277,0.024537048344085693,0.08229257431569044,False
G_extremes20_42_ens_lh_v2_no_market,extremes20,42,ens_lh,expanding,liquid,v2_no_market,relative,0.05,35424,882,21,0.5454211833785004,0.5375169376693767,0.007904245709123736,0.49103729631230164,0.5958529769430752,102.82036938949335,0.8573435913808309,0.5804988662131519,"           day   n       acc   frac_up      y_up
0   2021-03-03  35  0.085714  0.057143  0.857143
1   2021-03-04  35  0.257143  0.142857  0.714286
2   2021-03-05  35  0.257143  0.114286  0.742857
3   2021-03-08  35  0.171429  0.114286  0.828571
4   2021-03-09  35  0.171429  0.114286  0.828571
..         ...  ..       ...       ...       ...
877 2024-08-27  44  0.636364  0.886364  0.522727
878 2024-08-28  44  0.568182  0.909091  0.477273
879 2024-08-29  44  0.522727  0.886364  0.454545
880 2024-08-30  44  0.545455  0.931818  0.522727
881 2024-09-03  44  0.500000  0.931818  0.431818

[882 rows x 5 columns]",278,0.02673869403846263,0.08970519917244699,False
G_extremes20_42_ens_lh_v2_no_market,extremes20,42,ens_lh,expanding,liquid,v2_no_market,relative,0.02,14004,882,21,0.5459154527277921,0.5087832047986289,0.03713224792916314,0.4868434518826348,0.6033153918826614,49.21525221449219,0.8227075353951104,0.5839002267573696,"           day   n       acc   frac_up      y_up
0   2021-03-03  14  0.142857  0.071429  0.785714
1   2021-03-04  14  0.357143  0.142857  0.785714
2   2021-03-05  14  0.357143  0.214286  0.714286
3   2021-03-08  14  0.214286  0.142857  0.785714
4   2021-03-09  14  0.142857  0.214286  0.785714
..         ...  ..       ...       ...       ...
877 2024-08-27  17  0.588235  0.882353  0.470588
878 2024-08-28  17  0.411765  0.882353  0.294118
879 2024-08-29  17  0.411765  0.882353  0.294118
880 2024-08-30  17  0.588235  0.882353  0.470588
881 2024-09-03  17  0.470588  0.882353  0.352941

[882 rows x 5 columns]",279,0.02971222959184352,0.099712859428409,False
G_extremes20_42_ens_lh_v2_no_market,extremes20,42,ens_lh,expanding,liquid,v2_no_market,relative,0.01,6883,882,21,0.549905564434113,0.5086444864158071,0.04126107801830592,0.48729207114674017,0.6109206474268539,27.6541251898009,0.7883260447035956,0.5136054421768708,"           day  n       acc   frac_up      y_up
0   2021-03-03  7  0.000000  0.000000  1.000000
1   2021-03-04  7  0.428571  0.142857  0.714286
2   2021-03-05  7  0.285714  0.142857  0.857143
3   2021-03-08  7  0.142857  0.142857  1.000000
4   2021-03-09  7  0.000000  0.285714  0.714286
..         ... ..       ...       ...       ...
877 2024-08-27  8  0.500000  0.750000  0.250000
878 2024-08-28  8  0.500000  0.750000  0.250000
879 2024-08-29  8  0.500000  0.750000  0.250000
880 2024-08-30  8  0.625000  0.750000  0.375000
881 2024-09-03  8  0.500000  0.750000  0.250000

[882 rows x 5 columns]",280,0.03153790211227392,0.10587334901182947,False
G_relative_21_ens3_v2_all,relative,21,ens3,expanding,liquid,v2_all,relative,1.0,830525,1008,48,0.5331218205352036,0.5443315974835194,-0.01120977694831582,0.5167738859499328,0.549092209642235,231.58557969909,0.7706389887192518,0.7400793650793651,"            day    n       acc   frac_up      y_up
0    2021-02-01  699  0.460658  0.253219  0.500715
1    2021-02-02  699  0.434907  0.247496  0.520744
2    2021-02-03  699  0.406295  0.226037  0.562232
3    2021-02-04  700  0.401429  0.231429  0.552857
4    2021-02-05  701  0.400856  0.235378  0.563481
...         ...  ...       ...       ...       ...
1003 2025-01-29  898  0.585746  0.781737  0.496659
1004 2025-01-30  897  0.614270  0.791527  0.510591
1005 2025-01-31  898  0.592428  0.775056  0.496659
1006 2025-02-03  898  0.591314  0.789532  0.507795
1007 2025-02-04  899  0.604004  0.775306  0.503893

[1008 rows x 5 columns]",281,0.008244470329668942,0.02768560080927157,False
G_relative_21_ens3_v2_all,relative,21,ens3,expanding,liquid,v2_all,relative,0.5,414995,1008,48,0.5479511801347005,0.5543464379088905,-0.006395257774190033,0.523909880778238,0.5713423600505532,242.8751516791369,0.8317359755377601,0.6875,"            day    n       acc   frac_up      y_up
0    2021-02-01  349  0.475645  0.171920  0.478510
1    2021-02-02  349  0.429799  0.171920  0.524355
2    2021-02-03  349  0.392550  0.123209  0.581662
3    2021-02-04  350  0.377143  0.128571  0.574286
4    2021-02-05  350  0.374286  0.142857  0.574286
...         ...  ...       ...       ...       ...
1003 2025-01-29  449  0.659243  0.877506  0.621381
1004 2025-01-30  448  0.689732  0.881696  0.660714
1005 2025-01-31  449  0.643653  0.879733  0.634744
1006 2025-02-03  449  0.648107  0.888641  0.630290
1007 2025-02-04  449  0.674833  0.873051  0.645880

[1008 rows x 5 columns]",282,0.012100122263345715,0.04064599137584188,False
G_relative_21_ens3_v2_all,relative,21,ens3,expanding,liquid,v2_all,relative,0.25,207241,1008,48,0.5563184891020599,0.5500021713850058,0.0063163177170540985,0.5286676834894743,0.584248118282906,161.52231862185113,0.8129489992214018,0.6617063492063492,"            day    n       acc   frac_up      y_up
0    2021-02-01  174  0.540230  0.160920  0.413793
1    2021-02-02  174  0.454023  0.166667  0.482759
2    2021-02-03  174  0.408046  0.137931  0.534483
3    2021-02-04  175  0.365714  0.148571  0.577143
4    2021-02-05  175  0.382857  0.154286  0.577143
...         ...  ...       ...       ...       ...
1003 2025-01-29  224  0.709821  0.843750  0.651786
1004 2025-01-30  224  0.741071  0.834821  0.700893
1005 2025-01-31  224  0.714286  0.852679  0.691964
1006 2025-02-03  224  0.718750  0.870536  0.705357
1007 2025-02-04  224  0.750000  0.852679  0.727679

[1008 rows x 5 columns]",283,0.01417868234526318,0.04764310241027021,False
G_relative_21_ens3_v2_all,relative,21,ens3,expanding,liquid,v2_all,relative,0.1,82572,1008,48,0.5702417284309451,0.5304340454391319,0.039807682991813254,0.5375979815092308,0.6029465193402472,88.77095805833062,0.7472876614260829,0.5654761904761905,"            day   n       acc   frac_up      y_up
0    2021-02-01  69  0.652174  0.275362  0.304348
1    2021-02-02  69  0.492754  0.275362  0.434783
2    2021-02-03  69  0.521739  0.231884  0.391304
3    2021-02-04  70  0.442857  0.271429  0.485714
4    2021-02-05  70  0.457143  0.285714  0.485714
...         ...  ..       ...       ...       ...
1003 2025-01-29  89  0.808989  0.730337  0.696629
1004 2025-01-30  89  0.786517  0.741573  0.730337
1005 2025-01-31  89  0.764045  0.741573  0.730337
1006 2025-02-03  89  0.797753  0.775281  0.730337
1007 2025-02-04  89  0.775281  0.719101  0.741573

[1008 rows x 5 columns]",284,0.01667054536505522,0.05603373896432439,False
G_relative_21_ens3_v2_all,relative,21,ens3,expanding,liquid,v2_all,relative,0.05,40985,1008,48,0.5765279980480663,0.4968403074295474,0.07968769061851894,0.5420814684972766,0.6104417313812018,48.58157033738033,0.6877354754867213,0.558531746031746,"            day   n       acc   frac_up      y_up
0    2021-02-01  34  0.558824  0.382353  0.411765
1    2021-02-02  34  0.529412  0.382353  0.441176
2    2021-02-03  34  0.558824  0.382353  0.352941
3    2021-02-04  35  0.428571  0.400000  0.457143
4    2021-02-05  35  0.542857  0.428571  0.428571
...         ...  ..       ...       ...       ...
1003 2025-01-29  44  0.818182  0.568182  0.568182
1004 2025-01-30  44  0.772727  0.568182  0.704545
1005 2025-01-31  44  0.818182  0.568182  0.750000
1006 2025-02-03  44  0.818182  0.659091  0.704545
1007 2025-02-04  44  0.795455  0.522727  0.681818

[1008 rows x 5 columns]",285,0.017438842572429916,0.05863440532068318,True
G_relative_21_ens3_v2_all,relative,21,ens3,expanding,liquid,v2_all,relative,0.02,16227,1008,48,0.5864916497196031,0.563135514882603,0.023356134837000053,0.5514463898948128,0.6207352694621167,20.863113226551107,0.6955498260557785,0.625,"            day   n       acc   frac_up      y_up
0    2021-02-01  13  0.384615  0.769231  0.307692
1    2021-02-02  13  0.538462  0.692308  0.384615
2    2021-02-03  13  0.538462  0.615385  0.307692
3    2021-02-04  14  0.357143  0.642857  0.428571
4    2021-02-05  14  0.571429  0.714286  0.428571
...         ...  ..       ...       ...       ...
1003 2025-01-29  17  0.882353  0.294118  0.294118
1004 2025-01-30  17  0.941176  0.411765  0.470588
1005 2025-01-31  17  0.941176  0.470588  0.529412
1006 2025-02-03  17  0.882353  0.470588  0.588235
1007 2025-02-04  17  0.764706  0.294118  0.529412

[1008 rows x 5 columns]",286,0.017675734583495892,0.0594493150814,False
G_relative_21_ens3_v2_all,relative,21,ens3,expanding,liquid,v2_all,relative,0.01,7972,1008,48,0.5999749121926744,0.6071249372804817,-0.007150025087807266,0.5599231231327788,0.6363989727685683,12.826729376637795,0.7931291729654826,0.7212301587301587,"            day  n       acc   frac_up      y_up
0    2021-02-01  6  0.500000  0.833333  0.333333
1    2021-02-02  6  0.666667  0.833333  0.500000
2    2021-02-03  6  0.666667  0.666667  0.333333
3    2021-02-04  7  0.571429  0.714286  0.285714
4    2021-02-05  7  0.714286  0.714286  0.428571
...         ... ..       ...       ...       ...
1003 2025-01-29  8  1.000000  0.000000  0.000000
1004 2025-01-30  8  1.000000  0.125000  0.125000
1005 2025-01-31  8  0.875000  0.000000  0.125000
1006 2025-02-03  8  0.875000  0.125000  0.250000
1007 2025-02-04  8  0.875000  0.000000  0.125000

[1008 rows x 5 columns]",287,0.019509145315252413,0.06563592214779405,False
G_relative_42_logit_v2_all,relative,42,logit,expanding,liquid,v2_all,relative,1.0,717587,882,21,0.517965069043893,0.5551145714735635,-0.03714950242967052,0.48896387396545105,0.5450336708434683,609.94882077148,0.7715748139038737,0.6700680272108843,"           day    n       acc   frac_up      y_up
0   2021-03-03  713  0.340813  0.200561  0.660589
1   2021-03-04  713  0.356241  0.224404  0.652174
2   2021-03-05  713  0.374474  0.248247  0.652174
3   2021-03-08  712  0.344101  0.251404  0.679775
4   2021-03-09  711  0.364276  0.265823  0.682138
..         ...  ...       ...       ...       ...
877 2024-08-27  892  0.543722  0.829596  0.543722
878 2024-08-28  891  0.534231  0.847363  0.534231
879 2024-08-29  893  0.524076  0.852184  0.533035
880 2024-08-30  895  0.526257  0.846927  0.527374
881 2024-09-03  894  0.512304  0.834452  0.525727

[882 rows x 5 columns]",288,0.014303519611739101,0.048137072977245475,False
G_relative_42_logit_v2_all,relative,42,logit,expanding,liquid,v2_all,relative,0.5,358570,882,21,0.5294893605153805,0.5674010653428898,-0.037911704827509274,0.48934070111983935,0.5687560972916095,617.3144591580298,0.8313590203206634,0.6077097505668935,"           day    n       acc   frac_up      y_up
0   2021-03-03  356  0.286517  0.112360  0.713483
1   2021-03-04  356  0.306180  0.134831  0.705056
2   2021-03-05  356  0.323034  0.168539  0.676966
3   2021-03-08  356  0.303371  0.162921  0.702247
4   2021-03-09  355  0.343662  0.205634  0.676056
..         ...  ...       ...       ...       ...
877 2024-08-27  446  0.589686  0.881166  0.569507
878 2024-08-28  445  0.559551  0.889888  0.539326
879 2024-08-29  446  0.540359  0.899103  0.520179
880 2024-08-30  447  0.543624  0.897092  0.530201
881 2024-09-03  447  0.530201  0.892617  0.525727

[882 rows x 5 columns]",289,0.020259029635655644,0.06820061245216359,False
G_relative_42_logit_v2_all,relative,42,logit,expanding,liquid,v2_all,relative,0.25,179070,882,21,0.5411291673647177,0.5648070586921315,-0.023677891327413825,0.4952486274071879,0.5845478410742585,382.19901338098117,0.8140874435631942,0.6213151927437641,"           day    n       acc   frac_up      y_up
0   2021-03-03  178  0.325843  0.117978  0.646067
1   2021-03-04  178  0.393258  0.157303  0.629213
2   2021-03-05  178  0.359551  0.174157  0.634831
3   2021-03-08  178  0.359551  0.168539  0.651685
4   2021-03-09  177  0.378531  0.197740  0.672316
..         ...  ...       ...       ...       ...
877 2024-08-27  223  0.614350  0.820628  0.560538
878 2024-08-28  222  0.581081  0.846847  0.554054
879 2024-08-29  223  0.569507  0.852018  0.538117
880 2024-08-30  223  0.578475  0.829596  0.542601
881 2024-09-03  223  0.529148  0.847534  0.511211

[882 rows x 5 columns]",290,0.02278041164976291,0.07671204043418046,False
G_relative_42_logit_v2_all,relative,42,logit,expanding,liquid,v2_all,relative,0.1,71345,882,21,0.558959983180321,0.5423925993412292,0.016567383839091843,0.5127285842223649,0.6032761406370908,163.7876124021867,0.7603402295372009,0.6587301587301587,"           day   n       acc   frac_up      y_up
0   2021-03-03  71  0.492958  0.169014  0.450704
1   2021-03-04  71  0.535211  0.197183  0.464789
2   2021-03-05  71  0.464789  0.197183  0.507042
3   2021-03-08  71  0.549296  0.197183  0.507042
4   2021-03-09  71  0.577465  0.267606  0.521127
..         ...  ..       ...       ...       ...
877 2024-08-27  89  0.617978  0.685393  0.550562
878 2024-08-28  89  0.595506  0.707865  0.505618
879 2024-08-29  89  0.595506  0.752809  0.505618
880 2024-08-30  89  0.640449  0.719101  0.561798
881 2024-09-03  89  0.595506  0.707865  0.505618

[882 rows x 5 columns]",291,0.023098866432328034,0.0778080319665942,False
G_relative_42_logit_v2_all,relative,42,logit,expanding,liquid,v2_all,relative,0.05,35424,882,21,0.5738482384823849,0.5022018970189702,0.07164634146341464,0.5283211344552943,0.616376779585562,77.64235805980596,0.7094753626498854,0.63718820861678,"           day   n       acc   frac_up      y_up
0   2021-03-03  35  0.542857  0.200000  0.314286
1   2021-03-04  35  0.628571  0.257143  0.342857
2   2021-03-05  35  0.600000  0.228571  0.285714
3   2021-03-08  35  0.628571  0.257143  0.342857
4   2021-03-09  35  0.714286  0.285714  0.342857
..         ...  ..       ...       ...       ...
877 2024-08-27  44  0.636364  0.431818  0.431818
878 2024-08-28  44  0.681818  0.568182  0.477273
879 2024-08-29  44  0.636364  0.522727  0.431818
880 2024-08-30  44  0.636364  0.545455  0.409091
881 2024-09-03  44  0.590909  0.477273  0.386364

[882 rows x 5 columns]",292,0.02246317477812953,0.07568959193052449,False
G_relative_42_logit_v2_all,relative,42,logit,expanding,liquid,v2_all,relative,0.02,14004,882,21,0.5908311910882605,0.5744787203656099,0.01635247072265067,0.545493962779938,0.635475922092711,30.263670077218695,0.7533017572108209,0.6984126984126984,"           day   n       acc   frac_up      y_up
0   2021-03-03  14  0.714286  0.285714  0.142857
1   2021-03-04  14  0.714286  0.357143  0.214286
2   2021-03-05  14  0.857143  0.285714  0.142857
3   2021-03-08  14  0.785714  0.357143  0.142857
4   2021-03-09  14  0.857143  0.285714  0.142857
..         ...  ..       ...       ...       ...
877 2024-08-27  17  0.705882  0.117647  0.294118
878 2024-08-28  17  0.764706  0.235294  0.235294
879 2024-08-29  17  0.705882  0.176471  0.235294
880 2024-08-30  17  0.764706  0.117647  0.117647
881 2024-09-03  17  0.647059  0.176471  0.176471

[882 rows x 5 columns]",293,0.022954581457340046,0.07736867208411968,False
G_relative_42_logit_v2_all,relative,42,logit,expanding,liquid,v2_all,relative,0.01,6883,882,21,0.6136858927793113,0.6180444573587098,-0.004358564579398538,0.5652610363104044,0.6616545221077385,18.317861474104177,0.8448736637512148,0.7596371882086168,"           day  n       acc   frac_up      y_up
0   2021-03-03  7  0.571429  0.285714  0.142857
1   2021-03-04  7  0.714286  0.285714  0.285714
2   2021-03-05  7  0.857143  0.285714  0.142857
3   2021-03-08  7  0.857143  0.285714  0.142857
4   2021-03-09  7  0.857143  0.285714  0.142857
..         ... ..       ...       ...       ...
877 2024-08-27  8  0.625000  0.125000  0.250000
878 2024-08-28  8  0.750000  0.125000  0.125000
879 2024-08-29  8  0.750000  0.125000  0.125000
880 2024-08-30  8  0.750000  0.125000  0.125000
881 2024-09-03  8  0.750000  0.125000  0.125000

[882 rows x 5 columns]",294,0.02459017494829951,0.08290631194990049,False
G_relative_42_ens_lh_v2_no_market,relative,42,ens_lh,expanding,liquid,v2_no_market,relative,1.0,717587,882,21,0.5252394483177649,0.5551034229995805,-0.029863974681815564,0.501292134917262,0.5489729561042995,438.74055163846066,0.7369136468157376,0.68140589569161,"           day    n       acc   frac_up      y_up
0   2021-03-03  713  0.329593  0.301543  0.660589
1   2021-03-04  713  0.325386  0.311360  0.652174
2   2021-03-05  713  0.343619  0.332398  0.652174
3   2021-03-08  712  0.337079  0.323034  0.679775
4   2021-03-09  711  0.333333  0.338959  0.682138
..         ...  ...       ...       ...       ...
877 2024-08-27  892  0.541480  0.807175  0.543722
878 2024-08-28  891  0.530864  0.821549  0.534231
879 2024-08-29  893  0.522956  0.817469  0.533035
880 2024-08-30  895  0.528492  0.808939  0.527374
881 2024-09-03  894  0.511186  0.806488  0.525727

[882 rows x 5 columns]",295,0.012163474792611617,0.0410216694173698,False
G_relative_42_ens_lh_v2_no_market,relative,42,ens_lh,expanding,liquid,v2_no_market,relative,0.5,358570,882,21,0.5342583038179435,0.5615361017374572,-0.02727779791951368,0.5007022609175817,0.5678352273240681,425.6546464815584,0.7910003977143287,0.6258503401360545,"           day    n       acc   frac_up      y_up
0   2021-03-03  356  0.261236  0.154494  0.747191
1   2021-03-04  356  0.283708  0.176966  0.730337
2   2021-03-05  356  0.278090  0.213483  0.721910
3   2021-03-08  356  0.264045  0.191011  0.741573
4   2021-03-09  355  0.264789  0.191549  0.740845
..         ...  ...       ...       ...       ...
877 2024-08-27  446  0.573991  0.863229  0.544843
878 2024-08-28  445  0.546067  0.869663  0.528090
879 2024-08-29  446  0.524664  0.881166  0.508969
880 2024-08-30  447  0.539150  0.883669  0.521253
881 2024-09-03  447  0.534676  0.863535  0.523490

[882 rows x 5 columns]",296,0.01712575673634856,0.05777429028717623,False
G_relative_42_ens_lh_v2_no_market,relative,42,ens_lh,expanding,liquid,v2_no_market,relative,0.25,179070,882,21,0.5425085162227062,0.554537331769699,-0.012028815546992755,0.5038531550499797,0.5806483117535008,284.37178389519914,0.7757721476293095,0.6179138321995464,"           day    n       acc   frac_up      y_up
0   2021-03-03  178  0.230337  0.123596  0.747191
1   2021-03-04  178  0.286517  0.146067  0.735955
2   2021-03-05  178  0.280899  0.191011  0.730337
3   2021-03-08  178  0.286517  0.146067  0.758427
4   2021-03-09  177  0.305085  0.163842  0.757062
..         ...  ...       ...       ...       ...
877 2024-08-27  223  0.627803  0.838565  0.573991
878 2024-08-28  222  0.576577  0.851351  0.536036
879 2024-08-29  223  0.573991  0.843049  0.542601
880 2024-08-30  223  0.560538  0.838565  0.533632
881 2024-09-03  223  0.529148  0.843049  0.497758

[882 rows x 5 columns]",297,0.019590601199877832,0.06610910501284334,False
G_relative_42_ens_lh_v2_no_market,relative,42,ens_lh,expanding,liquid,v2_no_market,relative,0.1,71345,882,21,0.5474665358469409,0.5311093979956549,0.016357137851286008,0.5016596238524429,0.5932734439431073,160.68017848879526,0.7222600120784373,0.54421768707483,"           day   n       acc   frac_up      y_up
0   2021-03-03  71  0.239437  0.169014  0.704225
1   2021-03-04  71  0.295775  0.197183  0.732394
2   2021-03-05  71  0.352113  0.239437  0.690141
3   2021-03-08  71  0.267606  0.169014  0.732394
4   2021-03-09  71  0.281690  0.183099  0.760563
..         ...  ..       ...       ...       ...
877 2024-08-27  89  0.662921  0.730337  0.550562
878 2024-08-28  89  0.573034  0.741573  0.449438
879 2024-08-29  89  0.573034  0.707865  0.460674
880 2024-08-30  89  0.584270  0.707865  0.471910
881 2024-09-03  89  0.528090  0.707865  0.415730

[882 rows x 5 columns]",298,0.023370872472108273,0.07888902643188184,False
G_relative_42_ens_lh_v2_no_market,relative,42,ens_lh,expanding,liquid,v2_no_market,relative,0.05,35424,882,21,0.5544263775971093,0.5020607497741644,0.05236562782294496,0.5047578028944298,0.6035061829868581,90.23584429785186,0.6766441086602107,0.48639455782312924,"           day   n       acc   frac_up      y_up
0   2021-03-03  35  0.285714  0.228571  0.600000
1   2021-03-04  35  0.400000  0.228571  0.600000
2   2021-03-05  35  0.342857  0.285714  0.600000
3   2021-03-08  35  0.314286  0.257143  0.657143
4   2021-03-09  35  0.342857  0.228571  0.657143
..         ...  ..       ...       ...       ...
877 2024-08-27  44  0.750000  0.568182  0.500000
878 2024-08-28  44  0.704545  0.568182  0.409091
879 2024-08-29  44  0.659091  0.545455  0.386364
880 2024-08-30  44  0.659091  0.500000  0.431818
881 2024-09-03  44  0.545455  0.568182  0.386364

[882 rows x 5 columns]",299,0.02519091328888476,0.08505762192783743,False
G_relative_42_ens_lh_v2_no_market,relative,42,ens_lh,expanding,liquid,v2_no_market,relative,0.02,14004,882,21,0.560982576406741,0.5536275349900028,0.007355041416738151,0.5055834937234019,0.6157846197251651,44.118680163906404,0.6659012017505415,0.5861678004535147,"           day   n       acc   frac_up      y_up
0   2021-03-03  14  0.357143  0.428571  0.500000
1   2021-03-04  14  0.500000  0.428571  0.357143
2   2021-03-05  14  0.500000  0.500000  0.285714
3   2021-03-08  14  0.500000  0.357143  0.428571
4   2021-03-09  14  0.571429  0.285714  0.428571
..         ...  ..       ...       ...       ...
877 2024-08-27  17  0.823529  0.294118  0.352941
878 2024-08-28  17  0.764706  0.176471  0.176471
879 2024-08-29  17  0.823529  0.235294  0.176471
880 2024-08-30  17  0.764706  0.352941  0.235294
881 2024-09-03  17  0.705882  0.352941  0.176471

[882 rows x 5 columns]",300,0.02811253214330692,0.09495032160479394,False
G_relative_42_ens_lh_v2_no_market,relative,42,ens_lh,expanding,liquid,v2_no_market,relative,0.01,6883,882,21,0.5860816504431208,0.5807060874618626,0.005375562981258186,0.5299932696992999,0.6455442133650467,24.038295191647855,0.736981697440881,0.6893424036281179,"           day  n       acc   frac_up      y_up
0   2021-03-03  7  0.428571  0.428571  0.428571
1   2021-03-04  7  0.714286  0.571429  0.285714
2   2021-03-05  7  0.428571  0.571429  0.285714
3   2021-03-08  7  0.428571  0.571429  0.571429
4   2021-03-09  7  0.714286  0.428571  0.142857
..         ... ..       ...       ...       ...
877 2024-08-27  8  0.750000  0.000000  0.250000
878 2024-08-28  8  0.875000  0.125000  0.000000
879 2024-08-29  8  1.000000  0.000000  0.000000
880 2024-08-30  8  0.875000  0.125000  0.000000
881 2024-09-03  8  0.875000  0.125000  0.000000

[882 rows x 5 columns]",301,0.02947728154738439,0.09958881370278934,False
G_relative_42_ens3_v2_no_market,relative,42,ens3,expanding,liquid,v2_no_market,relative,1.0,717587,882,21,0.5231867355456551,0.5550992423218369,-0.03191250677618185,0.49807698131084827,0.5484218951837642,506.48954811202435,0.7509741170179755,0.6768707482993197,"           day    n       acc   frac_up      y_up
0   2021-03-03  713  0.325386  0.272090  0.660589
1   2021-03-04  713  0.322581  0.269285  0.652174
2   2021-03-05  713  0.346424  0.298738  0.652174
3   2021-03-08  712  0.341292  0.285112  0.679775
4   2021-03-09  711  0.344585  0.310830  0.682138
..         ...  ...       ...       ...       ...
877 2024-08-27  892  0.540359  0.810538  0.543722
878 2024-08-28  891  0.527497  0.833895  0.534231
879 2024-08-29  893  0.520717  0.826428  0.533035
880 2024-08-30  895  0.518436  0.821229  0.527374
881 2024-09-03  894  0.515660  0.808725  0.525727

[882 rows x 5 columns]",302,0.012843090273703036,0.04340290774550228,False
G_relative_42_ens3_v2_no_market,relative,42,ens3,expanding,liquid,v2_no_market,relative,0.5,358570,882,21,0.5343559137685807,0.5639345176674011,-0.029578603898820388,0.4992018527314296,0.5700556735725524,482.1701925393961,0.8074383271104383,0.6065759637188208,"           day    n       acc   frac_up      y_up
0   2021-03-03  356  0.275281  0.157303  0.741573
1   2021-03-04  356  0.289326  0.174157  0.733146
2   2021-03-05  356  0.289326  0.205056  0.707865
3   2021-03-08  356  0.275281  0.185393  0.719101
4   2021-03-09  355  0.287324  0.197183  0.718310
..         ...  ...       ...       ...       ...
877 2024-08-27  446  0.578475  0.878924  0.547085
878 2024-08-28  445  0.557303  0.887640  0.534831
879 2024-08-29  446  0.533632  0.892377  0.515695
880 2024-08-30  447  0.541387  0.890380  0.521253
881 2024-09-03  447  0.541387  0.885906  0.525727

[882 rows x 5 columns]",303,0.018074954296204794,0.06110154183216855,False
G_relative_42_ens3_v2_no_market,relative,42,ens3,expanding,liquid,v2_no_market,relative,0.25,179070,882,21,0.5432233204891942,0.5560171999776624,-0.012793879488468218,0.504162389403816,0.5829991959344032,306.06892366074305,0.7875972270456036,0.6224489795918368,"           day    n       acc   frac_up      y_up
0   2021-03-03  178  0.292135  0.134831  0.696629
1   2021-03-04  178  0.342697  0.151685  0.685393
2   2021-03-05  178  0.292135  0.185393  0.713483
3   2021-03-08  178  0.297753  0.157303  0.724719
4   2021-03-09  177  0.322034  0.180791  0.734463
..         ...  ...       ...       ...       ...
877 2024-08-27  223  0.623318  0.838565  0.578475
878 2024-08-28  222  0.581081  0.846847  0.545045
879 2024-08-29  223  0.569507  0.852018  0.547085
880 2024-08-30  223  0.556054  0.860987  0.524664
881 2024-09-03  223  0.524664  0.856502  0.497758

[882 rows x 5 columns]",304,0.0201114302373947,0.06800535357346796,False
G_relative_42_ens3_v2_no_market,relative,42,ens3,expanding,liquid,v2_no_market,relative,0.1,71345,882,21,0.5481112902095452,0.5277875113883244,0.020323778821220828,0.5026520549946714,0.5940042331034032,159.59698087156008,0.7294322954146777,0.5634920634920635,"           day   n       acc   frac_up      y_up
0   2021-03-03  71  0.338028  0.197183  0.605634
1   2021-03-04  71  0.394366  0.239437  0.647887
2   2021-03-05  71  0.366197  0.253521  0.661972
3   2021-03-08  71  0.366197  0.197183  0.633803
4   2021-03-09  71  0.408451  0.197183  0.676056
..         ...  ..       ...       ...       ...
877 2024-08-27  89  0.651685  0.696629  0.550562
878 2024-08-28  89  0.595506  0.730337  0.483146
879 2024-08-29  89  0.561798  0.696629  0.460674
880 2024-08-30  89  0.573034  0.696629  0.494382
881 2024-09-03  89  0.516854  0.685393  0.404494

[882 rows x 5 columns]",305,0.02330412706855405,0.07882385801485808,False
G_relative_42_ens3_v2_no_market,relative,42,ens3,expanding,liquid,v2_no_market,relative,0.05,35424,882,21,0.5528737579042458,0.5110377145438121,0.04183604336043367,0.502968151136663,0.6025239149671211,90.98912013928764,0.6879889110179837,0.5306122448979592,"           day   n       acc   frac_up      y_up
0   2021-03-03  35  0.428571  0.257143  0.485714
1   2021-03-04  35  0.542857  0.285714  0.457143
2   2021-03-05  35  0.457143  0.285714  0.428571
3   2021-03-08  35  0.485714  0.285714  0.514286
4   2021-03-09  35  0.600000  0.285714  0.514286
..         ...  ..       ...       ...       ...
877 2024-08-27  44  0.727273  0.522727  0.477273
878 2024-08-28  44  0.704545  0.590909  0.431818
879 2024-08-29  44  0.659091  0.500000  0.431818
880 2024-08-30  44  0.613636  0.477273  0.409091
881 2024-09-03  44  0.613636  0.500000  0.431818

[882 rows x 5 columns]",306,0.025396878528178075,0.08592695301074448,False
G_relative_42_ens3_v2_no_market,relative,42,ens3,expanding,liquid,v2_no_market,relative,0.02,14004,882,21,0.568480434161668,0.5711939445872608,-0.002713510425592758,0.5169322667777645,0.6222523843778671,40.43610017631267,0.7147695983155166,0.6462585034013606,"           day   n       acc   frac_up      y_up
0   2021-03-03  14  0.571429  0.357143  0.214286
1   2021-03-04  14  0.785714  0.357143  0.285714
2   2021-03-05  14  0.785714  0.357143  0.142857
3   2021-03-08  14  0.714286  0.428571  0.285714
4   2021-03-09  14  0.857143  0.285714  0.142857
..         ...  ..       ...       ...       ...
877 2024-08-27  17  0.764706  0.176471  0.294118
878 2024-08-28  17  0.764706  0.117647  0.235294
879 2024-08-29  17  0.823529  0.117647  0.176471
880 2024-08-30  17  0.764706  0.235294  0.235294
881 2024-09-03  17  0.705882  0.294118  0.235294

[882 rows x 5 columns]",307,0.02686737693880169,0.09092809339830843,False
G_relative_42_ens3_v2_no_market,relative,42,ens3,expanding,liquid,v2_no_market,relative,0.01,6883,882,21,0.6016271974429754,0.6020630539009153,-0.00043585645793986494,0.5444416120029306,0.6617519891684884,24.19380225685691,0.8074384515711046,0.719954648526077,"           day  n       acc   frac_up      y_up
0   2021-03-03  7  0.571429  0.428571  0.285714
1   2021-03-04  7  0.571429  0.428571  0.285714
2   2021-03-05  7  0.714286  0.428571  0.142857
3   2021-03-08  7  0.571429  0.428571  0.285714
4   2021-03-09  7  0.714286  0.428571  0.142857
..         ... ..       ...       ...       ...
877 2024-08-27  8  0.750000  0.125000  0.125000
878 2024-08-28  8  0.875000  0.125000  0.000000
879 2024-08-29  8  0.875000  0.125000  0.000000
880 2024-08-30  8  0.875000  0.125000  0.000000
881 2024-09-03  8  0.875000  0.125000  0.000000

[882 rows x 5 columns]",308,0.02992611662386679,0.10130863276961508,False
G_relative_42_ens_lh_v2_all,relative,42,ens_lh,expanding,liquid,v2_all,relative,1.0,717587,882,21,0.5245120103903778,0.5551006358810848,-0.030588625490707066,0.5004496772304962,0.5481026621214139,445.58276791003124,0.7474647979438167,0.6938775510204082,"           day    n       acc   frac_up      y_up
0   2021-03-03  713  0.326788  0.273492  0.660589
1   2021-03-04  713  0.326788  0.304348  0.652174
2   2021-03-05  713  0.353436  0.336606  0.652174
3   2021-03-08  712  0.338483  0.330056  0.679775
4   2021-03-09  711  0.368495  0.351617  0.682138
..         ...  ...       ...       ...       ...
877 2024-08-27  892  0.552691  0.795964  0.543722
878 2024-08-28  891  0.529742  0.836139  0.534231
879 2024-08-29  893  0.518477  0.839866  0.533035
880 2024-08-30  895  0.517318  0.820112  0.527374
881 2024-09-03  894  0.511186  0.819911  0.525727

[882 rows x 5 columns]",309,0.01215637369666269,0.04116450874745131,False
G_relative_42_ens_lh_v2_all,relative,42,ens_lh,expanding,liquid,v2_all,relative,0.5,358570,882,21,0.5348383858103021,0.5621050283068857,-0.027266642496583615,0.5019367300828262,0.5680238959384667,421.4224276064882,0.7995720296111252,0.63718820861678,"           day    n       acc   frac_up      y_up
0   2021-03-03  356  0.227528  0.109551  0.775281
1   2021-03-04  356  0.272472  0.160112  0.741573
2   2021-03-05  356  0.294944  0.224719  0.699438
3   2021-03-08  356  0.278090  0.202247  0.710674
4   2021-03-09  355  0.287324  0.225352  0.723944
..         ...  ...       ...       ...       ...
877 2024-08-27  446  0.576233  0.874439  0.544843
878 2024-08-28  445  0.550562  0.885393  0.525843
879 2024-08-29  446  0.533632  0.903587  0.517937
880 2024-08-30  447  0.543624  0.874720  0.521253
881 2024-09-03  447  0.514541  0.892617  0.505593

[882 rows x 5 columns]",310,0.01685897088154093,0.05710475782133133,False
G_relative_42_ens_lh_v2_all,relative,42,ens_lh,expanding,liquid,v2_all,relative,0.25,179070,882,21,0.5440777349639806,0.5574914837772939,-0.013413748813313253,0.5055529490861234,0.5813932972831583,278.56057412943574,0.7810998556313387,0.6383219954648526,"           day    n       acc   frac_up      y_up
0   2021-03-03  178  0.191011  0.056180  0.797753
1   2021-03-04  178  0.264045  0.101124  0.780899
2   2021-03-05  178  0.269663  0.191011  0.730337
3   2021-03-08  178  0.258427  0.151685  0.769663
4   2021-03-09  177  0.299435  0.203390  0.757062
..         ...  ...       ...       ...       ...
877 2024-08-27  223  0.600897  0.847534  0.573991
878 2024-08-28  222  0.554054  0.869369  0.522523
879 2024-08-29  223  0.569507  0.865471  0.542601
880 2024-08-30  223  0.573991  0.834081  0.542601
881 2024-09-03  223  0.511211  0.860987  0.497758

[882 rows x 5 columns]",311,0.01934702760128441,0.06555070409214826,False
G_relative_42_ens_lh_v2_all,relative,42,ens_lh,expanding,liquid,v2_all,relative,0.1,71345,882,21,0.5481673558062934,0.5329034970915971,0.015263858714696266,0.5034988046262141,0.5920004539586623,151.60099429759308,0.7274221827650831,0.5827664399092971,"           day   n       acc   frac_up      y_up
0   2021-03-03  71  0.197183  0.098592  0.760563
1   2021-03-04  71  0.323944  0.154930  0.690141
2   2021-03-05  71  0.323944  0.211268  0.690141
3   2021-03-08  71  0.352113  0.169014  0.676056
4   2021-03-09  71  0.366197  0.239437  0.704225
..         ...  ..       ...       ...       ...
877 2024-08-27  89  0.640449  0.764045  0.539326
878 2024-08-28  89  0.584270  0.775281  0.449438
879 2024-08-29  89  0.595506  0.797753  0.483146
880 2024-08-30  89  0.584270  0.707865  0.494382
881 2024-09-03  89  0.449438  0.820225  0.359551

[882 rows x 5 columns]",312,0.02257695136031842,0.07651557105495173,False
G_relative_42_ens_lh_v2_all,relative,42,ens_lh,expanding,liquid,v2_all,relative,0.05,35424,882,21,0.5559225383920506,0.5035286811201445,0.05239385727190615,0.5077609827262147,0.6033023714919346,87.66879699054257,0.6798392688284975,0.4988662131519274,"           day   n       acc   frac_up      y_up
0   2021-03-03  35  0.257143  0.142857  0.714286
1   2021-03-04  35  0.457143  0.257143  0.571429
2   2021-03-05  35  0.485714  0.314286  0.428571
3   2021-03-08  35  0.400000  0.257143  0.628571
4   2021-03-09  35  0.485714  0.314286  0.600000
..         ...  ..       ...       ...       ...
877 2024-08-27  44  0.681818  0.636364  0.454545
878 2024-08-28  44  0.681818  0.636364  0.454545
879 2024-08-29  44  0.681818  0.681818  0.454545
880 2024-08-30  44  0.727273  0.545455  0.500000
881 2024-09-03  44  0.522727  0.704545  0.409091

[882 rows x 5 columns]",313,0.02437280325656118,0.08262490441378698,False
G_relative_42_ens_lh_v2_all,relative,42,ens_lh,expanding,liquid,v2_all,relative,0.02,14004,882,21,0.5726221079691517,0.5448443301913739,0.02777777777777779,0.5189934732554021,0.6291302483100183,45.019562277730515,0.6818186798528935,0.5884353741496599,"           day   n       acc   frac_up      y_up
0   2021-03-03  14  0.500000  0.285714  0.500000
1   2021-03-04  14  0.571429  0.500000  0.500000
2   2021-03-05  14  0.500000  0.500000  0.428571
3   2021-03-08  14  0.642857  0.571429  0.500000
4   2021-03-09  14  0.642857  0.571429  0.500000
..         ...  ..       ...       ...       ...
877 2024-08-27  17  0.705882  0.470588  0.411765
878 2024-08-28  17  0.764706  0.352941  0.235294
879 2024-08-29  17  0.823529  0.294118  0.235294
880 2024-08-30  17  0.823529  0.294118  0.235294
881 2024-09-03  17  0.705882  0.470588  0.294118

[882 rows x 5 columns]",314,0.028096116085361268,0.0952735359668415,False
G_relative_42_ens_lh_v2_all,relative,42,ens_lh,expanding,liquid,v2_all,relative,0.01,6883,882,21,0.5924742118262386,0.5833212262095017,0.009152985616736942,0.5355110721606344,0.6543214723861497,25.384560026416004,0.7590702947845805,0.6938775510204082,"           day  n       acc   frac_up      y_up
0   2021-03-03  7  0.285714  0.285714  0.428571
1   2021-03-04  7  0.714286  0.714286  0.428571
2   2021-03-05  7  0.571429  0.571429  0.142857
3   2021-03-08  7  0.571429  0.571429  0.428571
4   2021-03-09  7  0.714286  0.571429  0.285714
..         ... ..       ...       ...       ...
877 2024-08-27  8  0.625000  0.250000  0.375000
878 2024-08-28  8  0.750000  0.250000  0.000000
879 2024-08-29  8  0.875000  0.000000  0.125000
880 2024-08-30  8  0.875000  0.125000  0.000000
881 2024-09-03  8  0.750000  0.250000  0.000000

[882 rows x 5 columns]",315,0.030308775567733485,0.10280504921153398,False
G_relative_42_hgb_shallow_v2_no_market,relative,42,hgb_shallow,expanding,liquid,v2_no_market,relative,1.0,717587,882,21,0.5219631905260268,0.5551006358810848,-0.033137445355058026,0.5015105738971034,0.5414961958018124,283.36882105698095,0.6867670570991451,0.6757369614512472,"           day    n       acc   frac_up      y_up
0   2021-03-03  713  0.326788  0.374474  0.660589
1   2021-03-04  713  0.323983  0.385694  0.652174
2   2021-03-05  713  0.321178  0.388499  0.652174
3   2021-03-08  712  0.334270  0.382022  0.679775
4   2021-03-09  711  0.340366  0.390999  0.682138
..         ...  ...       ...       ...       ...
877 2024-08-27  892  0.562780  0.754484  0.543722
878 2024-08-28  891  0.536476  0.764310  0.534231
879 2024-08-29  893  0.538634  0.774916  0.533035
880 2024-08-30  895  0.546369  0.764246  0.527374
881 2024-09-03  894  0.522371  0.768456  0.525727

[882 rows x 5 columns]",316,0.010200413751201277,0.03460855392443066,False
G_relative_42_hgb_shallow_v2_no_market,relative,42,hgb_shallow,expanding,liquid,v2_no_market,relative,0.5,358570,882,21,0.5314415595281257,0.5552862760409404,-0.023844716512814723,0.5016972868972825,0.5588778510102046,302.2587890658569,0.7349133057570283,0.6349206349206349,"           day    n       acc   frac_up      y_up
0   2021-03-03  356  0.235955  0.202247  0.769663
1   2021-03-04  356  0.244382  0.227528  0.764045
2   2021-03-05  356  0.235955  0.252809  0.747191
3   2021-03-08  356  0.250000  0.233146  0.764045
4   2021-03-09  355  0.242254  0.236620  0.774648
..         ...  ...       ...       ...       ...
877 2024-08-27  446  0.573991  0.818386  0.544843
878 2024-08-28  445  0.546067  0.824719  0.523596
879 2024-08-29  446  0.522422  0.838565  0.513453
880 2024-08-30  447  0.521253  0.827740  0.514541
881 2024-09-03  447  0.516779  0.832215  0.514541

[882 rows x 5 columns]",317,0.014586878600235217,0.049504787646182005,False
G_relative_42_hgb_shallow_v2_no_market,relative,42,hgb_shallow,expanding,liquid,v2_no_market,relative,0.25,179070,882,21,0.538521248673703,0.5527726587368068,-0.01425141006310382,0.5013429786145516,0.5731738289359167,249.42192872462869,0.7314581067696547,0.5759637188208617,"           day    n       acc   frac_up      y_up
0   2021-03-03  178  0.207865  0.101124  0.825843
1   2021-03-04  178  0.202247  0.140449  0.792135
2   2021-03-05  178  0.213483  0.162921  0.792135
3   2021-03-08  178  0.219101  0.129213  0.786517
4   2021-03-09  177  0.169492  0.124294  0.830508
..         ...  ...       ...       ...       ...
877 2024-08-27  223  0.587444  0.789238  0.565022
878 2024-08-28  222  0.558559  0.797297  0.536036
879 2024-08-29  223  0.573991  0.798206  0.542601
880 2024-08-30  223  0.565022  0.811659  0.538117
881 2024-09-03  223  0.511211  0.789238  0.506726

[882 rows x 5 columns]",318,0.018324196510552337,0.06220545939628313,False
G_relative_42_hgb_shallow_v2_no_market,relative,42,hgb_shallow,expanding,liquid,v2_no_market,relative,0.1,71345,882,21,0.5458686663396174,0.5425187469339127,0.0033499194057047266,0.49821272811347855,0.5921318357195418,163.12372003482946,0.7093323063897169,0.5374149659863946,"           day   n       acc   frac_up      y_up
0   2021-03-03  71  0.239437  0.112676  0.760563
1   2021-03-04  71  0.281690  0.140845  0.746479
2   2021-03-05  71  0.239437  0.197183  0.732394
3   2021-03-08  71  0.211268  0.154930  0.746479
4   2021-03-09  71  0.197183  0.112676  0.774648
..         ...  ..       ...       ...       ...
877 2024-08-27  89  0.640449  0.741573  0.516854
878 2024-08-28  89  0.573034  0.730337  0.483146
879 2024-08-29  89  0.584270  0.719101  0.505618
880 2024-08-30  89  0.573034  0.752809  0.483146
881 2024-09-03  89  0.528090  0.730337  0.438202

[882 rows x 5 columns]",319,0.0239589560219549,0.08135602892464167,False
G_relative_42_hgb_shallow_v2_no_market,relative,42,hgb_shallow,expanding,liquid,v2_no_market,relative,0.05,35424,882,21,0.5511799909665763,0.5294997741644083,0.02168021680216803,0.5007397669407279,0.600801010806523,94.29889289509528,0.6896308207625302,0.4943310657596372,"           day   n       acc   frac_up      y_up
0   2021-03-03  35  0.228571  0.114286  0.771429
1   2021-03-04  35  0.371429  0.114286  0.685714
2   2021-03-05  35  0.257143  0.200000  0.714286
3   2021-03-08  35  0.200000  0.085714  0.771429
4   2021-03-09  35  0.171429  0.085714  0.800000
..         ...  ..       ...       ...       ...
877 2024-08-27  44  0.750000  0.704545  0.545455
878 2024-08-28  44  0.636364  0.659091  0.386364
879 2024-08-29  44  0.659091  0.681818  0.477273
880 2024-08-30  44  0.681818  0.704545  0.522727
881 2024-09-03  44  0.545455  0.727273  0.409091

[882 rows x 5 columns]",320,0.025525827516784484,0.08670008797122289,False
G_relative_42_hgb_shallow_v2_no_market,relative,42,hgb_shallow,expanding,liquid,v2_no_market,relative,0.02,14004,882,21,0.5526278206226792,0.5037846329620108,0.04884318766066842,0.49959171467432534,0.6051969546311659,43.01855178884625,0.6790728990008702,0.536281179138322,"           day   n       acc   frac_up      y_up
0   2021-03-03  14  0.285714  0.071429  0.785714
1   2021-03-04  14  0.285714  0.000000  0.714286
2   2021-03-05  14  0.428571  0.071429  0.642857
3   2021-03-08  14  0.214286  0.000000  0.785714
4   2021-03-09  14  0.214286  0.071429  0.857143
..         ...  ..       ...       ...       ...
877 2024-08-27  17  0.823529  0.470588  0.411765
878 2024-08-28  17  0.764706  0.411765  0.294118
879 2024-08-29  17  0.764706  0.411765  0.294118
880 2024-08-30  17  0.705882  0.529412  0.352941
881 2024-09-03  17  0.647059  0.588235  0.352941

[882 rows x 5 columns]",321,0.026940112233887887,0.09152853967612869,False
G_relative_42_hgb_shallow_v2_no_market,relative,42,hgb_shallow,expanding,liquid,v2_no_market,relative,0.01,6883,882,21,0.5515037047798925,0.517652186546564,0.03385151823332855,0.49779567389233725,0.6050343161629994,20.941272886155975,0.6989188532555879,0.5396825396825397,"           day  n       acc   frac_up      y_up
0   2021-03-03  7  0.285714  0.000000  0.714286
1   2021-03-04  7  0.285714  0.000000  0.714286
2   2021-03-05  7  0.428571  0.142857  0.714286
3   2021-03-08  7  0.142857  0.000000  0.857143
4   2021-03-09  7  0.142857  0.000000  0.857143
..         ... ..       ...       ...       ...
877 2024-08-27  8  0.875000  0.125000  0.250000
878 2024-08-28  8  0.625000  0.250000  0.125000
879 2024-08-29  8  0.625000  0.250000  0.125000
880 2024-08-30  8  0.625000  0.375000  0.250000
881 2024-09-03  8  0.625000  0.375000  0.250000

[882 rows x 5 columns]",322,0.027356796497617897,0.09296925885603077,False
G_relative_42_hgb_shallow_v2_all,relative,42,hgb_shallow,expanding,liquid,v2_all,relative,1.0,717587,882,21,0.5236577585714346,0.555088093847854,-0.03143033527641936,0.5038688453730923,0.542786013229001,290.2148856880612,0.7012121751200965,0.6938775510204082,"           day    n       acc   frac_up      y_up
0   2021-03-03  713  0.314165  0.336606  0.660589
1   2021-03-04  713  0.329593  0.399719  0.652174
2   2021-03-05  713  0.336606  0.415147  0.652174
3   2021-03-08  712  0.344101  0.403090  0.679775
4   2021-03-09  711  0.355837  0.423347  0.682138
..         ...  ...       ...       ...       ...
877 2024-08-27  892  0.554933  0.757848  0.543722
878 2024-08-28  891  0.538721  0.789001  0.534231
879 2024-08-29  893  0.534155  0.812990  0.533035
880 2024-08-30  895  0.537430  0.755307  0.527374
881 2024-09-03  894  0.521253  0.800895  0.525727

[882 rows x 5 columns]",323,0.009927848942833854,0.033747830597518395,False
G_relative_42_hgb_shallow_v2_all,relative,42,hgb_shallow,expanding,liquid,v2_all,relative,0.5,358570,882,21,0.5340686616281339,0.5582452519731155,-0.02417659034498154,0.5047217557754611,0.5616940272840455,306.4257210292764,0.7540505293875802,0.6349206349206349,"           day    n       acc   frac_up      y_up
0   2021-03-03  356  0.202247  0.151685  0.808989
1   2021-03-04  356  0.230337  0.241573  0.747191
2   2021-03-05  356  0.250000  0.308989  0.710674
3   2021-03-08  356  0.266854  0.289326  0.724719
4   2021-03-09  355  0.276056  0.298592  0.723944
..         ...  ...       ...       ...       ...
877 2024-08-27  446  0.580717  0.827354  0.538117
878 2024-08-28  445  0.550562  0.871910  0.521348
879 2024-08-29  446  0.524664  0.890135  0.513453
880 2024-08-30  447  0.532438  0.825503  0.519016
881 2024-09-03  447  0.527964  0.859060  0.525727

[882 rows x 5 columns]",324,0.014533742731781738,0.04941790344092641,False
G_relative_42_hgb_shallow_v2_all,relative,42,hgb_shallow,expanding,liquid,v2_all,relative,0.25,179070,882,21,0.5429999441559167,0.5573742112023231,-0.01437426704640643,0.5055510564456345,0.5787085198699713,251.10899217803401,0.7455060828641619,0.6145124716553289,"           day    n       acc   frac_up      y_up
0   2021-03-03  178  0.112360  0.022472  0.876404
1   2021-03-04  178  0.224719  0.112360  0.786517
2   2021-03-05  178  0.241573  0.235955  0.769663
3   2021-03-08  178  0.241573  0.219101  0.741573
4   2021-03-09  177  0.237288  0.214689  0.796610
..         ...  ...       ...       ...       ...
877 2024-08-27  223  0.591928  0.825112  0.551570
878 2024-08-28  222  0.536036  0.887387  0.513514
879 2024-08-29  223  0.587444  0.883408  0.560538
880 2024-08-30  223  0.573991  0.807175  0.533632
881 2024-09-03  223  0.524664  0.887892  0.502242

[882 rows x 5 columns]",325,0.018662618220494087,0.06347389492329351,False
G_relative_42_hgb_shallow_v2_all,relative,42,hgb_shallow,expanding,liquid,v2_all,relative,0.1,71345,882,21,0.5501296516924802,0.5441866984371715,0.005942953255308692,0.5053837534456245,0.5948609635093943,157.14087726756887,0.7124510347790295,0.5827664399092971,"           day   n       acc   frac_up      y_up
0   2021-03-03  71  0.126761  0.028169  0.873239
1   2021-03-04  71  0.323944  0.098592  0.690141
2   2021-03-05  71  0.352113  0.309859  0.647887
3   2021-03-08  71  0.253521  0.197183  0.718310
4   2021-03-09  71  0.267606  0.239437  0.746479
..         ...  ..       ...       ...       ...
877 2024-08-27  89  0.606742  0.831461  0.528090
878 2024-08-28  89  0.516854  0.831461  0.415730
879 2024-08-29  89  0.573034  0.842697  0.483146
880 2024-08-30  89  0.584270  0.741573  0.505618
881 2024-09-03  89  0.449438  0.865169  0.382022

[882 rows x 5 columns]",326,0.02282581889381884,0.07765407583821529,False
G_relative_42_hgb_shallow_v2_all,relative,42,hgb_shallow,expanding,liquid,v2_all,relative,0.05,35424,882,21,0.5524785456187895,0.5234022131887985,0.02907633242999097,0.5026824893797619,0.6030860128165122,96.33142731957462,0.6815605787349222,0.5147392290249433,"           day   n       acc   frac_up      y_up
0   2021-03-03  35  0.200000  0.028571  0.828571
1   2021-03-04  35  0.285714  0.085714  0.685714
2   2021-03-05  35  0.428571  0.257143  0.542857
3   2021-03-08  35  0.285714  0.171429  0.657143
4   2021-03-09  35  0.342857  0.228571  0.657143
..         ...  ..       ...       ...       ...
877 2024-08-27  44  0.636364  0.772727  0.500000
878 2024-08-28  44  0.636364  0.727273  0.454545
879 2024-08-29  44  0.681818  0.727273  0.500000
880 2024-08-30  44  0.727273  0.613636  0.522727
881 2024-09-03  44  0.522727  0.840909  0.409091

[882 rows x 5 columns]",327,0.025613143733864873,0.087159689130619,False
G_relative_42_hgb_shallow_v2_all,relative,42,hgb_shallow,expanding,liquid,v2_all,relative,0.02,14004,882,21,0.5584118823193374,0.5025706940874036,0.055841188231933736,0.5039274534975234,0.6143112270415657,44.85388973085553,0.6647115989252844,0.572562358276644,"           day   n       acc   frac_up      y_up
0   2021-03-03  14  0.214286  0.000000  0.785714
1   2021-03-04  14  0.357143  0.142857  0.642857
2   2021-03-05  14  0.357143  0.214286  0.428571
3   2021-03-08  14  0.357143  0.142857  0.642857
4   2021-03-09  14  0.285714  0.142857  0.714286
..         ...  ..       ...       ...       ...
877 2024-08-27  17  0.647059  0.705882  0.470588
878 2024-08-28  17  0.647059  0.588235  0.352941
879 2024-08-29  17  0.764706  0.647059  0.529412
880 2024-08-30  17  0.764706  0.470588  0.470588
881 2024-09-03  17  0.647059  0.764706  0.529412

[882 rows x 5 columns]",328,0.028159125904092416,0.0958487474278056,False
G_relative_42_hgb_shallow_v2_all,relative,42,hgb_shallow,expanding,liquid,v2_all,relative,0.01,6883,882,21,0.5747493825366846,0.5209937527241029,0.05375562981258175,0.5149814156618898,0.633490732727309,26.03675339458252,0.6985544217687075,0.6122448979591837,"           day  n       acc   frac_up      y_up
0   2021-03-03  7  0.142857  0.000000  0.857143
1   2021-03-04  7  0.428571  0.285714  0.571429
2   2021-03-05  7  0.428571  0.285714  0.285714
3   2021-03-08  7  0.428571  0.285714  0.571429
4   2021-03-09  7  0.428571  0.142857  0.714286
..         ... ..       ...       ...       ...
877 2024-08-27  8  0.625000  0.500000  0.375000
878 2024-08-28  8  0.625000  0.500000  0.375000
879 2024-08-29  8  0.750000  0.375000  0.375000
880 2024-08-30  8  0.750000  0.375000  0.375000
881 2024-09-03  8  0.500000  0.750000  0.250000

[882 rows x 5 columns]",329,0.03023196863913756,0.10293137593653735,False
G_relative_42_ens3_v2_all,relative,42,ens3,expanding,liquid,v2_all,relative,1.0,717587,882,21,0.522374290504148,0.5551103907958199,-0.032736100291671955,0.4970150442852645,0.5474662515642758,492.8350761959853,0.7579082231389681,0.6746031746031746,"           day    n       acc   frac_up      y_up
0   2021-03-03  713  0.336606  0.238429  0.660589
1   2021-03-04  713  0.329593  0.270687  0.652174
2   2021-03-05  713  0.354839  0.298738  0.652174
3   2021-03-08  712  0.348315  0.289326  0.679775
4   2021-03-09  711  0.360056  0.320675  0.682138
..         ...  ...       ...       ...       ...
877 2024-08-27  892  0.545964  0.807175  0.543722
878 2024-08-28  891  0.530864  0.846240  0.534231
879 2024-08-29  893  0.517357  0.852184  0.533035
880 2024-08-30  895  0.517318  0.829050  0.527374
881 2024-09-03  894  0.512304  0.823266  0.525727

[882 rows x 5 columns]",330,0.01287020593852328,0.04383091307531396,False
G_relative_42_ens3_v2_all,relative,42,ens3,expanding,liquid,v2_all,relative,0.5,358570,882,21,0.5338622863039295,0.5638815294084837,-0.030019243104554172,0.4985408823561368,0.56893057176153,469.54859382847724,0.8138894000971758,0.6247165532879818,"           day    n       acc   frac_up      y_up
0   2021-03-03  356  0.233146  0.103933  0.764045
1   2021-03-04  356  0.266854  0.157303  0.733146
2   2021-03-05  356  0.289326  0.205056  0.707865
3   2021-03-08  356  0.278090  0.188202  0.713483
4   2021-03-09  355  0.292958  0.216901  0.721127
..         ...  ...       ...       ...       ...
877 2024-08-27  446  0.576233  0.883408  0.549327
878 2024-08-28  445  0.550562  0.898876  0.525843
879 2024-08-29  446  0.533632  0.905830  0.515695
880 2024-08-30  447  0.539150  0.888143  0.516779
881 2024-09-03  447  0.521253  0.897092  0.512304

[882 rows x 5 columns]",331,0.01795655341974315,0.06116898473037089,False
G_relative_42_ens3_v2_all,relative,42,ens3,expanding,liquid,v2_all,relative,0.25,179070,882,21,0.5429552688892612,0.5577260289272351,-0.014770760037973951,0.5036682692670258,0.5813888325644061,298.5040036096219,0.7910781332383743,0.626984126984127,"           day    n       acc   frac_up      y_up
0   2021-03-03  178  0.230337  0.073034  0.741573
1   2021-03-04  178  0.314607  0.129213  0.713483
2   2021-03-05  178  0.297753  0.174157  0.707865
3   2021-03-08  178  0.286517  0.151685  0.730337
4   2021-03-09  177  0.327684  0.192090  0.706215
..         ...  ...       ...       ...       ...
877 2024-08-27  223  0.605381  0.843049  0.565022
878 2024-08-28  222  0.549550  0.860360  0.518018
879 2024-08-29  223  0.565022  0.869955  0.533632
880 2024-08-30  223  0.573991  0.825112  0.533632
881 2024-09-03  223  0.493274  0.852018  0.470852

[882 rows x 5 columns]",332,0.0198266743105562,0.06755710508017657,False
G_relative_42_ens3_v2_all,relative,42,ens3,expanding,liquid,v2_all,relative,0.1,71345,882,21,0.5517275211998037,0.5291611185086551,0.022566402691148624,0.5075530591226672,0.595458256096212,152.0055245745139,0.7369759463176536,0.6133786848072562,"           day   n       acc   frac_up      y_up
0   2021-03-03  71  0.267606  0.140845  0.676056
1   2021-03-04  71  0.380282  0.169014  0.619718
2   2021-03-05  71  0.422535  0.239437  0.619718
3   2021-03-08  71  0.422535  0.169014  0.605634
4   2021-03-09  71  0.492958  0.239437  0.633803
..         ...  ..       ...       ...       ...
877 2024-08-27  89  0.617978  0.741573  0.516854
878 2024-08-28  89  0.617978  0.786517  0.494382
879 2024-08-29  89  0.561798  0.775281  0.471910
880 2024-08-30  89  0.595506  0.707865  0.505618
881 2024-09-03  89  0.483146  0.786517  0.382022

[882 rows x 5 columns]",333,0.022424795146312425,0.07642969268934366,False
G_relative_42_ens3_v2_all,relative,42,ens3,expanding,liquid,v2_all,relative,0.05,35424,882,21,0.5567129629629629,0.5110377145438121,0.04567524841915083,0.5079534358432404,0.6055762195512311,90.33658059137018,0.6910880925776106,0.5498866213151927,"           day   n       acc   frac_up      y_up
0   2021-03-03  35  0.371429  0.171429  0.571429
1   2021-03-04  35  0.514286  0.257143  0.514286
2   2021-03-05  35  0.485714  0.285714  0.457143
3   2021-03-08  35  0.514286  0.257143  0.514286
4   2021-03-09  35  0.600000  0.285714  0.514286
..         ...  ..       ...       ...       ...
877 2024-08-27  44  0.681818  0.590909  0.454545
878 2024-08-28  44  0.704545  0.636364  0.477273
879 2024-08-29  44  0.636364  0.590909  0.409091
880 2024-08-30  44  0.727273  0.522727  0.522727
881 2024-09-03  44  0.590909  0.636364  0.409091

[882 rows x 5 columns]",334,0.024903771354079264,0.08490061271920699,False
G_relative_42_ens3_v2_all,relative,42,ens3,expanding,liquid,v2_all,relative,0.02,14004,882,21,0.5796915167095116,0.56191088260497,0.01778063410454156,0.5295180735443606,0.6327103711615251,38.69110081514697,0.7229028913152563,0.6394557823129252,"           day   n       acc   frac_up      y_up
0   2021-03-03  14  0.571429  0.285714  0.285714
1   2021-03-04  14  0.714286  0.428571  0.285714
2   2021-03-05  14  0.642857  0.428571  0.214286
3   2021-03-08  14  0.785714  0.357143  0.285714
4   2021-03-09  14  0.714286  0.357143  0.214286
..         ...  ..       ...       ...       ...
877 2024-08-27  17  0.705882  0.235294  0.294118
878 2024-08-28  17  0.764706  0.235294  0.235294
879 2024-08-29  17  0.764706  0.235294  0.235294
880 2024-08-30  17  0.764706  0.176471  0.294118
881 2024-09-03  17  0.705882  0.352941  0.294118

[882 rows x 5 columns]",335,0.026324565718664393,0.08976739078920289,False
G_relative_42_ens3_v2_all,relative,42,ens3,expanding,liquid,v2_all,relative,0.01,6883,882,21,0.605985762022374,0.6036611942466947,0.0023245677756792427,0.5527494773002622,0.6630111341579039,22.939840617724016,0.8234531908001295,0.7392290249433107,"           day  n       acc   frac_up      y_up
0   2021-03-03  7  0.571429  0.285714  0.142857
1   2021-03-04  7  0.714286  0.428571  0.142857
2   2021-03-05  7  0.714286  0.428571  0.142857
3   2021-03-08  7  0.571429  0.428571  0.285714
4   2021-03-09  7  0.857143  0.428571  0.285714
..         ... ..       ...       ...       ...
877 2024-08-27  8  0.500000  0.125000  0.375000
878 2024-08-28  8  0.750000  0.125000  0.125000
879 2024-08-29  8  0.875000  0.125000  0.000000
880 2024-08-30  8  0.875000  0.125000  0.000000
881 2024-09-03  8  0.875000  0.125000  0.000000

[882 rows x 5 columns]",336,0.028127973688173893,0.09594163746030411,False
