symbol,timeframe,active,first_day,last_day,n,sha256
A,1d,0,17898,20728,1949,8ae03c0f9f377a62dac3b9ee1b85123b5b97db547f3bb96c06c741c60b75b557
AACIW,1d,0,18942,20728,900,cb89b2f64ed34ba2126adb8fc6f8931a14d15af7bb4d83c43b9abd25cf78b677
AACQU,1d,0,18471,18802,229,e9d99a491c6db3c78fb06a746df4b36c0a30d4c010a9cccaea8734b7a8b9f53c
AAIC,1d,0,18562,19704,700,77b3dbe349c852d425a436347ecf1a575dc4c684ee564efeb3b0b9a3848746a8
AAL,1d,1,17898,20728,1949,92e0750ea7837c532978c191997e88ae23acfc8ae1875dd7368219e9ccf0e20c
AAMC,1d,0,18471,19982,518,5566bd2d1775909516ed360ffb2708a57711ec201e3e829e3d62dc069fa8098c
AAN,1d,0,18470,19999,1053,019c6d4f270394bcbfb3943647818d2babbac9fd2aee3d81ef43ed457e0e7be1
AAOI,1d,1,17898,20728,1949,3490dc374d7e4690ba5c750f7fe0d9d70635ed3e0c9104bfcb0da2b77b0d6b4a
AAOX,1d,0,20536,20728,134,8b77da288e6c80e0ccf01a2eba2ca9f5865fdb566a85b296897abb9c42322cd5
AAP,1d,0,17898,20728,1949,db1e00957072b2b94528fbb0afd51189dad3d3650a2f9459151eda37e65cef01
AAPL,1d,1,17898,20728,1949,48e40e847fe6b17d33d69bd5de7ade71ee4e8baee7f02e215780574be8a3b99f
AARD,1d,0,20132,20728,411,0121278eb953f74cbf842d1a743577d5d1ed9da362860e683bc45471faf1f2fb
AAWW,1d,0,18470,19433,666,53648afb14f209ada6fb56b4d5ed10ac0edeb14ed07ed34719079893cf468b33
ABBV,1d,1,17898,20728,1949,cb8210bdc527c12735c9d03d2d25cc628f0710a3ffc509661b53cdf12c66d0ba
ABCL,1d,1,18607,20728,1458,33df881dfd3c09baf636b40e64f44c8df7abed637d83e0558246db1fd17aaf7a
ABCM,1d,0,18557,19696,783,313232480d51369416d19ec9087260c940d7b7508cdd8bab5e98e4996c9d9ff7
ABEV,1d,0,17898,20728,1949,b4ebbd94412de3758ac4ccdd6ae6341272680870f01926544c73db26ab8a61d7
ABGI,1d,0,18675,19398,141,2e61c2a2cac81b4631f571f091e58f8f3311e944a8cf309ba141754b153d30d3
ABMD,1d,0,18470,19347,608,9739a7a492240e84605d12c0254594c16ada3f1dd9255e3ccf83b47b35f7dcce
ABNB,1d,1,18606,20728,1459,9834691489527add75c32226f1546b7c9b90f66cf2e01c5603b69d4189f467e0
ABSI,1d,1,18830,20728,1306,53e119227ae319f330854cbb964f0ef6080e20ba6860300ff0d49feac6353bf9
ABST,1d,0,18563,19564,681,9b682f052b8ab357ffb6b579e67d7f3145fe7e213a2bb825038fdae355118157
ABT,1d,1,17898,20728,1949,f5c03222fa505dfb3cf80915f2148834b5ce441bef44011195e35a7d47dc4487
ABTC,1d,0,17898,20728,1949,88d20a6bf8190f30d9aee7b0a4caff67cfcf8ad607acdbc72edf414d753f2c64
ABUS,1d,1,17898,20728,1949,7b9b85feba927185ec18d032f864d4f86d1e7b0aa997a75b37a7c9088383be53
ACACU,1d,0,18558,19992,318,733599c4b55839c704715f850d44cebb9a550cd7919cfb2b0f84ccc4b171e200
ACAHU,1d,0,18690,19745,96,b13156a9f5434a6751bb5409748635775a6401cafb66ac44ae1134b6d587cd02
ACBI,1d,0,18470,19051,402,b91d1c70f701d98df740b63f31790cb4304b645555f68a539627760c198c42a7
ACC,1d,0,18470,19213,514,d90b326aae6a526cc5ded584917da1c5263a42fe0c4284765c46bb0303a99a37
ACCD,1d,0,18470,20185,1181,1c31c2fdbe1382162666c60c365c45ccedaeec97b76c35596ed68bdef9e44af3
ACDC,1d,0,19125,20728,1101,84cc54755a8ffe53542ca9ae431af44221a0cf39bffc28691495d30b654f4702
ACER,1d,0,18470,19669,705,eb4361456b7fdf91fd74e530441232caa768db60c4c5ce69b45e29e5d062b8e2
ACGL,1d,0,17898,20728,1949,863154b706a0e1bc0eccfee66f658122a733f27abf78460a2165055ae01ca3ce
ACGLP,1d,0,18470,18899,298,cc564fc425476e15db6f0a0ce5731ba7d93ea0276ab390e8c481d44055c82634
ACGN,1d,0,18470,19590,609,4045d29678df3724a1be1d74311ad0d320738ba4662859aa438df7c9bd98c2bd
ACHL,1d,0,18717,20167,854,609f66ef90df6d8c4af56b87523de32bb46aa0bcf9570ed0d1f6eae945e13506
ACHR,1d,0,18614,20728,1453,3a50af90b84bd01377104a64c27f3f8e7b67097d549750a0000832f112b27374
ACIA,1d,0,18470,18684,149,7ff9f972b4e96f50e01359d0d12b438fe66b3b457a3409ae7a8c8d3fa4db0852
ACKIT,1d,0,18662,19235,325,601c215309e77e89ce19705e9ad35f72ff6a9eaef13d5ebb017f76db1ae94c18
ACKIU,1d,0,18617,19235,308,4fc642da775898460e600bed57ce5036a588566bf3504817b54d3a8793c54fae
ACLX,1d,0,19027,20570,1056,196edc624fb1efad063cf794bf58a83f67d874a722ddf58f12dc1cbf5c0ed2b7
ACLZ,1d,0,20628,20728,71,c9055b0a1fc59aa6eb9a329cda6aaffbea872657057e2e298c958c39293cefa3
ACN,1d,1,17898,20728,1949,fcef6027119346667ed7ae196f0a0883f9352ccc72850783a46097dcde46c874
ACQR,1d,0,18773,19412,142,83708bdc9a72b7953f9431651621bc6bd5fcf6faacf9ff11dff1ac43341df9d4
ACTCU,1d,0,18528,18792,180,f48443dc265597baaad110ff9895c78d622dfd092f29702d17d9feeadbe5aa49
ACTDU,1d,0,18709,19194,234,42627307eb59609b8c5ec4c019ed2e241c80b186d92234d68afb7bf841922835
ADBE,1d,1,17898,20728,1949,6816f85407febbee5ee3bf79679f593d3e917a112b7da53bd6d3006ffbdfa557
ADBG,1d,0,20168,20728,386,b3e537a7597011ce1d6328e76f4a9414bd76c623f33893c547f669d7430a2689
ADERU,1d,0,18642,19556,132,a29a0c5799e337f91fbcb0439eef25d45851f3df7bcef1e4bd600c5c73adbced
ADI,1d,1,17898,20728,1949,3de40bdde186d3e2d605970090e06c10d68729ee3b6f38330ed45ea5422c776a
ADM,1d,0,17898,20728,1949,f1dcac85dc48179ab831afbf513e251ee014e0759ce556d0c81260c4bd2e70e0
ADMS,1d,0,18470,18954,337,25691e068b68ee7b0d46f6fae0dbf22c5820c6731082eaf64c447f030f61117c
ADOC,1d,0,18606,19803,125,153f16a7e1c0b84b11ebc6ff50ac5133b4d96a75a246d571bfba612cbc6a7394
ADP,1d,1,17898,20728,1949,07b39d4fb1b859ea7f51bb20bd2ecc879bb78477b9b264543f8293bf9c9e89d4
ADS,1d,0,18470,19083,424,2607d4188268032aed0161de9dd7396f1a1292163760e65fc14b0f0cb1dd5bcf
ADSK,1d,0,17898,20728,1949,08d93fe3967ae6e23bfd157fb6c064da10ed3c4d42879250cc8764f5385dc9b2
ADSW,1d,0,18470,18564,68,72fe8d8abec329b15ce2b8fb903cc91c299f05fc02dd151302e55f5bf694f71b
ADTH,1d,0,18984,19894,617,724df6fcd7aadf5548cf3bf2b59bfd351f19d2370e7a8c2ba8311aa0f3e153d0
ADVM,1d,0,18470,20430,1345,36466f01b7a5e7ce088cdcccdd06af60dc56680acdb3a4f37efe3995d430bf58
AE,1d,0,18472,20123,688,3b969653ed30250b082b03af05663a780a20102b34eb0eefe0884413809db734
AEAC,1d,0,18695,19375,144,f1caec056cad6d7c50d51d540196cb4052c258dcdfa3858c8e4370b59639b23e
AEB,1d,0,18470,18884,287,3b91dfddedfda6e6717b38e2583ef8714a2259d3a7cfc96f6ec5adce0db4a29f
AEE,1d,0,17898,20728,1949,c664c39c984008ed9ea5d7162cbbb1d264aec2b23b69c4c19ea593d7f5b91fc2
AEGN,1d,0,18470,18761,203,af41b0907f3a14f68aea2200924c52d8ef9b1dbb888b2e8bde0a0bfdaefaefcb
AENTW,1d,0,19538,20728,808,867390ac37b433ea8f9c941d163301d4c0020808d46b49cd61910ff1795b5d6a
AENZ,1d,0,18578,19697,243,57d5195fffccba30f8b5cfae7b82a6afc7d4a4af49bfb2b86f768a4b692d28a5
AEP,1d,0,17898,20728,1949,aff725cfe3fb07731613c28ff01f43aed3eb62b56b3bd45a99765a21e22b2e79
AEPPL,1d,0,18537,19065,364,275e896866cc8f966927b5f7d02a8219c7106407b38d8797c53d25a70f237fcc
AES,1d,0,17898,20728,1949,9234c6133530ff5af2bf713bf4c552aca7a6a4fd9e5df13031133ac266304215
AEVA,1d,0,18319,20728,1634,5b049ac79b313a4ff16850db24ee38b1ae029fd32b9517cb379c8b4ad411c83a
AEY,1d,0,18470,19765,481,af8ce74cab30d155fe99964e44b9f91f36d6c43b7f6ccc7080329cacf2e007dc
AFARU,1d,0,19095,19920,60,d442db9f2552edb66982735e4027f34821cc0c2b1b9162006930129d45a785c1
AFC,1d,0,18471,18710,166,3a027d543190989331b235f147e2158620db2783d20872a5fe05cdf6c7eb2639
AFIB,1d,0,18480,19851,888,a8ea73ded2d7c27e80f7c820eb819ff198d18c516f1efd2f5169ff89a846fff6
AFJK,1d,0,19744,20728,677,0b6165a1fdcaf84facc31e6ed9f3352bd4fe6ba7f0869e18936669d35271d94c
AFJKR,1d,0,19744,20728,568,2d09915b5e1a3d468fbcb4b1103c025f0e330ec4a95916c17a5636391d7291d5
AFL,1d,0,17898,20728,1949,8c50a56337937b602706461dbed144702eb8b06f3e618995e39f771dfeb636a6
AFMD,1d,0,18470,20227,1207,8065941a5799e6ef957baf700eca9a30fedde8c543a6863bc85ba9eeb7805a2d
AGC,1d,0,18603,18962,249,ede190df1d83fe37d1d9db773721cea6bc7e4b7672238e927cf38030ec102f37
AGCUU,1d,0,18536,18962,295,88272d4cf273266ec5c572fd81ffe967ceac42a16171c0427fc9d5f4c9737d55
AGEN,1d,1,17898,20728,1949,be7509e6310b3f8a92de7ae91580e39f0e6f53217eee0b98abbc71b514cf31a6
AGFS,1d,0,18470,19446,516,01585c55f814ba1a2c8dc829f4d8d43acf76f0d2c994580ba1edb97bc0b5cd9f
AGGRU,1d,0,18696,19367,65,641251f667c428e60ba18d73da09fb9c9cf31b39e6e34723c1c9dc95a47ac82c
AGIL,1d,0,18473,19683,545,cf0c9e9deb123a402c8265c7a3aeecd535e749f87c1f65cc2b95470dc8b1fee9
AGNT,1d,0,17898,20728,1949,2afd31f1dcc1c9dcac846f66b2dde4b6b2234def8969c4b9e1484c8f5ce76d83
AGQ,1d,0,17898,20728,1949,97ba89fb40ea76cc345db068ebd32cfde36a34a17fc88c5e511ab9e0310ee44c
AGR,1d,0,18470,20077,1107,35802f93c72b4d3ec831ed4fb0b74f9344463c5cb10e546dca5223b295decffd
AGRX,1d,0,18470,19807,784,a8267f52c4c090c591db01e4398a7a1f747f975b97652299e93314e8f8bbf5a5
AGS,1d,0,18470,20269,1234,688f488285f71023c0b9216829ece1477f5f633323a8639686fb053d071c5af7
AGT,1d,0,18479,19226,479,5e0f530660e92e8f9221e12d82c1122da21b2c4fef55822f185e6f6129efaf4b
AGTI,1d,0,18740,19849,762,4ca432b9b99ceaeb20aa67ecde4ef0dacd13a71b6bd6bab32ad79c1db024db8e
AHI,1d,0,18950,19751,319,c007be8203c8e5b74d6608a0f6b35a30fa9d48256e2f8e405833e30a760f3248
AHL,1d,0,20216,20507,199,a1d3b5fc033e3a2e461e77e259084f88cf7bdab835ac33819d0b6ff6bdcf80d5
AHPI,1d,0,18470,19390,521,ba7bffa1471afbc7b75f85de82b87f86ce4fd9a6321a69d046a4ca4b7bae295e
AHRNU,1d,0,18976,19510,61,bf1213347503ac1a4ada5e0e57fe0ab253d8c35edc7c3476d830aefa578b3314
AIG,1d,0,17898,20728,1949,d01496f0f10cab7094f654c43afe6eb48fb4858e24ca7a37bbb82ac89594518b
AIIO,1d,0,18341,20728,1643,e9b4d1fc5949d2b1ada3dd5982789c61507e386e7d98bad0600c38ff69b07a04
AIMC,1d,0,18470,19440,671,1a33810b06506e936276fec3487e3f6a2202039f5f7e04bca231845ddebb641d
AINC,1d,0,18471,19930,517,3b97cdc6080daada0e3ddba1af6e5ab574ea09d81b26c9226c5b1e4651346fdf
AIRC,1d,0,18611,19901,885,5ebb0fbaf43907ea5d8f15665d082c056b3a4e63d9cb385efa4d40c020826520
AIU,1d,0,19115,19948,164,a7b1c13dbe2eba5a0805f2625c9a4d8483c65c0630f40afbdf7c012ffcd69b3f
AIZ,1d,0,17898,20728,1949,85729eb02946b370dc4d83df91574edcd58139edd36ed07a0ec2f6732fbb0219
AJG,1d,0,17898,20728,1949,a4b62e77f56c465df79bc1a45db045e6f609f5a3ef03398ce1fb5370b1b7af3a
AJRD,1d,0,18470,19565,753,ca36740dbc04b17916172e22ed6ca674d268a4774a66f601d2e1a9bde678288e
AKAM,1d,0,17898,20728,1949,ab181868e79bc9c60f954b0cfaa107fd30a0ab93e54ee114644744b08b7d0f26
AKLI,1d,0,19226,19901,387,6667fb881a9ff95bc10214ce1e8b0da0bce63ea38fb5c5a1d3e314496f8e4dc9
AKRO,1d,0,18470,20430,1350,585a8962316f76d3603551ab3af7198d5eef79066ce273dc60eaf219d3d3e1ad
AKU,1d,0,18508,19655,536,a0e911daa995a1ba996a994767f043d5159b75331c7e0e6336bff4d8a2bc7b06
AKYA,1d,0,18733,20276,1057,0782d1da3efa43ee52bb8c1e3de81e9571e40ae19389143c57dcb0f2a8f04501
ALAB,1d,1,19802,20728,637,6f25af98f704337fe77e591a70ab672ad530d2a76c11c1578ae584dcbc666520
ALAC,1d,0,18548,19107,375,9d46fb86231fc1cc390fc3cbc0392cd316466f4a04686fc622e78095ca6c89b6
ALACR,1d,0,18557,19107,359,58504102f5c835c3e9a827d96baecd17134c233de348b40b6538e91f128c25ad
ALAR,1d,0,17898,20728,1949,5e0376151f8ac17230610971d56573df22943a7d76f4d37f8df5bdee31164113
ALB,1d,0,17898,20728,1949,3d4a388a553f6d0dc6a15cd5a870f9009c35392b5f8c240af6b58e5f5153c6ae
ALBO,1d,0,18470,19418,655,af87a408bff10725e8405c986e60791edaa7e7e7ce6d853acb82892950d57c5d
ALE,1d,0,18470,20434,1351,a270e96e0712cb6dee8def6f4fa1a381fd6f1a47af24f2be5d4254728ea164af
ALEX,1d,0,18470,20524,1411,b59b08a6d2b5dd7205401a0c2818255467bd26ecd3f2100b9935193789d7997d
ALGN,1d,0,17898,20728,1949,827b9a4e963075d6d9ff1d2f42fb9e07910d31c026547b5e87e5930126760b63
ALHC,1d,0,18712,20728,1387,cb644adaafca2db2688805147a5cfeb257645699167e0545d1d103197926ead1
ALIM,1d,0,18473,19979,728,755910f09425930a1a718dc789b282d63b37733ddc25c61ea8e90d5f7a832d79
ALL,1d,0,17898,20728,1949,fe96642a8573190daf7cbb33d07ddab662fd11c0b6b99617396fa807d7e1b295
ALLE,1d,0,17898,20728,1949,6a0f23f18b78c462a4ec0915a9d5a8fb24b1277bca1b72fb265c186f1732af04
ALLK,1d,0,18470,20222,1207,c92fa561e8d967274bc17693d0405fa39166d16a1ca9126d29604412e38a5cec
ALM,1d,0,20283,20728,309,b957067832d0676a675c7f125af7aa1e8045c931f3a6d950ee4dca68a127968d
ALOY,1d,0,18941,20728,1228,d47fea98e4e97ae26dc05a78ed0e68e7a39a20047c9b50059238313c58cff338
ALPN,1d,0,18471,19860,937,18bdff30177700392af40b0c2a92603c2025b7ff4576cc3efc0b7ea610714b58
ALPXW,1d,1,20641,20714,36,38c1160c71ecb398cd6428eaf4be5251f40c38761e9ad99c8191b3aa1403effb
ALR,1d,0,19023,19432,204,dae6de4ef5e8a374cae194a42e664a102074ecbdfea3ad5111bcae3787bb3bf4
ALSK,1d,0,18470,18830,250,ac22e1dc27a6cc6496bcdcb36add37f9d6edfeee50c8481c23c43c58a0bfd411
ALTA,1d,0,18470,18900,299,91ce2031291de920fd66ca4e1b536d66899ed3aec116d661fef764e4a699152f
ALTR,1d,0,18470,20172,1172,092458ae83591c00a0459e2b25bd5734e6f578b93f5d634e274bc5b12161f7d6
ALTS,1d,0,18507,20571,796,f0317c1224a77c4aceb8354258455c8d8b500e74ea2cade9e9eafbc4c9f1328c
ALTU,1d,0,18656,19795,360,1c3790f6cfc1c91a1fc23b487728fcd27aa77b0f7b07c7f5879c8c5f41e15b96
ALXN,1d,0,18470,18828,248,821e75ffcf7dea55ce52c9ac4c9b3603a670ba7e3fbfa29910e057354525aa51
AMAG,1d,0,18470,18579,79,e5548281af64db5768024a4497f307e85f7791076e4de1a0c42206f13c8441d4
AMAT,1d,1,17898,20728,1949,f9ff323ce63cfbe6442b0cc84d6cd3ed3b22371ca4af11896d5228eb53c75257
AMC,1d,0,17898,20728,1949,ebb891671d7b04a84812bf47cbf7accb782f79cbc485a42937ce5e0661d32986
AMCR,1d,0,18058,20728,1839,9b5bdd57a1b37192bd8b528b40d15a536348bf57cf2beb68e4f881b76885991a
AMD,1d,1,17898,20728,1949,4987c7f91e53a2c5b6624593781c083e5248e7507429678cd0e9e5f7ad2cfebe
AMDL,1d,1,19800,20728,639,61e330b9af4c2a7d132b23742a6db919ca3cf2a4c7f53a1e8305bb070f17da5f
AME,1d,0,17898,20728,1949,d9c108a3bd40d7e1b03e09ab41c93c76f9701715816208555105218a9c32491e
AMED,1d,0,18470,20314,1270,4fea701a25041c1cb8b665e4e231dfcbdbeacd823865b23a39fe2a26d7d5f9f3
AMGN,1d,1,17898,20728,1949,b93ffeee63b55e80ae465c4dfd3f5413c98c2f4860edee1bbd3e6c426687ad3c
AMIX,1d,0,19751,20728,673,b2dc076520f68a9c8c35077615dacc9464df9dc2baed7deaff9f8b61efc74407
AMK,1d,0,18470,19970,1031,178afe2598ee048a11b6c5b2ba0a8e132c748db01e5e6cb7bc76db86dab586cb
AMN,1d,0,17898,20728,1949,3713c9b47e33599b34b5f39c4d994839438cffbb978aae110d73904198a7c9df
AMNB,1d,0,18470,19808,691,3f6a6724ca967d56be847c3b2616a51d5400551c659b7a8086f8eb4428d9f8c2
AMP,1d,0,17898,20728,1949,6472f62174c55f72af2b29a7dcebd52cda2e62b0d50f9238671c667a64dc0093
AMPE,1d,0,18470,19825,751,ff65cfb7bcba918cd838e0c7532a90c7c721106017ed0aa7e0a97754e4f95d5b
AMPG,1d,0,18675,20728,1414,d85531b0e6227af66b880bd7f970f001d2c759afe129acf8176f38d72de1b8cc
AMPGR,1d,0,20487,20654,115,47648eea6f6abfd551dbec6e04f5ea4f6064ceaf265f0824c5eef4af0dc6c18c
AMPS,1d,0,18974,20193,837,5caa70d666833123ca8f001aa74926325ed9f33a805d73c4d0b2a4b56a6c92a4
AMRB,1d,0,18471,18845,253,5aeafdf3f549f040e3fd5c5329920d758ae5b25a7d0eae4f40bc7a2164b65eaf
AMRSQ,1d,0,18470,19587,772,da9660180bf3f7d44350a939ffb0dc15eef58284c9a5124f673d4dd0fa034621
AMT,1d,0,17898,20728,1949,a323af49cb07e160abd9d104db88b2b8f4c1ebf6fb83a96f1f878eeb179af006
AMTBB,1d,0,18470,18948,320,85d138727749c89803fff8cd78cfcfaccb51c1d1104f53d2aacbd161d7d7b6df
AMTI,1d,0,18470,19717,813,6924bfa11f0daba3313b804f7ac7bc82b08b0a63613f044b31d73cee22e2d105
AMV,1d,0,19263,19489,152,922f9a232e3167c72fa24f2914912b8c6136c2dc7230ae346b330c77afb25d27
AMWD,1d,0,18470,20600,1466,03f6e60f3caa9c37296d4d63c331d8ae3aab8783655f56dbd373384857f17a22
AMYT,1d,0,18470,19458,564,c5682b07f2aac9dd12b50d8e858896afe809cb6867dd7a4d81a63bec8be5ea9e
AMZN,1d,1,17898,20728,1949,2e0f3a6a4506cb4eedd625ec6f16613ae9e5ba717876356404189003e27dee69
ANAC.U,1d,0,18681,19396,74,b9de4b3a034f35d48a74de7f449e251deb7289025f8df8c4b7f0fc4776b9adc6
ANAT,1d,0,18470,19136,462,ad186646f26646cfe594bebe92b4cc16e2840fb00b9c3d1accdc5a19013165b7
ANET,1d,1,17898,20728,1949,1efc9aa3bc03c7567c64ee611909cfdb7ab2392d390c4173809df665b2799e00
ANF,1d,0,17898,20728,1949,884df8d26e83aacd9f3a291a5d9d1feea279a0bb992f942346c4604d31a84970
ANH,1d,0,18470,18705,164,c9d1df016efab02a99a07fa87b83d0579e9292500c3918c62cff8319a7b36d92
ANRO,1d,0,19755,20728,669,3e2fae0135cbb0aafc43a0a9c20813a0feab257e05de2ea571ae0eb122c15e54
ANSCW,1d,0,19725,20677,654,69aee8bc31590c06818edaa5bd92a4ab7b8989cfe2b13657895b4267e39be911
ANSS,1d,0,17738,20285,1644,f7380c3ac39010f73820c87e1e850af35356de39bfbac793e8351e3ed65601b6
AON,1d,0,17898,20728,1949,ceaf20a102a2ce9aac851a145a3d7b044fa1c8e94a39ea5953f0757eb83f6664
AOS,1d,0,17898,20728,1949,ec69441a511ff28c5b55f5de65e23bc19c6e231cf612bb187ca2295012feb9ad
APA,1d,0,17898,20728,1949,6983cd141db339f5715d5ef9d4e96333de3b3c02f94c4da413c7ac74627e1001
APD,1d,0,17898,20728,1949,e5b335a0090881a495f8a9eb894f511f531678aed07483ad5063cbff002e54cb
APEN,1d,0,18472,19450,620,b6426650ed10dd45a22bd41a4213bf45efc2ed7fb882b3bf75b37b4bd7f90200
APGB.U,1d,0,18668,19655,173,7161c39ce4be612cbf9f276079dda53dd31095837812c127c29e935d3e1281cd
APGN,1d,0,19205,19591,200,b0a8b08d48c4522ed93915adabc4ed8d36e056a02cd48c4af39e4846a43fed53
APH,1d,1,17898,20728,1949,1af8309affa5baab97986726f46290d0d7ada045c79d12f03923d5a199d8283b
APHA,1d,0,18470,18747,193,f3ddc6157e6891aacf51e480b9f7a73e5e44ccc5ea241fef02217a451e6a08f4
APLD,1d,1,19095,20728,1122,dff4794c4db33bd92ebf745ff039682afc22f651ec91bab4c6b542ee517c001b
APLMW,1d,0,18957,20728,1209,4eb03e362736649ebaec62cb50a172c843863538f02343cf115ae5d3ca7a8dc2
APLS,1d,0,18470,20586,1457,592cbd09bc695756ca3a7838bafa787fc330ece4759e1671ec942d78843c8eaa
APLT,1d,0,18470,20486,1365,4ecea88176a6a833786839a1331afdeb8c3500c0d027824a0b15dfa78ec8e9fe
APLX,1d,0,20340,20728,269,231948a25606b249b5192642f6536621a090bf543cf8a1ea725e52a58442ba17
APMI,1d,0,18906,20728,532,c89138ca85331678c67035277b8875df45813e68f6af8265094ee4c046c5c9b0
APP,1d,1,18732,20728,1374,a4fc97a3cb83efb588a1fa0c5e0429c92b49adecc1b4d447be8823f1e83d54fc
APPHQ,1d,0,18477,19570,730,5640a581af81c1490126779fb168933753fd107c078a8ea54e5be9bc1ab57606
APPS,1d,0,17898,20728,1949,810671fbce5aca47382d0773ea4795cdca38802c449375b27625c962ee0eb0ca
APR,1d,0,18669,19079,284,8781667ebf1c7dc323eebfd236bf5550ef09c3653be4765657a25b5af0bfbb6c
APTS,1d,0,18470,19166,482,366fa798231709bd59da7b9d36baba5ece4bd14534a1b61e54836300dbc04152
APTV,1d,0,17898,20728,1949,e278b5eb535e20b87b16ad76756d76bcea16573502245e41de18aaff346f9422
APTX,1d,0,18470,19495,674,bf7c22ca6a06292a2828c157195b6aa95137928dae0c1608e5827bccb677c255
APXIU,1d,0,18968,19989,88,80eda0608cd5dd8a0bfb969f50219c2dc442ddc243dc7dba631ad3b095ce45e9
AQU,1d,0,19285,20109,66,4082f072f2930e6ca08b8980c1c922ce3f124dab0fa2fd62f5000a14f1bc3575
AQUA,1d,0,18470,19500,709,2eedbd672080518234c1058eb88b8e856daa35833c96fccb8dca785e904d4f6f
ARA,1d,0,18470,18652,126,ae5962d998b074693cc6d8e6bb2b9dfae3afb5b4132e75488f2e9af45e85dea6
ARAV,1d,0,18470,19748,839,f8f96d8a45d3f3a860b170f55f75fb5563253277257742698f6d4b62b8180982
ARBGU,1d,0,18586,19489,91,9b86a5d18f1e0823ec0b4fddc876a7aa1955bfc13cd2c502c12cf5dd064dae36
ARC,1d,0,18470,20048,1023,8612e4e8567332f2b32e9b18d0d6535dd5de818e337117d20e49d114e641e79b
ARCE,1d,0,18334,19697,846,2da9a605b92019d5311906fbef76b3506c868f8e2130a1478b4b4a04b1b9200c
ARCH,1d,0,18470,20101,1120,3c675704d49ffce86d814b2a0be200c76bd37d0b93466f01acdffc7ac8ffe24e
ARD,1d,0,18470,18905,302,7adbc866cd0533d96e404b2ca211d1395e1f144eaf6f43a605d6b06e0e05c89f
ARDS,1d,0,18488,19556,495,a1d672d79fc38a60ccd4c04d3239e382524b99dfa08ada87e0de676f65ac098f
ARE,1d,0,17898,20728,1949,01311a0ed391d5c01ed621747b98f61c5002ad91288cc698e5a5d5c33dfe30d5
ARGO,1d,0,18470,19676,831,6173eb8e278302470663bcc0558f605be1cafb07fd9236763cbe2c0111a9198a
ARIZ,1d,0,18974,19782,63,ebb2a2e065a0045c5efb719f65a799865090c0f73dfd35029dd00d24d9a512a9
ARM,1d,1,19614,20728,766,edba8373de3cd4f809d6784db918f3b86f9faaec434e3d9a387b3776a91ad129
ARNA,1d,0,18470,19061,410,91a629a12d9d28a9795981009889813b2f83257f5ef99598a584fa602fda06ca
ARNC,1d,0,18470,19586,768,a5ee1692e6af494204f1ae3cee786f5dc8650c1533d5727d1f83448bba90a7ff
ARRWU,1d,0,18688,19829,114,4a23e69a8affa67cc8d2a041de2477754f67f10d8122842ea5ef8f1d31cd3b8b
ARTA,1d,0,18830,19129,192,88f3afdaadbdd604ef859ce1a767c174c9609d889e7b041585ba4f84e632b94e
ARTAU,1d,0,18761,19129,232,ffc9097371a1a6bf33a7a425bc62a268cb654437f3bff48f6065b7aa1604efce
ARTEU,1d,0,18900,19550,61,11c56bc1e7572dd8caa746ee68350c6cc1efd6c1707ab3c8badad6a615fb3add
ARVL,1d,0,18470,19751,805,86753ea9c29326bd6b49e2f7452d5c5525964ab48a232e9d72a7f581ce06bc74
ARWR,1d,0,17898,20728,1940,71671fb28c0c772540252e9488606b2c4ebe165daa4bfc16cdea257ecc9e26c0
ARX,1d,0,20293,20728,301,bd1ae480479865516f83c289b9335742a8614c1b52f782b1ef758f9cbd22d87e
ARYA,1d,0,18481,18787,208,90e917ea2fb5346777c3bd960d1ea0cdf5df88b70c469ca052e699dc83ac1989
ARYD,1d,0,18684,19935,179,2a1e3dcaa18ad7c99deab87673bac6cece698f1d12bc251a09be269a9383ab4b
ARYE,1d,0,18821,19541,88,cbbcb78e6a1b8eb1ecca7543ec1672f792b9612f6690175d2b377be5205f20d3
ASAN,1d,0,18535,20728,1509,290ae8a9901f80b07a9f0f58732f371ef65f58f79ad6bd4ce2d183a5a7339da4
ASAP,1d,0,18470,19389,635,f01d44e9c27f106d50c4b651f7a04218ebd186069b9cb62edfda0696afa57a1b
ASLN,1d,0,18470,19922,846,01671d1ee050401957832ffa15f5e172ca6c7f7c6b01a0f2bf47b6ac2d1f05ba
ASPI,1d,0,19306,20728,976,a8f89a706e2f9c3f59d2af19b7850ae09ca7ac8d609569ab027be3f90c0b90d4
ASPU,1d,0,18470,19446,563,388ad860dcab997d26ddf095dcd1b170e292ae62baca6f390acc78c2c8660dd1
ASRT,1d,0,18470,20619,1469,e6c0aca932b01797d4fe4e18cc894f421c123b947c43a9b9a12a77a4419e9eee
ASTLW,1d,0,18690,20728,1399,c693fe943da48cd53766e75f75770039e9e963478328de6ca631c64a13f72a9e
ASTN,1d,1,20490,20728,165,77ba805a5e67a93de340cff30b9c43df94e1905d500026fe88e66af2a8dedb84
ASTR,1d,0,18809,19921,758,22305e50c497a8407e0a7086b14ac6bcb9efa51640478bf54c6e6e5a1b799f6f
ASTS,1d,1,18201,20728,1738,d5f608e3d648a5992adf2a51e7d8d20dd21ae3ce26e5b781d04a077f8d99e93d
ASTX,1d,0,20280,20728,310,dcf406e13bc110038c7c0408bcae960c8b6c65d7b70f7525161a1de5f055d7ad
ASXC,1d,0,18691,19956,871,a37faf6bb9532af5e0ae2b28549a99a1f66b0825eb3bdf58de284d61095cfbd0
AT,1d,0,17898,20728,611,eab86af91d2f8c4a86b55b9dc389b8e12426064315536cf6c04c5afa13f7bdcc
ATC,1d,0,18662,20728,486,8bf063e361b344ea9ed5d5076f38632dee02956075a9bf372139a3d0b3a77121
ATC.220816,1d,0,18662,19220,383,183a17eb486e986c6a7c145dc473b11b7a7473271526f46c870046c2f56f339d
ATH,1d,0,18470,18992,363,f7452dd90acbcbad1e91bf4b4dfff567173ce8d97f49c90a48b54ec361aac9a8
ATHN,1d,0,18757,18991,164,8ee92180e4714a7cd24156c4508180b3d10fdc6f96815c70a3f6c82dc0c1351c
ATHX,1d,0,18470,19647,795,117460dedfd77f45c7a9866798b1a405c735c852bde083e5a65b9cd4aab38473
ATNX,1d,0,18470,19501,701,d852cc20aa32ede6c1a1fb13af1ea0884c426047847ba74014dea5ce6746c018
ATO,1d,0,17898,20728,1940,ce89140eaf4aa886f2678f4ad8ef39a4ab77c4bb138044ccdfef0c7805ccae1d
ATRI,1d,0,18470,19955,360,cbd35b3e913622525b20d1a8b5e29ffbda3c53e0652311fd80d916bc1243c7d4
ATRS,1d,0,18470,19135,461,14897864806d16b38f5e75b33e88daa1c3199833a3bbc336b41d2b5130c6b7f8
ATSG,1d,0,18319,20188,1185,5edad4639520fc133a85109ad755d99cf5693217f225b79bb18affd800b923c7
ATVI,1d,0,18470,19643,811,52569f948befa2e9c5ddea13466ce7b7b4fd98f339f62a03d9cbb7d9f453b3c0
ATXS,1d,0,18879,20475,1051,99d4f39842c52f67202ea8ff39a5151c7dc1ea3545c0699111f3ea32a4c5b674
AUD,1d,0,18726,19493,527,d8a915b260e55b97bdc639bdb03461931f7dfa0b35af8e967724394bf01e0312
AUGO,1d,1,20285,20728,307,2f0ffeb7e003df4fd9fbd92f57971e7f5ce90cd6dc67da3f523f14748050e004
AUGX,1d,0,18926,19997,655,bd1fb84a01c54742e093fe6d22a1ae0f16807c4353a223e095162bc348e191d3
AUR,1d,1,18757,20728,1357,bcabc5d33afa9126f78223fa8078d88bae0342a9b6150e824e467db0bc1a364d
AUTO,1d,0,18470,19235,530,4f8131f0b3120ec2a649e3d90a3562c974c90b5731884046002ed4c80521e081
AUVI,1d,0,18505,19871,763,f5f2b3feca7b8e1a1ab747da6b21872aeec43c0b99cf3a350ed42729d0fb259a
AUY,1d,0,18470,19447,673,d04685ec2af5c669f94057bf18731351af081bced13a4fa18e65feb72095c94c
AVB,1d,0,17898,20679,1915,78f8e899ea3ca4951a8136a48771ef14eb49ee8651b3dcf9481e13d555b3e020
AVCT,1d,0,18470,19376,572,31ca56d713cec3c86df7ec84a193e0ef91ed21e69854cd975603c1a9e783b525
AVDL,1d,0,18470,20495,1394,e28decdd19e0579db3971be8644a556de7781160b87085fda27a870d46669d17
AVDX,1d,0,18913,20375,1005,b90d79bfc52877e243e4d1744f5d55d204dede3d6293ceb5412e19755b1533fc
AVEO,1d,0,18470,19376,626,bc0d3e8c9b7368b9d6ebd3dc1b5f019e993e72b600ce4fe2f99d3b771a8eefd4
AVGO,1d,1,17898,20728,1949,69f293cc65ae7898179931da75453da924df10e9a50f1e650777192a7b396ba3
AVGR,1d,0,18470,20133,895,3a753b3e7ea6ec4b4665c862eeec39edab9bbd58b0775f1cfbdc3635def4172e
AVID,1d,0,18470,19667,827,859d5f581e227734982e8b34ffebae9b27b5870045bb0884819091ba2deb3d2c
AVTA,1d,0,18470,19688,841,d52c9d09947fadaecd908281e8791aabb6975175af9d5ebc1a79a295f45f2123
AVY,1d,0,17898,20728,1940,7c26b55d4aa3cd16d3b46eeeb9668e1ac254d8a1a5bfb4184f4db9c560dbd823
AVYA,1d,0,18470,19401,640,211b1192dadb8bb960d8e7a5e56a15269452ea5e6c407886c84b4c97f227aa34
AWK,1d,0,17898,20728,1940,d4ecf091b241cf4517d230ad5b4ad0cca67db511e6a967ad2b58bfb2126304b4
AWTM,1d,0,18577,19188,367,4721062ad44a1eb058b0704440da25624617d1902fc6a237a8604451755a488c
AXDX,1d,0,18470,20222,1143,063fa14dcf25afe6926f2691bbbb90fb3b3ded71ac89756d9f76d8994641c7c7
AXGN,1d,0,17898,20728,1940,d372a3fe4053a0987fd238c51c477fe9c33a508797ae5387498babd612b8c2f5
AXLA,1d,0,18470,19683,689,fb0ae5cdff7973399ef92d535ced79a194e9c50b12a96998122d4f5b6977ff99
AXNX,1d,0,18470,20041,1085,4c71d360ef881a352dfcb44868ad3a909c34a5dbf5a13717c8d6ea39030ad5ed
AXON,1d,0,17898,20728,1940,1535d55826d4b1dc7f63281e9d0c2fadd22c62162cf2d9194b323353df9b5200
AXP,1d,1,17898,20728,1949,561c9f734b68e77cda0ea2d1dbf1e957618d5974ce741949ca0fd945e7409306
AXTI,1d,1,17898,20728,1949,3d49de2e7ee0e6e2fd1e1e54fdffc14db2e6a71797554cdadad7f513dcebc333
AXTX,1d,0,20567,20728,112,82e1c674fa35700426343f2d9caace7fc2e183ca14ce0291321f673bd66c5a7e
AXU,1d,0,18470,19241,533,37be9321f781cf09659f57c67f10919c54358c0943738d6e67e9b9859515e6e6
AY,1d,0,18470,20068,1103,263adbbdb98e8a4bbe62f7bcb73cac103d4b038c370d673660665c0fb0c35df9
AYLA,1d,0,18470,19368,366,c7aa7870717b956969bca23eb856ce5c3f4b4d08fdd50a4944fd2c88229bbc4d
AYX,1d,0,18470,19800,914,79f7dccc5aae2f3f6a0b8a906df0a6697f1d0d6262d50d4a447d88da020cfee8
AZEK,1d,0,18470,20269,1235,54e65469faabeb3f5eaf2e21e4731302a4cfe6aa81a7b098a7011314ba7fb991
AZO,1d,1,17898,20728,1949,dbe31b58f7d3511c90219c9de88a1ad4413dde821d53e3ad8caf800b2f37144a
AZPN,1d,0,18470,20158,1162,bd0d726d7084ee922151a3d5096a3aff7d880ea4695c4d788c83bd854905b9b1
AZRE,1d,0,18470,19550,738,c89c7b6b1343b4ab1341c9898bc131a98cb8b9b5f4dbf4bc24cca4e47fdfc314
BA,1d,1,17898,20728,1949,9852d354bf06784440bbe3a8e5696226d1eabf29e6860c4cab0c231aad6fe250
BAC,1d,1,17898,20728,1949,a6b6a878746e4c947fbb6220e7cf95d4271ce1fe37f8de59f763eaea49576b1d
BAF,1d,0,18470,18691,154,0c1af4e590990898a42f07e98261d29bcbfbe8ef5c1561f218280c38b77e56e0
BALL,1d,0,17898,20728,1940,52aadb6264bd41fcde80a372e134ab4029b8164123e717398d0aa0871221e630
BASE,1d,0,18830,20354,1048,359bd9be7149521e46cb645eba134c08345a3b57d277c37024742fc50599e71f
BATL,1d,0,18312,20728,1664,03f44919783c870d25fa24ade7143ea941a7d4d5d76af884031d4d5818115f88
BAX,1d,0,17898,20728,1940,a39bbfccb65eab7eb15f9eff58db2921f565581f0a2a12d4eb3490cb157f9657
BB,1d,1,17898,20728,1949,c1621933b2ed5717ee00982f4dcf9588a160eaa2183d2db4fd95aace5905c3f5
BBAI,1d,0,18722,20728,1382,e77f44cf643c3de65ca96b1cee9cf71a470bcb20b493cc905f5df49e917aef26
BBAR,1d,0,17898,20728,1940,69ec740ed6ddfde51e40ce36f7459f83c5cd0dbe5de8fc633d1b763c8bd470cd
BBBYQ,1d,0,18470,19479,697,98e793fd6852398e87c6a2d5847aaf71710f162c2762ee313c00cbd432108ca1
BBD,1d,0,17898,20728,1940,4bf20e4966532f9ca9f6b1bca3207b0124ce1ad7169c2d594dd60031ef1bd54e
BBF,1d,0,18470,18726,178,0d5dddd341911694f4f539ed52e5e9ab2a82c9d9488fb5ddf6bd1b15e60d8387
BBIG,1d,0,18470,19565,727,aff0fb3f270b165d96a991e082a2e0948e4276a779f447106aab954fb0dfe865
BBK,1d,0,18473,18691,151,4fa656f9f602d049d643cc5de03d155531c12e2883ddac5258074505f5c5ec9b
BBL,1d,0,18470,19020,382,b7b59dfcdde748ec651173aa1ef3a864768ec76880a4b0cbcab1c150ad435b49
BBLN,1d,0,18922,19536,406,77317b3e1e981cc30be5ad9edd7e150bb6bf8d8a7a97d510c2a11204c1c11c16
BBWI,1d,0,18842,20728,1298,0a1fe176f6f9350dd0cf88704b9dd94637a8147e30ab065b8fbd4e1247550b58
BBY,1d,0,17898,20728,1940,ad356fdf49c2ba85cf6159bbb00ed2de824f467f73235a50fd208423f4bcaf57
BCACU,1d,0,18656,19202,354,bb53ba298feabefe384e9d11e90471c3656a343f4d6de2195098948586541c21
BCEL,1d,0,18470,19800,891,b767c0ee276480dece171ac96964309aadfcf8956c623bf1f57b68a1f44fc02b
BCOV,1d,0,18470,20122,1136,38e2888b275281e38657dbfe72d143e0b4776dbd0461f740c3b519c87e406e72
BCSAU,1d,0,18941,20038,157,9de06c58be663bf21b718456b12c34676f1b27aed2331772fc2a9f3166f8c8c1
BDSI,1d,0,18470,19073,418,9bbc3019fbc1bad5d03c56361c7e2e31bb5cb819419892fd05b9efe4ed2c33df
BDX,1d,0,17898,20728,1940,1866aa81a1c0c5a2663d65e1a2aef10b12c9151428514bf6866318ac4e5af97a
BEAM,1d,0,18298,20728,1673,fbb2a5a5208fafa65fd7e54ff1c4c11a0a2639ce1b2c9932e1ea1a2ec7467ea8
BECN,1d,0,18470,20206,1195,dfa578976d96bb9381b5a415d00fbbfe5874649d8073e1f583327d52e974257d
BEDU,1d,0,18470,20437,777,7c64a9030295c1932a5f9e7e0a736cbed92a69a24184a4c22fb79d5316e32f03
BEN,1d,0,17898,20728,1940,5663685e158306de623c97e70ee120146f43af1f27e9a2e484927cc0495239f8
BERY,1d,0,18470,20207,1193,b3ba69e51dd84f1e281d4d1fbad569be1dff4895eb0108f0283f7151af1fe77b
BEST,1d,0,18470,20154,809,f2999ff7ac10cd6a819e273435510a93bcb86f3cd67c3e9c97fb25f3f86573b8
BETA,1d,0,20396,20728,229,946bbf848aa68c46ae719a283f094725656d51c61c0e709129b376058b4f94e9
BEX,1d,0,20405,20728,222,f79a5372372634711b31a122a2a84f27602bb2a712e38a67d5cb5c0dec36b90f
BEZ,1d,0,20495,20728,162,197d9ac0ed74d50d72bd9102de57da5e66e15f3b15c590e5bf89c1ccce4d740a
BF.B,1d,0,17898,20728,1940,deff3df781b1dfe10ae207a813a8d5e9416d46453e7ed7286210470b7a8e7117
BFI,1d,0,18470,19986,877,ce98a508143e02d8da96b8a6b72183214c475b0631b4e684201fb0df05f42e5e
BFIN,1d,0,18470,20453,1095,8b09a47cebc89ac224fcce18fad38a997036843ec221c4c75075f7bb4c5f2625
BFX,1d,0,19662,19786,80,4de96b98f3162968c83a715120c20ef479399c6ccf40c99a8c789f9a5fa0db6c
BFY,1d,0,18474,18726,174,fc6fd2da9014229a86373bb1c43766195d868f9374822a82fe046acbef1ae255
BG,1d,0,17898,20728,1940,3670adc8c9b2ed17eeeb3d3207d36bb577b8c5821cba10fdb09d805b52be977b
BGFV,1d,0,18470,20362,1303,02d64c1b696ef9e87533cbf8d341deb7a3c5eda74cc255b33a3d66488a485bfe
BGIO,1d,0,18470,18974,349,ff5ce6ab66a619969678330223c355f62809d6f4d437ecea2b492aea8e4c2ee4
BGLWW,1d,0,20265,20728,319,28919ef8afe770a095bb59b0727ab11059de55befef84c8e9a8f1cc92620d98c
BGRY,1d,0,18830,19557,499,8dc44e9d971c1c4003c2d4a3c4dfc47a3e282385c621fa889a7c230dc4efd10c
BGXX,1d,0,19129,19984,570,c7ddd087ac304f66e02622f2166f682a1bf2b4b4938b8a8410716c18e32f5734
BHAC,1d,0,18962,19970,117,c4f8b80e4030df2ca93265f3869bb03350ca85c3980c8e58662132f98d5f71bb
BHVN,1d,0,17898,20728,1940,d100714b304721381ecafb762962ec5659ac52df0e73460a11d7b4f59794397d
BIG,1d,0,18470,19972,1033,c51aea39fa16c3fb61a8c04dc33673d96380fb931c798a6d1d9e580f43c2ff8d
BIIB,1d,0,17898,20728,1940,b40758ac375bc8ea36997e4e20c220b1cecda6237d35b8909032a57ed136e413
BIMI,1d,0,18470,19956,772,50f8c5ff3495f22c6346c43c923c1e4ec082a658ea06594589231ededa0ef4b8
BIOC,1d,0,18470,19654,693,fbfbf8e84f027a7c7e1acdbda93f6b82a34670b792317340d5d254ea432208b5
BIOL,1d,0,18470,19892,737,860602f4ec3282435649b10f70a58754ae3503425d204bdf8e2621ab77c781af
BIOR,1d,0,18470,20067,1072,ace81f2a6b4a1af76f7c3a3fe1dd5f86c93f8ab37aae6631404f51aa2cd2dee8
BIOS,1d,0,19023,19636,299,0385e914cedb58cccf34b261fbffede4eb40b8c6015eca7d76a91a79271e9dc3
BIOSU,1d,0,18964,19636,61,30ddfc7b7f304d56bc8e6a56d2a66647eca689886353bd62b5f5b0f6c3edecf6
BIOTU,1d,0,18653,19374,103,f291fdd903dd1ac594b8d3d5057b476c313365b609d87a762312179af95b68bc
BITO,1d,1,18919,20728,1244,2cf41b16d249fb3f6b2381bd9222eb08f262410c0ff640445b2f4015976a2f2e
BIYA,1d,0,20168,20728,386,cc3e7136f17c715c3440f021344c1483b6f3223759526d05d86b11f45aa35f79
BJDX,1d,0,18942,20728,1227,1e047acde567ead5b6dc73e39da6a2a1a85843d15a95b917ddd709fa09a96436
BK,1d,0,17898,20593,1856,5f8de9dc14575f082dbd30bd872d3636582e5a47a7fc80f523322fdbe000e899
BKCC,1d,0,18470,19797,905,dfeeb5be207d67ed5cf7e0fac7d841cc277d993acce4c677fdbf536cdd2be787
BKD,1d,0,17898,20728,1940,2429e331423d092971b21f439b3cb120d6229ce53291aa79ef242f46de76dd93
BKEP,1d,0,18478,19221,514,60cd01d9e6cad0029c2593e4cdd37980d38ea302305b80d36150dde9584b4a8f
BKEPP,1d,0,18474,19221,516,6953957e067abae3d9ef1578a3ef4fc26bc7e892de8f7cbb80f63b6eac813ed6
BKI,1d,0,18470,19601,779,043dde756ee372421a238adb25fa2532848dc7482fb5b386ffb7353fef90c40d
BKNG,1d,1,17898,20728,1949,621b35b4f81416c2f88bf31c62d917738f484a5175e4ddf3896dc30a1cc4ce25
BKR,1d,0,17898,20728,1940,8eef29d46cc64f9616b6752dabe6f81ba574321fe73e5bd9e0aaa1608dd36ccd
BKYI,1d,1,20642,20728,62,a2db0966ec281d309025f8c091e07bd9912904c0735118c039d2959df37ed395
BLCM,1d,0,18470,19508,560,2bf1ac2056afe3a498274642cfe6ed06044ac42f1cfc185423a71ae001cb3793
BLCT,1d,0,18470,19216,517,651273fe9d85718ccf75ccb7154b8fea15d6e125599a9f7bc884079dfe745736
BLD,1d,0,17898,20634,1883,220109abddd7920aff5051e137356a17da399d5ac5f762bdf78b1673967710aa
BLDR,1d,0,17898,20728,1940,4ef70a56020c9f6283161b19c52f171364d3e207067fe5e9d774e600cde39ffc
BLFY,1d,0,18824,20543,1136,4c7080061a7f27d07a748d0a1b047218d50f842abc199671490b4a2da5e5405a
BLK,1d,1,17898,20728,1949,5512c1502fda9ea0de605966adb200842e52d28fb52d0fc72dfe38ac133f8962
BLMZ,1d,0,19928,20434,350,36f73539b26814c6815e840bd14c6f63cace2c88b5a15823978355c1d485d596
BLNGU,1d,0,18831,19514,79,bd21293fd213f72455eaf91ba9cd2a18edcd2af30df1ab9e21f342dfa7f86ad9
BLPH,1d,0,18470,19643,595,36826143489b7b7cf2b9f1a3ccca4ed54a3d377eb81f21cdbcd9e119c8b1dfff
BLU,1d,0,18470,19536,736,f0327af0e21aa9456cdb430efd2bebb6f76773ac9ddd55abc37a608dd031f77a
BLUE,1d,0,18470,20238,1216,93c11260a3ed085dd51427fcc9d6297c740aca7b262f115daeedfb96593e3173
BMAC.U,1d,0,18914,19633,74,8b52e93d59af18f5ecc7f65e3ce4e8fad73b0beb79840c3a9bb2f8e8c2310d0a
BMAQ,1d,0,18935,19452,72,6019c12c61b35e3f8a9deaecdbe294abd3300d2d95aee89dc09f8b933253fefd
BMCH,1d,0,18470,18627,111,36885efb23830c06c8fdfc774012af908140295330e7b72d2f91923f091392c4
BMNR,1d,1,20244,20728,334,07d5928a80c9e2f682d8d334bfc0282ef0208a86bb90d883b8c7deb9915789f1
BMNU,1d,0,20357,20728,256,34549e49c6018ee6c694f87d76a6443df4b3c15cee71d144ebc9b7e3d6f5bbaa
BMTC,1d,0,18470,18992,363,da96e9846b9dadc5744373c1102712add2a94c2b224c553915c8228e6ac22f87
BMTX,1d,0,18633,20119,907,f71cc6db99950926ca01fe8ff28dbbfdb83726fbb10bd5efa4aa69517b37d2b0
BMY,1d,1,17898,20728,1949,b68cf8e3d7089644a992d275c2c08dfa31387346b3a07687864569c278763f7e
BNBX,1d,0,17898,20668,1906,9f7be420302a9f3b9d9879e15a1954e43bbf484b4321971753c0d3ea6288b154
BNCWZ,1d,0,20558,20726,111,0e4ec59e37dbd216456ca16e6d79a794f987effb71854ffd9b3748fd01a16c91
BNFT,1d,0,18470,19380,628,c93c5988e473b3f443d8787672bc4a56fba142c2ea4f400c6b370ff75bc6db04
BNNRU,1d,0,18878,19478,72,7d8bb29d30d0dc253f0d04cb04cac99ab9f3fd19e5359a0a363ac5ec847281d1
BNO,1d,0,17898,20728,1940,21b6fc8595072ece097e3ad97cc1ea4f8569c3d81e2b43a0bfa3f286d1fc35c2
BNY,1d,0,17898,20728,1947,fdb94ccf9c98d7eca0ec9098c98f65b8445d7abdfa369230071e786e3add7062
BOAC.U,1d,0,18563,19660,172,80894d63971379ece39ed850c5be42bbe302da732073998e03fb418cdff37ddc
BOCH,1d,0,18471,18900,298,0977e1d253051c51ae3685ed8032f26cb9fe4f152de0bdbcaf13dcaa6afc1b8f
BOKFL,1d,0,18471,18859,270,840301e887ef879f9d7ae35c24a9d5aff459dd1f383b24215c691ad9543a4f17
BOWXU,1d,0,18479,18920,267,98cf4ae00d6039fe8c35d658d217f6ee7e10e8cfc212a0a56c4489d57b55a3c2
BP,1d,1,17898,20728,1949,76f27530681a3609bd3b70be5ca56955950beeea7b917ac612626c8da25e3551
BPFH,1d,0,18470,18808,235,11b48b7c4028520e97fa0e5c2e3c35abecd25954bf78597a533f0a36b81978c6
BPMC,1d,0,18470,20286,1250,3b07e98fc8e0c48ec877389ab86ea5f5f5b53e80a61023aab3c2b1f04591dd44
BPMP,1d,0,18470,19086,427,f8e49b45aa841effadf25423f60a3928eb1b5b702159b9339728f23793ce9e48
BPOPN,1d,0,18473,18929,306,24123b3d99f62e7883dd50ebd4581cd29af00410c4cebb246bb5318367292a87
BPTS,1d,0,18668,19838,203,0f3bbcc1890a6e076d19c7f54d20c0e5f69df1052d4fabf22629a3c26794c2a6
BPY,1d,0,18470,18834,252,d7b3fffd805fb2766c3c87754fa6b937bc1871cb5a4d9be97eeda374677d53ed
BPYU,1d,0,18470,18834,252,8c9fe7007449413e0f4c37d30221534ad52d409826680f8d0d225599c3c78595
BPYUP,1d,0,18471,18857,268,064e0cd727730153a5bed62362f145f91a23c021b62ed9f8f2b059f38e2785d5
BR,1d,0,17898,20728,1940,33f51fcb8118c65bc118cdd6aca6c8cd2e7e96c02c3d977be7e2aded2a1712ce
BRACU,1d,0,19003,20110,175,27bab8d72bcdb378e80d26cf4ebf1ac6133d557761417857eae0f18947bc92cd
BRAI,1d,0,20496,20728,161,6f9b3b0fb176f8d07057a9b035e2359a1ab5861777b6e465236d6dfe4ad6dacb
BRDG,1d,0,18824,20329,1034,a85c0030b799b16e58a812d9c5800b7db4ed54c001c2e556f367eb816a896274
BRDS,1d,0,18687,19622,602,ca6fe34ce8d8155610c5393e385fb1c74c34045ce5ead873a2dc12161ba77f57
BRFS,1d,0,18470,20353,1293,03de96f4b163e2d0a40db2c670143fd96bdcc9a96ff1adbbf8385de8bc5d2a04
BRIVU,1d,0,18754,19458,84,ac0f59abd1b875b8b822032d5374c8bcceded06bd8a47b73dbb9c9246c05783b
BRK.B,1d,1,17898,20728,1949,a5c28bffacdb960248cabe6bc5b0533563dcc323524bd3743a4b212e91eff362
BRKL,1d,0,17898,20728,1729,63d81a679653a1ebc2d24864e4fa3bcbd7aba04822fbb7079b31cc428557d807
BRLSW,1d,0,18906,20727,1235,e929070524d0f0c8c0a6a21f9943ced8a74e09df10c15533421b8a3e91fd2279
BRO,1d,0,17898,20728,1940,340e833300fc4b6e0b4aaf06dc1a3efc29b53f12fc79708826f533b6203435ca
BRPAR,1d,0,18584,18771,127,d520e7a75f38cb03e83feff7de66368824cf0617734367dda7abcba1e350dddc
BRPM,1d,0,18732,19192,305,a986c796c83797df24344c580132d352ca1b7870b8dccae702be8ba05099de0e
BRPMU,1d,0,18677,19192,248,278344613e72ac932a1f38c3194939ee2851115c08d5d425b2f941cfe42b3037
BRSH,1d,0,19207,19901,407,96db3bf4b569e12c2221254f33b93198918afa9c2d6012820a4873e86ea60a84
BRUN,1d,0,20087,20728,441,e923f3f27ad0a8eddb4e286ab51ff24dbed167a4666586c0159b339905aa0463
BRY,1d,0,18470,20439,1357,14c77249f17cd1d1753bf5378606d24e3dd6f3c04dfd01f713b2ba9fde72382c
BRZE,1d,0,18948,20728,1223,c2569182f14f6902917b3b575d1ab11cf3506b853bce9ea9d0b7294278636c0d
BSA,1d,0,18470,19006,373,7c7db16bfeee0e6cbb8de0cf6c6e27567ca7702a3ffd1a26e420a17b78087fbf
BSBR,1d,1,17898,20728,1949,608107c32c4ae4520a2a5e6f96b63fd5a1d9f02d428cccc5e426bd29c860d5c2
BSCK,1d,0,18470,18611,100,2dd0cca421ae3d76f69d36dfae08729e2b467dca2682814b51c09b3625c1469c
BSD,1d,0,18473,18726,175,62a42b950ded0dfe98380fee748d7a6e5ba8d3da5b4940917b2e13671d1cbb1d
BSE,1d,0,18470,18726,178,c5bda2de376d672d90472146e48301d09e71379d08a85ae4499d69eb146abcbd
BSJL,1d,0,18470,18976,352,2be07853c142f815a402fa5fc804e9838bc61aa5761aa38df9460f0e06239292
BSML,1d,0,18470,18976,314,d277337ebd3caae996e302d03f068672a511da822bf04ada9111635c0ea511f3
BSMX,1d,0,18470,19481,589,684b07d8cde81795179b5bc79b205c6de4a9321cf102faa0ed09eb70d73d5331
BSQR,1d,0,18486,19697,574,942f98d930799caa7426625aad3e8159c06b499857d0edba73f38478601205bb
BSTC,1d,0,18470,18597,90,cf7554db77721f626a5227b692259260a51d2d2f6ad126f5b1f0105a11b44818
BSX,1d,1,17898,20728,1949,7cea0123ee73fde208d62bd1acd0822a8f6198461f6863bb37930b36a331627b
BTAQ,1d,0,18550,19052,341,848cc5b2935524e1bc2620b5509b79100f6ab5dc412d2f861aa8b1a488962a2a
BTAQU,1d,0,18501,19047,304,953b41a8c12ea10ef68f45c31425edc62d2f70350c8d1f0abe9ad057f42d3432
BTB,1d,0,18794,19607,429,b6aee1022fc1c5dffc4ade78b71b5103892a9510d0a41935220702ca260658a2
BTCZ,1d,0,19914,20728,561,ed9d4235194257af6ca1606f5fd9b63e316a4df778069b65a41f7c46aaef281e
BTDR,1d,0,18836,20728,1302,c56c1c4cfe977f756e51fd25ef20492e2253173b629372f959156795dfa1e63e
BTE,1d,0,19411,20728,906,74020e163f6eb5ac7ec57c0684984b4fae3f7514a96fc9d484c13efa9bb3d291
BTG,1d,0,17898,20728,1940,7082f938ec0cc1cbf74cbed9efa1be132d1dc75f4f967472c187631a22c90e34
BTQ,1d,0,20357,20728,256,00f07a97a7d72c7f38375a64db3bad04154d291c79ff6d16f845b4546be9bc8d
BTTX,1d,0,18710,19797,540,5d531628e144b4143aba17b4e444e08cf19112f4fa576173a566b005a7b88932
BTWNU,1d,0,18551,19642,263,9e30de6f0910df281d3176268f83fadb1f95f4066739c9a701c3761f7b135872
BURU,1d,0,19389,20728,849,8fdd8288f17da2de1b2606992d916ff1752701c0cf167414bb1ff6c19efbc9e6
BVH,1d,0,18470,19738,834,0f11563b1e383e335a305fabbc4836b48eaf955be86be81f8177689c8aacb342
BWACU,1d,0,18579,19535,77,e3b87e3bb6d64597af840959fdcd0750da180d3d21400d9bcca48d46d5e82c1a
BX,1d,0,17898,20728,1949,9a077c1d86986e1483cf2c4946e77a8ef618e735e0aca3b1185ac383f073b453
BXG,1d,0,18470,18752,196,82a75898365bc0a03c27e6ed6428aa3e61ecbba2a82df8370cbe670be18c5afd
BXP,1d,0,17898,20728,1940,c5bb79f65fd22bd08c7f9a50ca3c9fca22cc0a3053472e6138fa0fc9b896c4cc
BXRX,1d,0,18470,19676,663,56194a80fde997592e1136c854a3866ea9faf07a18835c712fdcb905dfe3d250
BYN.U,1d,0,19012,19697,87,9897de3d0f96962d191cfcf69f11dece264c422be9522e52327794722e451d9b
BYRN,1d,0,18752,20728,1360,2519d929f37bc486f353711d5e2cafb469afc9ad09fef92a20bb9f82a57d3431
BYU,1d,0,19660,20047,140,65a3680339d8effc46d3bf60f962828fc3e216ced0f050e71b0fa10e3d548f76
BZFDW,1d,0,18691,20728,1396,9dcf1c2b8887dfb24bdc29b1a25bc599bd67c047153a81a45749744ac220d872
C,1d,1,17898,20728,1949,1cf883077bbf4703cd22e5d9d2c5205bfb5589bbd92df52e115ad0d915b48879
CA,1d,0,19727,20580,491,f96e9cb9a606ccfaa210db02710218530d61c8bec2bcb6c867cb29ad46861998
CADE,1d,0,18470,20483,1386,a930e674e5e2c05c22ed6c47ac2a97156d6449b61fffbdd784dc11a3ccde57b0
CAEP,1d,0,20265,20586,150,454868e340be8dced2aa82a12fa26c39f5b3c70a827eba32fae5263ee5c69c13
CAG,1d,0,17898,20728,1940,71df80743278acd50c1331b8edcd42c6bfb113d99edcecd70707d1b0a3c997f7
CAH,1d,0,17898,20728,1940,714013fd98c037ef1bc8bbc1cf671c4e9ff15d9501d80f99f542e4ef8825da6a
CAHCU,1d,0,18654,18894,157,1d066db5e4dfba4d1d910b6b5606c6cda2ff365b51f6d8559bc271f2b79e47d1
CAKE,1d,0,17898,20728,1940,a6db87ee0625faf2a57156afd3ea58a8fec20e44578a265e48c1b76561f3079d
CALA,1d,0,18470,19389,598,a935499c7a8c9769e463daae125842f7a8ee9c1e6f9d1151dc1e9d0a40b3553e
CALB,1d,0,18470,19935,608,abec3a6d2d10226da1064f327a88710358529e20b7cdd11406197d1b94635ae4
CALT,1d,0,18470,19986,550,813909e576583df83b29be18912e1d8f46cd07794281da8f8f4c7436d54c9b13
CARM,1d,0,17898,20371,1704,f015eca3ca1ebd0a9bd66a2f6077f2f6b424dd73bfaabe854e97d1f655b5efcd
CARR,1d,0,18355,20728,1633,c04d80260865d7b240eea37c83fe34d49f7964027e0f9c6cbffc9a75e86ec1f4
CASA,1d,0,18470,19817,926,b164bc1f7342a4a7fbe7e93c61261c6adba871154835b648d3a5107fe809cd9f
CAT,1d,1,17898,20728,1949,0d728cd20c656bc3ceffca3d1d7b36d73ace2657aa97bfce238761c7af4694fe
CATC,1d,0,18470,19916,765,85b3a3d7a23d4eb74b764d645c1ea92729002200121e82727d587a3f24bc8984
CATM,1d,0,18470,18796,227,bfaf6f6552a766e51593d3148677320c9221d791c1f8f1efdd3bcc98b29cdbba
CATX,1d,0,17898,20728,1940,ce99ff49ca0327e0150d54530e50bb38de5ac328cc48b5e04964f1720f8fb7c1
CAVA,1d,0,19523,20728,828,8a41202a962fdabbe68c1b8fea1271370203a6b2fb0269e5966fbdca980c446d
CB,1d,0,17898,20728,1949,bb7b62c286a206ac8344f2be22f42c95656e42ac84cce7b24bc7e173f4d78e07
CBAY,1d,0,18470,19803,920,018262c4bc13264f59e4f8e58646cc0e2c84f015902f9f5119ccd5268c0d994d
CBB,1d,0,18470,18873,281,b5932a8a209b8f1296788b7eb19dc500388e2d7fd92ac496e4dfd885c05dc9a3
CBD,1d,0,18470,19831,930,f94ac05ba6c1b5e6d2e321a393b1ed97cdb3f3b1772a8246344a465779dd66c3
CBMG,1d,0,18470,18677,144,c35b4edd4afd58dfa200bd5ed302e80779ad27e902ab59a666371352498ec726
CBOE,1d,0,17898,20728,1940,f24d7644a0982e0ab82f3f7eeb131477eeabcffc411bab0927f382210595a9c3
CBPO,1d,0,18470,18737,185,cb7858d9015afee554d68823db9971709fddeadac890278f11712530065d179d
CBRE,1d,0,17898,20728,1940,16241adf01617d0ddc8c448add87e7a649e351ce8e9d34780ea93c23c927f9cd
CBRG,1d,0,18996,20728,820,28bcacc5b2828063537f58099f0896db704c700651001693087255a35ab1e52e
CBRS,1d,1,20587,20728,98,3ac685a6c75cfc1c82542804b5c890b3f7d7be76e13a98d64507b1ef2251742e
CCC,1d,0,18540,20728,1506,8d45d17dfeacf8cd3e1ef9b002c4ccfef93f9e157ef3bed3fb517ab580916f48
CCCC,1d,0,18537,20728,1507,1da98438143c6f978211114460bdb7488912e63afa6e9f629b7af0e559c935c2
CCF,1d,0,18470,19675,751,fd35a55a18c814c114be24020aeb086ea41d272e6db4725f44d39e43aa072fb4
CCHH,1d,0,20364,20728,251,fb0d01071109c765c3e137da20fb5f8e3a4b287ebe747923a6019f4fca9102ea
CCI,1d,0,17898,20728,1940,ff2dde592e3f94335f103dc23b85510d06f72f150301d4f892961e8f738af2f9
CCL,1d,1,17898,20728,1944,87007494d324570182d2fa627b2f11ed9c46c285af4a34dfb416de2bf2d82adf
CCLP,1d,0,18472,19814,623,7684a90d3ad2d624792a2a32530cb41a66a9205303de117440d1eb8ec79e55c0
CCMP,1d,0,18470,19178,489,08967ecc42f42b797782ee39362869d6a4bf50cd8317219c95babd185e821fc0
CCRC,1d,0,18470,18814,237,a5e31c2b5e1174f698ba43f71d77ace1b9fb43cff3ea4585104625ae09d019b7
CCRD,1d,0,18991,20391,875,05b5bd6e097149b0abf1194793dc061c6d266e8a9fed3b614e9f6a5c6938406b
CCRN,1d,0,17898,20654,1896,642ace3c3aef6eb4ea5981195713374cfeb9e62a04b742eb2589f793d665b66e
CCV.U,1d,0,18612,19625,165,400e4f5d4cd4bf1a74fd9ce66eed35896b0d945a11868b7058279d1a70ceed78
CCVI.U,1d,0,18670,19688,206,c83efd51c2adf21c2496a771a3c7a004e3345bd2b58578a379018c05d8d72ea8
CDAK,1d,0,18549,19451,598,a74561b2773b410fe0383d4a045cfdb660f022a081b9a3471bb9f66746fb294f
CDAY,1d,0,18470,19753,882,bd756928f97aae26db0cc07567623725042bd1301fa002d6ffdf0c8cb29011f1
CDIOW,1d,0,19006,20727,1170,7a79506d419f40beabc2cbd30d6a5a227a3c513f3f8fae6d7f69fb987eddd884
CDK,1d,0,18470,19178,489,713f0c09a25982e26db18a75fa57574b4b03fe60c8645a7412e60fd9830f1e37
CDMO,1d,0,18470,20123,1138,eb60b78b34f2d89d1ae4c7da1820af48939b3cad017a556466d32b6b152b707e
CDNS,1d,1,17898,20728,1949,424357bee65ec1e626e251fd70069b024bb2a697ec4ed8565be6675cb56f14d1
CDOR,1d,0,18470,18991,362,30b7b5184d1d7172ba2daa3975a0aa2d701b24bbe756b6730c21755b2be41c71
CDR,1d,0,18470,19226,523,35d6ef42724a246257b47feb197e32af150006ff959555750476ec627e14fd95
CDTX,1d,0,18470,20459,1341,3fa8d8539c27943ded589c63f52a69fd8f65082cb7eb50375eff785b5127c404
CDW,1d,0,17898,20728,1940,a1ce3a036231a1308a319fa528b56af0718f9434b6a5d68e8d601a8fe374f76f
CDZI,1d,0,17898,20728,1940,115945b4e016aabef22f23fe64ac7c79b5656e5c710e35761f9a9ef63f96b161
CE,1d,0,17898,20728,1940,4a2139a72df8f3469917d710d303b5cffc012e9405e5041c65feb44bc69faa42
CEA,1d,0,18478,19390,295,c8decbacfb7af842941f90032fb30b6f6f87f9b3a3ba143638ab9e7a70841dd3
CEG,1d,1,19025,20728,1171,7d9dca05993687a3386238502837bec1496c3ecf7a616f329107cb4bc334e17d
CELL,1d,0,19438,19629,133,a1e01668cd84bb67237f27ca272c70302b1ff0cbba5bf81a307210c64b748aa3
CELUW,1d,0,18096,20655,1760,dd7af37f4127904860ab80d05ce186069508fbfd078c892e8b6ed14c0fa4f7d4
CEMI,1d,0,18470,19472,655,a9341f6f924e796316da8803c8fd8a1bbe9037563b8ad047c92bbe7eff16f55f
CENHU,1d,0,18662,18873,142,030e2f986465fcef5f97cbc842c04b10f2a193486e1a55223e551d7b3f680223
CEO,1d,0,18470,18694,155,982bba156d26394548c448678a9681963e99852d3b75e91b9c3ab9fad9b008f3
CEP,1d,0,19948,20430,194,f11ed91baa54f4dbbdfe213f4094e986b21d2fc4d50b3372bda2f9d558a3241a
CEPT,1d,0,20210,20635,292,31c0dcac2196e25b528d38b3c2efc1ccb684d6e450b13dfebec8bcc2e98d0409
CEQP,1d,0,18470,19663,822,69d1fd41ab995d9f98107a8579ff93464862c0714c28d060146c90d0dde09566
CERE,1d,0,18563,19935,944,9a9c6d3c53770e0bec1b112718550f4f648a64293f9e2622401be63bb92b7cda
CERN,1d,0,18470,19150,471,1474901d62b3970d722b36171fe71633b3d0240ac8a1d404b25109de2d0dd3f0
CF,1d,0,17898,20728,1940,a81f5c982a9c40d3199f38e6bfb6223e59751768b105f7ba9e3c24e2ab110031
CFB,1d,0,18470,20147,1150,6ff5c0d8b2e6687bc7046664089edb2ffa034ecb672bd11c6daa98b14e746492
CFFSU,1d,0,18977,20061,72,9f749dafc5e268e6185a20ef28ed48f22481109e28af2d795793fee45954f10b
CFFVU,1d,0,18656,19017,206,48ddc3f615f2b1ffff0c3ff15a90c3d2ad706bef0aa0228c876c1e5abcf3be84
CFG,1d,0,17898,20728,1940,5146472df7a53458f668ef0dd3d0763856ed33397ecd5331005978f4b27ee9b8
CFIVU,1d,0,18619,19662,164,6752fbd9bd10dd843cc180f7597437d7980d2c9eaa1a5d759a43ee51065e2ba9
CFLT,1d,0,18802,20528,1186,d76aeaff18a438d9c4cc6f1be21807ef975f62c34fc3f2f38b62bc9d13ac912c
CFMS,1d,0,18470,19601,708,9d34d09097ad97896cf675b787f18b4889592a6e282cfbce2cf56ca60b6551a0
CFRX,1d,0,18470,19669,783,912b8144433b1b0d7e745edc8a2a8026c29f397f3c6226a342d0f9709c8c0925
CFSB,1d,0,19005,20392,431,7e16b0ff1716001493afa1df5dab22f9f8886d48fbe710a971973333515f444f
CFVIU,1d,0,18677,19250,351,0ee068e79b2f467f635711e3af869a1bfd1d25bbf8f1d3102231de6dc04546d8
CFXA,1d,0,18473,19006,336,77327bfa80aebe70f3a7c5ce71b953cf8ab5a585ada5ee4743d2a05d34cad685
CGTL,1d,0,20053,20728,463,bba43682a97bbada31b3c0055af39a4c07df351631ec3b74e4a0a30ef5e7d819
CHAC,1d,0,20227,20538,208,2a209c969db06421827fcc23ce523a6911ff44b3820b79fb847481128eca551e
CHD,1d,0,17898,20728,1940,229aaec6e145e3a0e7807af72355c6eaff0b00dda68dd792718b9c7e0a3cdb7d
CHK,1d,0,18668,19997,916,60e1eaebe3f82cdd23062aeb12645da532956e06bc1d5462c693ab2571ffce85
CHL,1d,0,18470,18635,116,4e0c30c6008d023f75ee47e03e466d563dff6c965dca7b82646980727e46f290
CHMA,1d,0,18470,18844,260,019f8eefb441e2856ecf28fdd39ce341d4e4398e115842ff087977989d424e87
CHN,1d,0,18472,20390,927,c98d3fbd81b3ade647ea49005cdfcc0180288e03491beca782b0ae668f6b2105
CHNGU,1d,0,18478,19172,426,24e08ef141467cded39fcc47b9c9d87fc836801aa045e78dab9af962763f2649
CHPM,1d,0,18473,19104,406,80e9bc745234729416a897b18f3277c9edcf809d5c7982973a541987a40784a9
CHRA,1d,0,18470,19450,506,7cfd842b11c46837deca9ebcce3694ec0538bbd6ebd259eb6bd9b53df1d7c902
CHRW,1d,0,17898,20728,1940,57c2a5b2e0c435f58cdbaf86503a42071d1804b2d68acb5fb5da5b3dfdfee8da
CHS,1d,0,18470,19726,864,9762b00c7249b2307ede09f683857ec95c418ed3b63082b175357805f98123a7
CHTR,1d,0,17898,20728,1940,23152a074f24f94ba28802683c8814bc20c084f6047692d028bacc4ec28f007c
CHU,1d,0,18470,18635,116,fc2fedce209c35933eb08d3fa3cf7433ca544f8fccf170eb431f3babca289beb
CHUY,1d,0,18470,20006,1060,d6d5e13dfdd9b6b6be7daccfedc5c40b8dde7f02467af034878fca3002ad72fa
CHX,1d,0,18470,20284,1248,6c73646324a3e48632cfefd4dc811ddc461c38c722d568fe216d4b464d124755
CI,1d,0,17898,20728,1940,e75a62b6164ad93a870c5a8f73a808e2f113e22f36bdeec6f20835af84ecac54
CIAN,1d,0,18936,19048,76,f1672407712bdd3655a8b0f4f658c8349887dd254bf397a2b1f213b88e29ee96
CIFR,1d,1,18603,20728,1462,0bf7aa915aae66b76b7ad1768965d8087c56ba4f1e098e764523f8277964cc9e
CIH,1d,0,18470,19461,283,87faa31f99c1366b7daf915f8c05562e5ee0a71df579aa79135012c91773164b
CIIGU,1d,0,18885,19447,79,6beee97843999104a589790ccd6bb2646858a82aa33b28dbf0ad826614c1bf61
CINC,1d,0,18999,19411,283,8b3276ff71f84d6e4abae1febe95f85f61dbfd924e9abcc5524737511371c4d6
CINF,1d,0,17898,20728,1940,c7e7ad29c3438d443f440037842caaca489d05aa9417065ef0c724607516db96
CIO,1d,0,18470,20461,1368,0545418f876361e5861cac0eb0938040e6392f83c8c9b5ecb093e92d6fa08685
CIR,1d,0,17898,20728,1270,96978c0051a4e55543ebb63ccdea12f0e0c1ce0e3fff679353594a993da8541b
CIRC,1d,1,20068,20728,453,bb5ce4b29400d9f2844119003f2af1f424c1c9c25a78bd1de775a5ad6b82a26a
CIT,1d,0,18470,18995,364,5ebcf0a57b2774599d57e8062a1958964850d77c5f421f30395bfe5d226cc2ed
CIVI,1d,0,18933,20482,1064,ede96c3cdd7d818e443c940a105a69ba82c45f7b881026b4aae98b8a1b38f873
CIXX,1d,0,18584,19376,466,2ff2138dc78acd38027a8ad8fce4d55f3be38326babd76006e647a5dd51826e8
CKH,1d,0,18470,18732,182,f8c1ab852c5f02e9d6f424be799aea7d0bcec72665467ab07a231888b358c84b
CKPT,1d,0,18470,20237,1206,69176ad068d4337347057a712db34096cd79071e6f4eb4ab3e2083cc4eeeb03d
CL,1d,0,17898,20728,1940,9da7728311a002ef66c2dfde4ec3b92bcf33b37efcc8c03a4625853638ac10f5
CLAA.U,1d,0,18696,19416,73,4026012b42ef15107590e512ac85d9a6d7887171f1617970afd211e83d190b73
CLCO,1d,0,19437,20461,687,bc8cf0e4c2457781c40e52ae50706cf7a806473de41f9996072c3bb073154d84
CLCT,1d,0,18470,18663,135,85a43bd2a0421dcc7e0f3ade97f379d7e48e2ddfc13e8ca72dbf83ddaae78f2f
CLDB,1d,0,18477,18929,270,b7006040808cb4980522c7142c138833cc37063fc0b968c9f5838dac6f3b867c
CLDR,1d,0,18470,18907,304,d2900b100fb7bff0ef5b1032756d3cea3cc3c726cf2575b6222a4d783015f2ed
CLDS,1d,0,18696,19258,378,2c161e2bed4f13193a66fb6b7bd0cb077a8b33723d8a7527bccbddf94d901b76
CLF,1d,0,17898,20728,1940,34503c10d33b84190e8ebec654b933155dd212f72d37184e0ef2e25c1b12164e
CLGX,1d,0,18470,18781,216,56f25532dde268827e6ac16039be984fb7aa7b252434fc642cccd4620c4f2cc5
CLOV,1d,0,18425,20728,1585,5db6762e365efaffe5ad1024d0489a4327368c61d770c4dbf64a9faa26d4c924
CLRO,1d,1,17898,20728,1949,b21b6aef263e2a3c854a605708a9c0a0aafe1d9d586bc4db3094aa2468c8bdf2
CLSD,1d,0,18470,20420,1283,63f9910c006fa5f5c83b25288352f9f34559b4a0ea86a88ac503a389a8292b0a
CLVR,1d,0,18614,19859,730,9bcaad638906fd44f7aa995d956c4af27a6dc0a22f778c4c765caefc883515aa
CLX,1d,0,17898,20728,1940,2271ad7dea457c0db4c9093811f337574427c77de63ee37b532492c136aaebdd
CMA,1d,0,18470,20483,1383,6b35a44ded333e53809bb051cab40ef6b20eb0ccf40e8d04974153cd7964e944
CMBT,1d,0,17898,20728,1940,6b2731b6b2b599d7df5826a4c06790ae927998e89ec5692c434fc2b185071a9e
CMC,1d,0,17898,20728,1940,b948fbac04155743111069072612273860362d25a9022204ac0bae1a59056fb3
CMCSA,1d,1,17898,20728,1949,31429f21f524a01b9425e697bce604bb96c668b134f964015d8b90a6125ffffc
CMD,1d,0,18470,18779,214,6078e551692e7bc07c987f51bdac167d928d44484ae54439c86944dffab6eb8d
CME,1d,0,17898,20728,1949,0907d2dce4db90f846fb873aef528975965985f80cec915879ac60bd0032dc27
CMG,1d,0,17898,20728,1949,a4fd8a2fb2d893dec7effec5855fcb232732c66e9505c47225c396af92c75961
CMI,1d,1,17898,20728,1949,16b81a86eb3616917e48c296714a86ac44cdc750b5306ddc04628924fbc79b13
CMLFU,1d,0,18507,18830,219,a178a5dbc524ef856844d2cbef9db3ef4f8508d73723ecbf562d23aba4774667
CMLTU,1d,0,18724,18978,179,a1e7163573c9f63ab97d7d80f55a063940ca1c300ef3eaf9901ae5db5b1f8ef2
CMO,1d,0,18470,18918,311,c0757b1ec354967103b660eda831faa4a9673c5a5815a0d9b422532342e04ad9
CMPI,1d,0,18481,19139,456,690b0fceabd89940ab297083e26c934e1c32440dd391716c201c4f8900155dc5
CMRA,1d,0,19132,19677,255,ef27df6ee5070b04e4f7195ebf0d07a60b76728b18bd8f9662cef99512ef95e3
CMRX,1d,0,18470,20195,1181,8ab8543101639c04ea59538d7dad8d5fac17e4d0c3a97d89977763d57e338499
CMS,1d,0,17898,20728,1940,11354a0573554947621f44e10c69954a1e8ec0a1377cce953e8bcb696cb0110e
CNBKA,1d,0,18474,18943,326,a50a79f3c06d4c742f2ab3bd7c3f1b4ba951fa43eb81c8dad64de21a1d0e6c4c
CNC,1d,0,17898,20728,1940,9b3ffecbeee53f3df6f1c238e27808b657e1feab1628a71faa8da7865335294b
CNCE,1d,0,18470,19419,647,be3afab4f05d287654fbab6e4264797626d1cff488f1f2726833eb1f1a71e9c4
CNMD,1d,0,17898,20728,1940,591e1b5042f8325ff86c87a856b5e5324edb5d83b9a70b246fded0ea32f095bd
CNNB,1d,0,18498,19391,62,f0ef8cc2af184c9f3f4ba364a6b462e9e32b07c2fb3b03455685b479a8c9b380
CNP,1d,0,17898,20728,1940,38c975f7e2a8315a1a38a5a9ce6df62fb42ad293f2197c72d93b645e12cd0da7
CNSL,1d,0,18470,20083,1113,74294bdca4693bcda8ae46082641d662c022c340ef8f604fdc111987b0aa59ea
CNST,1d,0,18470,18822,244,1fcbb103b447f2c0ec5c38267316a8319fcb9e1a9f475beb0891ab16cb3dfe05
CNTA,1d,0,18775,20627,1265,889c1e8af2e46a8a3dc74dace7dcb351b898b6eeea38505a95f6527ed3f30c08
CNTG,1d,0,18470,19942,715,3c48ab2e43c96a46099f3d5996eea296a115f3d60eed8a36d177eefb8f7dd439
CNXC,1d,0,18590,20728,1467,6b7413738f5246ca3e1382794ab7a8e9d20f5b438b731b4c88d4fe5c14828d91
CO,1d,0,18470,19258,516,8ce9583b9f73c2e038be277acfe313871d7eb4610118d4511b7a84177acf8cf4
COEP,1d,0,19296,20567,873,0641aa716c68b08ae27a3bc441f47ff8a184e18e663b09ea2a5b6f3739e96b22
COF,1d,1,17898,20728,1949,5a05ccf21e2c797c64fa35d2b7f59d0cdd9143a7f865086332158b64bcef8592
COIN,1d,1,18731,20728,1375,6155457e1cb241da16ddff7d8c10e62a6d4334675bf85c4997046c74fbf120d5
COMS,1d,0,18649,19752,662,f3045d021f15d97f94fa06ef9a6775c6ed3513f7f7ef0611c8bfbce475571b65
CONE,1d,0,18470,19075,420,100f3a8a628aed7193a12d7fda485b4d09eefc42ac6bbe8149e10ce5fc5978f7
CONL,1d,0,19213,20728,1042,2d06f5d490afb1881523b1e5bd625d8f41cf6bc8f2673959deaa0d22f9778cd8
CONN,1d,0,18470,19940,1004,2ddcc59395c9154bc3fa041968d8e0807ac9cb4951a55fff0506f3358235b9c6
COO,1d,0,17898,20728,1940,c53f5f0c27ee6b694b568266a329efaef1327ed63f11c8a735fa875692839632
COOL,1d,0,18677,20728,749,74cdeaf62cd82a0d97c02d4278ebde1025430a7bd810dcc54cc07ee7cc4eea4e
COOP,1d,0,18470,20361,1302,061b2299ca4e1297a1f253c0b8cc2ae85da86518571dba38d278cdbf56633902
COP,1d,1,17898,20728,1949,ab020646f8d9b3cf447aff34ea0a0766f119f2c35e7f2fc70b99ed29a6086639
COR,1d,0,17898,20728,1940,628facb635f49c01c3e7d13fd83e18efb7ceccc1ac8a3f1d563da979c27c057e
CORD,1d,0,20357,20728,256,c12073277eccf2eaae04287bb7e1f4373886173829546c04feb2761552681c45
CORE,1d,0,18470,18871,279,c64e361ee845c5437d23a2df6b85bc77a606018bba21eeca222b8575c58a1fa5
CORR,1d,0,18470,19692,658,540b77f0b08e2a1e5865c9339b9916094cffd3dc018359a121155e51c42042d6
CORS,1d,0,18891,19541,89,b241bdf1b53c5a9ad7953470e82d00ec79b1c59cf211a445aee108993a3926ce
COST,1d,1,17898,20728,1949,02b6ffb2ab1e56f65654fb49d799575806fa37a830e188a10388d8087774e944
COUP,1d,0,18470,19415,652,352cea43a54eef1cfad275c127eeac0e7377a75dd4ab035ebcd7a5c648ac3cc5
COWN,1d,0,18470,19416,653,73a615d9c55f620a0bb909d917a64672ed9865abb4f25c5b7326d6f09fbee424
CPAAU,1d,0,18505,19579,204,31a4677a58531d21662a9b4de82b5f5a8020b9424b4bc813f62c8f2b98a0f8a2
CPAH,1d,0,18477,18684,144,4e4b5b7c577285a224a2e92c7bf30f0d70fb3a026542645f32f334ffb9c86daa
CPARU,1d,0,18765,19387,127,543ec195babde6669ba09a0b2ca1a57fcba6a28096a2427aae360d6e00566ff6
CPAY,1d,0,17898,20728,1940,f39489ede4cc7a6a8ff82786b977cbcd84aaccda95d77ed8439b6a445d0d2b51
CPB,1d,0,17898,20728,1940,8d395d8625a32d2e054bc3f632a1f33704235cdea37f16a37c766b64bbcdb023
CPE,1d,0,18470,19810,922,f1bdbc3e05e9ef59a8969fb88a8df7f40d96e1bae0d89f0b8f54d7246aa11f22
CPLG,1d,0,18470,19053,404,0bd7bb008ae209f0edcd82c6cce6240604e4e3ae814bac5523f5021c544e4198
CPNG,1d,1,18697,20728,1398,c74887594ac8c93e632df5b95e445a4afb53542e087e4ee085fb88b5183bd07e
CPOP,1d,1,18808,20728,1321,67feb4a04a112c0afcc99c2fb29ae6a4935175a24ee898563b4677b8e4b0514e
CPRT,1d,0,17898,20728,1940,8b96c3d7c671d81a410d28a8a648db7bd35263172da0cdd40d453bfa181d9e04
CPRX,1d,0,17898,20648,1892,683644d9a04b9be7fb0dcff10ad413753e7d748d1fb7595fa2d503a0625fa4ff
CPT,1d,0,17898,20728,1940,2fda4e33490bf2c631900233a9d5c2fa6802c55fdebb0df3d6a6aa3dd839338b
CPTAG,1d,0,18471,19139,418,ec31c6638d1efd0deac289fc49e2902c5fb1c8b7baf6c3d3c1132ef5655f17aa
CPTAL,1d,0,18474,19139,434,cc44effbb997806a4c5c6fe1a01b21af14cf58eba92b001620af32e8212d130d
CPTN,1d,0,19034,20094,638,eb0af07651e1575516259bc876ffd9e9b0c917d19e7f77ea6b8a4e473fbbbef6
CPUH,1d,0,18716,19570,399,4f837edc72a4334dd2e2f0e946a7ada69a9eddd64123826a9ce746020ffb67cb
CRCA,1d,0,20307,20728,291,c732797206c7918999dabe60fb3de60ff0dcae06a43b81bea50c53ebcdb52c85
CRCD,1d,0,20357,20728,256,9c16cfa26ae957b31206184163b5cef88152cf71371ab88e5354a9288f4dd61f
CRCG,1d,0,20311,20728,289,975e21bc503439924672c80727edac5181c90cab5188b5f17073ba04ea22713a
CRCL,1d,1,20244,20728,334,f3bc46afe5c2291d382bf12adafd57169331a4827589ec9d896021bcbfaed09d
CRDO,1d,1,19019,20728,1175,8bbfbc7549a7c736ebd3aff4d6de59a8b66d7a0cb09df130e6decc38e595dd63
CRE,1d,0,20292,20728,302,21ae59ccace7be205102788183e085227b6cd51ca9d9bf0cf061ab7983f749c2
CREC,1d,0,19003,19538,64,86c2e671af01ccdbd925a9299202b4bbc9c7254298f70c36c764d1f03ebe0758
CREV,1d,0,18744,20490,510,999110377e5211357fd01c29862f8dac73963ab53d2cd58114c1a3373aeb0490
CRGE,1d,0,19094,19781,472,45c33aa5dd2e564ccc3fcba38e0faa63ee042c5d5f0d88263eb9f2cfaace1f52
CRGX,1d,0,19671,20318,442,82b826e6edc79ff4413ab1fc4cba2bdfe525b81b8fbcc0c16ee042ac5869c78a
CRGY,1d,0,18969,20728,1209,c840d9b23f05201b92ffbe1ecd9dd3152d9f5932ac7b517802a710598afd584d
CRHM,1d,0,18470,18739,187,b8f08a81f3defac0cdbfad59f3992bae9fae4e71bee13c01391af49e962867ba
CRK,1d,0,17898,20728,1940,7ce3cadb0de1f5f0d2a81dd3363eecfd416127fd6c86a5bda540fdf2265de3eb
CRKN,1d,0,19587,20151,219,d9d11cfaaaad7a350936fde237b1bf9c1b7c9503b7484516a5f25cbeedcedf22
CRL,1d,0,17898,20728,1940,87db8c015ee149d4020183e9b0a37e8ab55f08629b7c5090ce0dbe917f0f5e8f
CRM,1d,1,17898,20728,1949,7049a52a0117f6843533c7c5eb00d44be56d142f52f857751d8b3b215cca08d8
CRMG,1d,0,20182,20728,376,131ef7b95e6466cd822fbc3ef532bd09f29d3d29900ebd361e7d390adfbef894
CRML,1d,1,19030,20728,1168,710dc662593ceb2349654877f7e5cdf6a5ed6ffe1a4656361debbc747347ddd1
CRNX,1d,1,17898,20696,1926,2142fd24a966e398e8b22f77711c59d38ad8bb628c1f962229b0eae41f57ffb5
CROX,1d,0,17898,20728,1940,9ffdf1bc1bdc571bebf8caa36b469591e853eadca264cf996fd8aa2db1378329
CRSP,1d,0,17898,20728,1940,33494925e8dddafd70f3dce3cf1424aff01df2fb7ddbd45ae13fbd1420d28fe4
CRWD,1d,1,18059,20728,1838,05819efd1d6a5499ba70762d42a585cc4342a501b23b740826493459b7b31d2a
CRWU,1d,0,20294,20728,300,ab3886098fc69fb33693258d90ba5dcc34b427812dba7173acf3de5a0a713007
CS,1d,0,18470,19517,721,cf8a1a85484834fdcb2cd426b8f4cf21971a8064c6d7c6e7560fc821c758fcb9
CSAN,1d,0,18697,20714,1388,5a580730c10fc08f79879eb0b41aaff097c1e31e6ad5ed1fc380b3720e72d106
CSCO,1d,1,17898,20728,1949,168aacbcfc8c0c1dd6a58638da879d2e288d010c732b83be09f8574219ce120d
CSGP,1d,0,17898,20728,1940,33de939aa3dbccb263b6a6c29b8c03629ff149cd0b0fbe2c3e13c014cba413af
CSGS,1d,0,18470,20586,1457,a4aa4aba8175ef492e33f615df95ba774e469d384e179fdd67e2d8280dd94f6e
CSII,1d,0,18470,19474,694,e7c8ffdecdd9c3730cbace174af695721b4be3bcb2a85eb884ab9c07cc26442b
CSLT,1d,0,18470,19039,395,ec3437831efe4b969000b2f5e46a757cd511f6cb6b75e1ff39f3cacdc15a2dee
CSOD,1d,0,18470,18914,309,476ac379510e717d90967ef01555950024d0f82376ae0ec0b7c90f8df1613eea
CSPR,1d,0,18470,19016,378,309587ca27987623d2218d508f91033cfa52a248ff1bc9c2ebaff169fbb4d1d3
CSTR,1d,0,18470,19810,916,7442ea27555ec00cc1971d1541ec0e7fb4ca4d533ef8c62a6991ef60a3fca374
CSX,1d,0,17898,20728,1949,f3afce22fd09cb5ef7a50ee65c550badfd28c4bea7e5b3fe91fbee9daf65dbbb
CTAQ,1d,0,18659,19402,201,021c95443e5815375d09b94311b7147326425ccb84f6b7d8fb5a35e063c4e6f2
CTAS,1d,0,17898,20728,1940,d71b1b074c64a1e7f363095db0ca56e9373a5570a2ae16468fa3be3ad2c2273b
CTB,1d,0,18470,18782,217,dfa24fa71716700dcad27dcd12df89e6909470def52720be474d33c4a3891d0c
CTEK,1d,0,18470,19235,530,9b1c97ea4ed2a8d93d0b026eb94b9ecdb6b2557ccb8cf5ea1025c1de85ede712
CTG,1d,0,18470,19703,702,6e80b280f4e1ac14ce4db4c5f18717c7e4399b5c2f34363773fbcad8fed70054
CTIC,1d,0,18470,19531,724,1e94059ac6dbe30ba1f9d290e4cf929dd1011700e4688b34ca864135f42b437d
CTLP,1d,0,18736,20580,1270,7703038dda4e36c20564df196ab9cf188c59f0202b1b2964712e34712628d070
CTLT,1d,0,17898,20074,1501,2d9955da7c2b6a1ca530381caf74dfe0aab15f7bbce16bf2594a91d0f84c3e96
CTRA,1d,0,17898,20579,1679,15afbc5f5e4f3fc8472a6f2d4deac3df5f5c4cf07746e888586463afbe206946
CTSH,1d,0,17898,20728,1940,017eac03abb3f8fc430b45c86c484cf791780d9a409461fbb4513babc76e3d8d
CTT,1d,0,18470,19249,539,7c28a2729ae5f7023e45fa204c32fdb1d81b18a862afe8a731316d997cfcb836
CTV,1d,0,18471,20131,811,82b00b286763c637afde504f468e38b07ce669f4e3a886ad07f48072b2511c2e
CTVA,1d,0,18050,20728,1845,4c0ac77b286fdfabf98621a4dbcd57e07c995a525f57c965c310247d8fa5548f
CTXS,1d,0,18470,19264,550,cf31dd4548f7c724a45ab15ac0ec8bcdc4f2ac619ed2b6f20421d2426634d7fb
CTY,1d,0,18471,18607,97,ab9e334342325a4b7f20f2a9645673631b5accfb189439d3970137a55c83b753
CULL,1d,0,18823,19923,608,6ccc545688bb8260b9c76fc67c7b6041ffa0ec1ef1674f2342db608b11e881a1
CURO,1d,0,18470,19793,888,1a79c87c3421c839cb8c037dd8eb1cc6a69f55ca0f52272466deb471f845b3b0
CUTR,1d,0,18470,20159,1154,8920858542115235b3b4ebf25da95e3618261987ee53680f7913e7f3dc4b54d8
CVA,1d,0,18470,18960,340,010c554c50603fbfb87455315137d3215f0c15f22cee6128ba58441e4271eaa9
CVAC,1d,0,18488,20458,1354,29c0a7de25fc1cabbdb3d310e233b967667e9e397f31f27e4b8c354be6b46979
CVE,1d,0,17898,20728,1940,4a46cb66dc53c05d8364189fe68bd339f0a4d70ae43a1bb8a2ce662d41132453
CVGW,1d,0,18470,20600,1466,f7d39ff12572d4ce79f93e8edf3c7da8476643bd9a8f26dfc1683a1cef18a887
CVI,1d,0,17898,20728,1940,9ff0033b742c81dd96de773be8e7b66452c9defa318cf04eca69b104cb6958ae
CVII.U,1d,0,18670,19752,325,b662465d5777649fd9ce2edea888d5ef1ae436ac9d8c363de966d88f94cd4766
CVLY,1d,0,18481,19902,682,ec2f093e23fad19c6368adf1b558b66c3e350d116ec2f3aba7cb7c9f439328a7
CVS,1d,1,17898,20728,1949,873444b4092b1cdb54c914dd66331c823a6c6284b76e063cae5f03cc91d73ad4
CVT,1d,0,18970,19522,380,c222bd6ff1dbc671e0f7ac51b460ff552f0789fcc5c635169f693d2cc24529c5
CVX,1d,1,17898,20728,1949,a5bb8574da140c7e7664d7864ee12ccef41885e549c5e3c697989d14ec221578
CWAN,1d,0,18894,20628,1189,6298877fddc02f4300bc0eb44478f9144b47f5037f1e092ab64983083a6a4a13
CWBR,1d,0,18470,19689,640,9b0d518087d6107b9973a0fbd859e494aa5935aae87f2950dfcf188c50bf1976
CWD,1d,1,19494,20728,848,16dc635ec0c7ece4a132bc73254151394e6861d7919a7608b1d5cf43dc7dceba
CXAC.U,1d,0,18999,19641,62,17aacc3645b32a34de8bcbcdcb00165c5f1a031c92e51f64773484d65ec3f3f5
CXM,1d,0,18801,20728,1326,ed2a35b02dca9dd048cb3a939720b6f28a31c29ce474b2abb6ea924d4cd01c32
CXO,1d,0,18470,18642,121,3329a5a6ee7cb3d53c3728ad56ff6fbd342e9aba911f7ad3b5ad908866effe51
CXP,1d,0,18470,18968,346,e38bc6747b3bc0e32e1b23476634bbf8696eaa19583f35af3fe963e6c6256405
CYAD,1d,0,18474,19495,236,a793cab052491773232c7cf171b9a6ee0ab35333495b847658ecc6f1dd732eb4
CYBR,1d,0,18470,20494,1393,d65010ce453e888ff1a30e503efb63ed7280547714b79734b68c2472d1fa1366
CYRN,1d,0,18470,19418,469,29ac092164e650950b085127e48d9dff3fdf6ad31595f71d80bb007033bc33ce
CYT,1d,0,18796,19797,619,73bf8d90b2e4c62beab548ef3f73dc8090e30ec9bb43fac737ca2dcdf148cde2
CYTH,1d,0,18605,20172,802,d60c5ce28953506b06a1d54aa1c52aeb807bd855dd10171e5e58961fd9763a00
CYXT,1d,0,18838,19522,472,b19d8a4ca1e98fb4bdf8d88cddfba2a15ade6486a11c7feff64054ddd0762633
CZR,1d,0,17898,20728,1940,1fae05a6fc524abe614a2a9ebb6e0c87bacf428979e438af1fc673c9657a728e
CZZ,1d,0,18470,18691,154,b2b7778e325ecade1c3a32878fde75aed5d7a1eec5d03dca232256ecd04da0bf
D,1d,0,17898,20728,1940,3af17647be5cbf45a6cb06496ef6d59fee26cd5231f6cac515e51c153c1dae6f
DADA,1d,0,18470,20255,1229,3698e5af822e1ab2e5e5b0329cffb7ce64e67bce26fb44177af9bde273452969
DAICW,1d,0,20262,20728,323,36eac080a00ba1dc92563e6cc1d9a2014dac90b27c930a5407e30ab227090bc1
DAL,1d,0,17898,20728,1947,0d6d8bdd423918d1897b0bf14541283556a1d1a3f83658673ce3826d18c53157
DALN,1d,0,18808,20355,660,a9fa8ea17e2299b71027f1b693d3c202eb8ce78370eb3c8a09e947697bdb5da4
DALS,1d,0,18836,19557,133,721637efbe847d5ae9ac1844f518359d9074777651c403fd8e9938a118066370
DAWN,1d,0,18774,20565,1231,a1e005a00884db1732a8b0a8b549ceef35ff833cbfce8e9f120db0cbdc656af3
DAY,1d,0,19754,20487,503,8475ca0d970406fd5c06f669e282ad4a19e3f3fafcfe57074d61c952d48551b8
DBDRU,1d,0,18572,18988,191,b521dbd578641d0b4edeea1eddaf7b0ef5fd8abafd457de61eea039f299ea56b
DBS,1d,0,18470,19419,141,d896f2af50f6d91c4ba582b9a4fcc6462bd2af501702baba23136bf484479529
DBTX,1d,0,18670,19622,572,ad1ae30ae24471d0212cc3ad9ccd3404dfeab6f8ebf100b8d600e975b0457a17
DBV,1d,0,18506,19418,110,7acf4d2ee8a0b80437d5d6a61d3cfdb1ab94c9d16ce23fd04b745b9408290772
DCFC,1d,0,18722,19830,735,8cd8e7e7bfa250ccbba6bc77a942b53bc3561e9e86750a94119ce948cf61b7c3
DCP,1d,0,18470,19522,724,b0b39719935d8cad3fbe69a3759ef9afa8003c43e78476c41b27e9bea729195b
DCPH,1d,0,18470,19884,975,a824c0a047e41fa0f45370b61bb4f7b3f47f63d4b99cd762f59ad039952d45a9
DCRBU,1d,0,18555,18824,186,9cebd4125987a073de40b1278f02ee2c32d5f45ba18403d0910fa024f9eda29b
DCRCU,1d,0,18710,18969,177,85938c4ac81cc68323fe4ca3a8c64b0f54480e0cba4cd80e82d9105e4a216681
DCRNU,1d,0,18662,19005,236,6f594592926404e3f71c06c4ae5a2326810c06f331ddf484957ff9e9f996933a
DCT,1d,0,18488,19445,660,3ce535e1dcd8366569862587848ee5bc73cf94bab8811a42476e86654805b069
DCUE,1d,0,18473,19143,463,aafd71cfbca70bae87d9ba2991e2ba21855fdc1a8b02bef943c51d94b7bd7989
DD,1d,0,17898,20728,1940,93880832e83e8586873fc507fbe64c16652cff62a86aa29fc114a204fb98fd1f
DDMX,1d,0,18654,18961,205,74e1f5d0bad03f61549ba0305c52b78d6cdf92fd015ea1f8859dc52a0602e899
DDMXU,1d,0,18604,18961,168,bb453b55ec6a7d596abe83589d9eeca52f8e084b05e49adb682a2db0a14c7f40
DE,1d,1,17898,20728,1949,8b49ca9ce1a7606a89b5cfca8c34657a37e983a8d12304f2c80997c6486daa15
DECK,1d,0,17898,20728,1940,1710225d8144aa54cb21c860a672ceb615fef1e30549e40dec0ea9a973f34446
DEN,1d,0,18526,19662,782,cf233564164c47d5a1bb7b73033524afdc6f75e05ec187e8ef56eeccc1bde953
DENN,1d,0,18470,20469,1377,b4b745fdd0dc57ce215d6371f5fd9e3000cf03a00c0e96415c985b4145cde528
DESP,1d,0,18470,20222,1204,c20b1d02ea183a30c3a7edf1bb1fdb90264d6bb230e655e728297ea7b4dfe6d8
DFNS,1d,1,18465,20728,1558,b1096ae750cdb800993a605dec6f116ee648e7f9b8e2ce0ef36f16756c1203eb
DFS,1d,0,17898,20224,1603,a67dccfdea1f9f7f0ed9af81cbacc4b998798fd72483e1083bf9a10046e2f205
DFSCW,1d,0,19333,20720,938,48d8f78daebfade1b8b5ab6755a2e4b89a12bb8a1339716a3691cbf76bafbdbd
DG,1d,0,17898,20728,1940,4e883ee109e4e3e5154adbc76f66439a252c629d7e112be8f40fbb797f33b2cc
DGL,1d,0,18479,19419,120,babbc7343f53509f098664bb1989f1f27b861cef3c95ce6b2680c0ded715463b
DGNU,1d,0,18709,19438,227,43a74981bd0074525c088e475c76fccffbc4d680b21f50c14ce56014ec6872a7
DGX,1d,0,17898,20728,1940,cefee50cda96e1669c1ad30f6d94dd88192f02e33eca51a43d3af4e22728b18e
DGXX,1d,0,18946,20728,1225,164f5ebebd71f17dfe349d099fded8a4d2ebd4fc9052e4d20868934fcd7731c8
DHHCU,1d,0,18653,19439,139,3c0e6fea9acce00531572304fd8df623ba9f6ba99b91547922875ab14d52a931
DHI,1d,0,17898,20728,1940,3c0d5ebdd40044bbf79540c4c340f327b0947591b1232a245aa2f20010d34ba1
DHIL,1d,0,18473,20564,781,a02721822b7e501e6f4309943f4d151a2eb78575877279cbcf4dc45aaf147b30
DHR,1d,1,17898,20728,1949,ae19413a85f87c971ff6a037a5433004db0d584961a13d7cfe6b5fca92f0d0a9
DHT,1d,0,17898,20728,1940,d30ef681f84a827468d9d01585dbac59e8897657bc1b852c854c0121878b5ca1
DIA,1d,1,17898,20728,1949,0fc0f38a803267ead7c3c7c3926e35219963ea8f219cbd16b2ac51954141f4c9
DICE,1d,0,18885,20728,495,a17edbe4ceb1c7a3af0255e3f9b30380bfcad98cab62faf0f78fe064f3458764
DINO,1d,0,17898,20728,1940,c1af8993204e803bffb1bd90139ced9d3a3612c95c8d98a6a1bcb2d64f1c79e7
DIS,1d,1,17898,20728,1949,43b87782c93f093af682c3bd70f3488fc129c6da1d2de0d263700f92dd073fcc
DISAW,1d,0,18765,19688,79,78d843c4f1b0ef79f2a1de0184224a374bee0bc5ec4fe790eb1cd3869640d4ff
DISCA,1d,0,18067,19090,432,54bfadb460ef670650395a97b8cfae5df9b3bfa854eeaaa9babde009f1eaf925
DISCK,1d,0,18470,19090,431,c7556cc565272cf2529a7ff324ce8a13a8e64e66de237a8fc8552c5907049e92
DISH,1d,0,18470,19720,864,30637a3e5919454c72d0f41a8d7ceb1c8f04aa7a2960f2ad1ba8b1f875ab4912
DL,1d,0,18471,18704,162,4308496ab9e4d4fbf77a658145511606cb1cb3237340fe4ded1b573066c0fa0e
DLA,1d,0,18470,19902,806,a19f966882e515f1551b10834919fbc98b911452558ff33b08a02f0329bdc4fc
DLCAU,1d,0,18640,19361,130,0d5ffdfba0245f33307500341036bc882b8ce1f17b687e257f591f08128fc9e6
DLLL,1d,1,20132,20728,411,501d702ca9d52eb0f53cd37fe85ade8aa96f9916805927fe1323e7d38d537c55
DLO,1d,0,18781,20728,1340,1faa4b56191f6859cf914e6ef717124dc057a50973128bdd09d142eb0f806000
DLR,1d,0,17898,20728,1949,52fd62f3f1694341a06c405ec00e7d2b7bddad5eac2f86e2e6d4e996feacae13
DLTR,1d,0,17898,20728,1940,74cb10a71d4500f4305076db1d4ec6f7973cc29ff6a3bde4f2ff378e13844734
DM,1d,0,18606,20179,1081,ad2974e2c1922ad1ac532a01466690b7970eac7de729f1abbd8631d55edeb9b5
DMK,1d,0,18470,19759,833,722db78b4aaca7809b8570d8294cb75063a4434ca50f5ec7c9ad224b04835056
DMN,1d,0,20045,20227,124,b75b5ebdac85c2eae9e729c6d3c9efacd4a44284bafd81b3316a164b036a57bc
DMTK,1d,0,18470,19900,977,ac6cdc64fe212df5c42c00d0cbb122042bf360ac6d8b8c979364477dc563c2af
DMYS.U,1d,0,18901,19437,69,1fbec1de5eb1234f78c3984440aea74b813b232c061ba3734700dbfc7d6f1b0e
DNA,1d,0,18736,20728,1372,2c4751edbc03fe16361a9260eb3811e814f48e21ee141b37a515d80cc297cba6
DNAB,1d,0,18808,19538,214,1c381684c274a4ef391da353807818da6ad2b24783e7e1bd318af84de9eef786
DNAD,1d,0,18808,19538,192,c410653e430d6d0026fb873861e7de9075576f41ce2d153859681d5f081829c5
DNB,1d,0,18470,20325,1277,aecc632bcb01be4e3e41160a33485e1f40a9c2f1d0895a0b452d7839f5732262
DNK,1d,0,18478,18701,154,aa51b90f940c872dfd804ea61738f4a48badb8d58c7115bf4f9dce3c9599b5f6
DNKN,1d,0,18470,18610,99,3bffeff142886ffbeb152126e4bed4fdd51837d402023e6b6aed25f2fbfe8c4c
DNLI,1d,1,17898,20728,1949,0ac8c93d194c867531ebcc0d9e48483dbb4ec274b9e51909fa4ee9f7299a3a7b
DNMR,1d,0,18471,20087,1084,77551521233f76d1837fb8a5d3590a9a23bb9a30a03fa2b9c80b75d3dea14926
DNN,1d,1,17898,20728,1949,27508dff7d030e4f037c3b09e7605c44c66a319fdf14d3784d7e60ba9de3e695
DNZ.U,1d,0,18653,19381,92,a2e43e12233409fda1ee735c725c72854eecd394921d0646a2cb3c8d0efaea4d
DO,1d,0,19081,19969,610,4d61a9ec394914ffae241340d3910595dfeffa228adba5c422c34571d7b22088
DOC,1d,0,17898,20728,1940,240415160a05f050f90cc02769c0099b818961adbbf0297f1a0b52e019981d81
DOCN,1d,1,18710,20728,1389,51bbd901f024ee2708c01fb92787516a8ad24ee84443dc550fcb603070eb66f3
DOOR,1d,0,18470,19857,954,aa5f3796e12884d3217b200097301296be7a80b8fd4e597a4e451a5c83a9e4aa
DOV,1d,0,17898,20728,1940,b5ab2dc29fb9ae71f1eb8427ce5b7ebddb471052ddd6a630ae470bd7418b1f47
DOW,1d,0,17988,20728,1887,75861a7126dc36af71d6d5d3d76c934f2251055cfc93124cd67419aca89db272
DPSI,1d,0,19118,19907,336,bd3846a86c290578a1ff854fc917234d3c73bae7a58aebe064089104975e82f1
DPZ,1d,0,17898,20728,1940,5112b14c9924ca0b1889e871995e01b20904be36c3820b956605cd54da2fac6e
DRAM,1d,1,20545,20728,127,8244225f548aea317f26e153a066c5b7a6a69cf7c5c8f98169c78ca9928967f1
DRE,1d,0,18470,19265,548,e67306b3b9c92fec0ef17a365c16cb693d7b5f081432371d64385a3d2b7f4b82
DRI,1d,0,17898,20728,1940,e6bcd3a646ba5f0bc3e830536c472d8cbc0474d465a23799c4953f170b051b9b
DRIP,1d,0,17898,20728,1940,8274ca60d9fea5a054c259e580cacadf6e497679ee3f88dbaaab39571afcca61
DRNA,1d,0,18470,18988,359,7252ab8e7aa0a5470937ecaf3e4c750f5344514f899d6d3bf6b2703ba295397c
DRRX,1d,0,18470,20341,1218,e121301938897fbf283ea7a7dd639ec81809807346a8230b97fd168f460752b0
DRUA,1d,0,18470,18869,277,89f5f677bade64857a0c6ea4911cd3dd4a5f9ecff7d33b78db6a616e184f9962
DSE,1d,0,18470,18799,228,d9848e4cb5ae55551fd6e74c4891a1886a1fd12998393390c244d02b3fd93df7
DSEY,1d,0,18711,19543,573,93bf0b512ca0e4f13630d521f1b44b42d0748b0ecc1e44af25788fa2db12e639
DSKE,1d,0,18470,19814,926,95034d09dd9807c1625186b1e0f32b2d4cf22086c9560b7316d4999957a1ba37
DSPG,1d,0,18470,18963,343,5201a551cc48c47669083c44308ce2033cb8268a4070d55bf118a525976e8694
DSSI,1d,0,18470,18823,245,e921588c5d560a633811ff178c63052b56a78ff22f901d1d3199bcec28a58f4a
DTE,1d,0,17898,20728,1940,eb0b2e86fdf567f51b52ec216fd99d4a6a5ce9f73cb1043f3bd8fe91caf421f0
DTEA,1d,0,18470,19461,421,0f44654c6420b356647edd3ad6dde430ebab85ab36f167f126c1c6d05f326941
DTJ,1d,0,18470,18807,234,9076864d3cbce30a7275e7053ab9a27acffbba8c4fb575cbacfd731e23e0e724
DTRT,1d,0,18928,19383,82,0aa8a9608047f06fec7c40e6bbb78aadee8a29abfc2e22983dc626e4d368c0a5
DTY,1d,0,18474,18975,346,417d82253e492b8a18d7b1ebc96e7aa8638b64d29e1a0f90e52b751f04c475cb
DUC,1d,0,18471,18691,153,de34136d6d02b3fbf465fab89af501ca872d27fa9b0368fe0feda29d08b4f950
DUK,1d,0,17898,20728,1940,5f4105608afb49df0201d108ca1ad7fb1746117a583ba69ac5ef1505005c3a43
DVA,1d,0,17898,20728,1940,b0a807acee1c77be5e410e378de4c3740d842a6ab8c537e0943e014ea1e57b66
DVAX,1d,0,18470,20493,1392,691c669dc62f85ba6ad027d7a2cb2c4215dedb404fdb780f88874933dec82ed8
DVD,1d,0,18477,18982,351,77d4c3e6d6f69e6863eb830474be3e0f0547c7f41a6e82e7575e40de8272aaea
DVN,1d,1,17898,20728,1940,af3ffca410a3e72d669315b7122f01f7b2383bdd415a836853fb796b0bbf21cd
DWIN,1d,0,18656,19250,375,cae70c4ef9d4ff9c7a401727895d5b140c701ad21f8522faca642cda653fc41c
DWSN,1d,0,17898,20728,1940,358a03996b51bd357b0dfe2b4c3f8b10d45245f142d925bf0254d8801c5f9d1a
DXC,1d,0,17898,20728,1940,0001c5e12dcfd7922043fb116cbd854399e402716c26e7b43eceddb4685638b7
DXCM,1d,0,17898,20728,1940,3072e36521c7e4f4b60cc147c9f4108bc9b6ccac67a03395fb8c29c89db4e3d5
DYFN,1d,0,18472,19202,504,473a6a0f63b867c1caecc3f5d79ab44494280fe4219da437a77b3a3e69cf56c1
DYNT,1d,0,18478,19912,463,7ee5d87cf71972c59aff6474443ad63bc7aa8a1fe9686be8e85137de8e4c1cef
DZSI,1d,0,18470,19942,1005,6d65b7a0b549cb5f843a49254da2cdf5677bdb11a5496eba9b45787203c9475d
EA,1d,1,17898,20669,1907,4cfaa2ed27a20414918e382b7d54a9428e2a18dfafb9ebec05f89602c88c3c5c
EACPU,1d,0,18642,19552,80,4fb51c5f415ba8aaf786aad8c9d61d44e4dffb1e772f368164125aee546faa14
EAR,1d,0,18551,19768,767,cbab6fe1f82b7fd90d120d61fd3b92ce4f98792c1af53b9f6c3aab9fe41172a3
EB,1d,0,18470,20521,1409,c19867ef9d34447e12891a7304625ddf196a3a224b789dbc27117627e9d14751
EBAY,1d,0,17898,20728,1940,715c55ec3df5b237691453095c4217ec2dd21fca970d408f4c6227f24a454f0c
EBAYL,1d,0,18471,18684,148,f4ff9adfbc5868410b8d4b8ff96ffbf41864b92203962b1b4c1cb93c77329ca4
EBET,1d,0,18732,19642,563,2dae46d4e5d32152c3b0979e09086b84675087826991b056b76d2a1306966c04
EBSB,1d,0,18470,18943,330,5148876d22b650bc9223e88a4a49eeeb121be8b768609825ad4aede70401e9b5
EBTC,1d,0,18470,20269,701,74bb44ab4f58b0c14c2c231ae1b01aa29f635bfb0c521aa256596aa74db9f7ce
ECCB,1d,0,18474,19048,395,b9e21ecc063686585fd13cb612e5447c5978c679a8bfa6cdb67dfe7130ec12df
ECL,1d,0,17898,20728,1940,d5b50766f3f6698146d4d1a44cf23a16e7f173130fb31a37924441f41c62a150
ECOL,1d,0,18470,19111,445,05a31aab211a816907e0ff650ef9863bbd84c1f165272a343788319dc8c55c07
ED,1d,0,17898,20728,1940,14371726b582b4c03b32356ce3e3280978096a68997fc3774bf9c4c77d2d177c
EDBL,1d,1,19117,20728,1107,b4d91b84d1c2d0d03dc5d0cef897e8c5a8fcf234188d6f298b0958b08cc00b09
EDR,1d,0,18746,20168,979,e048114809edf0df370732581c36f4f8391294623b32465fd2258fc3187235e8
EDTXU,1d,0,18607,19552,226,5c4b889b9927943b7fc835413fcacec97a8e75026deca667b557b8ca3bb39942
EEM,1d,1,17898,20728,1949,dddcd43004bd836ba1a339241adf852ddbafc15c7ec327e0efd8a191cf602df9
EEX,1d,0,17898,20647,1891,b9e6c04f96f5946a6d2d96a29d49e072e1707612012a7ee14404473f834cc5c7
EFF,1d,0,18470,18796,227,640ab25efa5bc208ea79a7e3a4914dd904a8492d636583ea5bc1c0ad0f178228
EFTR,1d,0,18688,19906,636,0a59dc997a1b11e1f669fccdf9c05811d61183045677edcb69d453e9ed9bb044
EFX,1d,0,17898,20728,1940,275c25adcda8b4d93c3092369d6e78fa324ffeeb7780761931f9231169781f51
EG,1d,0,17898,20728,1940,97192fe147c48dfd7a1095bff4f0169cae8c45e09250715fb780f2a9a6b8bb60
EGIO,1d,0,18470,19983,1032,08c3e52d57d9a4ce88b71dfdee7c5147843b0a9cf3dd1dc99d6b296933d144b0
EGOV,1d,0,18470,18737,185,278d7123a84c406ad994b3f085f8fc381ddf6f18f8880554d81c3e35edde9c8c
EGRX,1d,0,18470,19998,1054,c3ffb2bd04258b7c1f0e5c7f74c22ae5ed04c174da39164f119237273881e786
EHAB,1d,0,19174,20587,971,859c5c9e65cc42381d3bac1d735e005407fe5ceb35d60c4f7a96a8d0c51e1925
EHT,1d,0,18471,18803,231,d0b545a077dc48835a178626f09fb8df42b85681f9469d65f958ed3e5edb5935
EIDX,1d,0,18470,18652,126,002bc82ffefcf9b974d47d63434b5f1dcea6dfc3030ea788f7ef058ab1b05227
EIGI,1d,0,18470,18668,138,6e0375534a92bc5abacd3033dbc9c0c1798e04636da16f17cad0b01a5ea107f5
EIGR,1d,0,18470,19823,895,1c35c96c9142d8919ecb576c60a1049440ba2a1b25bd8d1975256098f36e9d83
EIX,1d,0,17898,20728,1940,cc4449903649d623ba311186ef52debfb78f710351c3a85d6da9f2c2a4527bb1
EJFAU,1d,0,18683,19165,250,1eb417e2b0865c3c48d0b0172b28065d2447f39a8fc62246191279d631ba9605
EL,1d,0,17898,20728,1940,f71081f6d8d08eda8d8a432f6c1fac0b1779ae010c44c954c4675ba0a4c2c000
ELDN,1d,0,17898,20728,1949,e8e92b0d89ebf7538a457ce3b64d2e883a8252d5b9a80fa589b9e14e4feacdc6
ELEV,1d,0,18803,20291,921,457abe1608699db99ea42f4e19b6e3f614c22c74e482981459760debf978f58e
ELON,1d,0,20132,20367,162,81839b2eb82126439fe20d52aad1208b0971420599c4b132d5f9d683815cf437
ELPW,1d,0,19478,20728,860,1bf1feba24102f0b95c76d769e8a816ad7cc69ca2e0dc40cce2df98fd517473c
ELTX,1d,0,18663,20728,1421,fc3744a90251789087721767303efeef6ecd1607bc4f99416e61aac420a9ab18
ELV,1d,0,17898,20728,1948,e2a223a12a2df104b2653e72dda989e7ebde4c0bdbecf13d48132ee2426341fa
ELVT,1d,0,18470,19415,608,16298b73a38a7e9d8f53f10b244c2df4a8dcb4e454373de83480e1a06711aff3
EM,1d,0,18718,20571,987,f2c7f6548e242790e714b64d7fcb4b3e06d70a3e9a2a4beb04f3716c62b7a01c
EMAN,1d,0,18470,19647,786,6d24660048dc241420dee8fca51a3c6ac7207fb5e8a4d13504d188d9d6a5325e
EMBH,1d,0,18493,19226,416,0638b6514b14fb62b67ae8d8c11aa5f825543c00bb6c309f003cd55a86dd4b9f
EMBK,1d,0,18942,19570,431,077bdf24c151b0aa8afffbd0c4b04250e3f7ad626b3e646af30e817cb5d9d7b8
EMBKW,1d,0,18942,19570,428,5da408ae4f7fb866fcd8c50e751ac7cd18a2c9e00a3442bbd25427e79abb3b8e
EMCG,1d,0,19268,20320,406,e35ad7bfc934eac6b6b2734bac2a38c3d7ede8718cc871626edbaf92b6ae217a
EMKR,1d,0,18470,20147,1131,2e91aa7beea007a19940a45f097879021a2c97b54bd336c86f204ed5ce1e3139
EMN,1d,0,17898,20728,1940,e4e76bd42361bf09b57ddf2e812eaa2b8ee181494cb49bf0e0d71a989adb204d
EMR,1d,0,17898,20728,1940,dd9f8f5b1a4ab115e2e6bd652ba1bcb6f5f2283b461b633343c840fb0f9a350b
EMX,1d,0,18470,20404,1173,8bc2eb1eee6db7b330e01163ef0fce085ecb50dce0a5217a19c6db0c0451b37c
ENBL,1d,0,18470,18963,343,a305fac7c91e69aa076b31f168020e230acefb1d619d30940a0fa17735b1ff16
ENDP,1d,0,18470,19229,526,ed30126568ac9853c470034bc953448a643e8685c4cc0fe3d3814c48fad676db
ENFAU,1d,0,18639,18964,201,525fcf15715fb4f416c43830894de10a406ef65d7c89bd003f164eb1efc4afb9
ENFN,1d,0,18921,20195,875,f557d370da2a67fcc1d36d41d35bcbae71ae803553797bc41b8bc6118826f48e
ENFY,1d,0,18470,20374,490,77e98c03795ff155437127812535dc3d2846ec9ae26a47e6af50fb737ccb311f
ENG,1d,0,18470,20062,869,5fbc7d1818a52d2633aa128951e4813373802cc51de00614ad2034bcc7fdc36c
ENLC,1d,0,18470,20118,1133,3c094f24d8cd56352deccda8d7efd59ec99dd1b36a26cceea0843a60fed8ac03
ENNVU,1d,0,18667,19026,203,283c9622e734b3b8b15d12dfa06d08d9d56418992110769de6604c15ca45a3ee
ENPH,1d,0,17898,20728,1940,c55c7653136171247a179df4f263e0ea435573e5e54393f1698642195b209de1
ENSV,1d,0,18470,20028,938,5accdd6e1d5b56c5e9ff95e214a9c2bf24e2d6ce3e430f22edffcfc31c5ebf18
ENV,1d,0,18470,20049,1089,3b90664e0fa01b4425b407d9e9ae4bbb4039dc97dfade23434e2b765c4fbb696
ENVIU,1d,0,18641,19025,255,880f062189ee540438bd5558636adeaab4a508a1e43c2a6a7251846256bcd872
ENZ,1d,0,18470,20195,1104,35f8bc67fa142f28db40e8d6d7f03129d54fe7e8c98c8409f909edd7039c56e9
EOCW,1d,0,18873,19537,171,5a420ee30b8e164947c08f87ca8bc028a1ca5e02c753ba37dd696a830621c79a
EOG,1d,0,17898,20728,1940,2bf06936544afc5780293487373fdd02167065da3ed43a51aa37eb72b4f4a155
EOSE,1d,0,18416,20728,1592,bc43906b055eabafd5d2d07f039410f64e9e9d62df166f8694d52af17c614a81
EPAC,1d,0,17898,20728,1940,3a5e503d28492ca961fe33388565a5ace41ff1c9fda2262197281898de2c632b
EPAM,1d,0,17898,20728,1940,d59d3823c3aea2fb9bb95ddff19ee58ef13b37c6b6b11f047f5b241bd10a7e91
EPAY,1d,0,18470,19124,454,bd90811cf206bf20a13242aecb6cb567a8cd7236a6ff1317db36d2f5ffe5646a
EPHY,1d,0,18687,19368,263,d3c7b2332da05a28ff714fb84cc11b4b06917d3eb5f9afde81ab5e60cfec636a
EPIX,1d,0,18470,20369,1273,183a1dcbc9f2a0c1213a23ad0b4af4a9d91a41bc99741b87c2d4f186b36391e3
EPZM,1d,0,18470,19215,516,d1962e764e4419bed0f00c28f2b1dd41eaa1712f31b28affe0e3c483ea537853
EQD,1d,0,18579,19251,462,075e738b8c156b24ae4c7f7abc43b0e5417b027520adab7ae918b4244fff030e
EQIX,1d,1,17898,20728,1949,f038935ea51b5cd9092b5a337ef70c2ca5c630e3a1b6964a576c161eb54783be
EQNR,1d,1,17898,20728,1949,558a68bfb89c15f2940301d058e6e982eccf1f7746957677d80441affbe2349f
EQOS,1d,0,18536,19325,510,b8409c97d058f73096b7bb1a53cefbe25946604d89ef7c6a623f0f5aa985fc9f
EQPT,1d,0,20476,20728,175,db6fd1b82c43e494cdcab1b43535237ad17fb2875070d8879359b785316d7cfd
EQR,1d,0,17898,20669,1907,d4027f50da923e7e273fd17c2ffc66764f078ef3623a941d319d6fa4ef362b9e
EQRX,1d,0,18981,19669,475,6e346a104d767468b18e9b62beaa7f24526058cb65fca7090ff0b9d44df1106f
EQT,1d,0,17898,20728,1940,f1f6419ca70011c2bff8c614fd850932aac68653b4ea54313447ee68458beb20
ERF,1d,0,18470,19873,965,e668bf27c58903cc8d0b9ddaae078ca0cbaa928d771e423f47e57d9a6c0fea70
ERIC,1d,1,17898,20728,1949,919f59a959368e93555a036d8e6cf952ac502bd934928d9f2b2599b8ef871ce6
ERNAW,1d,0,20490,20728,160,bcf9eac5071c38b96547b16ef621ec0625b10980e33ac59f208fa28269fd3e93
EROC,1d,0,20614,20728,80,f3b9fccf657707037d2a22a8430ec462845d380c2633361c7219703b46233a52
ERUS,1d,0,18470,19054,405,77e4d64a1982b5f8604b5c6d1f596416c5076bf641591beddb1020832ef50c16
ERYP,1d,0,18485,19531,263,528a19f41dd1802eca3305868fc8eb7e0e4e559620391ede55f3a51262747fb6
ES,1d,0,17898,20728,1940,ec1a2513f4a0188a95f1401f5cc9a54b2c108dd98120d5dafe02a713245521d4
ESBK,1d,0,18494,19125,415,4f46bffbe175a043c1fcd9d07f1835d380517d93252d6e7aaac3f2ac8baeb95b
ESGL,1d,0,19573,20521,639,a553f1f9fc9c9a586f69b62ea1e250f862dcbb8149aa6acf007e4dfcb26c69d1
ESGR,1d,0,18470,20270,1202,1a6a08b773d083b9444de7233d2fd7e5cec14097afb16041edf7f8ebf6bb28ec
ESM.U,1d,0,18696,19389,70,830aaf0739563628a759b09927d7d9c7979ff6b822be4d11b1d51e26c9061cad
ESMT,1d,0,18893,19747,586,17c28a8a691e48b754b30aabde45b8d0d30e1ca39ea282826397ade734344887
ESPR,1d,0,17898,20644,1890,27908a2ab1f2b7f409a1b45a387cd2273ae6aa12b6ad93318b0a294bff1a3c5b
ESS,1d,0,17898,20728,1940,18c172825abcdfd5a0145579b366c65fd88e3ebf75baf720ea117f02437a80f1
ESSA,1d,0,18473,20292,728,4e42ea30e5201abc650b4d101b3c8e478c3a04a1886ebc7e09d7ba01b0b1a602
ESTC,1d,0,17898,20728,1940,7c2856be05e3e3aa3f613ac712b97af10b6f96264220cf455a9d07ae412e1458
ESTE,1d,0,18470,19661,820,74000f3efcd7b429ff7f488de68285ea3f560965e4a05e6a06f690064760281e
ESXB,1d,0,18470,18964,344,b28fa641a9c73ae95b67195945fb378653be6562e322841854614c15e225a603
ETAC,1d,0,18526,19237,491,48e3001187ff327aaa7c5513a8c94f30eb63d41e456fc2b001c14cd9c8ec3e34
ETACU,1d,0,18474,19237,412,88452f59cd12498598118eb9f4391642d46f97e376276e95cf06e68f45db183c
ETAO,1d,0,18808,19851,288,6f733bb3ab3efe3a14151eb0ba15a4f30658f927fbd1feae89af75c79d249aba
ETHA,1d,1,19927,20728,552,95e82ec094f2d67df25e6a540879b1ae22ae51fa26453c252dd5f2df48033bd6
ETHT,1d,0,19881,20728,582,e6c4ee1bb221ead8a986433d28045e994722eb2da7e0d602d6c2dcb85ddfaec2
ETHU,1d,1,19878,20728,585,390f98fa8929a4ca2880279b67ed11f43b6c15a448ff1223291a45cfe3d49aa9
ETN,1d,1,17898,20728,1949,fbcbba0344bdfdcfdf8b8332c55c123ebc867e9f7d1b71188e2775443c85caa4
ETNB,1d,0,18470,20390,1322,1c9b40c0fe7d44072872ca58d4c2b5972d433801496c7460413a7d3146fd8692
ETR,1d,0,17898,20728,1940,f67e8dbafb2b6f228a3a4d52457f98b4e84d45373d6c4803fd5f8d5c83f87dff
ETRN,1d,0,18470,19923,999,5bbc01f0bc1a9bd54048c2c183c83b22d32c53bb718f336a7cb81bf59d597bdf
ETSY,1d,0,17898,20728,1940,7eeb94628783b6d5db92e3d896d57151d61206a89f9255b85e9e579c981e0b35
ETTX,1d,0,18472,19181,490,22f86399cfbbac468cc7c0c1490ca9e54978642e1559183907c0a6f5a7b12385
EUCR,1d,0,18632,19439,115,7fab417908fa271e04917c70ea129c7a65469abe4ecc1bef0e36ea9fd47b0760
EUSGU,1d,0,18649,18983,196,6f19de26d886d06e89c8b64fbf97c714133d57bc6925b56f81286c8af7f1dc83
EV,1d,0,18470,20195,478,c7840342bcdf4b3aac54e9137179241f41ccdca93f1a779ecc7a994b2e0b2730
EVA,1d,0,18470,19999,1042,573143903d9fecab36add241463d82cd730b9e6ba27aaea3cd8fa6ed02b37c23
EVBG,1d,0,18470,19905,989,53d85a1f052b33205935f04ba198cb4c3e2a9d3734edda3a8450c848649144ce
EVBN,1d,0,18471,20210,867,1b468ea0e2d6b104838acc6e406546b2a24564043f5f43a46340e9cbf5c7c143
EVH,1d,0,17898,20728,1940,e1c162cb10c61c16cf8ff092e35e0cfba0d3733106e6badb5b909e7dcc10f39c
EVLO,1d,0,18470,19702,840,3892b4080262ca90acc9e467842d1f2fbac531ab59808eccd51ef072415869d8
EVLVW,1d,0,18527,20650,1460,56a6034d3627f97a551f334688db69cc5fe247989f2041ca4bab098103f8aa52
EVOJU,1d,0,18667,19479,73,8add923aea00f0b7bfc851d8241b4f6fd16d8dfcdf761a94fd006634904e3d54
EVOK,1d,0,18470,20438,860,8e2ca309c64ac2e8da502e6e9d6eca087889a15a0163df5be10eccaaced22e59
EVOP,1d,0,18470,19439,670,5165aba7b04a21be5a30e4adfc610ee1d9f3b8639b271bc69a1ab7ba0c05d242
EVRG,1d,0,17898,20728,1940,dc9269a4f5b0296e841024792542e610c6c6b12462c5012cd98d9542c1137775
EVRI,1d,0,18470,20269,1235,7e91c06020ec23f1d4454e991d49c9c175e1af77ea7d2e679d895a66cd4f4444
EVY,1d,0,18470,18859,271,26779394e4491a20667065cc3a33e788edb1c9e0728e94d47720db5c0de6f4e6
EW,1d,0,17898,20728,1940,5ba6cb4a83fae1226722ac2caf18ca6274099143711dae498a5c9057504054bf
EWCZ,1d,0,18844,20580,1194,4052229b0d5af97dcaf79a33fbb0ef0b838dde76b29cf9c68b332ad017bf5d6f
EWTX,1d,0,18712,20728,1387,200f695252e81151b8292a893a787b71f9e4753be301a25f6cf8aba5baa2eef1
EWY,1d,1,17898,20728,1949,a03408ea654cb9d70affa53e2dab9e69056064a430da90f38bb651dbfc2feaa5
EWZ,1d,1,17898,20728,1949,51e3e2c35fd007c38bab6545a385f499df30773b2fc264d094f5cce8d19037d4
EXAI,1d,0,18901,20046,786,884c62da1e36ec3a321ddb533bd234c9e1560c6d1f06b6690c3eb5b3b4fd9ff1
EXAS,1d,0,18470,20532,1420,050fc22b4ec2b794b6c369407a97e6984afd420b3ccb3e03aabc5a3931f35ca4
EXC,1d,0,17898,20728,1940,36159adb75a851ac7f04d1a85fec2abdda213b823e105ddc1a7a85f0b4c66b2a
EXFO,1d,0,18471,18866,275,5c267555c20c933317f3b595fe80128baeb71a1615b9b29ee71feaddee4f9fa1
EXN,1d,0,18529,19384,248,da967776db9723c2974cd191414b0d7757db1419d9ffb97dba8c8bf90f5407ee
EXPD,1d,0,17898,20728,1940,2170f86426b5dd3545684db896cdf33f6fd38ace7350ea30d4e8d309b9a6b46e
EXPE,1d,1,17898,20728,1940,ba90691e3168c0fc3d4e640b63e63ee01fbee94c344b42c6dc12c37ed4b6746b
EXPR,1d,0,18470,19788,893,59e3357f336ce5c9d868da133528fb2a76ffa5edca811548e7c3e06a4ee27c54
EXR,1d,0,17898,20728,1940,e328f7da28af0b98d53369471f2d628f6928b2ee00496706b9ee2b3178dbe0ef
EXTO,1d,0,19598,20096,315,72a27f99536f2ac45c423ce18bb221e68405ad4abfe48dd17d64e7b7bdec3482
F,1d,1,17898,20728,1949,e7183a7de32f426ff3a5f27eef5c61af005e4b7d34df61b1b4286fe9bc7d9bb8
FA,1d,0,18801,20728,1326,dfedf81d23c53c2a7b0b3800cecf0235e65e661ac59b8f7442685f1ecb2fd45d
FAC,1d,1,20263,20728,322,966ce1b9d8e4a328fed11d751f74391e0a477e034b32fb25155b8c7a4c5e523a
FACA,1d,0,18732,19347,147,37d84a58307c9f2b429b3887a4f00fb905dfa6fbc44d8c8cfb6e3e5ab9fddf4b
FACWW,1d,0,20263,20728,319,af92990ef3a75bb7b93bf6138657ccc9e8b34eb78ff4138a6f49a47f14f4cfe4
FAM,1d,0,18474,19985,638,22ee3753fdd8fa1f24991b5e436dea2fa1b29b07e49d39750ee78f328026d436
FANG,1d,0,17898,20728,1940,c889d55cb1ad4a14c366796281b0e023b524bf53e85f6eda4210eea5001e0cc0
FARM,1d,0,18470,20577,1402,20f868245cd88c6a83c334d10969caee96a586ed795f2c915eef3131628596bc
FARO,1d,0,18470,20287,1251,3ec410dcf24066e9769e79f9ff60c51d936c80f2a8accb2ff5a2a7a87ec148c0
FAST,1d,0,17898,20728,1940,7ef4f97aae884cf518aad76c4614386fd58130f8b0398f5c1692c423822becaa
FAZE,1d,0,19193,19789,394,2074f2b4ddd8f125f8658568481b068ae24ea9d7902ab97b01a6a4af72abf614
FBHS,1d,0,18470,19340,600,27d1f396771dc4005a1841064ae44cbafff983f02aa0242bed8429b350fc2a1c
FBIN,1d,0,17898,20728,1940,6f19c5cbd91fa477f8af52c48860ecf7f59d6914d039f2a746c683d9ab56f1a9
FBL,1d,0,19339,20728,954,abfb9cc68a246f39e50c8ad72a89efbf15cabf11059ce3c895bdfb159e8c7dee
FBM,1d,0,18470,18655,129,ad573c7d9c72aa1884e9250f5729c7dad2f7d9dd4fdf05d5033565390268e9aa
FBRX,1d,0,17898,20691,1914,1837b6f3b8f271ef44ac596302a574be6aba7e67052127d59d9a178b7466dc70
FCACU,1d,0,18527,18809,193,ab054e9d44c9d32b0f7938faf849f71335eeb382a44ca9d98e9c961cf12e0c95
FCAX.U,1d,0,18640,19361,178,a68a666dcf7668b79251d9095647b1e08150bb90e1860561b33a3401d65fb674
FCBP,1d,0,18471,18829,248,62cfd51aa08b9cb4134e68151334961fe17742a230441a52c009bdde3ad63220
FCCY,1d,0,18474,18998,363,a1f8c183404a5bb320cfece4f363f322ef47bb71570fe8bd680e091cb0a1c462
FCEL,1d,0,17898,20728,1940,94c52f8095cd6f0eb3ce3f3d55da28a1324186ca339ee5ec1f632bdcd0c80af2
FCRD,1d,0,18477,19425,449,416dea3829a77e5b6f7b1b459d34abfdac7244ebe2952baa43f0dfdabb40bc0c
FCX,1d,1,17898,20728,1949,fd4a1e6c92fac07eca80462c212b59474f09b2229e8bf37cb268cc7c04983497
FDEU,1d,0,18470,19681,716,ea0889b84d92b388e5554c4cd2f693c0c6ddae93421dac85924cfd9656a8f048
FDS,1d,0,17898,20728,1940,1e18ab9e2fbba4c2b677c93617d3110276a7cc921ab8a1c9af6f001d258a2bce
FDX,1d,0,17898,20728,1946,627ff9b2a2e91a21e85141949a62732fa324ab95b3fae257184bed41340348c0
FE,1d,0,17898,20728,1940,86db9c19494153831cbc16e4d6abc6c4be0768bb0cd8213dcd9a5280b4bccee4
FEI,1d,0,18470,19845,891,aee896e9b0de7e839648d7923b129f859b54c9eb43cb0cc29380c4b0ec26a860
FEN,1d,0,18470,19846,884,b48330205326bf5a4827105a6ccbff8d502e59d6678428b03787864bbc142a0f
FFAIW,1d,0,18502,20654,1478,d40ef6904b2224d38237d84ab5c9ccba875069f24b20b506f63b3983b0de0bea
FFBW,1d,0,18479,19401,161,85cc55ec2c4b136fbd43f1261b0851407ed4188171b66dbc7cfa6bee2f753fbe
FFG,1d,0,18470,18772,210,477aaf9a28b5ea28a7df29c620a736b13c501c8beb911ca222a01543c5e96fe1
FFIC,1d,0,18470,20605,1467,a01ba08cfd2988d66651b8b7ce4dd9ef233aa70f39ca34f58145959b0e3dbea8
FFIV,1d,0,17898,20728,1940,ec67984355134950fa85379e0cf528de3729299a903f453c06518130788d2ffb
FFNW,1d,0,18471,20199,783,c3e3b021fafc050ab143d0d938adf09d7dcb139ef31a5d369de6f188c2789b83
FGB,1d,0,18470,20265,772,10eff8d4265494b173e21486ba73af3ec3568976b127391371cd1ba42bc859ca
FGH,1d,0,19355,19782,110,bf6c860ca0b9033c46e4fd979cb50f8d08478962caf4dc3fc98d8f1a40fa06b2
FGIWW,1d,0,19017,20726,1044,c3a7cabc5645733bac673218269e956eee3a7f5065f874dc4a8a99e4c38e4721
FI,1d,0,17898,20402,1304,728331358ee1e2092275ba33a94119b356b8e26e79bfe479f9de1f3570f137c8
FICO,1d,0,17898,20728,1940,aaf0a5fe233aec1b06da6e742a4df05198cfb74f6f5d84d71e44525ba5e3eb86
FICVU,1d,0,18809,19720,69,28e3b276da03db595714c404ad71cfbff7c9e0337a089391034cda34664b9537
FIF,1d,0,18470,19846,866,89b1c341842fec08f8df1b04494e4d451d5617c5f67056fe5e349f09a7f140a8
FIG,1d,1,20300,20728,296,dd4ed26ad34db399f6c86c1086958a4e2cc5b49093fbbb220fe8d3e123803a51
FIIIU,1d,0,18493,18803,208,db1255819e8af63815be7e9575ffa41412fd20ff185c4733e13ac0633453c204
FINA,1d,1,20643,20728,61,46d773cdf06e86caff3d5cf2f341fd6f48add39b32262fb442d6c28aa51a1fe5
FINMU,1d,0,18640,19361,147,08f29684dca15e74b9b1d1e8c50734926abf9176bb8b895fadb33f71caee0ccb
FIS,1d,0,17898,20728,1940,8dcc14a1035684a0effbe0d35ba7ff7799c3bf9b830b4044a16d5aed69f16801
FIT,1d,0,18470,18640,119,9e4f246a768f8927320dd98fa797fb3d8e2c3708de970a6a08a5464dbe02fc8c
FITB,1d,0,17898,20728,1940,8a5873bb1e421605b9d66be0ca2e7040bc06c265f97c25b19d220d291da71e74
FIV,1d,0,18470,18970,348,b052228feaea6a8f6f326e4c1b20849edd1485fdada2ca4f7e21810c41a83fa4
FIZZ,1d,0,17898,20728,1940,c5d3ba67bef305c3d7eaffd854aadd632c3abcd09a38c970c9f39b6279d2e0b7
FL,1d,0,18470,20336,1282,84f9d3df4635ed875c7417d514d1cc52b9458ffbdd44e8451ee3b9f8884a745d
FLIC,1d,0,18470,20238,1217,f1d7582afe9f9c91ad9f5e1d95d8de15a76db6ffd7ea610038edd71bc168daf8
FLIR,1d,0,18470,18760,202,13aed0d5675e9aaa8d304525eee228d3f9a80c4cf331e59ae9ef1530e48cb51a
FLT,1d,0,18470,19804,918,471769cabe3103d5dca77f63162f82cdec3f73ab271c9296828445145525927b
FLY,1d,0,17898,20728,933,8acd83750f05e693bb560394715026a06b7334172d1fa69a8bbd668aad53e3b6
FMBI,1d,0,18470,19038,394,6a314131173ceb31aeb07060a4ac33ea6a9b61530efe8575b5cf5f6625876361
FMC,1d,0,17898,20728,1949,de58159ba81998289b83661bf382b0d30ac81ec0ccb8aa265e55585c85346c0d
FMIVU,1d,0,18704,19523,61,844934beeeff4d0968cba3fa30a86137e8a8676f12ace82b29bdd3c640b07c01
FMO,1d,0,18470,19055,406,c115a46a7452d38b4ec69cf425ec85ed07494ddb2a1b2f61da9d0e7cfd8b43ec
FNA,1d,0,18915,20195,878,3fb10fa653cc8f7985ffe76c2ca334162569f86ee79d302d965a7702a9b2db72
FNCB,1d,0,18471,19901,529,6110ade1b48e527796c5178668b3e318ead679140e9326e652b8bbb845856e68
FNCH,1d,0,18705,19867,612,084b554bf3a9cb689ca49a263d55b0ac1c1f8c8aa515c44d7b3ce984d8f6e9d9
FNVTU,1d,0,18935,19832,106,1ad8485a6613a970990a41ee43c4b88dfad98435cff212843e293ec1a7d4dd32
FOE,1d,0,18470,19103,439,bfdd39cdf7c0251b0624487efca0bed62910735e88147aaccd51697316f3086b
FOLD,1d,0,18470,20567,1444,042756852de6c6eec06ce483c68125d81708d69b9035bc406622100539675d52
FONR,1d,0,18470,20606,1008,9ed9bc0ecc7a4ba96341b86dc02a376ffc19436bcc1dfcc1943cd19d99f156b8
FORA,1d,0,18689,20587,810,5c0183ab9e1f0f2d922e269dd369adadfa45c1b9b681992cae39d163bc62692c
FOREU,1d,0,18668,18962,182,32ecd3bd3395ac062975e827a834c2568add55f196a96ab85f4ecc7e3cf0e327
FORG,1d,0,18886,19591,484,994711ab6c93fe75a63e4c1e99992c61d1713d14eeedc24ab8f870b227c7d10a
FOUNU,1d,0,18915,19219,185,0d0828f5f18cbed34447b2175393fadc049d117890f376b6e7bd65e10487fffd
FOX,1d,0,17898,20728,1940,ace1c32c7b5cecd3f8880a26711856288724255598555448253b1231c29fd9e3
FOXA,1d,0,17898,20728,1940,f173539e5e1eddb11709c28cc73c79a36ad9f5afbc4aadcc4a1c5a6879290685
FPAC.U,1d,0,18599,19304,128,fc622e1c9887b774fbaa5382036321df9db238c8438ff0eb0778ac635aee3b23
FPAY,1d,0,18473,20383,969,dd1d449e1206896e302e2fb986945e36d34289278f07731d29285f4cede054b5
FPL,1d,0,18470,19846,828,abf9112dc19129896d067c43afd264c0b4126f4cd9d37a0973c52b68eaf3cdfb
FPRX,1d,0,18470,18732,182,81fe4c9e7e502b756dab8b7cab47e8932ba513cbf8ac99b452c4aeb918723711
FRBK,1d,0,18470,19591,760,d0ed68eafd801e0e0f3534411684d44566c69fdc9137a94b53506ad8c1a1e434
FRC,1d,0,18470,19475,692,ab8fa32f72011db755f74771b55e74cf86c5ef2513585e0221d5ff41a6c8052c
FREE,1d,0,18470,19937,1009,ce492091cb42d6d827f3367675f9a378da67b72ed335bc8e472906c18945a2e9
FRES,1d,0,19499,20077,195,bcf9d05c5d944ba1e139fa2546ed54a2ad129941cac8e648f3ac308bfcc114f2
FRG,1d,0,18470,19587,772,ae47b54663b4a02a7e1b1defaa6243d0d35d9dcfce9f62f1b23feec5f7dea3c7
FRGE,1d,0,19073,20511,983,3c7d4763d6d1a5f4ba487af438aec7c5867e275be278ec95e255cf3bd3784808
FRGI,1d,0,18470,19657,803,ea683c4953363f565740207e29b1dc7092d03492add901db3e2e785f67bd792c
FRLN,1d,0,18481,19765,616,331b1279adca0ac7dcb9cdfd50b0f2f72c807846efdb25d8438446c9c932063c
FRMI,1d,0,20362,20728,253,4695db9aa97b1cf92a3075e61ef04f36a66feee77bdebeecb69926c2d943d583
FRO,1d,0,17898,20728,1940,f121450e61a9e6e032bbc0b1b39d26d5be9da4195472cc5caa3f7b669ec09c72
FRONU,1d,0,18697,19429,151,8611452fe66de5834816f577c6ad7705a10a582a89d979a33f78f99845ec1558
FRSGU,1d,0,18691,19411,81,422733fae5e9d6f1f5d005e0725415ab2780835fc97e24f209123b83f4671e74
FRSH,1d,0,18892,20728,1263,b9b05fd423c727597c595eb466b8d2a6050a0f04b4d25d7e27c8e731f76c9bfd
FRT,1d,0,17898,20728,1940,7cdb5d976e05f6d4f359f20402fff231e15712324ab3380d374c51b0236d0278
FRTA,1d,0,18470,19068,415,6ba415a264df97ca34e01f8e618eed899a455f85a50cf2257ce682f9e9025efd
FRTX,1d,0,18470,19709,681,e55805ba8763a6b26b4e5e027c72d25ceda884bda4913948e834aa764d8b280c
FRX,1d,0,18642,18803,111,526dc82e64e351bc84dd0bc2b67e60d4cc455d3bf02f2723dfccbdd85d0ed739
FRXB.U,1d,0,18696,19703,119,a9577320d776ce7af77a01facd069a60db194efeebcd8a835aee467001d54abe
FRZA,1d,0,19216,20005,397,fbad894046975d52c7db33b564b045a1fa96889fd66c50bc77e0680f53aec49d
FSD,1d,0,18470,19923,916,c35dcb5aac487eb43bc0f069631d077abf74715e8f5216b657f38d8e1f0ae0b8
FSFG,1d,0,18471,20483,629,4f845cd91a77f927c2ceb4cb54f63978d7bcc49319d6cf4fc91dd775fb5e9d1b
FSKR,1d,0,18470,18794,225,34e87aa88d9eb07dddc6daf6f44d536e02c4d4a34573889f27e19a8aebe2862a
FSLF,1d,0,18470,18806,233,48454aac173c0417f30732337891f828d97f02a8ad6243cdf71b5e6285816cbd
FSLR,1d,0,17898,20728,1940,fb1dd414a299c008ccc6b965c2d545275c1bb9451ffd881351ed07d0c4a59210
FSLY,1d,0,18033,20728,1855,d80c2e8b48ead69b4d0e14ad897de69a00a57eb73b258af0d024803fb2c8f2f8
FSNB.U,1d,0,18684,19459,137,1d08bcf7280fb7ad78995cbb7a958fe98ab1a9240e212164f16154606d51be69
FSRXU,1d,0,18676,19639,139,83797d9d950e1e2542cc16f009c92a676d5abd37d49eb43d1f28d97591bd594d
FST,1d,0,18548,19229,471,e87aeab7acf5c08a96a3feb9844f96be08088778fcc9026dec86d42c1b604b83
FSTX,1d,0,18589,19424,558,a26317025705d4b44a1d18790e800098e88d3f91a819a70ea94eb757b7513ff2
FTAAU,1d,0,18681,19394,67,b454a36645245ea7b6c2d07ee0cb3fb9d9d1521ae77e6d757378bbe3e46afb7d
FTCH,1d,0,18470,19706,852,66a26b933518123bb91ee772bc628e13443a7fa026da20a34039093db32a3084
FTIIU,1d,0,19039,20061,69,3f4c7db4c402c4133b4f15ec5b330450a4f8e18e4306ccf9b8b960abb22b4c13
FTNT,1d,1,17898,20728,1949,0a2b5795ebc7fa26cda32c034e824d58a4e2e2596cdbf0a0a1fcf6ef6c30b948
FTOCU,1d,0,18500,18803,209,f946756ecd66faa1de519002c0b2857e41b9e51e6dd2ac2d79bb4463a1e4e383
FTRK,1d,0,20231,20682,309,f0c3e135f17e1b0335d142730affd70e2cf029d7a1f0e369cdefa9ea5ecfd8c2
FTSI,1d,0,18470,19055,406,f1085431f9ffbd9737fb9e203f671c15c5a0f404161fa2dc0762aa010bdaced2
FTV,1d,0,17898,20728,1940,6f019946b1fe9e9bcb5c30b9fdda89d6a34c9bce4df2ff80bcb607935c3bc981
FUBO,1d,0,18543,20728,1503,5f3a4bf7b210eb7c7cd5a33c02d2ba2f449bb01139f1c63e4bd232e9c7704766
FUN,1d,0,17898,20728,1940,a94d4c11152f5c6b4ecc50a291e04707518e710f81c142442c0d1c5e9ef74117
FUSN,1d,0,18470,19877,830,7ba4053bccbe09c17bb162cf32b3113aa611d06dc491a4646034ae7837601d65
FUV,1d,0,18470,19843,882,329638ccfd386a19d16d1c5e0d7188f3ac498cc5da3ed21c3810dc550ec98561
FWDI,1d,0,17898,20728,1940,7ad53e80859edfbf85cce91aad3bea05c937dbd3972e47d96220471f8fa6bc20
FWONK,1d,0,17898,20728,1940,c354c3bc7568b1bd512cf989efcfc247346345fb8123ebb853e26a3f6be5d640
FWP,1d,0,18470,19353,453,5efa067b0695bdc5b919e0ff790c8a1f7d269c853d8aaf6c7eaad8e14a250353
FXHO,1d,0,18723,20728,1381,1590c97da6f0af820213e4c9f9f5df70e81647d298a14f1b3f05ff6cd86cd32a
FXLV,1d,0,18823,19593,530,978f95444f21a12eb795ed41b223187ea9f7cee433f24a12ded2c3082219eb8f
FYBR,1d,0,18751,20469,1183,d1f5a1b858bef231e36edd3495fd0bb6e6916c5b7e276d8690cb2b3086b4e831
FZT.U,1d,0,18702,19634,63,0730c76a4f257210ecd1b2cb39645867ba533dd59e61822b372ae0dc925f83c0
GAINL,1d,0,18478,20437,892,1eac2850948a6310784839ff90e58029ca071346d66cd825cea7824abcbb796f
GALT,1d,0,17898,20728,1940,0d19235b131c69e3b8f89138710b5cfb74fd65d696b0ac5b1d672d0306484568
GAMCU,1d,0,18703,19948,108,ed8acd14e0c7dac7185fc8478259f19ef874fdaf199b8c26927a84a73aeafddd
GAN,1d,0,18470,20231,1199,a5e85c113add1aca1750c3721211f93bef8aca905d9a9e56c8565236a8fadeb8
GATEU,1d,0,18901,20178,200,e63fb54a0d3a088b37f9d3f3778ad29f6d622dcb496f3eb02bac6c814b39cfe7
GATO,1d,0,18563,20103,1056,38c19ce04ed42f08211c2617cd5a2a095c7706d8f187273abea23d5d6aa5ddcd
GBBK,1d,0,19180,20081,73,311db6c58eaddaadb12cf47a98f303afb57af6bfc2a9c6208ed87c55efd409bf
GBIO,1d,0,18470,20490,1391,5bd55f09366f561fbbfa5a45e3d7937d50be16b101ff703b352c37537f9b13f2
GBNH,1d,0,18793,19776,289,fd059577689a96764652688d864d4fff86daeb9fa1c02e40ccaa4ce94701eb8c
GBUY,1d,0,18471,20287,992,ba64550f759b7646e5cbe88c99d45df86d611d44a64796cf36e5558c7bacc40b
GCACU,1d,0,18656,19033,208,4250a8cd979a7d6fb1b36e90598e00e5474b2894cd646cc481f5673124081ef7
GCP,1d,0,18470,19261,547,42ab35eb91fb6d06009e85a5b559065a9919b55b01f107a676bc7d65928d1853
GD,1d,0,17898,20728,1940,17c74494be3ddc03fde0a501ed290eb65e1b77bf2cabbb7b51484d8a5ae30726
GDDY,1d,0,17898,20728,1940,d7a0a53518f75d84bf5bf48db5a62813c0b0164910bf316d38a688c0e5d14132
GDEN,1d,0,18470,20572,1447,231a981c3f99963d9997c538a165f8815f55157d1a3dea05291c74a11406de56
GDP,1d,0,18470,18983,357,89a56e1d7421d1ae5042ce8b59c7f1a34bf0737e802778b7f211ef88967a7569
GDVD,1d,0,18477,19963,691,9a964aa4218583c74f3da2a02d3afe0b8708dce7746c0f31793982a477caff8e
GDXU,1d,1,18599,20728,1464,a939beba1b2a8e2ae7222be3036a6bc92c7ac1e671e1ddeebb8620c732ac6173
GE,1d,1,17898,20728,1949,e9b30ad03ee93220d63ae81bc58f25337fcfcbbbb3092c24ecf74a867fc51529
GEHC,1d,0,19341,20728,952,bd520a467c39b01d34659566d59e6603cbf3adff33a87b04c54bde7bc738afe9
GEN,1d,0,17898,20728,1940,2f998bfc51d587ecd221f8437532953fd4015dc5abfb087a7e86454421e3c47a
GENI,1d,0,18540,20728,1506,87d7501228f06a31d6b5f5b2e4581932cd01f0180f2d24670571d3cea21b2313
GES,1d,0,18470,20475,1377,98425822e70c56dfc5e9b451d4a975385b415a7a88e2325b935a83788823bd6c
GET,1d,0,18922,19382,183,36814404d88bc158cc9538cdd4324e1cb291dde46f8de3ab763f9d0292a87e80
GEV,1d,1,19815,20728,629,f540793ab97296b334e0085a310020445aa8f0ed8818255b3d5264357bee4709
GFED,1d,0,18478,19082,363,e665a129d576eea15b779b21a30248e6e7335f22d99644b28e2df36b6b8dbef8
GFN,1d,0,18470,18772,210,f804ad9874b34f00bc9894b1896f5f7fb2b92872ef3861852e2d12e1f67abe78
GFNSZ,1d,0,18568,18801,157,a786d8d26f5f93a326aeff951350435ac60d62a37013563c1f1be548cc59433e
GFX.U,1d,0,18614,19563,107,314bc872aa15b510ada768f7e1153d0df4a1a4097b37cad4752b4b37cfd13a37
GGAL,1d,0,17898,20728,1940,145d35f7337f7987f7f95f3e5e2ab510d43f536ff01eae997c2fcffb16e3ad6e
GGE,1d,0,18470,19831,575,1d6b5ffabfd63853c7cd9f244b589206066daa8c54acfd4defb2f54650fd5e24
GGPIU,1d,0,18709,19166,313,e0e08168ec79bb3bc9f52f08274c4b51aef1bad254a1d17a813f0df2197d82f4
GGROW,1d,0,18687,20725,1386,ab2336968964c2996c0b794055ccdbe74a6900be80dfb4816547b30340ef9c9c
GHIV,1d,0,18470,18648,122,207b5ccf09f437a4f2194e58ef7dc721a5233d7b98f128d7f1db24f9091c47ab
GHIX,1d,0,19114,20061,159,26f86f66c4c99827b439845845fc5607a5415221deeff2370ff319673fd40c54
GHL,1d,0,18470,19691,841,3865c03296d5022452a1ca23415495e38a2c9cde2103751d35967c490788c76b
GHLD,1d,0,18557,20418,866,7973fa0dccdc51007b6e9479e87124cf9fd408f41ba23100c603e8498b19da52
GHSI,1d,0,18471,20007,706,75f29096fdc8e410419424f887587f2171a60d82d75e3998debf302cf543f887
GHVIU,1d,0,18607,18830,152,19031407e5b318648c18c022138de3202f443d890c4d473fc087b13e31907aab
GIBOW,1d,0,19590,20726,715,01e7d8ece5824bea77843142352d293275b760752ae44e41f0414fd047f17215
GIFI,1d,0,18470,20469,1059,7404528b104e1ee9c59164392678cbab0b9d1211f18caff9793c6ab5a982c64f
GIGGU,1d,0,18667,20595,341,255a62e70a483015512f2406aade6ea936d430942eaeff8e8f2d9b32ef30f701
GILD,1d,1,17898,20728,1949,55959d406489a9ebdc9909f23112bc599ec327bd29b4c59cb2c18650b3abaf52
GIS,1d,0,17898,20728,1940,1a01e33bb58237718232fea387ef449a413516a0a4c298473695da826099c134
GL,1d,0,17898,20728,1940,7e9e18fb38382332edb5fab4cbee29416f06305e8539cdb3fe50f9384e2cf1f8
GLACU,1d,0,19675,20145,143,8cbbb0a828ce62eed5bebbc6aa781d78fe5eedd14e99c794ad61af5a5243e170
GLD,1d,1,17898,20728,1949,4d555a151d9b7eb6147507e554941560feff40e3c091dbe6a2d877154db41d61
GLDD,1d,0,18470,20543,1427,c8fc0a1b346f86357cec530ccbde7188dd7f7d8c7037d0911b2cac030f04d54c
GLL,1d,0,17898,20728,1940,df6208e209d8c175fdb3c40688b2e96eb6e68c3bfdb409dce783957f86f126e1
GLOB,1d,0,17898,20728,1940,246cb0788da58a32d636a738384335a95d0bc8e736c97f22dc6d6ca734413bd9
GLOG,1d,0,18470,18786,219,9f8288d64836d30c9294ae25174bcd63c3d23db4fa58c5190a8eb44800c3cee9
GLOO,1d,0,20411,20728,218,55f122fe4a041a964a2c8b94a098425e438b0edfa5a5666756fe91b6f0b7ff01
GLUE,1d,0,18802,20728,1325,592a657d2527644d76d21ad2633f616bef8a424533a8dfaa26a1de734c66f579
GLUU,1d,0,18470,18745,191,b1c8395159fc2a6f50d7def204aa84a485321558a70b7e38bbf274e47742ba4c
GLW,1d,1,17898,20728,1949,9bbf6dcbaee605c14e79463de3dc7cf9e792137b8847e42c3c62f6104e95df93
GM,1d,0,17898,20728,1947,704a8ea57993cb3bafdcf1ff425df6674cf1ced6b88f8870f62a9f4ddcec53c7
GMBTU,1d,0,18647,19082,295,e29fdb4e8ffcd2d87c1cf1573e125da8ce70d57f66d22611123efaacaa91afd0
GMDA,1d,0,18470,19818,923,99988fb91d35f4ff30a6fb8d64a12c4a86eceaccdfbe7ca60adc488e9410eabb
GMIIU,1d,0,18647,19010,252,961d5676b1d51d8d15598553d24a4430f1927ec75b7ab36b5e76ac93bf98d8b4
GMLP,1d,0,18470,18732,182,e09a935b0681ffee9786625493e8dc4df8a3c68b88335b39b98a1b00ab9fa178
GMM,1d,0,19640,20728,748,3106cf1d0985aae5304eaf146c1cf9021f39fa80c444460d99f3c2a1b593d3ba
GMS,1d,0,18470,20334,1280,70b968c128e76a80e4e0b3861147d2f83414649c3adca316699b54831f57ae4f
GMTA,1d,0,18472,18775,211,6bfdfe8a45dc0d29e1f933d809a560a5095e05a5530e044cd21ff22681c469bf
GMVD,1d,0,18803,19592,446,951a9472eb860ab166fee6f5697438dd564036bb04607ec9bb3c7a1ff8b6b4de
GNFT,1d,0,18472,20411,760,974255a90c5105fbd47379fcec4f8e016e3a2888d987929b287827a24eebbb0a
GNMK,1d,0,18470,18738,186,f6bc09627487c449fe73354de016b2f64f4727c09b7e1b0c43a08ed6acd75229
GNOG,1d,0,18626,19116,339,2f36b96ee9f956147da175769991f7267d43f1e10303eff3481185e4c6562c95
GNRC,1d,0,17898,20728,1940,e81380b0963d1c2ff3153de062a528237ec57f37e555e4e19616267c6ccf1a22
GNW,1d,0,17898,20728,1940,e79d89331309af13f1d222c0f0c0352bbc4fcacf11f62969ecdb7f280bee9641
GOAC,1d,0,18530,19220,474,d3d9ea575461e554a38da43f26ac50999bb2b50e0338d8590f5bdfe193d84429
GOCO,1d,0,18470,20619,1327,13cb5915022271f80db27ac46ded45c8806ee88b6b87f8b3c77e3a2a31b85cde
GOEV,1d,0,18470,20116,1132,faa59893fe85a0b7260c6286f6d81e1a23ebb61c0c978015bd58463e5d22c080
GOGN.U,1d,0,18921,19521,75,6fdb8879e673cca6131f3ec110ec4688a1eca16bb14ba0328d199128791b05d3
GOL,1d,0,18470,19747,878,f9ea1dddb13ed09b8621d4f5cbe8aeb84c01740f2620c75a12d5725082a34632
GOODM,1d,0,18473,18807,231,23ba92ec005d0e6a3ec88c586b1368433dc275c5753d20c1aa9f9ad8206339bc
GOOG,1d,1,17898,20728,1949,b1ed0c4f4088c430bd45baef111471eee83999e97e5b605fe6410e4703c5a0ab
GOOGL,1d,1,17898,20728,1949,70509d5f438ef48e1cfca2dbfda37a5d764bd86f941dbd909abe9aad05521131
GORV,1d,0,19741,20418,457,62afbdf5e2a93ea74a4239cb5825c2d697b285b30dd010f47dad86fb094d2bfd
GPAK,1d,0,19639,19937,155,f853f62ab2d1d766cf6923e45ae78b5cf794bd74e8b4aa0bf3da4a716ac88043
GPC,1d,0,17898,20728,1940,5cd4e87c813ee8460b4a08f9d3176f29978a05cc8944d4e25b8a9b14f8426f09
GPM,1d,0,18470,18922,315,95459f90d08f8ce45230ee7606e2fd0b919e7884ae9ccf61fafe8bfe2edae2b7
GPN,1d,0,17898,20728,1940,d6f9a3a34e553d223936a0223cf52167101e7943d125a225d4bfe4a979ab479b
GPP,1d,0,18470,19730,791,19667f26edfdd333c4b5921377f4ae334a73344c69c6277d63a4c5dc3fb6959f
GPS,1d,0,18470,19956,1022,d85ba419a422e015c3e0580654ae51210c2794b0904fbd67cb270dcfc92ae3a2
GPUS,1d,1,19360,20728,938,f5355e635194b8f0ca645ef7af621a7ad1e8e9b9f1e7afe57fd4103e52e0fa39
GPX,1d,0,18470,18914,309,f3db48f13e7645f1d16b43a245e545c53891ecc2527246067f9cd9e015162620
GRA,1d,0,18470,18891,292,f956182d1968b8d748b92467f59bc9cd933706520ffefd499f5a1292eb6167f2
GRAB,1d,0,18597,20728,1466,8299c5633868df7daefc4ff5d83b82b2acc86669a293c5687de14817e036651a
GRCL,1d,0,18635,19774,747,59bc6d5d7a7e83aa8a533959af16e222d5cc9a16768afb67eb40d6ac26e6f1d4
GRFX,1d,0,19221,20222,541,c20a4f01885204a39f6bd58c9ce4adff64ecbc47228685183d39a3982a2058fb
GRMN,1d,0,17898,20728,1940,02dbae98de773099f22abf2406c7ce3a913745dd79b83302e4ac3280bf2ce958
GRNA,1d,0,19027,19559,365,c0b904f140f489e41b7b7d651b76f46c5ce5d7c712c9dd1a8a6610bf6cf65f9d
GRNVR,1d,0,18500,18852,231,9b09bfd13ca48d28f8272671914875dd1337d5561c060dd45581ca07361ad90e
GROM,1d,0,18795,19951,594,e841bbb7de29c0f976208489f88f67de6e861823caa22361eee38682d275fdc0
GRPN,1d,1,17898,20728,1949,9b63244072d8a7e1d1d671b78357c35ae5d1325a0c85a112890cbafdda316bf9
GRRR,1d,0,19187,20728,1060,3ee46811d328ca0376498ce2b7b233a4a1e0d5c203d30a57c546f70f1e65c185
GRSVU,1d,0,18480,18843,239,baaa89cfa82a8220b7f4527fda2d8d2a8fa181a1e02ab27b24ddbce6ee07dedb
GRUB,1d,0,18793,19062,188,4a728e6a7061fa74ec2b73439224422650e406916de61ee1883cf8180c52c89d
GS,1d,1,17898,20728,1949,626c2e8bdc51ee40ab92d19ac89201a0b308cf3b2d46ba037fe8bfd321eee597
GSAQ,1d,0,18688,19199,302,1b32237d265f13ab38a086a2337f462342ba65ec7da57458f5a5831f9320b4b9
GSAQU,1d,0,18635,19195,261,621cad75236acf30529ddf59d901234dc311186c1aa2647d7728f45ffb8f6b2a
GSD,1d,0,18904,19745,427,0a674b411b909b151055b30f96e6bb26a294347d7923498afc2711f5c772e4ed
GSKY,1d,0,18470,19080,423,1bfcea906afdd20936f781682fdfe099504b91874fb7fdb018981505cc29241b
GSLD,1d,0,18471,19188,496,ce28aed3f00c107a9d2dc56e4f5da6ab4bba937c01d08077246cac2df9454fc8
GSQD.U,1d,0,18663,19328,138,79f5a6d3d234c995a73bab77e36c95a82631588e9fd9cbeee7dfbcb01158836c
GSS,1d,0,18470,19019,381,886090dc7b23f93d86768e35ed5b2e30f4230e23cc5a914426e5027679110381
GSUM,1d,0,18473,18711,165,c747f6ecc04d97ee9d773d6b2eeaf92e6eacac2f152ea5aa4d104c3a7a6a8df5
GSV,1d,0,18470,19215,516,f13b7b0cde70cefc0d363453e9226f7b6e710927f7e7d424126b9a7c945ea302
GTH,1d,0,18470,19810,825,dba6c13e3ddf952d61e78ff371a507d91a1e0cc1368fa9284c8e00b6da799e5c
GTHX,1d,0,18470,19983,1043,6abc007e33eab39903dd359f56318b29e21a3a9b25f50211366145c4c8c3e813
GTLB,1d,0,18914,20728,1247,23b21ce4ee893bcbdcc442db31b9e2d76453a5770e92c479610f51069b29ae6f
GTM,1d,0,18417,20728,1591,e068e233e57cd55191bf0006d2d54331ea5d4366fa7792a788222bfd7e78f839
GTS,1d,0,18470,19023,383,e34d971d6d6d9ece91b602b11e7312fccdee784bb47f585740aafe313723d734
GTYH,1d,0,18470,19179,490,a43ad82c8ed11ea2d84a6522b83e901355ca6ae6a1070cb821affb558c6747a9
GUSH,1d,0,17898,20728,1940,7778901875de7a8c2fd0950c45bad7d2f6ed07253b6ad70b7b99d24aadf25e2d
GVP,1d,0,18471,20027,759,f8c741bf871cbf2432070c7c82f32202997b55c8f14ce907d6b91bbfb35a844c
GWB,1d,0,18470,19023,383,84816bcc0cf93444f7ff40e20d55de1d377d3e1eb925bb672c2a2c0196522037
GWII,1d,0,18863,19409,84,e352f6822373d4e342aaa9ff6520124514a10c716a272110f8d6cd9ca8d93b3d
GWPH,1d,0,18470,18751,195,af3e9e9420a39ddd4f4aa95600577e9d5331e46263fb071d3bbd75849dc8e253
GWW,1d,0,17898,20728,1940,0acbf73abb86d2cd5ad4fa350670e6b82de81ff6bbca4f996ea8355a08f51f33
GXIIU,1d,0,18704,19432,70,dd148886ba41c4a2dad0cd44cb48dbd789e039cb316ba029693d3335e2406051
HA,1d,0,18470,19983,1043,dbfa0dc0aacdbfffdeb2f4c1cf0defd37b2f2e027b93da457b647a02b15023a2
HAL,1d,0,17898,20728,1940,5b347b754b915cee3adb9affdf0f8d823b00e6e3221f4c6869743836908e280f
HALL,1d,0,18470,19726,578,138724618f2aaa8f4b8673fde9642f2964f0c350b2610dcee98c56009ef25343
HAO,1d,0,17898,20728,957,2d47d63a6d5209d5f0d6561eaeee0eece417186468d85e53f46e15b3d6fc91bd
HARP,1d,0,18470,19790,894,37a891d7a520e7ae8034d4f0ec5bc1905685de69f94e30f7bb786920ae5397cf
HAS,1d,0,17898,20728,1940,cfe78bd9f4f4f27bbb14afe6d9eca56df4f1e7f2c6258419db7303bafe0443ec
HAYN,1d,0,18470,20047,1084,d2213dc59835e3a405e518832187f3dfa1d6593a1e960229accc7cb80c1a7cba
HBAN,1d,0,17898,20728,1940,505d56cb0acda7f5dca0f94a83e1845e2ebc3f9c4aea88a5a1996900f415c456
HBANO,1d,0,18470,18823,245,80434d33ce6ab82280616dcdaae174ae63a57f17959bae4e116eb099b4ca4ed7
HBI,1d,0,18470,20420,1341,fa685a1c9248be349acca993ae5289462efd2fef21f191c9433771641e133762
HBMD,1d,0,18470,19013,377,d2befcb69e9043f170e6d96226b77a0f538fe5cebdadc09d85d8f56460782222
HBP,1d,0,18470,19114,446,01913548b3fd286506621f5bb3b4cc05fe3ccadfee7b9885e8dff435f52fd58a
HCA,1d,1,17898,20728,1949,7bbe1dfc156d9baa9510f1fb3831ceaf6e5fa85818d4a55546111571bf17ffac
HCAP,1d,0,18471,18786,218,b11b38f403347d549816ff64433732b0d0ee98c608b40f034c7e0969a55e2200
HCCCU,1d,0,18642,19058,216,e038f6843c0af6f2255d9788c7d4336139f0c6e5a2fd2e27efc471a98fbfbba8
HCCH,1d,0,18470,18605,96,c83cec06048a6141fb207ef6ceaef660dae73c1045770c1899ed00e7a632d1e2
HCCI,1d,0,18470,19646,811,d6ec3d6f73348ef6d52e37f8fb3e77a6e63e3aaf79c6fbc294d752504e96094d
HCDI,1d,0,18502,19711,687,16d9062d80cd4a2ea00d21e643b8dc1afd142b212f38e7b42aa611bb7663c1a7
HCNEU,1d,0,18789,19516,66,d73274eb1c1b7717adca71fcdd2acc7fc55da9ec4bd4b79da95d7550da4309b0
HCP,1d,0,18970,20145,806,b485689409503e443cfd2ff147245cfe3e27147827c7b283f848fbbc5c5e3f39
HCVI,1d,0,18962,20181,325,f87abdb0f7ad062f74afb37a93896fb4f4419c73dcc72f8246a9fa33398d9828
HD,1d,1,17898,20728,1949,3e234a0f77f9870c99f56de961087570dcb2f2704a24f25a37f298ab1478067e
HDRNW,1d,0,18718,20728,690,38a2954c03a7ddf11da19d0245c39197525a905c9cd252c5d96698866d9779e4
HDS,1d,0,18470,18619,106,74861d45ebf972cc8544019a4c529fed48f26c9a387b224f915b2e6778de730c
HECCU,1d,0,18472,18800,214,7c804dfb8596c622dfe9c7a220c0265f56ba701bd3dc12e215058b29c118c587
HEES,1d,0,18470,20238,1218,64a1d7226e222d84ff396c3d4691c6255f8526f250ab76c7e5b94e86b4fae6b5
HEP,1d,0,18470,19691,837,ef32525812596ff5054bd5f9c3ab2946bbd2de668d683f0264db0bba88f0b515
HERAU,1d,0,18690,19405,147,0267c5d1f60d42e18a9c6f6e25cb28c1d51ab86c72a40251c49aa4baf4eb168b
HES,1d,0,17898,20286,1644,b08472c1e9ea00d694357b4adf4d66e2999ab5653d478e0bce0b095572ccf72a
HEXO,1d,0,18470,19530,721,902307426b656d13e1deef75e1ddc5e710df47ff950e1c8c1ba6baabdaeca79c
HFC,1d,0,18470,19065,409,09dd36a54ff762163bb2f16357d9469bf706e8ba05e061aac45fa7a8073f4cec
HGEN,1d,0,18523,19563,709,f70b26fae68171f6d889935f12f95d915e8c977d45e1dafef320c31e639a2690
HGH,1d,0,18470,19100,436,ee628cb869c251993941dd2bdfacd71ceecb1594e34c4cb540131e1d3d5b9940
HHC,1d,0,18470,19580,764,20815143424d2ce3d2e06efeba24eeb9cbe962e7505d7d5bd8faff1ae6dbe676
HHLA,1d,0,18722,19760,242,4bafbbd15ad19e4f7ddb96944f73c702e3266e4d5495ecdc58c537ead788abfa
HHR,1d,0,18470,19048,401,6a69a47e7c27d611e354f7a5c8c28d22f85f8b9ecf29ebf146623bc69d80d3ab
HHRSW,1d,0,19415,19615,135,fa5ae4eb4dc53f3c2e7620512e13993197fbae3cc609671db9b1a3133ee2d2aa
HI,1d,0,18470,20493,1389,47cf5dc636be14712e55070a41a07074f1e83861f841af5e38a8ce759f5b84b5
HIBB,1d,0,18470,19928,1005,efad7f460a232dd9a32663c33cc33f51b1ceee2f68e3e9bc63badfb087f49f16
HIG,1d,0,17898,20728,1940,96f93947ef992649bc65c88ba72e55d3e8de995d0015a1ef20a10c430a9015ef
HII,1d,0,17898,20728,1940,fde31bdc085c9fc73e2c470ad9eeb8720b60938a754936567e8970fec6de1bfb
HL,1d,1,17898,20728,1949,31977ec51ca6b10a63eaae1b8daa8a3100d95df6661e0ee96fefd8bfa7bf3301
HLG,1d,0,18472,19250,522,a5b081de3d290b8fc2aa195d7d4e25fc8cae3d7d223080ab54dbe8d9a3ed7170
HLGN,1d,0,18757,19664,551,62aa98773859f2e39731e9bc7f79ba15420092b1ca1f6eb5a87c8c77181818f8
HLT,1d,0,17898,20728,1949,60a052c9434805e11f8a12e02172fc75a62fc9230c73787ac2e36524563a66b9
HLVX,1d,0,19111,20347,836,fc156caae2d5a2b8aec9479f297919b8c12866c89adb34e5f63f2619d777fe80
HMHC,1d,0,18470,19088,429,b013d74e347a0f997e856ae62dca223929be78716fe42bd401bfbb6746a75bd4
HMLP,1d,0,18470,19258,546,bc7164828cb1b43f46b5b0d5f2ae729939963ee4a0f7c93a467962ee46aab313
HMNF,1d,0,18485,20005,209,ceaf80f13cb089959cbd51376e75d29ab88ec67185c67d1aa58290c04cdb3c04
HMPT,1d,0,18656,19563,527,10783d9f56e9dc10929a4e77004849dd3957dfc587ee908e5a1eb4defc72788c
HMSY,1d,0,18470,18717,172,98bdf7eaacad82f6abe7ccd05383a6f5e699f272c7c500f70077e33f21ae6cdc
HMTV,1d,0,18470,19247,537,e2426bea756707db56496262a341433ddfddcdb1a0c2e265e3d597dcbb17fdc8
HOFV,1d,0,18471,20265,1059,0e7d16db383431bfd65affe9805b0966842e534084a19348f3e51df6a71fde13
HOLI,1d,0,18470,19929,1004,af401c05c3508696f5d44d2e91157c8a2679d6cf7f9f13fbafbfa97a666ee8d8
HOLUU,1d,0,18479,18808,217,35221b764bf07716b6beac21645fece2d602121c64fdb3150428aea696283436
HOLX,1d,0,17898,20549,1824,fc82d0fd4914576d0c829c1fff142b284c6046436a7c7751c35007b4eff5fead
HOME,1d,0,18470,18830,250,a706ec2ef8492ec6ae0cca94b7d83cc81e04b89c956b933ba6c8f635a2b1bf9b
HON,1d,1,17898,20728,1949,a28384720761eab237b8c9bfc008c15b5d42dbb72ec0a3588fe228b18feafba9
HONE,1d,0,18470,20392,1323,b9494903f0faa0bc9c62db725b96472a2c493fdf12a863171e33a52611acc3a6
HOOD,1d,1,18837,20728,1301,0f3562618c538eba261534e36b81184287a3107e183f8406bac7e7678df4cbf1
HOOK,1d,0,18470,20307,1229,a0b1fa22364801f7d48c8cc7f4a7803543f37623048684cbc0fb8d71c9278c6f
HOUS,1d,0,19152,20461,899,42d61951ae9359349c75b46a22e385e84aabdd9ed961750a5b62f56aded55ae7
HPCO,1d,0,19234,19971,381,eb30530a3b971a90c45fdc7462bcccc673fd2d97b4fba51d9997fa3ca709c395
HPE,1d,1,17898,20728,1949,a5769c7cb2bdda6a13fa6eb4408ecaf53ea30c8f06a56cf380b09bbdb8bb6168
HPH,1d,0,19800,20210,261,08dff3c0a714013b8af690adb26b4cc39c30b555cb50fa797d52021c528f8c7e
HPQ,1d,0,17898,20728,1940,bbe5aa38f607802b92f8261163b663cfd5613c8ac6a0018a9acd5eee4df1a06b
HPR,1d,0,18470,18718,173,ec7b96f6a1ddd6b329963f2da9cc4bfeee050ef75fc9088f8b401d1b04e176b8
HPX,1d,0,18530,19419,244,c975507b9b89bacfe9112daeae403b4a97a4259665200bc970c3423afe432bcb
HRC,1d,0,18470,18971,349,0decf43c726699d710419c8aec99daab3bf60521f2767b2aaca7607cebbbf2bf
HRL,1d,0,17898,20728,1940,1d4f4ca6d92ca3c3a75be1a3e7a622f80fe20cf9578542f4354c62f3e573e1ac
HRT,1d,0,18929,19901,667,acdb144594cb0159c83c5cec0f888621fbcc263c5e7b1da9dbf485241baef4de
HSCSW,1d,0,19158,20727,1013,1d2af0450850f5e834237f83c78ad6f0a2a4dcb5b6a21b6fb72f75d836482364
HSIC,1d,0,17898,20728,1940,6d5ba29cb0ecbcb6a55b6eb4b8aedfcd129a1ec2f0910fce47e1cf8ab5e4170d
HSII,1d,0,18470,20431,1349,696912fb937523d0317d2d5c305c08e46dfd34ebbbb450766cba8bc0187088d5
HSKA,1d,0,18470,19520,724,c30295b11d9a472f6bf1b374fbeb8ffe4ee98d6cd4c5e61fe8b497aa0252b78a
HST,1d,0,17898,20728,1940,0e892d1495dcabd38f5e090f70c1b8d48ccafa80d7d766ce78b71ce6649d94f4
HSTO,1d,0,18472,19634,610,33f3688317e54cb211de3a0a4536f6e78cfff105d39d95b60e35ffaed9018a71
HSY,1d,0,17898,20728,1940,199cb970526dcff5ea98a6383eec222a958aac5243b0d3e91c2c37b93ac26a80
HT,1d,0,18470,19688,838,97d898334efff35f4d3922d3b64042332d936fe7d483b4252c900b408650c6cc
HTBK,1d,0,18470,20560,1439,69289535d8b736768890a9482a8527c947877dfd0862cb0aac7af32d947fa9e7
HTGM,1d,0,18470,19522,628,598515f1a335893ca092df1407a09331a19ed797811d5918cedd7952074a73bd
HTLF,1d,0,18470,20119,1135,fabccf10bee106e3c5cd2d810a625c23a8615bc9e73f04a5b4f236f410969d4c
HUBB,1d,0,17898,20728,1940,2ce896892a977e0f6716e607604e0f2b6ecda3fa8dde1ad73ba4c6ec1e5bfbe7
HUBCZ,1d,0,19419,20721,887,8544946ca9a247ccd7c9338c7165c39dfdb58c6e6a13c512aad0092a23e0561c
HUD,1d,0,18470,18596,89,3fdb2b588e97d012a9c3a6c3e7ab2ec811bffe3f3f4b7c9d66b62c75c63618dd
HUM,1d,0,17898,20728,1941,35b9f705366086bece8205b1942db4fbc2a9f76777dad533b0bfbc3ecc17f385
HVBC,1d,0,18480,19520,108,794c1e77112d5115280a240664b1aae07e02414bfb3ae1c0637e06319b98820a
HWCC,1d,0,18470,18793,224,af18383bdf6e26683fa88d33ffc0fe37a715e27365a27321a00a28808b81aea7
HWELU,1d,0,18842,19677,61,1f058f4777587eba6a501d97e23cffff32ddf765a1073f5993cfa5aa1837cf92
HWM,1d,1,18353,20728,1635,11da4fef22831acc5b854ae3d3b39203df54173e0797eb2a10dee34898c4231e
HYACU,1d,0,18486,19132,235,d0b00ae27fffb46cea8110d54618abee2f4b6d1f5128bfeb7f8acc8687bfb9e7
HYB,1d,0,18470,20130,1044,306b6def8dd6a7b7ebc15a228c97d7878bdfa601288e360c853b4511bcd2b439
HYG,1d,1,17898,20728,1949,96585b16060a9cd4d022e014d38ee72a691097fffcfec391e2c9cd91edca62d3
HYLN,1d,0,18008,20728,1874,ff6682f75b6f2de7080b57e96c038acc50e4d61cc45a988b6c8a52547cba834e
HYRE,1d,0,18470,19390,619,aca50d7cb1b08869c658f37431428df06c9e3431804f2f5ffc29812be04dea92
HYZN,1d,0,18827,20118,882,569021c3443012b1f01f57ea41427a22959d175a1d06f15315067c7a58e4eb49
HZN,1d,0,18470,19395,538,eaf558e1887ee30c143570b5352a42d20005403a6477078a9bd10ba409640b75
HZNP,1d,0,18470,19635,805,6bc65d23c85f7638219c29199ca4dad0e03779ea5cf5ba7fbff58acb0106816d
HZON,1d,0,18606,19468,398,a9af41bd1149a11f989ea022672f6b16d904f8fef703040ded82bb3b787424ac
IAA,1d,0,18470,19436,664,e81fae64b40688d5848554aeace41fe2a9786fb53ebc67bca0f9c67f38535d08
IAC,1d,0,18470,20607,1471,5e4b68783a2ce1cc23fa6291bec0c4fd9ddbc74b2d91b4a56b41f01eee3c1463
IAS,1d,0,18808,20444,1126,f62972eeadddc99037e3c7c1c46a0b7730bc5f2042512ba48a325b77b3877bf1
IBA,1d,0,18478,19468,284,05bd7994669156fdede3cb94f81851299053203b0db4ee776f6b73026fd9ce96
IBDM,1d,0,18470,18976,352,04a67e7c0a25abd952e32c0209670546da0d8b95ffe433a30d1dd296dd3b1e37
IBHA,1d,0,18554,18976,288,ea18698ffaedf42c54b0c8ff6a22dfcd7ce12a1c4dd8650cb43889721f391bdf
IBIT,1d,1,19733,20728,684,4378fb5bdea5fce4e6dc16977a4da6e717d0918934593a92bda1254a0f161db1
IBM,1d,1,17898,20728,1949,84e1f334773f2c2dae0ca52cf9ec8099ba1448fef8ac4e7cb084a4bc997ca56d
IBMJ,1d,0,18472,18962,340,8b5638b0f8374a924e04610bb3f9156b48f033e2c280b7c2c78a9174fd88a8f5
IBRX,1d,0,17898,20728,1940,f0fcb64c7a2171f4faa092b5515657cd859521dd76e21c7168df6028e5b16d29
IBTX,1d,0,18470,20088,1116,ac88eac9291bf73df4ebca3919517ce3f0a70799527fc3ab20af11446759998a
ICAD,1d,0,18470,20285,1216,bf8401f82e76c07aa70ac600ede19bb7a936b638633d9ac50df109916f5ef969
ICBK,1d,0,18471,18964,334,4128085ed0b1b4133fbc899b7ff3c7583f817aac535d62ff1a38772382f57a8d
ICCH,1d,0,18513,20159,186,c2dc29676d6f916b022b0cdeb29d9b1698cfc9d639ccf657602b6eb8e33dc25d
ICCT,1d,0,19597,20229,373,914e1e5b9d62006e12e47e59516de3ec24cc999c26536c872d7a7172e81ccd1a
ICD,1d,0,18470,19963,910,f5562fd80cdcd977a9e3c592eec8b23ddbf7ed7333861d59bfb10c96b9bfbc64
ICE,1d,0,17898,20728,1949,74f46a4c2b8fd16c6ebaf4e76c2b1a6c9582e876384819e26d84a3d9e2eb5d48
ICOL,1d,0,18472,19226,521,daca588fa8b615babc8acdd3535e4de378431f33fb016f741047a2283460643c
ICPT,1d,0,18470,19668,827,a6abfcaa58f50d0beb261d33cce180f96ca43261ba02dbbc93d3d2c4a6b80ec2
ICVX,1d,0,18837,19769,641,c71d0f4f6f270ce67e115481ddb51284fa923bd48eb493aa030afaf724cdd8be
ID,1d,0,18526,19717,560,84c0bdf3dcd39d8de24184740aa04680991f254480b13132ffb86733a8cffa30
IDBA,1d,0,18688,19559,66,5345dd5013dff20108f1a4436859d88e80af2c4d302bae6b2b04193296f3fbc5
IDEX,1d,0,18470,19914,985,dad612137d6f277b1420a09c992f7ea35c6384a362540a193f3b07a05acfada5
IDW,1d,0,18843,19480,192,51a549ad471d04dddc55c2089c510e028afc724379cd7b1b6facae3eba6d931e
IDXX,1d,0,17898,20728,1940,e00e7e097dd651a457885f99c4b2040c37867b26532cb2f662703b5e618d752f
IEC,1d,0,18471,18904,300,06aff80d30320b4a7304b3d6be5e7b01645d25b2b829bf17966096f116617f5f
IEX,1d,0,17898,20728,1940,d7af4945b2c882fb53d5a3eac39d9afa6ab23e87a168b53edf505d4c7a12d7d4
IFF,1d,0,17898,20728,1940,ab2d62baed697007a370cbc2f030eb5a7acaa4003147eb201997794caca81a73
IFFT,1d,0,18474,18884,283,b59b9adb4575a80b56b56d38a6af06d07cb3d03a2956d08afb12f807398becd9
IGMS,1d,0,18470,20313,1269,5c0a996adf4f7df08791f106889eb953607f038bd7490c0b82adf33aad707d21
IGT,1d,0,18470,20270,1236,593b8c8090bef015e9695d8097cc0bf6753aa18b6a3e1f745f0bbde5d8b0a6ae
IHC,1d,0,18473,19038,390,f2ac3ca14639d6d164850672a569e1d0711357552f9bc74c6d339404d7c3d720
IID,1d,0,18470,18717,172,701cd0258b1dd741ada3ebfeac0c9e36b932291bc087160ae9b393dc85b8d57f
IIN,1d,0,18470,19136,462,3add64164be8b09b0758764eddae6799f90fd971be03463b55c9bfe7558aa53b
IMAQ,1d,0,18858,19942,678,2829996ee49a8559af6c517d1a78462a91ec8f88f450140da74976399e90fbfd
IMBIQ,1d,0,18470,19545,665,91980d140fd53d10f6d93908eb7aefeea04799c06bc51aa99518b465a0c14189
IMGN,1d,0,18470,19762,892,d99b2110e5ca6f8bfdeeace642dc680c79a9c3a28e41eb7f5a51d3407d3d2632
IMGO,1d,0,18824,19367,374,e1c49030a5846fdd2fe2eb6ddb6e4107c1918e058e40b1c985ce3d0bfa4cf438
IMH,1d,0,18471,19473,325,0d29450a286c01b55df5c5584ed3144bd1167ba9f1526cd37126ad6211d4a127
IMMU,1d,0,18470,18557,63,cf43e163eccd44c7136ba3998d3c495da4dd1d9569e3115b20cb2ebf8e3315ec
IMPL,1d,0,18740,19706,562,56117b89aeacc768787e3b43b11272ff3250bf69f8eae91b4536dca58faf2ee8
IMSR,1d,0,20006,20728,496,30c1a335deb7ebfb9c4e67759c1c08a755910b68791795e54c789140cf5d4e08
IMV,1d,0,18470,19475,568,2aa0703f82a8261e3037069fe5db5136aba7f4cb3c95db590415d2ee921c98cb
INAQU,1d,0,18508,20070,174,938f0c0135518e37b904a77f48e69b971e1e73061b4435f665a3a7194eb2b0ec
INCY,1d,0,17898,20728,1940,da0a0f5912662466fd32c6f3b43741039f9c1287fecabc6aa0d464443333563c
INDF,1d,0,18557,20326,1206,6112d7319cedcee338d8477c226c07a1623fc0d28e99f461c6eefb05e02bdd6f
INDI,1d,0,18173,20728,1758,992a951f10f002ed4f5178647fb3e60d30449b7f85bd011c1d3cf4323f1a9aff
INDT,1d,0,18638,19536,547,dab24002221623da2a45827894b1362d21ef148113d7e24158a241826745f233
INFA,1d,0,18927,20409,1018,240b6a6683e4cf6c2b86af98a984270254479589d982ac888295872cb7efd660
INFI,1d,0,18470,19613,764,666cf147de9d0cce43102ee2a0351cd24f691460616fec7af4f95376a73108ef
INFN,1d,0,18470,20146,1154,325ea895ee89ceb207f804236fd50065491328baa3e728f63cea8c56d898143e
INFQ,1d,0,20276,20728,314,92ade7db8b189b74a68c79dbcfbec7ee268a1cb5cf68288bb279639e15d06bd9
INFR,1d,0,18477,20475,979,0a6db7db64389b6ec598f767e53ecd54d8a881a50d1efb2f37441c085aadc285
INFY,1d,1,17898,20728,1949,d55343db5c8b8aea90ae759dc9567f1c84daca496646565ecf42333af447961d
INKAU,1d,0,18634,19433,63,00a47c201995e92f6dab69e2e3354a85551c73c285030581bbc654849165f51d
INLF,1d,0,20090,20728,439,ad364770c242a9da3831b6d2920a4a5553ed2bf1df370bd58aed827e71bcb861
INSI,1d,0,18470,20119,773,b00b330b661a7293782ccccf809220d766add9d4b145b66ef5cd42604e14599e
INST,1d,0,18830,20039,834,97aa3a4bd9ee078537b0afd6b4332bb124058dfcc25e181b5c316bd2977a607e
INTC,1d,1,17898,20728,1949,ca2c0ed384a2b0f79aab33de9f8f8c0a00fc5f7472bf44673b8ffc1c4f7e5c15
INTE,1d,0,18990,20020,102,ecf4a62f427b0da5df081b7a5cef114f8938c2c2a0ebafc58b9369131ee8c817
INTU,1d,1,17898,20728,1949,1391c28b21e2d14987edb3c4f74dd953bb9973ce2f51abf1cd4afdad0647e827
INTW,1d,1,20132,20728,411,40b8949c59a7acbe9433b0df925cf3a422e33177ab976d88fc1d83d80e7ea21c
INV,1d,0,18960,20728,1216,b6c14d86007ebf3503ba309b65579208089e93c549f2437b643a6c55410640ca
INVH,1d,0,17898,20728,1940,4cdce0654145debb4871bb1404ab7b8a0dc1cdf33042d27ebc216b6de3ad2617
INZY,1d,0,18470,20269,1206,b7953077c34b73d532e41c6b59011ee44fa1f5fd8ecbe2e641d7d23c0a2af160
IONM,1d,0,18920,19927,385,62beabafdce35ac64f0063a8c26df5b89934f896e7ca44e7c80488bc81b291f3
IONQ,1d,1,18631,20728,1444,7dd277410fd095a37aac4b41eba576f7a13ae26cd612ad70e5532e0e4ccf58e1
IONS,1d,1,17898,20728,1949,a154b80a66772455f8d40edc8b30f950743f3e38473c7a8aab5aababee1ca71c
IONX,1d,0,20159,20728,393,9c5011eabd614a0c174a694f132bbbe985c14d1563953256175c90d5361b7754
IONZ,1d,0,20263,20728,322,ced83829a36417a30eb4fec34c5d00055eda980be94f1a0ecb9ccba16a3d0afa
IP,1d,0,17898,20728,1940,5ba53ebde3574080e28656168a57c16c371ce0c6f443487dbe29ab4da45742ca
IPFF,1d,0,18470,18862,272,09067155a33ab1ce66ba9bc2cb1f1ee7d5efa6ae8d417014fdcc905f143ac58e
IPG,1d,0,17898,20418,1737,5e5a3c5d49396a99ee47ae5dc6b46545b5bef8131e3df2255242fffadea602be
IPHI,1d,0,18470,18737,185,450593deb4dfc3fe4faae96b5ec9dee2deb4470e7908c3fe95fd33d395a8decd
IPLDP,1d,0,18471,18975,347,c49508673db71af8ace3b3a08c669c37aa492f9f5c32d803efc18a9279c02bf5
IPVIU,1d,0,18691,19384,64,8fdf8b6dbaab546e42632bdb724f504d01bbd485f4d0949f9b8f973e6f1a07f3
IQV,1d,0,17898,20728,1940,d5e7751a34fb1fa71728e44254a003c06531e642c03eb97ee58057088bb8bbce
IR,1d,0,17898,20728,1940,5f2ca3606e509d335044c21eb501fb3f7f4e3806f184ecf3f84fbe40b3310e1e
IRAAU,1d,0,18691,19969,87,d810d4f861b1005b0adc2f645dd64a75be06b1cb843022f12cd492b0441697f8
IRBT,1d,0,18470,20441,1359,668f4aeda8002640c97102f4aecb5220318626449795fdcc348d41d20dc2f949
IRCP,1d,0,18470,19139,462,15ace7546237695a88e7f76aeed3c038af836521cb734fa9f69abef952a1d6ff
IRE,1d,0,20382,20728,239,a9dfe321decc9ff74b6b360303e7b12ea2ad2acd1154b25104efd2432e71685a
IREN,1d,1,18948,20728,1223,d310f8ef122f2dc08e99329e9944aecc657a9bd3a5439e7a5aae86a320b51aef
IREX,1d,0,20384,20728,237,93dcb7e4fde1cd5b72619464b0f6c2d8a1896a56036b0e12a3ee0d7887cd672c
IREZ,1d,0,20475,20728,176,553af36de7c28b96cb51e7744b37151a436b81b2544ef2ffefe647866f8df22b
IRM,1d,0,17898,20728,1940,da4ea7de10be5991acaf5d87a3d2632e43ff98b404bba2e54b51825270201f8c
IRNT,1d,0,18866,19573,484,d93b0643dd4b60d2407c4b68b1f92acc9e0092167818aeb10c8454b035d1c8e6
IROQ,1d,0,18522,20524,513,8a46810df5231b6fc329749495bfb2fd736b1c7de30fe8df33f2f86f35f800f1
IRR,1d,0,18470,18789,222,099efda21e97a110c653085c5c41516fe94625e96c58065a033b4f7992d8c1b6
ISBC,1d,0,18470,19088,429,da85c7ded0761e05174a1d0ef109d58b58553d2361f5af54f4118ad312a91f0a
ISEE,1d,0,18470,19548,743,20ee3de75fe238fe5dde154517fac1198a41c1670478577d45c499e763feec67
ISLE,1d,0,18716,19230,344,e75c6501e1e2ab21b081d61a8ae0e363b74ec703a40083954aabeb811137feda
ISO,1d,0,18908,19436,310,61ac2b95c25e430ad9c1ed77e4a3a5424e6f54af961d9851b8857cbb4ced54d4
ISPO,1d,0,19037,20486,734,02a6942bcac6fe89c5dc8b144788d02c645cf9984a5a02c449a76bd40cd8fed4
ISRG,1d,1,17898,20728,1949,a95c29d33257e395724f4c2b375ccebe77b403827d0389540768570bbdc05797
ISRL,1d,0,17898,20728,708,086ea88588db5cffffa0aafbe7d169f190843aa5de76ad45a73560fd5f3eba63
ISUN,1d,0,18472,19865,897,42d9a6f076ddd7b7f3af720382004ea4868544bf332a227b2cc579fe8ea32d9b
IT,1d,0,17898,20728,1940,4d757a4b5d290ef117e8d29a7d16b90eca72ca5f6a71f5e018baec9a6befc198
ITCB,1d,0,18472,19475,275,f696e42e6ee60b6f93c04bb28aaec02c04e720351f7f50b0b0d6ef969e9495fd
ITCI,1d,0,18470,20179,1177,c65f214eb118800c773028dca2103ea365f5af8223e4af177df714ace765a4a5
ITHXU,1d,0,18655,19191,222,31c9948eb54d6040afa3454c1dc20c01167dd6f7a23b02e17c584c7a4f636a28
ITI,1d,0,18470,20027,1051,cf3356bf005ee807700b05388c84c5a26f173d22aca98cdd4a8cecfc024d8e0e
ITMR,1d,0,18470,18976,352,410b91f8ac06bb02ec04c83cd1ee304a339db86b5f69d75b74f103f5240c19a0
ITOS,1d,0,18470,20328,1280,421ce4dbb32e42035cb2a7f1d9edba0231fc99812ef8063dd867cab3955da99c
ITQRU,1d,0,18662,19374,74,56ff444e15d2b447591aefcf43b9a866492eabac8dfcf29066ec5296cf4e62bb
ITRM,1d,0,18470,20543,1254,776071cf27421a7e544b8cd0e0f3e8b551b69e3d023f5add05b479e279a09770
ITUB,1d,0,17898,20728,1940,ad95bce332c33c590c12d84640d482dfed7ba6f7ffc65298a2afb964dffc0d20
ITW,1d,0,17898,20728,1940,696ce909e7dfb9d6b522fd38278de0c155763716d015aa1c42e833a0f359183b
IVAC,1d,0,18470,20175,1129,a7b75bda58d5f9ff35b50eed9756ab59ed41599f6b60455b5ed26a7cdecf47ed
IVC,1d,0,18470,19388,627,6f46dfc6f2041455661a4c6e1db094a7be30ce15fddb942e64770fb77cf623b9
IVDAW,1d,0,19083,20727,1087,b69f5e4c312db8c63443dbf2d837c3534864d7f9e0ca7abffb200629388cbe15
IVZ,1d,0,17898,20728,1940,515fdc247191205ac1a3b72399a703d952baae7d7fcce6a43af36dd69ba5c2d5
IWM,1d,1,17898,20728,1949,30dd70c67a2b7a3b91afe6c7ad824783e094b764acc21617f741e76de1228e10
J,1d,0,17898,20728,1940,7943b09ec36d55db669e1f921c9ec7cadfbf3f0e3399469cb6ba530e2b270ca5
JAMF,1d,0,18470,20482,1385,2cb4e7b78e5c4e67bec2431ea59e7ed9423539cfc8d14252f4ef2f1de7062ac7
JAQCU,1d,0,18852,19660,76,604a4f6e828c6907f64a2c8e99066e2b5e9141a5fe3ecf9286451d8f4c3b3687
JAX,1d,0,18470,18899,298,dc0f53950a8c1c065b5c1774363dfc930eb53fedd9a7e21ecb2c445c6f65a7b3
JBHT,1d,0,17898,20728,1940,a63295ff6ad20a23c312d7b8b6cfeba3b2422d35d6ab54c8bdbb22e6994d05da
JBIO,1d,0,18808,20728,1321,acda621b5e14065335d739e98bafd48ff62bc67e18650ce0fdd68f57bd44c77b
JBL,1d,0,17898,20728,1940,63366609fd77785b7e760a53aec3c82afd98c1572d113122d82c56b7029db6dd
JBLU,1d,0,17898,20728,1940,5c8c5b4f478279be9574b1c36df0352eb81de25fd82dae202045644261a3d586
JCI,1d,0,17898,20728,1949,f1de01acc845cd2baac16d4b5c0dd45e865e0ebd89e5f521b480e7419309d01f
JCICU,1d,0,18649,19366,139,baedb0e813ae6b410406292daf8b5a6820614f16a55af75b0090600edcdb5dbd
JCO,1d,0,18470,19137,463,de5f54c73d22667c6b459732c56a276bab19f8c7d6ac3b4d73460d1a6d76f1c4
JDD,1d,0,18471,18950,334,9c51f5d49d7ec3d0c9bf0136e517486816238f159819e444d26c65b61df0101a
JEM,1d,0,20248,20728,332,5672eca289a25f7545c26173275cbd4cee61146930dfca93884110dad0ccc61b
JEWL,1d,0,19335,19970,339,064ae713b2e71f5e019a123c6c026b701e67a5ada9d652b5e2cb9266de48070a
JHB,1d,0,18470,18926,317,b30dd331146a406686d3ac4983f7b22002c6f421ab1988d1978a8dbf00e2cca6
JHG,1d,0,17898,20634,1883,3be305265abf67b7da927bee79c3c905a5ca551e04fb583aa13788c17144769b
JKHY,1d,0,17898,20728,1940,d4ec85c0b46d39f4cf8c1dcb28bdc451de3fa7696f1dd89baa99234b7a7b7c24
JLHL,1d,0,20265,20728,320,9c4763318751efe23248e8528b6d4cc0b4a70ef4d3886327102897f4f5840ba8
JMIN,1d,0,18470,19241,518,3db45afc8f282328f974c56b2c22d3525af3c5a03984ef077a28a5343387b778
JMP,1d,0,18491,18946,315,05fcd2aef8768974d23a707dcb9a30bb2961b8f2b174b39d6bf26774ae4c0376
JNCE,1d,0,18470,19480,697,0e4c2f14067a6f84a448fea5082b0d1042ed0f8772000d9d0b5b0f644ad1b07c
JNJ,1d,1,17898,20728,1949,6e7edf4bd764a8d997f776d628c8b8446260f56929879c13f09a210996648a50
JNPR,1d,0,17898,20270,1633,76d68a9806fd8406b882b1840a17879aa5c61031ad504cc80c26b37deba8d216
JOAN,1d,0,18698,19809,752,0208c9b67d52c2eec3d9b2a78628121d944e9b64c4e0dfd20f06481a1051f000
JOBS,1d,0,18470,19118,450,d5d20bf26633e693e471bb586d2b524ab7d4d26d4a8ce456d8b8efa88ea25e5c
JOBY,1d,1,18575,20728,1481,17ecbd3d0bea14ac6fe8698d4049609528ad45df40f23348366cde0cc5782bb6
JPM,1d,1,17898,20728,1949,4db229577cb3a688b6a352d2d5aee0c188501c93ea30ef67cd9fd40849a73790
JPN,1d,0,18478,19058,396,a189cdaf49ea42f9374b0dd8f3a3160bdf051a5d30ade27d5fe97a12dae8fd8a
JTA,1d,0,18472,18950,333,04ce70e74044821e4c1b35f521ae0a63d1ff1665abd28b0bb9b0f1fe42d1bcfd
JTD,1d,0,18470,18950,335,389a433fe56d1653f5a77e965f276ae2bb25ddb07e3c3b93f6c88fb7a03de86c
JUGGU,1d,0,18796,19517,70,cf7264fef40239e37ac4afa51a85bb47ee6949b3c7656dbcd482c6dc79ec6a59
JUN.U,1d,0,18935,19620,66,bae01d8423ec5df76811ee58f88a7daea131bd4f490ce0ea7708488db21add56
JWAC,1d,0,19002,19509,67,86dd9fd9205429359157f76a5a2fd47cd2e0a34a1ca020911e840afc4629ab8d
JWN,1d,0,18470,20228,1208,1b0f7872a3216ddb9ba21d811572600c0a02d735b7616b34a29fe7c3791fbfbe
JXN,1d,0,18890,20728,1265,4feee0f9066a817f42d1a0531f613556a70d7cd869c533c47065c1865fcbacae
JZXN,1d,1,18765,20728,1351,e424c5667d676ea7aa1ad9cb66c8927e39b0ac578ca3637ecdf63dc12eec00b3
K,1d,0,17898,20432,1746,59802ec854e6306927967332f109325dc7d6815476c262960249291ca615f229
KALRQ,1d,0,18885,19461,257,d858a5d832fc8e4a488eda45481da4ff17411a3c6a93f3ac5e270f783fa55d4a
KALV,1d,0,18470,20614,1474,b539ed231b6393660af7e7834a5d1131ac7d052c0d4687df29eaa2c55527043a
KAMN,1d,0,18470,19831,935,600490c567a7ba719c7dc8d7f6941535d8f1cee3f8fe9a5aab55d0fba6a1538c
KBAL,1d,0,18470,19508,717,efd6b07810ee2f7dfc6ea10224fc65f21d6d23522dd94d688ac89bfe97a9d927
KBNT,1d,0,18486,19677,558,718ab31b8fb287beba5d7ca5965999424a82ec172e6878ea32b164b088c21026
KC,1d,0,18390,20728,1609,5486877c97b1825a4f289fcb22f70265e4c1e49fee9391c21427b50309e2f7c8
KCGI.U,1d,0,18852,19912,66,c2df6a2ecbea03761db369a4e65fa3cbe865eaadce5d1c5ba85acd34bb1d7f28
KDFI,1d,0,18472,18964,338,5942bec1ce6c44e01b1a02b7174ef8d9c732654ba8ff9f9a0969f22b1381fa4b
KDMN,1d,0,18470,18939,326,732115dd41aa43580deb2b3067be6fc32a9782d26df001c0d8bd25a8bc6d8f6d
KDNY,1d,0,18541,19579,716,47ee21ea77c4d013924483d4d6a94e8506552ec7a11d001f752ba3d53e2e0272
KDP,1d,0,17898,20728,1940,dd22bccad25d0b64d6a9287a90a086de9f5e24d27c3438582aad7ae31152dc8f
KEEL,1d,0,18799,20728,1328,7be8ccb840b518c8f50f8889252528963a00e47075ee3e51da5683e3dce4a5e9
KEM,1d,0,19726,20228,323,1701fb75ff9bff453621a5a488bf4955bdfbdd50deb26e1bad337fe0bfb6aee6
KEY,1d,0,17898,20728,1940,2a086ca702d4a38fd7bc5c38144458cf3579630170d53e16854feb120e49cd91
KEYS,1d,0,17898,20728,1940,8d6de03b5737bb7f885e0aef2fae88dbf6f8c87ad9a470c650e3e5ac407e2480
KHC,1d,0,17898,20728,1940,d558f625af04a8dc5680e119bbfe5a2d8cc2cb3e9ef54b514fb22659e71940fa
KIDZ,1d,0,20185,20728,375,9ae1bfa5408f8b12786ebe7900ce76be36e4e65927a8d95d9abd1bf084b8c506
KIM,1d,0,17898,20728,1940,4d8ce547b27beac527e9a1e8b3dc206a34b45a81fe3d353063da807dba983022
KIN,1d,0,18470,18866,276,b639b857f94841b550d6e6b863077a953a37455954f64e07108e101c0540724c
KIND,1d,0,18939,20287,926,eb08710bebe631e617d938ee0866d03baab0deaf6b8b546157d5e2bfccebcb93
KKR,1d,0,17898,20728,1940,a49f9427b74aa50ad8590c37c6b0f1a033bd0454fb060cce02a3bc39f919a46d
KL,1d,0,18470,19031,389,94f64e339ebeb230918718e34c744762a530f834cb44bf0faf242019d7116f71
KLAC,1d,1,17898,20728,1949,00cdd39fdf7e1232a257d17bd09f5f77740985af74d18abb24e489b0acc49877
KLDW,1d,0,18493,19923,984,e132e5aa849f25b3ace044534de4affa1a2e8c56f301b47874222f202fa57410
KLG,1d,0,19632,20356,498,6a15066a8de02ed9b84aeb530f800e53e31af6d6fd6cff2add059ff6e2a8ae04
KLR,1d,0,18470,19634,789,6bddce7ce71dc99799b4d9025da91ed735b24417114b9b124b9626ba2fcdfaef
KMB,1d,0,17898,20728,1940,c9c76d901147184da6aac7b645e95170f4cafe50893c23a08bc4a186c01b6bae
KMI,1d,0,17898,20728,1940,cdbaeda404f9ced26024b020d42f4e1a43a1051ed288bc8326a4ea77560f5f8f
KMX,1d,0,17898,20728,1940,5ee8cd72c2656d24c05111d1e73b3a51d484e2e6dea76d7bff015c3a47758664
KNBE,1d,0,18739,19388,448,0694c4b59588a6129b404ea861f9854eddbc101eeba203ff9da358691f6283a7
KNL,1d,0,18470,18827,247,6b3efc74c5d50cb712a31145959768e28b8959bf30e9eafe34e3d1520c90d0f5
KNTE,1d,0,18599,19815,834,e6973301725cda3a3dbfc531d78d4e4baa055432f6488aa29df620a15b5b07a6
KO,1d,1,17898,20728,1949,d5b085a9bee663e907fb9b6733a27784fdf0a3723ed513d652dc86a0cc4ea719
KOLD,1d,0,17898,20728,1940,2ce16fea11b046cff9a159ef9bf362401890f36a762b7dd8c2a235dc827560d5
KOPN,1d,0,17898,20728,1940,299c4cf4c3b9817b2fd7779b841b14403543972d4bca173f0fffbac2b4518c1e
KOR,1d,0,18487,19006,360,7a72bf4eaecc5f4fb59977e95de47b086439812a8e82d655774a52167187d48e
KORU,1d,1,17898,20728,1949,0affc54bf205b88c340203da4ee5f56edac451a10b31423b7514f6f4c410bb30
KR,1d,0,17898,20728,1940,eaf95d34e64f6c7386a97eab84f3fa6ed233710558cf6fe23eb0ff8e9bb80872
KRA,1d,0,18470,19065,412,a5ac270001151965bd98499e713f44112abb0ef1b4c78c022d308ad9ff3af0d9
KRBP,1d,0,18551,19613,562,5a279e80d8b1c9536acce1752ac5bb68cedfffa03071adf7c75b23e6a4be49d9
KRMN,1d,0,20132,20728,411,9b5bb4dc1a5b520c5759a166acaf92965709e8e7d8b2c969071a194bf01aa4ed
KRNLU,1d,0,18661,19524,126,2466deea47dbc6e726582c0140647e699d2db7f4645518ea43b3e40f5ff470b1
KRON,1d,0,18544,20259,1168,ad5b1bd840a3a692db5be5b40d217bc2935593c032e0df5525698ac0f31e470d
KRTX,1d,0,18470,19797,916,3433ec046848e68464751726b3339ffd3a205ffc3363d3c56e99bac2f609e367
KSICU,1d,0,18703,19317,60,1b789edfb3e1c8eaf6562c930ff51202e635623badaad8a5acd9e5284db4cc8a
KSPN,1d,0,18472,19517,357,7922b44b538cb92a21c4c269b274f4d9a3362f5dbd1b18d1292790bcf6343068
KSU,1d,0,18470,18974,350,a16900017bde76643fbff07d108b47d5c8229b8e66135208580a628deb23454c
KTTAW,1d,0,18885,20711,1244,97a55fbd82662e50ac3f99ea9aa48337949b0b429bc833b4377b46c205c98592
KUKE,1d,0,18639,20382,795,21df91ade24d467c4c3cccaa4374909e31b5a43e4be64cc95b3681e8ad23fe20
KURA,1d,0,17898,20728,1940,b3d5c62f1cc1abc6ebbfb5f38873e37ff621cfe37c42418644850eb610a49b40
KURIU,1d,0,18694,18921,155,1988ee37cb1ab0ac76317c9d436c5de851e6b6e8be8284ff1bf201ce58e736ee
KVSA,1d,0,18690,19699,359,3f8d8cfa36804425ecdce508c3491153e35c808d1d911794b2f1d033a1f3f4b2
KVSB,1d,0,18710,18936,157,2688e76632c7f3844beb74840c58d2fce5195476abbee2f2bff857a0149dd1c8
KVSC,1d,0,18710,19457,301,189506633f8f9ac7f590a304b8fd6c38692890d894f4c65002c067ec6c182e4d
KVUE,1d,0,19481,20728,857,64f5bc8fbfae17104b658ad05430586a18fc5902a47bd2844d075dcbd9394a8c
KVYO,1d,0,19620,20728,762,9457fd3e0210afb970e5f94537728189ea6e7de8e591d24a949f1b4a97f785c4
KW,1d,0,18470,20619,1476,505442c67638ea5abd40bcb7ac0fb1768a7414ad5b01a990d6124e532c6d6b87
KYTX,1d,0,19761,20728,665,1261d7b492416365e64cf149aaf4fcc288d71838ebcd2df346222ddb770a0e57
KZR,1d,0,18470,20581,1454,551ff78e56dfe58035ff984ae869cb2ae2916270be75a1eb9b5a3030475ecfa4
L,1d,0,17898,20728,1940,054054321e6f0508b99543239b321b44a365f5cf3d8611b3a2436089202e3104
LABD,1d,0,17898,20728,1940,85cd21fb28f6e6a933305671ea9e0db8cd289b127d7051be9b01e09135e80ef3
LABP,1d,0,18662,19866,614,66be070d22d54d734c727acf77b8c6a26379b942188bb35d8bcb202cceff19c5
LAC,1d,0,17898,20728,1949,cb591597743e7d3a5fa1a1b35ba7bc2aab6eef6419d66ef0661934c19a9a5d56
LASC,1d,0,20628,20728,71,69f79c33e580f0dad9a806573c70b2596f22c3a587b961ab926ae92f45a45f33
LBAI,1d,0,18470,19858,957,b80aeaefc21395669f037ad7ea8bc1963f7662f95b7b2c7963604cb1bb851491
LBC,1d,0,18470,19782,778,5a13d462fbfb8a213f83f474aaea1cb0c5c44e4bf8c1367ce6f1e566b669ba92
LBJ,1d,0,18472,19006,371,9329eef90248e70c094f3ad813434d58ee512ffbf2fc89ca5b60ac32f5e64331
LBPH,1d,0,18698,20056,705,24af41c13383236c7fe651bedb0d1cfa83ebda5156338be982631588b5ae1d25
LBPS,1d,0,18708,19167,319,6c1589aa3829763f175a5396def0f927a9878c214ba96992156c7e2a0c4e2ee8
LCAHU,1d,0,18480,19780,434,0549bf10d52eb724c7429619fecf6161c7ada9c29b6e97a3966724a151c6956c
LCAPU,1d,0,18488,19132,294,e08a01fef3fae6cbd0820ad46ef6b44380647976a24294f1795b1198c5a90a7a
LCI,1d,0,18470,19466,625,822e13c403f45d2c736de1d6807d945eddad1429f008e0a436d62e3de29a6b21
LCYAU,1d,0,18544,18821,179,34d7ce61e9380942f5e5eff86be379b3c4978337b6191b6165e260f07e7e1f5f
LDHAU,1d,0,18705,19433,95,604e90fb1339fbf2039d6cd501a130500b1c8b77f8fb95e8853edc7b5bfd81f5
LDL,1d,0,18470,18900,299,a124615f73d553a83a431e79383377e01820571c6f6c9bd5cf8ac8c9186c28de
LDOS,1d,0,17898,20728,1940,e3c888ad8feb008c73e07f12b5f60063c3833b4ea87d8ad1e976a136fe63359d
LDTC,1d,0,19713,20257,296,afd993c2f0d3e523de49033d9e8b3d0979fa40bd0f9cbfd3fab425f678de1c65
LEAF,1d,0,18470,18789,222,724bb632fcf16c6f274d8bbad70afde15f0cf2ff054c03d3769e66905952767a
LEAP,1d,0,18579,19216,438,a1239bb43332c1d835c22a526d6ec44f52c5c5d731601671ba18e0577438362f
LEGAU,1d,0,18709,19410,97,2ca98b553b506d5ed346eb4bcd4b84555818d970265cc55c6cdbe9a92f62b050
LEGOU,1d,0,18647,18919,180,1c08fa5ffb147f6b44e9c4afaf58c78e19030afdc6fb9a870c5b2cd2d87c9707
LEGT,1d,0,19815,20613,142,5f179ef7158e12d7685db01825c1224ca7444a796478b8f4070ebb356d93032b
LEJU,1d,0,18470,19810,495,0314aa7061b70129771fc6894dc369d12305dfb71bc9050e18a7a98d30be05ae
LEN,1d,0,17898,20728,1940,bc4bdef8c1b54f48062a8328f53c5bc160c639d2f66d81815d4199c03cf33c66
LEU,1d,1,17898,20728,1949,2417e5867cd12669054602dbe7955ab846b3a697fddfb0c538d4ec55d3c1d49c
LEV,1d,0,18544,20073,1037,d54a9552ccacd33317cefc99d69d6a5546c35eabaf97a54c71f45da4140c63ce
LEVL,1d,0,18480,19082,417,3827a16f94508498da28fe735ac104b85c1704f074ba6a47535be648ace3905f
LGACU,1d,0,18668,19401,180,e90de8f5531377035a358c17bcf5599dfd0af1e5249d5e3b4f33f112ec4689e9
LGHL,1d,0,18430,20728,1582,85acd6b7a652f4d2014d3e9d276b1be66ba7e8913ac81dddec59a25f6f865bba
LGPS,1d,1,20172,20728,384,bda4487b4a0adca55bb5b232e5979cc3fcbacb7c8d38fd885d8d0dede62b19f7
LGTY,1d,0,19998,20182,127,b5344a8ffe2be57a4815cb18cde444e9de1505bbfb53f7f9db3c1ba7a38cb421
LGVCU,1d,0,18942,19829,74,6fa62eb49ec0eaf148a294bec2ad505157064db8e75b9982d2a848c3c52365fc
LH,1d,0,17898,20728,1940,f77dcf92c59d89000f6c5cc5623688be9863003a68fb066bb829ef748dd77dbd
LHC.U,1d,0,18635,19664,81,9c10af441f6e827c198243922795c8be3bb183b4fdf1f5e89d95001f322444a8
LHCG,1d,0,18470,19409,648,11c7db3f9280612c0e915d0aee9b48c53eaad63cdf09631cc323b949f11562d7
LHDXQ,1d,0,18663,19419,483,ec2efd23c4d7aa34f4a027ec98d499ce23a13f083cabaafd2c89fc39ab56cbf7
LHSW,1d,1,20181,20728,377,447575fc4139b48dcdbb7ce8a62725f0a341f720deb5622f5adf8f1d3858b865
LHX,1d,0,17898,20728,1940,7118a3d43e2108546dba7f8c46f0815b495d1dc8c3ceaff2a291824d3aa97db0
LICY,1d,0,18850,20145,888,33ba53e40f56e0551a83588dddd3613635a17a722b99bf3b9e7c1e269b12bbb0
LIDRW,1d,0,18633,20678,1407,769942ad84121143d48877e29dfc354c362732f955d7c5606305d5e132530ece
LILM,1d,0,18589,20032,994,b0e9e17bbcf4b4fc40d0eff23ba5d23470dd0fb77637b5c7e200a3989a61c306
LIMN,1d,0,20209,20728,358,02070839b476a2acb19b9e9a05fa07037609e58982956bbef4102e24a0f93bd5
LIN,1d,1,17898,20728,1949,d093f80abae4c146ab1c2579f84d032a309984fcea117bc2cb051fc0e8921130
LINX,1d,0,18470,18803,232,400f8c5cb0f4e31f4922d804a6e0e3e8ee354ea9c7205b52ca0493de76f9e4b0
LITX,1d,0,20480,20728,173,b9f7cb3a38a14b29805b29aea198544efc79baa09189d250d1b7b16b4db5d41f
LJPC,1d,0,18470,19223,522,9c9a313241bd5f1b79ea8865877f126a20898eac7913b611d918e142dfdfa6d0
LKCO,1d,0,18470,20175,973,aed3a8846b58808f53a24a8174bf23496288a6dd1f136038e5f515929d0555c6
LKQ,1d,0,17898,20728,1940,ccc56a9a9f8331dd8cabc1ef445941f1fd5bf830b74ad934518a3bc04deb1d8f
LL,1d,0,18470,19944,1013,00dcfe12ac49ef7b88645e0ea2972d08e4baffb69ce906bba6b75bc4f8f26684
LLL,1d,0,18913,19271,191,dc23b430c6121c493a1fdb3293a943c0f8d475e5199dbf10245f316472b5c2d1
LLY,1d,1,17898,20728,1949,8aa6299d6d57ef2c4e33a5b726564ddafea617e4649d9772fbb4a2cea1d61ba5
LMNL,1d,0,18472,19619,468,efbae7674563e58829e71992675667399d524743b80d7c2d7fcd21e8fe9b0513
LMRK,1d,0,18470,18982,356,003eb6b45820983b1441aa8f5a149bdad30a07a3cfa62861dd5f75474d4bd47e
LMRKN,1d,0,18474,18982,337,b91e872ab1058b11cfdad00fd0ddcc3bbbd6cca9ed9d05190e4903bd0d2132ed
LMRKO,1d,0,18471,18982,350,23a20d9a83bddb4f4a1cfc8be396fc95a703d78b872eaff968c44ebb25485b25
LMRKP,1d,0,18477,18982,345,834810a4cac1142023ec7ea186478c2e76af60cf0c5f0f26965ad5e92f5c8469
LMST,1d,0,18470,19474,237,a008fe85cec494660cfcab6b1e4c97c3ba7bbc9908983baf253eea32365ef289
LMT,1d,1,17898,20728,1949,ac85ed5951f6234e1079ad81cc2d9ebc242330a66b3376ffc99340a47719d9b6
LN,1d,0,18470,18620,107,6e88fd0a1c105f513d450a9cb5b1ed2e7fef7a1ccc35fe08be29630daac3b843
LNKB,1d,0,19249,20573,768,06d08e3e1d148afd5a3b2479922b70db07470ea95e4fe872e99d3d98874727f2
LNT,1d,0,17898,20728,1940,0b248c0f9073aed0e02e0d73589fc5e36a6524cc6c2dbc32e32585bb569f53c3
LOAC,1d,0,18557,18705,99,820bb213540bba76a7ee191f1ee722ff7119f6b153d4a9d974024169a71dcaa7
LOCC.U,1d,0,18893,19622,85,964928261a8161f098b094257a1c5e0d655499d0ecabe2c1d37d7bd7d59dad6b
LOFF,1d,0,20619,20728,77,2510186725b8fa0842808cbc1f3e7c003eecfd52c6b6706bc33d6fe54faf8eaf
LOKM.U,1d,0,18688,19418,91,21eb9d7b6f9521867482e479519f597ea8ffc62bed5b96bb61a039cc6d8abcf8
LORL,1d,0,18470,18949,334,2c3ceb51a4ed36da2b0c20f03a2ad103ce3bf7c2b43f75f5883376a1367c4d02
LOV,1d,0,18470,19607,623,39c9feac92cb90368b644991fc2484276e17459d5d40177a968f3081774b4572
LOW,1d,1,17898,20728,1949,b751f6e77608778b2471484b16c3dd84970dd7533055e7e58b1d3d412baa409a
LPTH,1d,0,17898,20728,1940,3746d9638dea985de77f24fe4773185a7b2a342363a5ea15842e57bb4a530f97
LPTV,1d,0,19257,19943,439,c05841f23e41e082e39e1187fca2019571cb2eeb4403887e4e1dca85ed106107
LQD,1d,1,17898,20728,1949,5210e330dd1ce2cb8de63a21c7e838b2b55b9bbc89665973f2a9d118eb54f119
LQDA,1d,0,17898,20728,1940,7fa1eaafb03b628a8e703d0fd0a6e411462ed04db95ce1303bf3d40573c4490e
LRCX,1d,1,17898,20728,1949,d55e5ea578ba0ea2bd5e85cc68e588bab24e8b3a21800ce3eccf4f0eaf932e05
LRFC,1d,0,18816,20283,522,90e492dad2223596706fad52f6b6d4005a6ca17c41f36a1f3cd143817884cb20
LRMR,1d,0,17898,20728,1949,ebcbdcb3b7094fff13142e4465e1662f823bfaec836c80be0bca834f257b678a
LSB,1d,0,18850,20350,632,0ea0c965bd4f711ffba9f2d8821fc5a0789ebfd7483f171f8783da01b0a58a48
LSDI,1d,0,19397,19902,279,c6cbf6b385a6266fdc9f54f8c04a7a906032b0e74275232ee56db1451897a84a
LSEA,1d,0,18635,20263,1083,6c6f45e324a5111f4c731d40379ce117e42fec7413509c5fd00a71fb579ae01d
LSI,1d,0,18470,19557,747,c04bcf4c92774ebfbd2922ce376ceb027deffdbf4f42ca0ba7913a5b63ec3add
LTHM,1d,0,18470,19725,863,8b07eaa3edfe62e1e0c5f43d84daeebad3770a4c9e5fb9e07f6efd56951dad29
LTRPA,1d,0,18470,19657,810,1b6135c68dc91471edc0665e61b5d3accc4a2c5d713567c3f16ba42fada6f364
LUB,1d,0,18477,19139,460,723921c2e304e0ac5fc46763e3218db61f7a5a47eb178b376d6c0bf2064b08f7
LUCY,1d,0,19219,20728,1038,b2c032f9f7bd6249903e56ec49506030b2f27d385304bcb22f4008fc074e4118
LUCYW,1d,0,19219,20726,1022,819bf8618f237321a68e0468c9df3a6e92612d6d6ae431ebfb14707a04ca060a
LULU,1d,1,17898,20728,1940,157c61ea14debaec26c750d43a230a1c2c655e21972cf493b1287499bb3dd398
LUMO,1d,0,18470,20068,740,5225576bee6d588837b95441e3083aaf5f7f712325906c9b2deca391ab1b1a7f
LUNA,1d,0,18470,20094,1117,442ec4b05d56c8c3311e304905cbb5c7242cd7d477dcf46330d7b7d5c2ad0ecd
LUV,1d,0,17898,20728,1940,476e826be1b90f380906f8e2d5aa92d16c10a54d6c1eca8f199c71899b62e0c5
LUXH,1d,0,19216,20104,537,d039e3f5cf9372e98e73b6594882e8c043bdd54cf03dd39efa9df92a59f76672
LVGO,1d,0,18470,18564,68,2b4e129530fcb1a9f662606ed894d5d384ceaac06597a8c933d69db34cb25943
LVOX,1d,0,18800,19713,613,f302bc17822e1454beecca49f2e2392158d83bac17ab1789d7e5145ec019836e
LVRO,1d,0,18933,20507,369,281dcc5f6a7bf0f7cd50acc748b0cfab3dc3f95d59bf1f93c1589c229d536a33
LVS,1d,0,17898,20728,1940,abe83d31711bdb69cb551cd70e24f1f69418c6e7c926d39dd84d20011156684b
LW,1d,0,17898,20728,1940,64732e696235f029f9d11e86c692a65d37456f1412d4c9c7ef15b0c31b5091f7
LWLG,1d,0,18871,20728,1277,1040afd8ce6952e07ef20e849ca9b56bd8e5a38ccae1a9c0369ee23d7940ed7a
LYB,1d,0,17898,20728,1940,f092fc3d75660c2221067ff63d27c0b4a2f9c970bfada73fba0c671228ecfdcc
LYG,1d,0,17898,20728,1940,36ed9d2129649f4ab95e31d98a1596b1e2018875d5a6cbc4a459b184794fe0b7
LYLT,1d,0,18939,19436,342,b4b5acc66c52b894e1d2a062f03ede711f3aebaa8ba7486e8982a979a2d90ce0
LYRA,1d,0,18383,20528,1475,907379666890528986b93bb179e13e30671a520a4d5950b9f4f5c67bce1eb913
LYV,1d,0,17898,20728,1940,79d0fe7245bf234347d91e3af326bdad0bffb92657c4a620b31e9053651d5782
LZ,1d,0,18808,20728,1321,e0c1c52035cb767268082b9b1e7bb1ae247f8f722ec0c1704674c6621e36bc0c
MA,1d,1,17898,20728,1949,21cef4e96faa3b0a06f83016c61944f4606116bcc0e1a8331da2b52267c9b906
MAA,1d,0,17898,20728,1940,9d403ad96fbc6c6d51ddbef104ec07021c7069e40d600b7af38b893d455cc274
MAACU,1d,0,18542,18893,217,9655d417e2c28e9830355663a1c1fc365eebf984e646cf68afa0a43db91838f1
MACA,1d,0,18726,19950,113,71823a4aa82de703f47e596734d06ee7429d9691d9d611707af8b3c29d111c85
MACK,1d,0,18470,19860,734,5b4836c681f965e46373bad561ab57bffe9da6afd12524fa06d0c0040532fdcc
MACQ,1d,0,18747,18983,154,583087772dea987d1580daae025188d8761f3880ce1385f079aed5e3e7a8dc8c
MACQU,1d,0,18684,18983,181,a62f09252346834caec7ad6a54419b9384ed2a4fa7d462de2ca8d2471e936f2b
MAG,1d,0,18470,20334,1283,15f8733a2eac9dd0314e5723016450663337f1699efb297d904557b441cd7d1b
MANT,1d,0,18470,19248,538,9dcfc35793cfc001d0a0975931156a79902cd49f97e2953db15569ab511ddbb1
MAR,1d,0,17898,20728,1949,4b3b5604862951729edd6ee9c82a1aafaa83596682c15a716aa542cd92426d66
MARA,1d,1,17898,20728,1949,13f21727c3d603669ec938492cdbbe9aec17cbca4d45d0918a1d1a25a6e07982
MARK,1d,0,18470,19766,868,dbc093955f4bc2214e8fffc4ceb802c7ca02e1e3b2cf7168151f25e285b7d425
MAS,1d,0,17898,20728,1940,caa1f250aa64cbc8a3a555e1a5f54e3ed9ef9db860bab3c21cd595da946b73a0
MASI,1d,0,18470,20613,1475,4a69b9b85e2b31d96eddb0f0b008ba273d9ed8bde8d44d018ca078778aeb80a3
MAT,1d,0,17898,20728,1940,68ba2679ead692d24d34390a4c29a5db62de7b7ab55441f138802a6ba5e959e0
MAXR,1d,0,18470,19479,694,9765d2b1810a0e96fda70c2bb18500d7057a859c6913c895c11caf61205189c2
MBAC.U,1d,0,18690,19026,60,e6357c808934a683947056bcb0859540f0816a8b1fe0c4b44871c4636b428ec0
MBCN,1d,0,18470,20511,1011,6a4e75e41b5d131d3fe92d719abfa26c74518b88e4f75e39860346175ccb6585
MBGL,1d,0,20635,20728,66,8910307c7f7845199d4a04d6b85f528f27458dca854ce43c057cfe9d5eded4bc
MBII,1d,0,18470,19185,494,f3d4a40e3315bbb9f5d199c7b28d5d7b22a889bdb07daa9ea27330fc5c404304
MBSC.U,1d,0,18922,19619,82,829756f160b49eeef7ee456934ddcd7639e079822ef3d4a23e554636bc054d43
MBT,1d,0,18470,19048,401,47132d152b4077d971bf7b512fee263ecd935f9b61dd1587f16df66054444435
MCA,1d,0,18470,19090,431,269ed65ca13244eac07b3aa1ca0c4185161dfe8b6442a703c075c70485bf81dc
MCAA,1d,0,18992,20024,128,9eae5fc6c3a7951aa282e2a0550ba5ca63c61d038f42bf48ec20eeb4403c22e3
MCACR,1d,0,18507,19916,303,5e352320469336dc57868ef45ba5613b789600e0d39623a1fe64408b1ef7fc43
MCACU,1d,0,18473,19916,166,c3a35586961b57ef985ce344db2019113413848cfa65fb8ff0f60030956fb2d6
MCAF,1d,0,18843,19807,87,dbd17175eac23bbbf6dcdfde97aea9aeb4f3707e644d05dc48b9c6948506c01e
MCBC,1d,0,18470,19935,964,ad07d39ce81d1cb2fa29ca3e41cc568087c553ff316553c3e950efc0151488bb
MCD,1d,1,17898,20728,1949,de3117b5420dfe3c7db39c2086a35437a084a0d9920969d2c45e0013f17d7d86
MCEP,1d,0,18471,18647,122,30314ace849cfd3306d4a068c5710ba878a297852aac83fffb785e561424cb15
MCF,1d,0,18470,18968,346,abae6e12ef7f4128b2d4e77ceccc5d1f1b00754fa1bb7b7ffcb2708324c13124
MCFE,1d,0,18557,19051,340,08a1b1c1574dcb8a22e79cdcd5da4a908c0ac44fd1b7025637ca9c57ea68177f
MCHP,1d,1,17898,20728,1949,bc382ea0ab8bf355bcf323e1e0fab6fed3640107cbe2dec3d10284ac05d42d77
MCK,1d,1,17898,20728,1949,7e397823ed9d9736e2a74a0e6e61043d733555ad3394c30e16b0fab6a57c4873
MCLD,1d,0,18957,19628,226,9d7a8ee6f7435fc43b86be007896dd20fc5c5894e1a59c9bb115c441495598a7
MCO,1d,0,17898,20728,1940,bfaaa1f56ee948504e6f54d5847919181a9b252138d0468983743440aadea263
MDA,1d,0,20524,20728,142,c43cc8b3296026add9590a0f795e1e7d273e086c0182c2e4610a0e648fdabfd7
MDB,1d,1,17898,20728,1949,39000c7a4208b299c3ee9249f5351edf415e0a52529bb427124138f7051f59d7
MDC,1d,0,18470,19831,936,dac9c36b3867be27c2380416f7a8068109603f87071f87f76ad55d295eee1dcd
MDCXW,1d,0,20041,20725,449,8f46725a633b4d88d9aff437433e4a091c5905af802a609609cb1f5ee6327344
MDH.U,1d,0,18660,19353,91,602852e2ddc0181be1321b4181c6e4638851998991ff571c8ab90b98f0b79291
MDLA,1d,0,18470,18928,319,0f705c22cbfa583a9f51a6f0b32f4c3dfd6499087bbc57082598c26226c10dd8
MDLZ,1d,0,17898,20728,1946,9a12af5b9f0a65b6cae9f0fd385b7d4d703ce96c4f45d7f04eb84fcbc5129939
MDP,1d,0,18470,18962,342,8ed4e3e97cfdeca8d2ed54244e53bcb324436f30347707fab0d7b4f4655cc2eb
MDRX,1d,0,18470,19781,904,a754dbb733cb3d9dc7273da787955479caac0e8b0e71e0cb20f8c5f5c52c8998
MDT,1d,1,17898,20728,1949,e00e827fefd46183a184d1da1a4af3cb464692d03e351f0676dc4523691f684e
MDVL,1d,0,18473,19765,638,f02e3bd0089cf09014a6fa8b91bd512df28b7cb17fd95a807de5e33c5253eb74
MDWT,1d,0,18613,19711,395,2952ddf6dae4d219dbcafe2600e97b5b2eaf8053587534096d73a70b8a5c111a
ME,1d,0,18589,20175,1090,7c6851ea88343491e5d6d73fb2839b5a2b19c8ad1c9330efc1f4f28ba7ed0ec4
MEKA,1d,0,18899,19523,257,539dfc4a9706d7a4cda20fc951aac30acfd7d857caaa95f320a03fefde35e12f
MEN,1d,0,18470,18733,183,1b4c7a7da48f3153f8f7dc88c13149b5291a02146b94ed39f78da1a02310c85f
MET,1d,0,17898,20728,1940,b22aab2340f2ca16e6b0165c6f913a07bd0e0a5ea5d61599d26f0bfdde491a26
META,1d,1,17898,20728,1949,9ca4cae4add83e5020355cefdccc936696e59ee8c412eb98858ad5ce3084c482
METD,1d,0,19879,20728,584,ab40c35d45f203b9fc2c0b66863a76172e159c26c9767965180089c517e365f0
METU,1d,1,19879,20728,584,74b0520d76cdf99ba30edca9ed9574443f7787762ccb5d37bf9484a4b6d65afd
MFD,1d,0,18470,19986,568,513fee32c38fb51b638ab4d4b002c320462be25af2bc8c59e039e6c77c472a9e
MFGP,1d,0,18470,19387,630,8f545aa2cc9fc390c9ccf1a608c3836d7c72ed8d7e5d4046c8bedf4ca2cf78b6
MFL,1d,0,18470,19090,431,ae82fd45f3dca0453bd1b52ccb64e0dcd22a9b7274f5dc177d7ade0e57885035
MFNC,1d,0,18471,18873,280,2911b882ca677e6d20d1435efce0b8bd97c49931105a34d3949c6e7b891101aa
MFP,1d,0,20633,20728,68,cbfa3ae55a418cbc833caf7718af078369a87b1f5767d7a491562f9a4a932d71
MFT,1d,0,18491,18726,163,5a2cc996699d1bd9a132da96d813aea0bf7f403ac067f8a00a4535bf90ca074e
MGI,1d,0,18470,19508,717,a6defb2a98ba63845f21f19b59aba6f1c658e0158065be6ec72b7dd28de681e2
MGLN,1d,0,18470,18995,364,5a635e0e77b3c76ffb451ac13d60236118180ce9c4148b0dd3bc6761e9dff839
MGM,1d,0,17898,20728,1940,bab13534ec0c9f98f7663fcbb90e462b9d0576262e4716c1cf4fac650eefccbf
MGOL,1d,0,19370,20138,461,309b0e55c4b4da12d6e9af5b7543c842867bf60b73383c3a559de32fb89945bc
MGP,1d,0,18470,19110,444,52175198e36a3be1a7984a382396db2d2425de246b737e1d746326bd0f46a75e
MGRM,1d,0,19495,20367,525,abd99d339adc2afc789c7be1ac5edab3e0efc20d7c947cc4f324f3996ad527be
MHK,1d,0,17898,20728,1940,7f3de5ebdd8eca499f5a00549e1b2c9be069d7d897f35d8e54b08fe779e5bf4b
MIE,1d,0,18470,18841,257,b28cfc3abf147710387e34b8fc28e06212c35c7e09dfe18707e54236f50db7a7
MIK,1d,0,18470,18731,181,808b172fed3183d5103255efe67c55c4bd39cf6782d67f791b5e147f10e8320a
MILE,1d,0,18668,19200,368,16a54d20202d67b9e372d4b9e2f533ca2de66e58f6d04f0a853528ac9f56ee39
MIME,1d,0,18470,19130,458,130a39123d6adf82fe43bcb871049b21fd04905bc64e0b74ff4c8a4ef4d51a3c
MIMI,1d,0,20098,20728,434,5731fb4f6e0ea39afebb9cfa7a6f838c93fce83b014809de96ac386e8d627afd
MIRO,1d,0,18802,19703,463,80e58468969493a81aa5d2a4434557a83d411bbbe66b13333abf7ae181ab61d4
MIT.U,1d,0,18656,19380,128,9461991bddacebd158ca694a5d71e687320aefedd4da963c3c194bcc04e94cfc
MITAU,1d,0,18801,20083,129,c39143e348738a92306086a297725fcbf28613e3ca459fa9e9371214fd9689f1
MIXT,1d,0,18470,19807,726,4b5433f3da57bf7511e16ac57dff80641f50b2600d7e43af204e67e8556cf515
MKC,1d,0,17898,20728,1940,88729c60cbd2efbec472fb2281c9a4ce653951a3bfc7776ad56ed93021eba640
MKTX,1d,0,17898,20728,1940,09bd914b882c0dbf71b961b7838a9b234e6eec71a0ae2dbeb8b3af93564a486a
MKUL,1d,0,18955,19642,431,685fdfbede64aeb225245358f1cfb52d023411afefcb716cc68a0ad9b7786481
ML,1d,0,18893,20194,889,f33e375979f56653cb7fe933aea0dc35746be665a7bc30b0dd3600d17bec043c
MLACU,1d,0,18548,20614,172,68e163550d44db6d6a9e8a1bbc7915ac17c861b01651cddfff303a0e275e892c
MLCO,1d,0,17898,20728,1940,688af51bed922f8d6515cda6cc11645e67090f86a9f4833f4c2d588361926a9c
MLM,1d,0,17898,20728,1940,3448ca60b4f0c2529e60180823f1164d118fb15a8a43023aff3a0ab61ae7334b
MLNK,1d,0,18836,20384,1062,baf45743fd51074239991dea7c6ad9c326490f27d49b5f2a1546e7ae4da5d036
MLVF,1d,0,18470,19552,275,fa03bfe299df570873e556732d59408bf5379d2763662c9d6e2051fa591c278a
MMAC,1d,0,18471,18851,264,9def48ed45112fce0055e4109054dc1bb34a184c24436e0e51c879c972663d5d
MMAT,1d,0,18470,19955,985,be78a57496b70f1f493baa9380dd36950a265afbaf9105492f85ad5e47fdda72
MMC,1d,0,17898,20466,1768,16eba0e97e817178a0f04cafc0431e2d58235f0015a0a3e88c5f815b17fab50d
MMED,1d,0,20518,20728,146,43aeb379f94727e33f830297b70e28e93f45ec8727d56521a8ba3fabaab25645
MMM,1d,0,17898,20728,1948,4b24d002cca418ae0ba3e1bc1bcb9d93cba576b9caeabb8d2dfc356404231c1c
MMP,1d,0,18470,19622,793,218b570a4ad0888baaa9e429f5c7d938a9077e1180f782e3347fbafbc089406e
MMV,1d,0,18789,20096,828,4ea4b58a357284130f43a89f372f4f92384d06301c0f7562846b0e737525850a
MMX,1d,0,18470,19376,620,3bca5ae470978a9ff32526a360ebe6b97c50729b9b8104173220263929d2078e
MNDT,1d,0,18905,19244,235,80ddf16a91c844272f91ff6df5ebd43b9dc245aff3675529766eb185762faef5
MNK,1d,0,18470,19597,262,d9526e89123f625abb612a6272d39d769cd18a311abf39e46119d23a3a8b6847
MNKTQ,1d,0,19293,19594,180,8c21db5ce537c68d2e8b57fb0a8dfed88f4506578fcc245474b471e65bcc9e3b
MNST,1d,0,17898,20728,1949,9ffd8c338f58473ceed4b2b5044b9a165ea9a1f295e987ce2d981c25d2b477d4
MNTV,1d,0,18793,19508,494,c5cce876a66b1bb02c4bd1aa8b2be2c0444c8cad8935a42a4f6750994d3ec8d9
MNTX,1d,0,18470,20088,882,f19632f171b9edb5e025ef5752fe672e3e471a80bb9d776ae1fe128d86d60e8b
MO,1d,1,17898,20728,1940,d07bbb953168628f108cb85f8f9f9a470e1cf2c328d8c8c3ebbe3b80fe4f594c
MOBL,1d,0,18470,18596,89,c21f0d129476210a2e6194b002fec0c8932dc6f5a3031117981272eb5434e3bc
MOBV,1d,0,19262,19699,70,ae5a1d70eddbf538874cb2e59e839aa08692662b9f53d12f7d38c72d70e0a2db
MODN,1d,0,18470,19900,983,badeee29a9278b45d3f9a7637c84d46c31ba7b25f808f0d5e95b4139c06984b3
MODV,1d,0,18634,20327,1163,2c38b08e05a141ccd2333505120a37e6013a6837ae281f66f5b72e379731a98b
MOFG,1d,0,18470,20497,1323,f53c68244869655cb106d2b283627ee896e66e9357b517cef9cdf4ed2fc2355d
MOH,1d,0,17898,20728,1940,7bb9f99c0e258bafbafe950c8c6fecb8a5f448c7ad2a8aa895788b0ae6b95110
MON,1d,0,18704,19349,197,272714667aaec7575ad627f7661ef5bc4ab7f0591f065266e875eee4d09e755d
MOND,1d,0,18726,20062,683,ac3ebe723142be47023b5cac6399a33f0bc9c9b2b28aa69961182b45ee202f4a
MOR,1d,0,18470,19937,944,1fbd8c3c9fd5b22d37a4eeb60ae3689e1ecbacb8ba9ec4e3b08accbbad8f1b6a
MORF,1d,0,18470,19950,1018,4ce8e0afde0b5a64633bb6bf46c218477426126a972c828210b7d37a36534ec6
MOS,1d,0,17898,20728,1940,51bdef3b9f9e93154084895298cd1aa42f967d0b470d91d4b8a71d0c4679d45f
MOTS,1d,0,18470,19828,609,bfbf4238c4fc053ee293044f84c024c16c1da3f9579f2bffc308e046fc5d0d33
MPC,1d,1,17898,20728,1949,a1ba5875d9b7f245c9f9f333e577b92339d9419b46c73cf9e22f60edbb781303
MPWR,1d,1,17898,20728,1949,c0bcedd5b200cae0b857756b0ceb4865203ce7ebe2148fa5b9159826633e87d8
MPX,1d,0,18470,20587,1251,d764daf39ad92ead044450a91fb39429117f8960917ced04cfe88fec4a47aeb0
MR,1d,0,18470,18578,78,a5592068c3436e81d03f72878d8dad6d22772def5cc287215397388df2a836da
MRACU,1d,0,18611,18915,186,f78e1e01774d1f2312c74dced89267663723a7c03dace6178b9fd97327b964bf
MRC,1d,0,18470,20397,1325,b1963e60af4865d2cf5ad389479d5b6f5d6133d7ea4655da375c7e88a9257106
MRCC,1d,0,18470,20557,1351,3d711c0cf58b8784c40ac288f8b6e1702ea8bffab8eb7ed7b4c1f10002700fb3
MRDB,1d,0,19345,19957,312,deca7757e114444d63e9c6879e103936c737b3d1e4ae467e1db440f6ec9206f8
MRIN,1d,0,18472,20264,994,f5685ab7d5c10d928c83fd39aac03262f9b6e77eaa2af5087bdcd881b2a5a3a5
MRK,1d,1,17898,20728,1949,4f2c7f079b0f1f89c927ff1e9d24ed1e4e379b5e37acd53747f5ea09faed406f
MRNA,1d,1,17898,20728,1940,78b783377f15f94e5e1d98f69ab7d383a142deec68034359f4c936f52a7a16d1
MRNOW,1d,0,19065,20728,1140,8e325d42081b7cd86f51ca53be691443fc3f171ecc0805892b86dc2da4a00022
MRNS,1d,0,18470,20129,1142,9050cacd5533e739faa078dd7ee18db3f4a71551a0de6a65987607dd74c8fbd0
MRO,1d,0,17898,20048,1484,6f8a3577f19acc0f7aa64f07cf14da8feafb737fec4defe406d73511416787fd
MRSN,1d,0,18470,20458,1354,76c9fff8db246f2e97df06316d2b4761d2d626158c5285e270c92d98cc4bbfd5
MRTX,1d,0,18470,19744,878,d229bbbfc24438aa68a2027bce0cab038b914ac5a3bab20f07f5f78ed6b185cc
MRVI,1d,1,18586,20728,1472,fec87d79f8471950111f63c9ab4aaa7657f1160cb778a17ef7b09a2a8cf20998
MRVL,1d,1,17898,20728,1949,fed79fc2afd3b169fa93d56a9850bc085075a4a2ca796361a4b9f3d80ac64c08
MS,1d,1,17898,20728,1949,3346d35fa8606f05edd51c2ed08641da3f795c1f5c0d1073b388be25797718f0
MSAC,1d,0,18725,19404,98,35a218a6bbe3a06876d9b31846c73def2a52b63799c4b49765a0e5f114ed2f50
MSCI,1d,0,17898,20728,1940,ed80345f38e05f21ddcf94ae28ccdf0e6eb8cac2607731164b61a9eae0375196
MSDA,1d,0,18775,19432,167,a9ffe2745750137219a448615b97eaaa47a7a4f8bdd921506ccc742e51c64a95
MSFT,1d,1,17898,20728,1949,75900470f2f624cd445a7ffa24eab5fc453c4c0ac002dd4b117bd8334b6295db
MSFU,1d,0,19242,20728,1022,0ccfebc2093e659797c4d15cddf66fdda2e99c13387aa28118b7345c9d5a041b
MSGN,1d,0,18470,18816,240,3041df7ceef5fce7c4725eb926ade417529d51230257d2a505dfd75f48f9e860
MSI,1d,0,17898,20728,1940,b64e9ac19d77055c974715535ca1b395f878f0c9c3af93dd4d320f7b68a03d04
MSON,1d,0,18470,18928,319,656c1d2172c7bd87a2b1d9383b448ec6ea26dfa8334e57d1bb2d6d7931b2ede9
MSP,1d,0,18556,19165,420,e8e2fe7d5c1bfd6871303f9b169298ce58cbf22fbdc4e639eb90d1bc6454ca2f
MSTU,1d,0,19984,20728,512,45a099239891659998e334634a1bc0a0c8422e11500304242fa12117f124d389
MSTZ,1d,0,19984,20728,512,885eed9afcb3319b7edf80d32201d05c7d8a71053f920a24df401dd4a83b7a0c
MSVB,1d,0,18473,19576,84,12ba79d5a529a50b7665ab1403f3d70192e265f0b1014991bece14af817e0bbc
MT,1d,0,17898,20728,1940,6be1f78f9f4dd4f8e3aaa6233f2870b74a86323f4357852256edbf8678acef9c
MTB,1d,0,17898,20728,1940,76d959eaa66fc09451e0d2603f6d7d83a2d70c9a477bd3c70c3c1dd6be38d2ac
MTCH,1d,0,17898,20728,1940,6045501087bbafd51de6baa9606cf35e1efb38a71d18e6520192e9e76c68bfbe
MTCR,1d,0,18521,19396,568,c91e2a51307461822b258a872775bc293faf123c5ddc55f7721e398bfbde5c0e
MTD,1d,0,17898,20728,1940,c030bc874dc96f07809e604f077ebaa79cc4043fb50d34ad1da3ae9493bd8e76
MTEM,1d,0,18470,20081,966,52d0c4ed1847c7e58b7f518242aa9879169cb20876ef9c93904cc2f7f543013e
MTNB,1d,0,17898,20728,1940,3ffc326df23ce0c65982d13deef0c5d8440b0c3f4793eca765edf78c6d9bdbfb
MTOR,1d,0,18470,19206,509,6b7d05272ddbca985df7ea8605bdc21e7ea9a94887ca0b5ca895a560c6771622
MTSC,1d,0,18470,18723,175,b12408d1a73fc43aacc6579a31d726cce3b07c3c28c04616ff36e0113e24a183
MTSR,1d,0,20119,20405,199,a309a5843ae653b6826348c12294f8bbeb762243633cc931ab9508cfd5eeaad9
MTT,1d,0,18471,18747,192,e429c9c9bee0f2a76c05e83c9c99c4236750d94765c12c825797abc2caf3ca97
MTTR,1d,0,18831,20146,904,600522e68aedb7f5888f94d414def9543ad27f27c340c7015f5509626b3dea6e
MTVC,1d,0,19024,19507,91,1505ecc4d6dfa5b5e5f0b143d669d1f2b4bb7484f2d9ca2ac7422c09733b6a34
MU,1d,1,17898,20728,1949,9e48eb42433368acbd2feba2dfe7df9d1e403ad3058bf09c43ea7d6ce2f56081
MUD,1d,1,20006,20728,496,42b42cfc0eb3c15f894b87bc43993ea2014b189a6cd5ad75edaa927efb5086dd
MUDS,1d,0,18659,19247,407,46ccccb6f961482322a62bc8c166756071bbb2b045f4e4a8534d6146e7bc4d5f
MUDSU,1d,0,18604,19241,263,c91e39e2cb69198c5eaeefa41786d0af0bd39995ee55c7fe862b10e903693d5f
MUH,1d,0,18472,18691,152,dee7585202d317b0c526ed27f4a91b95fa723ec1a1393e2d6d2cd492b5a848ce
MULL,1d,1,20039,20728,473,865bcb78296511ab3ec35c163c32b7636fe37fce869b59f162951e7b850a6992
MURA,1d,0,19677,20426,514,f4aefa9d9f4882a5e0b78f1ad5d93c2fc26bd93413e61a2928814797399f52c4
MUS,1d,0,18470,18691,154,de47889bbd80aedeb3732797e8add1b92ec2a2dc553a98f6318a58981c30cdde
MUU,1d,1,20006,20728,496,57ba91bd36d649879fe7c6eb2dc79ebe4fb8520275617212cf9449f0015698ca
MUZ,1d,0,20613,20728,81,d5a341605c8087d206a5164f1eed1bce9d5ccd49992c3261ba3e0e7c41f2e387
MVC,1d,0,18470,18619,106,ca06c51b175b99d6a04b8f64f71b7dc8437e3602d96a0be4cba401ddd4bcf921
MVLL,1d,0,20154,20728,396,be107296cecf113e9198a63cadadd06075c3238bd0ce29fe1b81aab16ea367f3
MVO,1d,1,17898,20658,1900,8665d821852b2332ef1e3223c362923980116daf02c590b77d8a6e9227b8ba4c
MVSTW,1d,0,17982,20656,1840,0bcefeb94bb84b2f4c9c7473c9458e2ac345331ef2e99a1e86b181238b5f36bc
MXIM,1d,0,18470,18864,274,e0cacd1afdae2fb32da7376dee95bf9b814f576a5d81cf24e7dc00f73f6991a8
MYC,1d,0,18473,19090,428,12e984d74715457205964d8887e7e8df0b47834f068cefb76578392a21e43115
MYF,1d,0,18470,18733,183,0d016e478f5063c65a7569fed9f56b7ea35f3521d2e2c2d41959306a9be6b1ea
MYJ,1d,0,18470,19090,430,026b9b4acad3877ebfebe1e15031c43a9c33ffccb6beed45503e2e35153f30b4
MYL,1d,0,18470,18582,80,f22349c28d5b00788acfedf2d997ebae671d040fe4c21bc8629fb921d2f207e5
MYNA,1d,0,18943,20133,426,5d0b33d92498537a7ef600210d179ad44daa225ca40f5ae4059422626289f67a
MYOK,1d,0,18470,18582,80,2559e18029fbf1aedfd38020b5bdc9672a1b9dded747b7f64e0509879d378953
MYOV,1d,0,18470,19425,657,a5c7cd19f6197ff7dec9511188b369d867aeb33e5a84a1d99bfe3f1ce43b29b5
NAACU,1d,0,18649,19370,121,36abb877c9f291798aea64efb8158d264a021c4056753a64c47d6c57afae253a
NAPA,1d,0,18704,20080,946,7cf0ffa397033ba13aa97e8ea5371e05a61236bc97c7afeaf26cc408321bdfa3
NARI,1d,0,18470,20137,1147,ccd3443671559f015564c19213fca87d704d226f806045ad2f40fcc6196baebd
NAT,1d,0,17898,20728,1940,4f4ef955ac66b3766c44e81c125f9ec63c5c3fd2c50a36c4835d5c441b8a25c2
NATI,1d,0,18470,19640,808,3b1bb4ddcd707a42ec32c4139303b1a28032353960395bec26e474ceda17d13a
NAV,1d,0,18470,18808,235,3caa0eb84f0ab12e632289fbb4990c364a6463735eef8c337f69be00acb844b6
NAVB,1d,0,18470,19635,568,325d5df891a9fc1613055dc00b66c692a1d00debc1cf6807d9cb042a9350c7b2
NB,1d,0,19437,20728,888,ae81a24b6f58abf68b7671aaaf52b4bdb494d79fe1f691b9d1e8a39695aafa74
NBACR,1d,0,18558,18708,96,8b63eaa2b94906dbc799d795e4b7b14d061cad9d644d7f9f200dfa1b9b07b331
NBIG,1d,0,20388,20728,235,577c62499592aebaa5a4f4715a0b65c3f6bc3e292488950f8cb4be8b2445d6b0
NBIL,1d,0,20368,20728,249,e78014e70587f1ef3b9584fba7cda71e613037d21601ee6c220bf1e3a9c5c658
NBIZ,1d,0,20475,20728,176,8c115c8b4d11538e391ace6833c50c8c3746aed77d8f26286713fef48744acdc
NBLX,1d,0,18470,18757,199,6cdbccf5d69b3964ff685080e511b3c19888f4b5db0e9c76e7fc25d5093d91a4
NBRV,1d,0,18470,19569,603,25dc76249863724e8d57598fbf7b2c3fdd3a6510fb27344a20d7a277642e8ecf
NBSE,1d,0,18470,19853,811,f89f6e1db5ed889f22a317622c117006fde5119cc881891ac5724b28e2eb6d79
NBSTU,1d,0,18709,19929,74,9d955ed6eb810a85350776b4fe45502ea849a3192d84831d329a863087338eaf
NCACU,1d,0,18920,19376,64,14473bd75804899f1d3e97bf7e150ae0ff575bb45f55e04d315e9a5ed34fe9c9
NCLH,1d,0,17898,20728,1940,934dc2733f4ab6f7012dca8d6496d6c8dfab6ccf3bfd329c0fefffb409a6332d
NCR,1d,0,18470,19646,809,d2af0a547925e74e3eef4855c86a954cd0fd96381df08b59a7d2099804b648ad
NDAQ,1d,0,17898,20728,1940,0c98b2552efe82a169064f7d7a95d08e169d5884a7beac5a99465b5d0f3a39af
NDP,1d,0,18471,20077,562,18c30579b0b1ffd6b5c4a7a130d2ec816b096d286d2b7781d865629c154b5e8f
NDSN,1d,0,17898,20728,1940,f58b813aa902b6eff1e525df9ed06fe63a812ee8d6d722865cbea176a72d8504
NEBCU,1d,0,18605,18838,146,fce116a4bb79f06d1e792a4f9f27b3f0cdcc309e72b904fd1333f47b2a7c6acf
NEE,1d,1,17898,20728,1949,599e5dedbee7efd83291f146502d332a83461bca1ddeb7220402646c8c73cfa0
NEM,1d,1,17898,20728,1949,b754a10199ab59f15dc817cf10826a9571ff44a9b74d2b612f32efd2e715a0e0
NEOS,1d,0,18470,18705,164,2d20c564f2b6739ec009eb47cd48b1df3a64b0b71526b72786f5198624436109
NEPT,1d,0,18472,19788,759,680d64a51c41ed8be73bb7c38ef7292104f0e075f533ea34806f467a42c688c9
NES,1d,0,18472,19046,396,2249b866d0ad4ed6359907da545d687485979d8bddc46a9a67b16298bd7cf618
NETI,1d,0,18666,19719,725,84316ef254aa7c917f1dafaf08446c21cc47bd556e5bcd491853fee4caa654e8
NEUE,1d,0,19752,20362,315,3afc6dd018bc4db84b03a203ae6fb0cd982c062f39bc3004b246be4a9df8cc31
NEV,1d,0,18473,19146,466,1c660d9b6084ea6ccd0d8825397058aaac10a1f72daffaa0d38ef5460491e06a
NEWA,1d,0,18470,18820,233,9a35e9e5f1678d94f78dd425b3b585d9d6fceab19cc3289371efe739e3b465b9
NEWR,1d,0,18470,19668,825,78e7d03adb33212b4ef1eb69fe1f7bdfda96a0bb39087d79ca2103a0747fd8a5
NEX,1d,0,18470,19600,778,b6d64143b2413e52286a1d107c9f1d36cca89931e4e0e26ddd8e8fbd75d3ee38
NEXI,1d,0,18670,19915,729,337da5609bc9c738d71baeaaa037c672a37d3510dab92aee2c6fea90c7959d52
NFBK,1d,0,17898,20654,1896,d8da6898af29bb3f3e50902e3703d15e220f15a849d948d5f5981bc5f9a09e6c
NFH,1d,0,18470,19018,380,a522d6d4e70772ab4ca9a47f1890d8993ef77b9a49dee258631a12c692f61299
NFLX,1d,1,17898,20728,1949,84e05bbee6d728d01076d66be68db110d0d4d1bc69c7a0b2d517a5fdeea0b45c
NFXL,1d,0,19999,20728,501,40eaf7c52887962072c5acfda1b48fca4b77d407ce87ea7e2b9adfb0e45453fb
NGACU,1d,0,18542,18858,201,8ccaff3f35536e34104e53b64f9e76cecc46277752331e5a12a667ea5b232eff
NGCAU,1d,0,18709,18990,184,ef6939dabc376e7b052006031a7450eb6871ac61a6c2b2db735adae46f670aaa
NGD,1d,0,18470,20531,1419,72b29e2e010d2466b0c2b585d93dd24e4004a291e5047b0a5c433b114f5da2e8
NGHC,1d,0,18470,18627,111,3c429f14914c5eb85487e00194ecfdd2740a73a32e2bd0c830271a08ca7b1820
NGM,1d,0,18470,19817,929,68884c7eee76f3c746a62166c0505c94df60b4f282dfb994c8351760c769bab2
NGMS,1d,0,18585,19836,846,18aa5a75084e0474f9b8effc251bf8c723a0cc0132265bc0cc9910f23fe41c41
NHIQ,1d,0,18470,19500,588,7b66e485e79037ae5981ea5d52fa886c63078c5a5974c05ee55fd6a29d9e6285
NHLD,1d,0,18471,18683,144,d2a4af06275a1ac4df7343318140695fb983714a7069d4b79318b6c260ed311c
NI,1d,0,17898,20728,1940,9fa7fe818153bb47d42c14ac675f6be0eaf83856d4112c7b5eb1a34f36131c03
NIO,1d,0,17898,20728,1940,5bb1a0d0618f65d4c9c92a93c00e6786bcba5457c72aca467eb4515e807bea66
NIVFW,1d,0,19068,20728,1125,8fef7ee567b0d116da8b0bfd81de79d5351a613424c543af836c29f2fa7b9405
NKE,1d,1,17898,20728,1949,34e1f48580175311e2014ab53b0ddbcfcde615b5992fa916ec264debedba9760
NKLA,1d,0,18470,20144,1152,e90eb29d20a974bede2f5426e2d5f1b93f8cd4567830e9e25103434dad57020a
NLSN,1d,0,18470,19276,555,5895786c35ed87610a20cc6afc08678bac7e307b27a497673c719b5e5f4851c3
NMCI,1d,0,18472,18717,170,9a81eb126f00210770c961c4e14f30fecf419f7095df373e54e6e14fa8dea170
NMRD,1d,0,18470,19726,512,cac4fedeb9ef501aa40ba7188b43419c27c7fab6bd7f30bd21b0a3289ab35a9d
NMTR,1d,0,18470,19563,695,a4c72116fd2b236b51a9151f25768088c69e714f45401d375e61d6bc8868d314
NMY,1d,0,18472,18726,176,8939bcd7c2f94739cc17938056fa1cbeba299056157fb72b0007b3707d8c91bd
NN,1d,0,18568,20728,1486,1237ae0947ab2017c6aa0acde671d5a89bc43cce11f51a37e2ed9b815920cc35
NNA,1d,0,18470,18914,309,4c8c6fa6c42aad5fb72b67d9e83d6681f28492c16985ae4bd63424fe685110d3
NOC,1d,0,17898,20728,1940,0e463f5b74de9b89e04cc247173d0545722c1a46e979928d73c84391eecd8907
NOG,1d,0,17898,20728,1940,d512471670c0ac686eb34c96a465fad4eb4f55ddcc76af2030ad68a194848074
NOGN,1d,0,18891,19712,352,74819f0065c13a8312c538aae9065c96ed11891d66cd3577ae657e2d9ae746ef
NOK,1d,1,17898,20728,1949,f45f0e5d9344177ced19d125a746dcf4fa061dc27c3e91ec74b7070ae5b89b83
NOVA,1d,0,18470,20245,1220,64eb3442ccb2223aec5fffa3f24540050981a1506c94a32287978d01e6128cf1
NOVNQ,1d,0,18470,19563,719,3e57672a13d6fee1479c05b9e123473f5c71beb627fabf635c255cb3d5264f71
NOW,1d,1,17898,20728,1949,f10c28d1c281e1af6a52bd0634628441962e5e3bd54f8a7a7ae9af5dfb116010
NOWL,1d,1,20284,20728,308,29a811785ad2005c2b8070fed949593e6ea7d893209c007463e81e8ef55a6d23
NPTN,1d,0,18470,19206,509,ca937a8496607b0780509eab84eca27ad4f6eea1152a7071dd9beb8e8d866459
NRACU,1d,0,18660,19710,144,5ba4d2d77aa132a8b38a979bdc7c46decff8a900b9cdcb919bc6b3c8bbfdfef6
NRG,1d,0,17898,20728,1940,af65a3bfe4d16cdb1211d59f4294ad3f7c0d5ec8e2711dda0c875ceeb8795b66
NRGV,1d,0,18715,20728,1386,78944c7bafd991babf1dcd89073f6cf5ddd85cfb99e9abddeddef5676d38aac3
NRIX,1d,0,18467,20728,1556,c5cf17c43dcc1e3020f18f1005d2f417b44edbed120ba1c69e094cc1a6c65532
NRSNW,1d,0,18970,20728,1194,dd765abdedd14a3601202e12b858c8213378aa07a820a6b53edb0e834dba70e4
NS,1d,0,18470,19845,946,142af04d6cb2ccb166bb391360cf3c87f3497ee9e80b1970d683e8fe258a4242
NSA,1d,0,17898,20655,1897,12afa92a4c97574af4a909f6c6626bb5a2812bb4685908e30bc9076030b882b3
NSC,1d,0,17898,20728,1940,d7aa572970d83a7c76bd8be26aa1467ea6533c03a4aac875e3a7bdabd35e286a
NSP,1d,0,17898,20728,1940,ef23a32b71b7b55872c6bb31be6d2c9705ab7ff31dbb89cb1e991802496400d3
NSR,1d,0,18884,19216,231,6d0dd73957e82ade69e0ac084156a8ad8c60cf38478af6fb2ae8b4cee0e8b30c
NSTC.U,1d,0,18688,19552,79,dde675245453e61fa8c2ff2cd10799fa6e9efedf0914023a4d4d2899cd235603
NSTD.U,1d,0,18688,19342,73,75c857bb3b07330da422e849eaa15b572ffb998467052d5a7cf870bbd9c5b3fc
NTAP,1d,0,17898,20728,1940,61cb69f1f54b46cf72d6a19442d575f98c5d8c0e5912f3e6b5c87f6b16e260a0
NTBL,1d,0,18470,20018,911,a5585716920b8d28fb7557ecf35554a54a8dd4810cefd1aca516093ca4a79e43
NTCO,1d,0,18470,19761,888,a05c616f502bfa3747e744a5fa2250f2e3c7e8ef5ae16643475b34a730d1d8e7
NTG,1d,0,18470,20076,855,b66792491dbc323354bf54b5fbec7ec4d29d062fca082e1a3d4c2bcb9850d216
NTLA,1d,0,17898,20728,1940,2de8d184b93b2eaf19e2aba1851e6641860dc06b070e7c0d2fb75762e4d5fb86
NTRS,1d,0,17898,20728,1940,5c80422f429ba5d674de95fd5192c3eb80c728d82eeb83b32a20f21d1cb98b46
NTUS,1d,0,18470,19193,500,d3aeb6198ab127659a7dfebca7d923440d524c9f3377eaacc73839cfde6b173e
NU,1d,1,18970,20728,1208,fc33fdf3d4bda952ba40f0741affbbb11a519dcc254aeb013f7863025bc9ff3d
NUAI,1d,0,18998,20728,1168,92b3ee45c5218e0892fd4d0f0c069f67e8f223f0ef1b6cac5eb6a9ffe641d5bc
NUAN,1d,0,18470,19054,405,7f4561800ead8d4084f5b4a14e48a7c0a8d88cdd446547d692df8f72324adfab
NUE,1d,0,17898,20728,1940,43b873b4b88ba6ec32dda54e0488cf48c72992b25db146819b86cf52e3e31d76
NUM,1d,0,18472,18663,133,b01420af8f96f8ee8c6cd7242b981923e82e8dac57ab9669f7ef17c92dc6e23c
NURO,1d,0,18470,20209,785,ec4721f24b17d43a099669cd51443395bfb7a29b878326d6edf28e3dad1ddc19
NUVA,1d,0,18470,19600,781,9c8736e4b35ad2a52fe24773536bae0526085c5c98246b17854873773d7b562c
NUVL,1d,0,18837,20648,1244,4e2603d58c3e1e5a4a19351f2aed783e72f56867f9ee1e3dabecfe7a403b60b6
NUVO,1d,0,19003,19965,481,5d8ea230a5c7b156b60ecffb0e2c795e029589b405eb93d7ed8ce30756f383ed
NVA.WS,1d,0,20622,20728,70,877299fc4a7b1ab4ee7bbe7941f99924a11968bae490a18d2ec19f6d9116fad1
NVCN,1d,0,18470,19457,500,14eacace5d8392598205c21502bff49c65bdf5e998f8267de32691a74013cb39
NVCR,1d,0,17898,20728,1940,5747e0e8f7c41f20b0f7cbd326d6daef2fdc0f911d883a8e6b7da9819b33f6ca
NVD,1d,1,19591,20728,782,9b8cc83fba8d77e4827d5a5a4f8d2a55fdc59b3c0fbad74f4370187d7715a66c
NVDA,1d,1,17898,20728,1949,8f95cdb75045b8d61d7590355997db48a2cc18c02ec17fbf1a162084e724e39a
NVDL,1d,1,19339,20728,954,af8f73d3c9c069f3577c1ec45fa9245824d514ea5c3f5e6e51707b4eef5c3177
NVDQ,1d,0,19649,20728,741,8376da8af9a2956e0b848d0bb43e279f99bd736fd959027616f9984332296a34
NVDX,1d,1,19649,20728,741,4eb2abcfca94475e272ca245279cc3bf17140a9e480c39f1d58f74eaf05f23e2
NVEE,1d,0,18470,20301,1256,9d0c9cf2213eb9fe8b08100cc47b26c842aa28414f8ab5ac16ca8b4959ed8c02
NVEI,1d,0,18906,20042,784,301b8055c9396364609021acfc52e0e5a16ad5b68ffccb0f22d9af1de33b27f5
NVIV,1d,0,18470,19765,637,38ee9d55b8cdee21a33941fb32c06f8f1dcbedbb92e1d8cc1e658deaf5cf3a02
NVNIW,1d,0,18990,20727,1177,e800a7f7c7e28ec5767047cc573a14d14201a2f42961e5e6daa093488d344b30
NVR,1d,0,17898,20728,1940,bc76c75d59fed62627b50f1670d19a601e965af11ce69f6be83af4b20663fad8
NVRO,1d,0,18470,20180,1175,b816e17bb3bb3acf6a045c2c0549011408dd24a44480f70a0bd3667d5a2a0efd
NVSAU,1d,0,18675,19403,199,c027e105722ce284dd4ee3cd05265689d16497d36ca58fd2a2faf9a3e0ed7f99
NVTA,1d,0,18470,19758,885,ae471ea81f39726d83db411b68d058e68c773fa6ad54260458017b3b1ef8e373
NVVE,1d,0,18383,20683,1582,78c5e1cf692f8baa73b2527a4748d269db1dab419c77c82233fd548ecd9e22fb
NWHM,1d,0,18472,18877,280,a216ad1ec983a52ff971def75214f6bb000c71edf8f5bc4b079a65647c71f9bd
NWLI,1d,0,18470,19912,470,8237881425bb06d54a4417e700a4940b4a1af432dc66a93070f75053a3746986
NWS,1d,0,17898,20728,1940,3dfeb66788e66a4d6027d37266cf03b0784fd2b3a9ccc096cb355752efc6e8c8
NWSA,1d,0,17898,20728,1940,262a6c7912e7766df49579432a77be0aedd547c0b904290cb63647a6f43fc343
NXGLW,1d,1,18983,20724,1180,e8d807847c2ef3d6cc34d02cc6b5e63d43be35dd6b0289bbb7fcaf0576bf4fd4
NXGN,1d,0,18470,19669,829,da1178177fd12f4cc8247947ae156b827a0066e31009817acd7daacb48ef4c28
NXPI,1d,1,17898,20728,1949,98ffb566c91f8579b2e60723729f805bf275ad708068154ecbbfb85d4b682a20
NXQ,1d,0,18470,18964,344,50f3afa697e0ff3a917f29ca0a74fc80df14404835503f2538236f305c5d0b72
NXR,1d,0,18470,18964,344,7ceb8f1b8d78908657e01a35b0e77196ef33127762c287a5d90cf85287d91f18
NXT,1d,1,19397,20728,915,737ef28460b3512daaa1eda155cc70df4c09022e3808f4e7bac730adf331a102
NXTP,1d,0,18817,19825,515,df5a395d34b1f7e5ccb7fac4b80a8c75ab2a7a1dfd4399a60b31592bd60c6a5d
NYMTO,1d,0,18471,18837,254,e644bd0769e0dfce9c982308e61d22c3b6383d3f831fc640b019714353298917
NYMTP,1d,0,18472,18978,349,3c6554ee4a4ade9a6dc3dd6a79e35e2131a84e387bdd265e854de73f9fa6d634
O,1d,0,17898,20728,1940,645d782896ddbfcbfebc527f289e84dafac1da77361cb69a14b9354d17df4d41
OBCI,1d,0,18470,19212,512,80fb43dcde3841a1172576878ac5b92e7675817109cfbedd2b4d7e54bf2614da
OBDE,1d,0,19748,20098,223,4ea6f84673dec4b4ad02d6314707012fb98dc83df5f6502fc19ff7daae407e22
OBE,1d,1,17898,20728,1488,c19c144907d81557b2ee30fc8a4ffd0a5457e7ebbc862d3191fe18da417b9e5e
OBSV,1d,0,18470,19438,644,f91e7177910631d5d0bd5195b94eaa71730eadc8881f9c53797bcab994531496
OCA,1d,0,18640,19143,347,fb3b6260daf7a915c986776659ef6e73836df1d4d8da4a27a186a5699b05dba8
OCAXU,1d,0,18642,19710,99,1e18116030568a26a9e4ddbf677cc9852f57237b86c9323b88919902b56d1703
OCDX,1d,0,18655,19138,336,e332601ccab5a0f93a4b0c1ca04423b1e1e5e7c257ff81cab15d825390b97153
OCFT,1d,0,18470,20390,1134,71f8aec61ab9f1cbbeacefc7b6d0f6f0eef862459006b27df8ba2a4a1f205f51
OCSI,1d,0,18470,18704,163,2865204524b1a1ee42fb0602e2caefa3ff031b53a795d9dfc08f66fd06c309f7
ODFL,1d,0,17898,20728,1940,e4de618a989a6eaacf7fbf929062bb0c06663ce32e345c1a9dc77892d6fc2f91
ODP,1d,0,18470,20431,1351,b861c64566bcafb42b22b9dcd6a6d3de95c53ee21ab78ec8141bb8313a5f22ac
OFED,1d,0,18516,19566,84,b1c8fb9c9a15c94dabe1af4311d7048d6a4df941e8c24fdc25a741a0bbffd8c2
OFSSI,1d,0,18470,18950,291,a5aee7b5f635dc17094a11d8da17318fd662436fa5909a113df3011a40fcb7cc
OG,1d,0,18754,19355,222,71517cf8fa0b0f9d464740ac8e2c769d60e674cac0bd0a9edffc15d0c82e2494
OI,1d,0,17898,20728,1940,e502bc87702613a895a5fc2ebdf9865eb3785430a906ee9a039b85153b057004
OIG,1d,0,19205,20728,282,39a94d3753ebb021234b58a31485c2e652f0ff574d1eafe2af65cf9e9bc36f3b
OIIM,1d,0,18470,19418,617,7b5a4a81ec4e0f9ae33634c14d4c61ae40bc8f755498ed54514738cbd67e1cbc
OIL,1d,0,18478,19516,717,090359f840d72e277145c6a7f16dbcc8ea6f2ba8c83f927345ca4e3828925839
OKE,1d,0,17898,20728,1940,6ac01a56a3ac51f8123cb19dcb2bcf042983142ebbd84a80ce055c61bb4adc4a
OKLL,1d,0,20263,20728,322,4d54b2abe8696129e4c089249506949ced972b1a20d5dc068b6562310e1e5db0
OKLO,1d,1,18816,20728,1316,d159b42662141445dc6882e1e09add336cecd6cf385a38b3be7782b588634bc3
OKTA,1d,1,17898,20728,1949,40a1714dba45258ecf673268baf58feed11cdff95872799b9ee7317d6b2016ac
OLD,1d,0,18470,18911,306,54b666b810264c6a792bb18a1e8ce91762f9ef651c874b1e1dfe8073e9ce7c83
OLK,1d,0,18711,19913,827,48f6f1b6c69d1d58202b6140abab76d02442d5f8610cac2814f8bdffe5afb8f3
OLO,1d,0,18703,20342,1125,ef4b2edff65490580b67dd2ecacb74e8c0aaaec9868a21be9b68443f82bc624f
OLPX,1d,0,18900,20640,1194,f1b2ee78b93ade7c7cb847d8b844a221b5f89ec6749a2e796ed6fa8edcc93a80
OMC,1d,0,17898,20728,1940,2972336ea28b00b8dfcd0556e1a36d8625a1b72a1cf0953015ef0a8047fefd7f
OMGA,1d,0,18838,20143,887,6987f3a57ef9454cb33a830be1a5cb3286651c6eea40d9c4512cc8fbfa5d272d
OMIC,1d,0,18774,20139,884,0913e71e403bc6d65f844c74b7da0297a28d52475458abafd855ced355d75961
OMP,1d,0,18470,19023,383,0b69eb22bfd80fda3293c93cbada35c814241355156f7edaa5f9a46bb51cf085
ON,1d,1,17898,20728,1949,9d6c47ed07ad2ff1bbd71b9429941c4f10d6a770fb4659b2d0bb6490a503e00a
ONCR,1d,0,18537,19528,583,8958371010c4ac5415afa6a3227b3850840b96aa44d8b1dd048b237b8fd2aeda
ONCS,1d,0,18470,19531,611,395a4926ae493e1cdc17cbf5c6e3b3c66c057fa38ebb5eb0717560c336625734
ONCT,1d,0,18471,20059,949,63ac61662f534362d9a2356ef3a06b0bb2f02d9ba9cdb67f52447cafad2db5ea
ONDL,1d,0,20452,20728,191,225ae24d12bb9e9b58db176a060908d269ac7da80dd5c301702c97b945ca0345
ONDS,1d,1,18600,20728,1463,117c1e3ce70b9bbd5ce51cb165f1f8dde509efa8c21bb5d01d9079363d982b2d
ONEM,1d,0,18470,19409,648,c29677a9bb5e2b633d63ff1a12d6829d210ed612fe003b625d98f58d3194d63c
ONFO,1d,0,19230,20728,1029,bd8fd0433d1b48b9a79f870acaba838c89abdd8b2f1915dd23cabad4a291a562
ONFOW,1d,0,19230,20728,1029,3dc2aab3b2e4fd0752e39262b8cadcaf4c9e48fd7dd792eb91b5226c5b1415be
ONON,1d,0,18885,20728,1268,2d1516f4ace6d003ca4ca63d98c7ff20395416a9e31421b0ac73ba028d0ac8dc
ONTF,1d,0,18661,20543,1292,63d5d3c3aa0abcc9202e9180b40b5cc14d385f57ab7eaf0ffb499507d4fb1b2f
OPA,1d,0,18799,19744,194,788c857288441e02a0e6d21d052188c51416d4ddfdcc3bc4f28f8912890a067b
OPEN,1d,1,18431,20728,1581,73153468d64a772cc0739cde59f71b6b4c1979198fb171b98533fcec4a127770
OPFI.WS,1d,0,18829,20651,1253,4361aff504262f0dc0dd866839f5a70cefd3d7bb88c2f12a5825d0f2c1ab6439
OPINI,1d,0,18472,18789,220,e6afcb9f875b9b5b0e286add84a952c23e536439b8866c11404d5f50b6ceaa10
OPNT,1d,0,18470,19417,481,922b5d01a8c1eee48b1553ece9630d6df03f69f921ff59209a8461416fe9a0f3
OPOF,1d,0,18479,20329,302,849e092f49e724dfb345a98474aa34362e88d51f165a7fc3396fb780859d3f15
OPRT,1d,0,18165,20728,1764,3ea4be16706b4bd5d064dd5a7567254bd3dfadf59be3840b744fba8dd2d7f48e
OPTN,1d,0,18470,20228,1191,094b7a9e23ab28d880595cec9109ff2509ff2ee8efb9decd887e1e6b4b62d5ed
ORBC,1d,0,18470,18870,278,d6f0cabce34f883a907a3eaa3176243f7f29ad45a400a858ec9c40befa11b05b
ORCL,1d,1,17898,20728,1949,d3a884dd919b5fbc1bf9032cea82a75b22d0af57f0497090e90b84932a0ca637
ORCU,1d,0,20411,20728,218,ed0b7a4f30cfd92170527a31c2d2357be983a118afe39040576b94ebf24c4a4d
ORCX,1d,1,20126,20728,415,43528ec730a22a61fb0036463feb82f917c07c657bc5d6da46c75efde959e919
ORGN,1d,0,18803,20635,1259,b2d95e8b4cd33e6acf32a4324b92fdd5e2bdfa97c46530a4999eeaa8bd087d21
ORGS,1d,0,18470,20014,835,32a70c6d930f40e48bdf8f023a5e14cbaaf1b23f77f3d9ced17e7d24cdaec738
ORLY,1d,0,17898,20728,1949,129fa42094d60143ba98c0f51f65d7faf0e6f7296484f07eb14d81e97e470015
ORTX,1d,0,18470,19745,829,68e6c87bf820bd7261e834191f56d650ffbf67fedd9498e2d6cd53ab7c9c2200
OS,1d,0,19928,20543,423,feb7acc8dea65e75db10507a4f95ea49816060e321f4c2f2971cfe49a6d0798a
OSA,1d,0,18837,19830,187,3f77e8bbc665f61d39a1c0d9c308bd1a0678564442d2fcd901555361e7091c19
OSB,1d,0,18470,18656,130,91dce30a59b7a035994610be8f85dcad60003fad7d5d19a8dbc1b62eb3ee2216
OSH,1d,0,18480,19478,685,25ccd268f58063b1a51fc168e8067f6402aa99ceef5e703bf7e073dd8699558b
OSN,1d,0,18470,18879,283,b2ab7232af6da21e4271bb2e8db5bd63a8b4170db3986c57dc1a694164c0f1ea
OTIS,1d,0,18355,20728,1633,bd71983621511f859f3ff2637005491ddb304fea74d4352fee9fa964956cc064
OTMO,1d,0,18856,19648,472,842056049a85d9ad3b5819f083ead40fbf8aed9148a5ed4752a43e19f83a2a60
OUST,1d,1,18544,20728,1502,68c479c6813c80d4d5c688f75c9d054ff383d25f29ac1106dec30ed691d5d145
OXBRW,1d,0,17898,20727,1922,9992bcb9466ede711fa1ad9f8fe40f3710c322d43e0d6a545e84d92478e1cdbc
OXFD,1d,0,18470,18691,154,d43d6fe34da4b3b0f136cda5f59032ffcf37cfb10aa4661a36ac5cc386264485
OXY,1d,0,17898,20728,1940,979968574bedac67839ea49a2e1dbec7d0d94e6f92fef038012698107b9ac928
OYST,1d,0,18470,19356,613,2f0e9a3d6f94e2cec1d72c8d34a35688f5cf91e75d131e48440cbf5947c8bc77
OZON,1d,0,18590,19048,316,dcf19e3a326a3fb2f261b1c621446cd380a5121a5d2d7d85a24e0466eb4b1e25
PACW,1d,0,18470,19691,844,ae7bdd0af7e5d62eaec406baddb9ac937faaf6cd7f185d815ea7b6062bb71de0
PACXU,1d,0,18635,19366,131,051f952b2ed69144456cafdca43cdd62cf2eafcccb3b3445750b383922d8454a
PAE,1d,0,18470,19037,393,ee32594872a3c8a2d4a3863d580a91a0561196560d81cb076695206c54fca49f
PANA,1d,0,18515,19464,131,ecdcc0fe7e41d3cca00f4d0b05df70c1c0c7bd9d4760005317772dbb7fa77c9c
PAND,1d,0,18470,18717,172,23dc824b6b65adb000e9c76a4628ff1c4beb67647cadbaa0cbab0b75d4560e37
PANW,1d,1,17898,20728,1949,6894ace01ab9b17701d7d738a679e6981c506aa98650dd76b81df57743e2f7b5
PARA,1d,0,18670,20728,1416,bac5c2df890cb9dd86396717edc611542a4b6f01feeefa8b0de3baeec45a0737
PATH,1d,1,18738,20728,1370,d944edefea0276fa3f1f44358ba67d95acae16c678ef89082c15a33f9b12c86a
PATI,1d,0,18471,19712,205,539ebae493146cf5b4c214192eafa4403ecf65b985ec1a59a1ccc7ace718d973
PAYA,1d,0,18554,19409,589,eebec56394144af1675d3cb4bb88abde5b5afc147cd4cb1b340db856d1b715b0
PAYC,1d,0,17898,20728,1940,559b3216f556da85bc51215352af2e21a48492747fc3b56d71eccee26af609e1
PAYX,1d,0,17898,20728,1940,a37af064c6265d08f0d8781ee4d8e00d50dc2620899e0f0eb776e21495a943c2
PBC,1d,0,18472,18990,356,51ef5ce8f03e6953b61eb1bd55ca2d168d2406366a7f802ef7a18a6a40a6bf91
PBCT,1d,0,18470,19083,426,6054ece1a6c3fd225a066fb328bf5c916eb7494b53c4c6618eff8c5816c46de2
PBF,1d,0,17898,20728,1940,5f29c9d3d4e4dda3bfec3f0ee7c1d675a360cf8be7c9036869bdbb0eb1097ff8
PBIP,1d,0,18480,19173,479,c4dc5f5bb2088a23962ddc08a9b578642b3b34ac54123b64a79fe8334a31f519
PBPB,1d,0,18470,20383,1300,c5adc2750fbfcfd28eb4a4bd213c0d4ca564e6e3a6c38f875abef9eee087daf7
PCAR,1d,0,17898,20728,1940,a97b6d682446550915fefd5186d605abc04254e8f0cedee20bd5b7ea5b02c815
PCG,1d,1,17898,20728,1940,b6da9ab307330ad36e22173819bcc081a60dc87e87ddc947b6ec0eb4c71c8cac
PCK,1d,0,18471,20301,1125,e68e16f3b5972bf9dcc0ae13c8ac23e95b98d1853459ed06d7512def6bda997a
PCOM,1d,0,18470,19173,486,45580f95f68c9f3140d8a3955cc52b07f97b6e70281182122b5cae9fc9c53c5a
PCT,1d,1,18457,20728,1564,d485cb10891f80b524401ebec87aac8042dfe4e21c4087a72c139328cc10447f
PCTI,1d,0,18470,19706,753,77eed7933e9166abcd83bdba7ca56e6c2f4129531f41caf0dbd050929ef57caa
PD,1d,0,17997,20728,1880,b822fb3d2c502a3a654a3022aa345e420dcb8d9cc20f9509da5a785db0ef229c
PDCE,1d,0,18470,19573,762,89d2e0e14744fd1f3e097f0ce54422faac2e157c8b12b0ff259979fe8021e660
PDCO,1d,0,18470,20195,1189,fa16de33a0956ab0fbe32590e38176a6dbf6d269b98c707e6e0bfe01b2b15ae9
PDLI,1d,0,18470,18626,110,f7b147951be407fd64886de618531032686a7a1b9b86ff840b1a777b328603ac
PDOT.U,1d,0,18695,19394,91,fe900f310b7595bc48b13937dc3ea69dfe2e836b10b16b71743d8c5b14b3a246
PE,1d,0,18470,18639,118,c4bdca76ba3f2c2a40460943ffca64135634f2f50c7fc067b150b538c45fb5b4
PEAR,1d,0,18967,19465,342,fc09fda657475155ecfd23224be236d93abe262ab5924c0621e7c80aa0ae3786
PEG,1d,0,17898,20728,1940,7a5e4e53627e7440d2d5aa23856136180f193382d9da29b7b79b741a0618f4cc
PEGRU,1d,0,18929,19887,70,4124d410238c090b224b5b72276d62b6a84fce3990669e3e3c9daefc7e5bd0d7
PEI,1d,0,18470,19341,558,92215aacca19aff7e6bc8c597679e929ade51b76fae53f07e6b807d2d7e73957
PELI,1d,0,20251,20537,73,cdb1ec6508228441a37d59b60caec24cb994df0b0bf7e7244bb6fff1273050c1
PEP,1d,1,17898,20728,1949,15db7bd7e20cdd8b7f95ac5b88f6a9b88e9ea78682cdf6868bea8939a1f5cab9
PEPLU,1d,0,18915,19531,69,40ef6490aa203d41bdc65b2eb136ea25cf103c0816082a23cff2b376e6100b28
PET,1d,0,18898,20298,667,522bfada4549fd6955d2e790a0a7ff2f7a4a5f1250f5b17cb65d0357b3f7b74c
PETQ,1d,0,18470,20020,1070,01124510230fd1eab53072ede5cc119a8dbf6636101833ffdd8aff444b40d597
PEW.WS,1d,0,20285,20728,295,7e61bb6f03064becf10020eee13d4b3b31e4a01879bfb2addbb4ea6ed9a2b64a
PFBI,1d,0,18470,18887,290,bef3d624865ef0db67b4aec7ab98d5083ae4eeed666c33a911e136d63d7753ff
PFC,1d,0,18470,20147,1152,277b1f615ef07f2345feae0dfd8a642f2455e943abe03f5ea9396ddf859333ef
PFDRU,1d,0,18675,19394,74,554a45bc2a39bf1c1d87e8c979ac547001448c9e1c756c8bd2971d2020cabd31
PFE,1d,1,17898,20728,1949,d761678e47ac3889efdf32f2c2712f7dad645a7c865769f36a5d62a53f6cbff7
PFG,1d,0,17898,20728,1940,a1896d14fac086eff0005c2340273d6c8aff0516c0a43900f7f0b586c6ebb7b2
PFHD,1d,0,18470,19388,605,c5dd9a7bea9a0ae35d0a1aa8d0590f48823af6f80ad6f01475f118719d025de6
PFIE,1d,0,18470,20090,868,2c03bc8f4348d4f26140e12c572772589b3cd5292ed17b8066f06656f6d68a2f
PFIN,1d,0,18495,19711,206,5408c33f54bb6ecbd8bf0dfdafed2e6833eb88e927ab52f4902368b5a67b11d3
PFPT,1d,0,18470,18869,277,239cd3e374173a97048db3dfd5d9079c81a2890b6c3ea44a387cce7cde548f66
PFSW,1d,0,18470,19653,808,5d85e9f7d96e82e8e7f7a945213b2dedc7e2e5088777cf6267ee5562a4e6c309
PFTAU,1d,0,18829,20035,92,dc18a40ca8b08e99e63ac8bf39ef5be398dea2c2e8f95d2110ade7e15410bf4c
PG,1d,1,17898,20728,1949,8ac3ecf26a7dbda6e052104a552fa6ccbe7d63b0853e2d54af8bc997fa713095
PGR,1d,0,17898,20728,1949,c680f6e2af8ddc7aa47fbc203d02cfed15e511b03922746897c3fbb3acc522e4
PGRE,1d,0,18470,20440,1355,74d3b0faae3219fb204e51974158f306029c0481c6fd05285180571e6481024f
PGRU,1d,0,19069,20069,404,5db098fd21f10809ed82564a5f8f01d3062760f8ee894a80f3e657d98b9810d2
PGRWU,1d,0,18667,19458,109,e2bb241a2ecb60b700c94d81a9145f04c886082c44792d670315e1dae018d278
PGTI,1d,0,18470,19809,921,cdb98888c650b48417e4a5423e7ffddbce9c3df7d80f6cfddbd58a91c21fae56
PH,1d,1,17898,20728,1940,ddf60809ef8a7a0c588b3c348b8a27d7084b4eb659df0bacd3bd372bfa121ca9
PHAT,1d,0,18194,20728,1743,144b96da585b1a82c98dd29b100ab36c875eef63e0974d934a00d7bf08c692cd
PHCF,1d,0,18470,19396,290,d9da3b78835c6e6da715313f8f96ff7e125cfef609e00a41d3d4fcc03944be2d
PHH,1d,0,20084,20388,208,07bf9b98228cdd8a7ff10ddd84c0b4079d20192088ed8600ae32b927bf40a487
PHM,1d,0,17898,20728,1940,db26e44ce477542f03c01e11a3e56bfad465438ec2e42a98a9f54b8826c23038
PHX,1d,0,18470,20259,1172,73b2e1e3d8360c7c18e8d9d887f32d38df785431919238eeb33ee3467d5b7593
PHYT.U,1d,0,18927,19734,81,5b5faad8602bb454793f90082c313ece0afae8aa30fdcbe684996a98240204d6
PICC.U,1d,0,18667,19375,95,f29282e0fe6845565d8af217ed896e727da65cf84d93ae5382d096b5b3f85a19
PIK,1d,0,18942,20081,557,92cf19298a8c869679f48ae09ded3a723448dbd99c7c95b9c50511c7acc37b99
PINC,1d,0,17898,20728,1810,9bf7d82ab49dbd2436c76aa250158b71b06804270c1c9ac3ee8b7a4303fbbcf5
PKBO,1d,0,18702,19366,92,b69abb4a97304f9b135eaf7e54cc69d2bbd9c07f80d69ab43f7ca161cd24afb4
PKG,1d,0,17898,20728,1940,d2de742a9fd6f90532dbcc4bfedeaf16f3ec96e701d07735216c80aa8d55801f
PKO,1d,0,18470,18971,349,664f16839f19154edb7e2238bfbe9865727207db4e8a88b7bc208cbdcf276d14
PKST,1d,0,19461,20578,766,3de9e621e59b7da44379ab47a31c00b00bcc6a7cb0725db7bb823c23523a33d9
PLAN,1d,0,18470,19164,480,8fc10fcaaecd208abd513d57ba1b32b01dd4573bbaa1d8d93a7166022ebe586b
PLBL,1d,0,19934,20728,547,58cb86e00011a59b5031d613496cb48c8e6b0866e389db9ac2e5d633546d8ed1
PLD,1d,0,17898,20728,1949,9305485837f895f589581a9c0e24020b3c560f68e833f944285bfe3289f900c9
PLL,1d,0,18470,20329,1269,88626f050f9fb38b07aa22eb1771a7972865c575f9286b66a64aec92829a5e53
PLM,1d,0,18470,19664,683,460326356d2182fe8102ae31a29c76f1c12275d14c4e112750e6ef1702e67144
PLSM,1d,1,20474,20728,177,6e54418512ba48de275d767e13de27002ecc055c40113d5ab9ed48a54fc190e5
PLTD,1d,1,20068,20728,453,0ff7addf52d379244ad3396f6c6b0f2190b071b0621c1da6d331359cc8a4cf4a
PLTI,1d,0,20396,20613,149,94e2515d1f27d2040cca40f21cd73a77beedc99b13d78fa3fd25ce430fa96161
PLTK,1d,0,18642,20728,1435,37c6de76266770bff8837a90ac9b24986b629e6b3f6bf61cdfb076c086290d7f
PLTR,1d,1,18535,20728,1509,303c9dae2c378b380be8a9f748001a5e7d600ed59b172800109c71c7aaedb4cc
PLTU,1d,0,20068,20728,453,0dea251f491e17b439ce9a19416a55847a9e5b2b7b0e20e0c81e81a79d949571
PLXP,1d,0,18470,19459,575,e3fed661063f055e6704df5ef742f107ba73c19d5191529b3cd2e5a0946019d3
PLYA,1d,0,18470,20252,1228,eb817f8089ed40c1127448da1d96b104c75278a924503cfa6fa3d9a82344cc87
PM,1d,1,17898,20728,1949,7c69c5d2a00883c916821f21d3b2c7bd96bbce40f369c95bbb96959d052c5ca9
PMBC,1d,0,18470,18918,311,1a2655b9bb08188c88c76d33652d34893acc854a4695c73ff3875d7eeb7e343a
PMD,1d,0,18470,20069,516,affc7be60ce30f50a6694db2a99a1ff35467a47f395f33a9c7589186e02604dc
PME,1d,0,18480,19346,288,36fe38fec75f6cd6f78c5074e724b96205c955c792c20c9da8c4a5edb754f9da
PMF,1d,0,18472,20301,1068,a5cc15f32b4cbf9828f0179502a730994ebe49cbdb00976437c6e41c5aa2048a
PMGMU,1d,0,18667,19752,160,e7d97166554d1cec26e573425e28b5ba9971c77d252c77bb5639de21aa206ec4
PMX,1d,0,18471,20301,1149,2cf181358a542031aad20df512eb14b1a920fb637218d7e2db2e7db3d3277d66
PNC,1d,0,17898,20728,1940,b9186602630f53b35462f9601f81ec7040250ec7ba01e7ffe9546dbbe5912906
PNF,1d,0,18473,20300,672,6ac2482cd32405f5442b40ee9acea0e256fd51b6e61c27b92332584fc242e0cc
PNNTG,1d,0,18495,18943,286,7e74f16de7994a75cc32924924044c46cf29468a02f62831948db7fcfa594899
PNR,1d,0,17898,20728,1940,30934729668765d1b98fa7048c4f868e6a1871ed526d068b433d273fe7aaac2a
PNT,1d,0,18809,19717,626,21e3ab8b2c52307154a697d8b573494270d8d651c4e0bd6e2c60689f65798e0b
PNTM.U,1d,0,18640,19402,170,cd625f26a86b63b8b775d8c495bd072a3e0751a1f2a391b164b8b3783b541f8e
PNW,1d,0,17898,20728,1940,177f66213854b41047bae8dea48e50139c3e251ba4461f7a94538aa80b1656bf
PODD,1d,0,17898,20728,1940,bac2840cb0839ca0c1f1a350236579ec140898426129787d05b11f95ce51ebcf
POLY,1d,0,18470,19230,527,9df8d2a823a3020fb1d14b90dfc5650f7c126c1570725855be4bb11690483cb7
POOL,1d,0,17898,20728,1940,cafabe3d072356c3fda68ef074a7d456af8de36a5b71d52dd39dbb7955c08cb3
POSH,1d,0,18641,19361,497,9ef94ba1bfde1dcc623019e4936ae5abe4258a0f0e1cc3a721c14f8175c19a1d
POWRU,1d,0,18635,19354,113,e98a724fd10ca5396bce50ae1c567f1503162a2ee705b2b909a0f6175086a322
PPBI,1d,0,18470,20329,1281,8eb476475ec1801aa3016d2ded737eb51984257cf7af937c3b2475642c898aa6
PPD,1d,0,18470,18968,346,77f70a77d261c83665d57897392c22311630da8def3321a139d29e2b05afcfa7
PPEM,1d,0,19447,20613,777,4b9b76d3e8bb191aa454558caba533398dc4dde83cc0b53f3977dfb1bdbe435f
PPG,1d,0,17898,20728,1940,6b5275fe62f95f219abac5c4848f36a014140990b4d1cceb80437fc96b246cfa
PPGHU,1d,0,18633,19086,274,ebea351b372fac73c86bdbd0ce8be079b8a703ac9d6e4f242c56e84c49f7a536
PPL,1d,0,17898,20728,1940,8a0e51cf59b0c74f1740f01aaec706241b5e3eecfe8eab3b2ee0b160a89fd8b8
PPX,1d,0,18474,18824,241,ce89c12bbcd8072d390f6bd8c29699a1d94c5cb445fcfe591a4a2b6810e5c8b3
PRA,1d,0,17898,20629,1880,0f9a57f566713e1bb7ffd3b0bac80574fb5ee32e3c708aec04b7442ca722eee9
PRAH,1d,0,18470,18808,235,8cd2262d26cfebc77e76a1351845d95e6b9d3d9d4f56696b4c9c26b9b1320a7e
PRCH,1d,0,18274,20728,1690,afde05ba14f1ca23dd7f4031841a8daa249d97dd56bcea878a499f28f137a09d
PRCP,1d,0,18470,18614,103,3ed496df06ae27a5b22020a14f2f132b5c82bfc449759ff1f976d054f8852edb
PRCT,1d,0,18885,20728,1268,a1f0a00b9c3cb2f2eafd665da03539001e03c325f844ee485ab6ab3e28b34051
PRDS,1d,0,18988,19599,418,a7d3cea610b9138f9d78ff2e7844385be11f467b3e2a33936e6871599d6ba960
PRFT,1d,0,18470,19997,1053,0746563efc66ac6f43b2e40354b8313bfc192aad569a02b600899af3fc84ce75
PRGX,1d,0,18470,18689,152,00d52da1a1ee3a1f65129a3432a7ea409acbf30bf01e1d24c08a0d6e9ffbd45b
PRLHU,1d,0,18976,19675,62,60e7ece3816982e8d850c6b5410178c6c378cb7e7dffb53fabad8cdc902918c2
PRME,1d,0,17898,20728,1159,58c8c0c2598d6a57cc74b0b1b003289d3513451aa27e1552ce75fc9fde40e125
PRMW,1d,0,18470,20035,1081,cefd07995d061e28144935289cdc98f92ccef124ad47184ebbaed289d6c44fc0
PRO,1d,0,18470,20430,1347,9ceec5ca5db229f348c2c230d36c6a3b21105df66b26bee3e0fa89d9ac3a479c
PROC,1d,0,18474,20122,617,db7f89cd64bccb87a723883ebdc04095ca8baa84c7fb49367be35b38e0b4d6b4
PROS,1d,0,18470,18842,257,7e0bc7fb15061f2b3641d78a8638f7d09695f596a163f9d108de4ed8060b0804
PRPC.U,1d,0,18661,19656,129,dd0008d51323dced250e2ac01d19b199eebb946fd309aa18caaa0242d85f16fa
PRSP,1d,0,18470,18753,197,435e9146b2cf4a19850ceddcfe016c4d2e4819ad2befe358b7221f17cac7ae2d
PRSRU,1d,0,18635,19710,229,74a1b03b43dc721694d4745046ed35269085a29487211134588abfbff3bd8315
PRST,1d,0,18663,19942,607,a5066183a0e1d02484d1707a963b6bc95fb882acfb3395c9d5a98cb6a7556678
PRTK,1d,0,18470,19620,792,a632ca92bba0c1602a47c119ee8928e722dd65e1086b33dda4bb5946e83df352
PRTY,1d,0,18470,19374,621,24a9e88a7c091c2ea2ca49a54609e8e4604873dbc140fa88d2e2ea357b69556f
PRU,1d,0,17898,20728,1940,df3f72520a2fb2ff6709c8dcb3372f3d452e7cfd4942f746f38b73598392a081
PRVB,1d,0,18470,19473,692,9c62c9a629055e4a9c6579646591806dbf3fd35774e931b78f6bcf0a53bdd98f
PRVL,1d,0,18470,18648,124,c1a69a513ce0d67090fed826c25e0b75af1816d663902f77106ea18ddd75d5ea
PSA,1d,0,17898,20728,1940,4e8d8291a126def7b0f15611f3645946be830143e4e9d9e7ad36653fa9108f0e
PSB,1d,0,18470,19192,499,09af0d8694ff82912377f466328eb3688e0cf58fa42d15cf5c4dc44d6513ef52
PSKY,1d,0,20307,20728,291,4c3e2de601d0d5694631ebe63c22664205e8c2e75f438801fef218c38e5cc730
PSNL,1d,0,18067,20728,1832,a6aab3c0a305202b7836fe79986f22725337d34587bef82e0822428ee22b3c3e
PSPC.U,1d,0,18773,19500,60,33d56ccef9dbf9e9ed787151ca5742b4bfba420a1fca8248991353870e561a5a
PSTH,1d,0,18516,19198,470,909c7732f0c115124f9695a4a5d14504ccdbada51faf241b512df1732b084b85
PSTX,1d,0,18470,20095,1119,25b5d69fc717e2b012e2ee4e755bf658fc3223e41b8f57bed0935b7e440ba0fe
PSX,1d,1,17898,20728,1940,305673c7284d36fc3fd0eab2e6d033bfc8dab3d0b75b55d94aa55d49c776d222
PSXP,1d,0,18470,19059,408,08c42bef28381ec34a82fece691fd6de1d4b7a4d381c224ce67ed57c1692567f
PSY,1d,0,18799,19233,301,5181e4df577dc6a031d2a09b1f0b36dd57595d633d8706c7c0699b11c5705538
PTC,1d,0,17898,20728,1940,0509386067adcb7a44c285a6125897ebff7e877ba2109a66050bdecc6e1eff68
PTCT,1d,0,17898,20728,1940,7195628218b95097103455f3f5f48ba961ef9a52c59c06553302fb149957245a
PTE,1d,0,18470,19523,560,63ed029b36aa14f18fb925a717b1a2af33d7418bbd7fa6d7d4f60c5094ebf537
PTIR,1d,0,19970,20728,522,624eaa78e9797436ce620c1c704274f4d21aa120f3b58cd4ed0646ccafb04b36
PTNR,1d,0,18486,19403,153,af1f3b5c09740f2ae584491c6df9722ff7d43284b30c2cee3810a6b681bc5bb3
PTRA,1d,0,18793,19585,547,493b4fcb137e593f3c57e506969d305c560cb4372e9275c6a75a5eb174e7931e
PTRS,1d,0,18494,19691,354,a576a2d0637e32a5222160d4ef8e8fda27fbb1e1ecbd1ad72508dcfd540669cd
PTVCB,1d,0,18471,18775,212,021a59d401651b33c91cc18f36230f87f1d541fe0a9b565c08af5bf2e7e396cb
PTVE,1d,0,18522,20178,1139,b5e9e8cb14e9f32033b3232071a5fd55955b42a7b0e90be5a5f506eb10cb87aa
PUCKU,1d,0,18669,19692,138,1ec43ca94a18d1049b1572da26583e02a8d9988ecb0066c239c4a3133499459f
PVG,1d,0,18470,19059,408,f0a92950f70e0f3e44b6942ec55efcae856b245a545c200fd1fe443365ee4cab
PWOD,1d,0,18471,20294,789,7535a18650a9ee46472a039d97984418da177583e2d08f0c2c9758597828d057
PWR,1d,1,17898,20728,1949,4a972711a55fb8ef3f715efd53324d482a6a74ad39cfafbaae1a0723e9ec39b0
PWSC,1d,0,18836,19996,797,5a72436a96a1dc906eefa6607e9cadcc8632006c1c3f4b89ec5ce1d1f3af1264
PXD,1d,0,18470,19845,946,4562c6e5cb53e70476b3d5bef16f0faa140de25e09bb6f14cdad9c2a8d621966
PXDT,1d,0,19570,20042,133,5d78b10d7fbc278bfa767f26866428024350fb753772133b045fd914cf0590d9
PXMD,1d,0,19230,19844,374,adebd342d535ab3021ecf73a883ef1e496eb96a5dd3d74b3c88c3744bf3bf459
PXUS,1d,0,19002,19642,321,d8b6904392a81e1292bee5f7c12986949a9a1962bc6142268bdcbe6d1b11b2e8
PYCR,1d,0,18829,20189,937,25affe4245b4b400db5f3681f6d5240c5b2a9072f353c2124f49133ee2f9abd1
PYN,1d,0,18471,20300,582,b3f287d907f335e00fa5801546cfa6c9d4a4eb0eac46bf3b1e1b6f932debf6d1
PYPG,1d,1,20182,20728,376,2d6c7cf754c8c78eaa2bf03205f280acc648af6a051a27b97300ae1513cdf409
PYPL,1d,1,17898,20728,1949,eaf25a16b2f9b3aae39a69d57591de7c4c761e078016ce50a79b04de899f3cd0
PZC,1d,0,18470,20301,1049,391eac657030b3194ea732be6f05b3b72a0237f8e9befea52ee73bb3947cc372
QADA,1d,0,18470,18935,324,38d418d7b1f29b0d1599fbd0786c7556edaa26702417ce51b9002a52d1ea53a7
QBTS,1d,1,18607,20728,1458,34ada2268f59618dc0b1fddf18e718f6b150e5f7858f6630035d80a2521f5f24
QBTX,1d,0,20203,20728,362,1255adaf027018572cc3a0369d1799323f46750f274c0e520cbb14e274b643e8
QBTZ,1d,1,20368,20728,249,f910ac1c7ba79bb1a3e25a4e167e1625beb110b02b3c3c636ff28b44076e184a
QCOM,1d,1,17898,20728,1949,10b3c7d40394611a449f3f898ddd8d4935bea7621a0ada46d453c534dc8949b1
QDEL,1d,0,17898,20728,1940,28ced4a807d4dfa3054bf674bc37e3933e609b164bcadd98399a59a5d0650d88
QELLU,1d,0,18535,18884,241,14c3ece99e1df2873c89af3a141caf29db61f890783bce77ae7337c6b1b6bb0f
QEP,1d,0,18470,18702,161,cef60b8566f5dff8e2478085c5e85615e1395724004a5521480875497f71ee1b
QFIN,1d,0,17898,20728,1940,3216908abc0c3ed7c3622cd587407ceea38c8976ceccd077289bb7f8c0850e70
QIPT,1d,0,18775,20525,1130,bf7f632b205f2586a836412f67c5984013c6abd4a6795cd48a1fdf03f45b4ae8
QIWI,1d,0,18470,19048,401,d3901422cf7cb82619c033195f4f9e312341e46065458110bc5c8333892c73b2
QNGY,1d,0,18470,19304,494,50c393672064de1e535eb4b29ba483ec48401f4bf58524dcc7a68712b5fbf636
QNT,1d,0,20608,20728,84,78473cd3122e241e7787b83ea16970378ec9c6c8dce528cbf8682cb7ecd78221
QQQ,1d,1,17898,20728,1949,1e6150259ed6dab3c0585f5742c83a047ee3d0573fe5b920931a3b29150dc4d8
QRVO,1d,0,17898,20728,1940,93e8fa4223b12113bbc6d1739da89e00c3d0090b671cf0737f8f4c9be3b0d623
QS,1d,0,18491,20728,1540,dc7bf8ec2f630bcc493c5c7da28466435bd793f84b9acec81bf12fcfc6bdb76f
QSEAR,1d,0,20220,20727,333,57ae4b1426da6f8253391fc972e24effe5effc863c43cea12c4a1d88f24938ca
QTEXW,1d,0,18822,20649,1256,61fbea2834025d3236dce636553fdc8c3ad6eeb3748b0b6c71e09a5b433f2916
QTS,1d,0,18470,18870,278,fe75bb4f46ab4d5bfdf37ee1989e66305409fbd8811345b2ec0312efd3ee7db8
QTTB,1d,1,17898,20728,1949,4842589dcb0449c2693b581e5109e25fec65dcb1528f0b5d4223eda92edc9198
QUBT,1d,0,18823,20728,1311,e2bab9a54e2397bda834bcbb8393c51a078a25774d260437f8e71194e8e97349
QUMU,1d,0,18470,19391,506,a16f9bf2a75af6db581d834c27fbad8935ca4149604456010591d7b6108b9c3e
QXO,1d,1,17898,20728,1949,2c071b9b6c5329dd1de99cbabecd4f44af4ecc9e05c74a6c7f77b5918a2edd9e
RAACU,1d,0,18604,18829,149,bb4c426f3dff3c7242fecce3ed0429f9c9c87dda8df826ba73adbfb638d45557
RAD,1d,0,18470,19646,809,b095d72201d44029a097d0761d25cf552e8154b6bb03038aa7e920539cee9e02
RADI,1d,0,18541,19620,730,2c7097415cb60b73d337c453971bd4006666cd01b125be4ce0aadb6704aca522
RAM,1d,1,18817,20728,499,b348eec5d260b4f12b35d63887a91062f720155ebe68fb68343ff2464c428250
RAMMU,1d,0,18766,19431,116,3436db4d4f36528974924bddd83ac8bf00bf259e0beae68f17cddf311e71d141
RAPT,1d,0,18470,20514,1406,158c75099f3d2b75c810618c34810760dcbc87d376569bd4ea812bb9ac98e83e
RAVN,1d,0,18470,18960,340,9a92b6c80247c57db856ea4609afb58d4d3f567976198d14a4390cabf9c4252a
RBAC,1d,0,18542,19220,468,d9ed84dec29affe3a71049ff955197194e808c69a99fe903720939272d246ea0
RBNC,1d,0,18470,18992,363,e9804e2343aa071c7c4457a9a1998f691ae844c5531d236f0ed21cdea27b5ceb
RCKT,1d,0,17898,20728,1940,3dfc2eb4475891644ece186770111f8399985c58c29109e8845108dbe5a70b3c
RCKTW,1d,0,19415,20698,883,59f873450890ccedaaab0d254ba9b436736b5c1ad32bba47b012e9105050f645
RCL,1d,1,17898,20728,1949,e8ec1dceab7afc0e074eedf7ae44962fb87519bbd14fee5e98c25f3aea5aa0c3
RCM,1d,0,18470,20045,1087,c592069c6d39b4da1e6e809dbfaa121da84e6da62f6edcc9185e5951929f404d
RDACR,1d,0,20059,20728,424,5177fda338f57567c51073c1ba646d3876b665b807255d3610022befd759dc41
RDBX,1d,0,18925,19214,200,80494dfa7c458a6aee4b3ceaf48c6cebadb40f5bc2ca7f61d1463a9dd0b97fe0
RDFN,1d,0,18470,20269,1238,28f2307af3ddc00b7786910486b40ad76b5b6fa0b43d6ea3eb343dd1c28d15ff
RDUS,1d,0,18470,20279,981,6676236894de7d75c800bc2645392d4014b762a7863d8a11a6e444467613f19b
RDY,1d,0,17898,20728,1940,7a87f941c749daf27f33f6140467116015eb58443906e6908c7396585288c6e2
RE,1d,0,18470,19545,739,d0fb8e916c8bb1bff10053c57a5159f12d18cdf165ecf2bec6202d857423e024
REG,1d,0,17898,20728,1940,192d0f621d2371f19ac28ef531ef513c76742aec42aff1fd1308ad7461077b2c
REGI,1d,0,18470,19153,474,8dbcb350e802ca740d04dd1961a891951ff5374ddb4ee60bcf843a466e48434a
REGN,1d,1,17898,20728,1940,7654754b049e4a63cb31a12cbae650b999c3c49bf604f0265a1fe74b8150b9c9
REML,1d,0,18470,18984,358,826c143263c77af2167706a8c3f3e15d8e7235ebe2e90f4a15036eaac01fd38a
RENW,1d,0,19233,20069,528,d451f410d1700eb3a12f6231339d2977a93f9d651ad061efd097e1b862c67a81
REPL,1d,1,17898,20728,1949,ba4af023b0b3cceae3ccdfeea6f76f50334063e8058eeb98eed879669d0f498a
RESI,1d,0,18470,19691,589,5eafc07da60f225f8fd85e3f5147f8ba941f4ed5092ec64f035d1ac379f9fb12
RESN,1d,0,18470,19076,421,c1f01994843cb9b589e3faedafd5c6f1c61836a866e439b0090a17c78388ca69
RETA,1d,0,18470,19625,796,5f0cdd8a1a80bf52bde770f1309d89ef88b3492dd7ca3f3c426a6b2a9fe97039
REUN,1d,0,19222,19569,100,64eaf546d07dea62644e68b1d9e651b208936a95d89ad88f97a8c93429ed5923
REVG,1d,0,18470,20483,1383,ad6d1f9c1c0cb866e59cb444dae59f9f7f796d9ef9f460d23432227a54c2b565
REZI,1d,0,17898,20728,1940,d79e9452b26163ef6789b62c0d062f7302e868eef1e1973f6500edaec0250f83
RF,1d,0,17898,20728,1940,edd73ccbacff4701fcc973f7b5daefc380f2a66431faafb3992bf1553c120463
RFP,1d,0,18470,19416,650,919680b78f90dbc30eb060dcd487df1f18d1cf9a737a3bc75fa4cff182b6bbed
RGF,1d,0,18936,20094,622,e1f3a95dd2487788090e6c0a7496740051620437d52e42a9e82016ce19917b8d
RGLS,1d,0,18470,20263,1034,cec562856b2fba942cb4059484505ddd70634bff958b4fb85bbae1c402ecbe78
RGNX,1d,0,17898,20728,1940,dc2e2e0b267ab4bd406ce820e4a7d6954e3eab849f5f73bd18ce84f6e37660fb
RGTI,1d,1,18739,20728,1369,4a5bdbc0413ac79a8cc23f6a5c3016929d3ae6f09d9ee0c5910a1c1808307f23
RGTZ,1d,0,20370,20728,247,79f98780eba5298314d4d586b6ca517988fae4345bd5343db4985b793e015287
RHI,1d,0,17898,20728,1940,11787d43324fa99ef145238287bde5370efad21a4f5d467131b8787a7747c1ed
RIBT,1d,0,18471,19667,592,1c2fb1b429420c4bbe1b9b96ce3c022cf6c36e357121225a9c156941ac5d43d1
RIG,1d,1,17898,20728,1949,803a77e6eaf49d882585a2af60938ae365be5369eb74170f5be9c1b2c1f9c677
RILYH,1d,0,18470,18873,281,c216013b37ada48ae0537dfe825f2ea2f2f3301dbdccc69b3da6758520fcb3b7
RILYI,1d,0,18471,18921,303,451d85ce7b4c70554df280fb4e78e5f79db08d4723466c991f3a6a42a540fc46
RIVE,1d,0,18473,18961,322,f738b764287de43d83ebbf258a91276090a0fe2f37a1a567a38a9a3b2299c1a9
RIVN,1d,1,18941,20728,1228,23f87de08c3da87fdc6483b7845260a8ff0927e95cd24c68b423e16485fe611b
RJF,1d,0,17898,20728,1940,798c644fa1bf50de4392cd1370aeae42077a185842f5c1bca3a8d231b6f80a9d
RKLX,1d,1,20160,20728,392,d34b96ddde23be41610155fd8d60f0c5e4bc2e6576d99092fb7c0d0f17dfb837
RKLY,1d,0,18851,19380,362,46377071fd6b89521be112fc2eff84fe0b36c0f4895b802df417aefd1bc6f2da
RKLZ,1d,1,20410,20728,219,b6b465aef0f57a4dedf3e64364297ab3bad26cdb3f725851aebb5ef608ddfa09
RKT,1d,1,18480,20728,1547,b03fa3c114b008b0d6592d52dd2f0ee15a59e4f1eaa6036e890a299e9dd70226
RKTO,1d,0,17942,20728,1918,be63efdf118f8a86e3bd5dd5f7887d9337d6c40d5133dd46639d927f3470f349
RL,1d,0,17898,20728,1940,c52863aa31af2723c2d4ce33c610e0e9547278a6ac0d48032d56dcc4dd7678f8
RLAY,1d,0,18459,20728,1562,974d861887389cff76e7b1f7ffc56f3f502b3cd3567f329a8c6c607e271b311d
RLH,1d,0,18470,18703,162,115ec7d7dd7d8e1d937daf20b832a57b2816de7a9d22aeaa9fb1e44b2ef9136c
RMBS,1d,1,17898,20728,1949,f8d49662e80c0470fef361374385eefa166f0646af16e3fcb587a301315939de
RMD,1d,0,17898,20728,1940,9a0b2640b26d5e2ae0659bd2361a6320b9b313c54afef9a18bd5fb816075aa92
RMGBU,1d,0,18606,18862,173,e203528a55f470480fc4fe14d0b54d8bd9eb4b9b8a94be9a06b307b513830396
RMGCU,1d,0,18663,19767,188,df7078b53c6a52302ee0622c80df3570d2f6c7a5b746acc6b0747449a6f649b1
RNET,1d,0,18470,18747,193,525e6039da83a02e9591b91289e6cabcbcd95000a12d9b41e1e879ac5b901acf
RNWWW,1d,0,18659,20686,1396,7af7c452f2df941549a69a733f5734a930a89b539a312d8a6bf112af496d4a84
ROBN,1d,0,20119,20728,420,70ea683809fd178da5d51cc07860848b210a61cc8868efa8f60220eea298aaa1
ROCC,1d,0,18633,19524,547,d6a7b397b6a2206cfa5c75d30ef61057e2fafdfaabd3811c3931271c1e1f393c
ROCCU,1d,0,18607,18836,144,a113d7d5ece4d7898d5975dcf6ad089d391bc2f7c358ce6c247123d2e50f764f
ROCL,1d,0,19003,20063,123,441949cc4a2a7649df06c293282ad90773d3756940836443a1cdd562ac87ddfc
ROIC,1d,0,18470,20131,1144,ec2ad5c0a63b7cf7da744c5590330cf630072a61aa1f942f695085ae995271ee
ROK,1d,0,17898,20728,1940,c734223ea3cbd7c4452b02c80e6aa2521a27044e0d56c5d5df71a5259e5ced11
ROL,1d,0,17898,20728,1940,8ad5955ba6417bba9e0c8e52fbbbb91b828e7596eef33090e15c4afb6d60db88
ROP,1d,0,17898,20728,1940,456377ba240e1531a29d0227295c1d27ea6fb0427f2573bfe16a998744879a85
ROSS.U,1d,0,18698,19783,123,e84d096d26dd866ff0d143e13cdfbc090ecc442ca2b7632937d1a370ecce3100
ROST,1d,0,17898,20728,1949,7572629fa995f8bcbbded86f8f2918cf0f9c34fdba9fe9742f71475b17384bea
ROVR,1d,0,18841,19779,646,5c2ee2af36f47819b566496ffa59b5773efa85ec5a6de24685e509ff53fb189c
RP,1d,0,18470,18738,186,f428f2d1afdb4612feb3c62c2937bd53b81a345b27dab5daa46d3be53a7b9a62
RPAI,1d,0,18470,18921,314,52be62865d480189aad8b0ec7b9a49bc723a944a9ab1969d70c721bf8519ea9e
RPD,1d,0,17898,20728,1940,44d65e4d8ac084b31b3de408aea8fca11a448aa51acbea02fa4f6324075ed19f
RPTX,1d,0,18470,20480,1379,c613c411e5b2f28dcd3c5e6c81bde700c65912dbcfee54a5bb2f433fa348a70d
RQI.RT,1d,0,18282,20648,33,bc56ef25b44fdb9afddd3a6b36bf4b4cdf3e4cd678599a4fb24d1ab39f2c67cc
RRD,1d,0,18470,19048,401,035b662551cc992e7937b83a7d4c07dbaf992ef77f0fbd44663c66ddc5227474
RSG,1d,0,17898,20728,1940,e6a5f8d6da2fbfe21c8e2c11bedda52a21014a5c6be541089a074b004e328a00
RSLS,1d,0,18794,20314,1046,37ffc9514bf073527feda69a2b2db80072a1d67ed2fe1786217cd31e245c394e
RSVAU,1d,0,18598,18822,154,e30ec08ef6bce37e07c6e42b1b9b14ee1548de109a8e26157f104f14f2a304c0
RSVRW,1d,0,18634,20661,1393,b56a21784e0a7b96442d19de94713d36924bec6fad468e4e19bb699011be3601
RTL,1d,0,19038,19611,394,b7bacd6dd7091d713adc7d751967d155904272479f72b36190c3b75e08d8ac7e
RTLR,1d,0,18470,19227,524,b38f3484f75faecfa106a34d59f3f314ddda62c7d213e62d06ccd7fef6ac6975
RTPYU,1d,0,18702,18934,163,a5f78e91c8bdccc7c755080d3f48ab4304aa787f556055f499eb361b5fe33407
RTX,1d,1,17898,20728,1949,1f97d8bd5d3e1dbd1b8e690f4d1320c0726816183a07f4a725f64818d95bffd9
RUBY,1d,0,18470,19422,654,c542871d7251efb4f3d26e4c7079542703c5797b4fcd1aade731410d79d2e300
RUHN,1d,0,18472,18736,182,ef039133b63dd97e568e40869e5a3d317a9f34190c3f84984f1e9f3a637f0a49
RUSL,1d,0,18471,19054,404,30953ea3a8d89733ec312fa39aac3cef3b147e8388c7cd15c4be92ffcbda27d4
RUTH,1d,0,18470,19521,726,4a0ec87edb67192277ab6cf08d0bab436b2379a2d7df7b02b867631af5ea0aab
RVACU,1d,0,18845,19230,157,988a0774aab670ac888e16874fe3132e5877ff7b1f79a58e51769dc7c2956b8a
RVNC,1d,0,18470,20124,1138,89ec0d2fddafd852fc566d847a7b6bb28d58d99651f31cacf5976ddd6f872169
RVSNW,1d,0,19082,20728,1119,96e4bdc36e1c23f3bf3a1e711731106fb168613405ab274671151a50bfbe2a17
RVTY,1d,0,17898,20728,1940,8b936e95a78b79a27e82163b9944f1ff713d0223299c296e394c8cfc43b9b8e6
RWVG,1d,0,18487,19258,505,9d307c3a131cbbd661f923c077228d7b8b77c4ab6a5e6d337674673c3a93f3dd
RXDX,1d,0,18698,19523,570,af0d98fc7756bec2c72fb27cc16c406dde883b262e73729428c97c57b2c6a608
RXRX,1d,0,18733,20728,1373,dde41b08cde409f82cf8878e29bfec0e4f4aefbcd5a5688c3ecc408bdbb931e4
RXT,1d,0,18479,20728,1548,080180b73e613e3d41b1bf0000193a8ad512d8cec91735f2f2d4dd15958ff699
RYZB,1d,0,19615,19776,111,77571af23ec5b77f72edb2b43bb546ef27428104fb4e0c68ed17a355f9162669
RZLT,1d,0,18575,20728,1481,d0ccf626b745d58e9e4ccc3b5bd8fe5f895b3fc9436faf714cc9aa4f09a7eecf
S,1d,0,18808,20728,1321,0e61b5261f27972d16e0fddb44ea0612fc2485f9e93ac70928035a4bf92481ad
SABSW,1d,0,18667,20728,1418,df63fe479d0780d2d72ed8f950447b30eb4ff3f31fd416682fcf77086b5edb86
SAFM,1d,0,18470,19194,501,d14fa744c8329bce124f9d43e61cb928ae057041bfa9f9d08dd3e8653b488611
SAGE,1d,0,18470,20299,1259,1ecbcda4d52403f8c392d4d552178c86b842b659b6af4dd33ab2134496ffdbf1
SAI,1d,0,19114,19976,585,ababb86b7297b3bd71c781d4f52c2a785cf8305bf71d41fb6ae36256977b592f
SAIHW,1d,0,18806,20713,1298,d8d68b0502d0f484413972416fc1a00e6709ae067ac9d5d72712d377b1ae38b4
SAIL,1d,0,17898,20728,1323,b5f082c5863d90cb1c12c1c7590546e7051f605e7d419680548af79c024e3c6f
SAK,1d,0,18472,19186,456,0f33dc4f0e6c1bfeb0295d32b3ff77b93389a629c0f7a289272bb5c0da8255c3
SAL,1d,0,18477,19572,268,a12c2212306d29574e8c46387bfc682c3b95f7e82d8955c3f58a3036e4703c65
SAMA,1d,0,18470,19641,381,b405a820fe792779677c0515a20e9e8109a65c21e6980ff52c58562d78060efd
SAMAU,1d,0,18908,19633,232,7fe4f3b95bfccfd9ead4b2062950fdf6f02ebd79f085c1ff8470f484be5f6892
SAND,1d,0,18470,20378,1313,8a98f9b6f262576a5c81dbfd27116c218904a563fc3f4c7976e8d7fc80612bbd
SANW,1d,0,17898,20301,1655,0474fc366ed18c114831fc0854e60b011066482f56488e2198966e9313aecd13
SASR,1d,0,18470,20178,1176,991fd89216cdc25a2bfe7b638f79dcdff30841478362b4be43259edde4ef6255
SAVE,1d,0,18470,20042,1084,5e1463781db3bb96a776c04ba2af42dd4855cb84c95df51cd0ca0d0ea08ea0de
SBAC,1d,0,17898,20728,1940,df00c0676abfdfecda82fe7d55629275b74a3ea07ac4530e50138666e02f0163
SBBP,1d,0,18470,18905,302,2c905efdb89424c0c1e86cc3a1ebe6629ad5eb26974cb4f96fe56226df37c832
SBEAU,1d,0,18684,19032,198,c141d9672607e182d135a5979cffaa5a41029fd3c14307ce3669eb659e03b8fd
SBEV,1d,0,18789,20686,1305,930836df0121608c5bb4370ab100f32c2c6fdcdaec1c1b20573ff938f6971e3e
SBH,1d,0,17898,20728,1940,122f7e94a7d364e7b6745a5d4e8315b76d723a2d43220e31e0bcb785894820ca
SBNY,1d,0,18470,19426,661,00aa40f5c488e448a1d09c76f207b3672733ed126972afa7aae1a1010955ac28
SBOW,1d,0,18470,19933,1003,a2f96c7939d5f58a38ebff2971776a02c4d06030ff63a2c1c6b17d150e2ece29
SBT,1d,0,18471,20178,988,fb9e51cba44e1dd6618902ab54bc3470aefc8d05168bbcd94cc3eec4b1f7413d
SBUX,1d,1,17898,20728,1949,0b5d85816377db393c0957d040dd38f7533b136d6a3dbb3e478e2f8b5056a9d5
SC,1d,0,18470,19020,382,7616d058b244e633166d0265dbc8bdaabb512a57721a5c55369b79084fe4f670
SCHD,1d,1,17898,20728,1949,5b11eb20b1b332f8e274235c732dea454827332444b21b2ea5117a1a782d2c0b
SCHW,1d,1,17898,20728,1949,a3580500490c64f43f5e333faae43622c6840b3352e01e2360a15de86f70da96
SCO,1d,0,17898,20728,1940,47f5503af079f28cf539481bb3e19198c038aaacb95a1c3c46de63ff8f1d9364
SCOBU,1d,0,18668,19396,96,c38d488b7f24e31761025c15a1030e8fc1b39386c076a0cf967a55237d2986ee
SCPH,1d,0,18470,20367,1259,d75af1fa1b2a736ec6cb2e797bb2aa57ed2516c346fc1acc10deca3bbd9ca3f0
SCPL,1d,0,18470,19650,816,99ac13f09acd07d8386e1b94d9ab853863eb28b9cf0da10f2892723d66d5381f
SCPS,1d,0,18612,19342,384,9c62c44a605bf4113b2168cd36d74ecf101496e6c2fd681e143033708f9239ed
SCPX,1d,0,19759,20199,263,32cf01ea96eed00df219390f1cc9ebcfcbc08350279ac39207cfbd85bcfd240b
SCR,1d,0,18683,18918,164,9ba9bb50512d7ea91e0275a833fca173c2abc6a285037f245de6a01a33b9736e
SCRMU,1d,0,18998,19852,124,1a0f8558811721b11d72d0079114cc0fe1926a76af74656aacb18083c904585a
SCS,1d,0,18470,20431,1349,8cec2f84f6c7c97e3c3548b3ad9856395dd7f7339d5aeb358a10ced3ed6433d2
SCTL,1d,0,19073,19818,465,2dc8f8e198d14aacd01969a3defff4065ebc2a6e9afabad00429302a04e9f37c
SCU,1d,0,18470,19677,828,0698409024a719f52c86eb408abad64bcee2d6bd49d5728fcafd3e4d226aedef
SCWX,1d,0,18470,20119,1083,8b252a5aed50f0148a753ae63196c25afe281f23b2246b188956cbef974a85e5
SCX,1d,0,18485,19865,552,040127c8e004205ea65e434f40c4e73f262de8cedad0c12e7b4447e04d8f141f
SDACU,1d,0,18663,19558,128,8476833aa0910614172e9edea2c65a229893eaac80af3dcffb1cdcbb8dea03c8
SDC,1d,0,18470,19633,803,eb2d8fb47e19fb70fe0141e2bd5bb7af77824f2643f81480fd85dd08f63a7364
SDIG,1d,0,18920,20161,852,792861697e4ff10f7ed6228c1464592d692f42fe6d635cb21af98f5cc3b8d602
SDM,1d,0,20210,20357,102,38edf3595d84ec133f0192e23837b82713de36632de67eaf9e08f12cb3563121
SDOT,1d,0,18305,20728,1668,6a9412e428e693278196bad26c9f817fe6972027f3c43e9fab98640b40a5dd4e
SDPI,1d,0,18470,19935,655,fb02cb74d4d0c9c2fedd12558e22c31d42045c0a73d0e320181d0e98f06124a2
SEAC,1d,0,18470,19594,627,ad07406491a6217a8cd0eee02ca31e539fb9475509569d140c27ea596e323d31
SECO,1d,0,18470,19838,689,ae0e5a56ca08c38ca898f42a0cecdfba7da1de8612dae233dd6ab518bb17610e
SECZ,1d,0,20210,20728,357,59b3163408c84580d7deb640596f26e65ae36a195a8604f6aca8a334e5d02864
SEDA.U,1d,0,18929,20026,121,d8e5279efbbfc683ddbea49231cae61bdae853fdd8f625494395907f6b35a1c1
SEE,1d,0,18470,20551,1430,1a5c115882461242c65d5fd3879a0b19e2a077ca3b2966fe37e0e8d0e5626a09
SEEL,1d,0,18473,20011,902,a6c34143cb1b8f4df72e81036e647182007fc50bb2196203405bc53d2c3ecdea
SEI,1d,1,17898,20728,1949,bf5e3c859fd9b127e96c73a3c45a72f4f079416526394726e7625152b78585c4
SEM,1d,0,17898,20634,1883,d83a217f4d80d821f0611a8ccfb5c271eebfcc3169da692a78e708942abd266d
SEMR,1d,0,18711,20570,1276,3d0a57f99dc3c0cfe025c37af7c0eb8f6b0eee89069fb3753ccf8b69b2ebefc6
SFT,1d,0,18470,19648,804,7360db9e494352dcbf8d1940dda61e2da485fc85229b0e1da4fc56fa965d6d20
SGE,1d,0,19493,19992,151,328d60481b81b4e16103c9cbfad8032fe8bb146bdcc0377951a00250a27012a4
SGEN,1d,0,18470,19704,853,fc9a1626bcb4849bba1f836aeea7ebb2bee862f7272377ca6f52423bad4afbae
SGFY,1d,0,18669,19444,533,ffe268780c777ef21a9a6f81341d0496d39baf1ea9cec83c41aa2b98c27050d9
SGMA,1d,0,18470,20291,863,4bbd951192bafbaffc30a1e8c1f95b86698361f97e3e38d82e63b61fa9b4b6bb
SGN,1d,0,19675,20528,550,449e60f2703076a4edeaa259d10c96157a5f0e8e29591147183988ac92f4960e
SGTX,1d,0,18600,19579,553,686484221297460efd0d1250ed73eae6ec8877943eadc96b29f3a56a644a9d3f
SHAK,1d,0,17898,20728,1940,a6f50e5832c664853e29bc920a53bedc5e9a991d8c35a9278425ce232163e789
SHAZ,1d,0,20502,20728,158,59b2b970b558cf0c4b6e70a9a8623ae826a4b38811d6be025929660ffdd7dd6c
SHCO,1d,0,19436,20481,717,08fe34b9533aaffb0535e7e8e9b20e7c13249f5e14dc99338ddf8af07b3225ec
SHCR,1d,0,18810,20017,830,92ff0c57968ef5f14978443916c7e7cca8ff0848196b8005992e260196625bb7
SHMD,1d,0,18974,20728,1206,7014620ec26122f0c1ec1ca2942ce3ae85a3842ed0279dc6e67db2d4700f69d3
SHSP,1d,0,18470,18871,279,756cfdc2c444dbc7e18dd6a2e260d0aee5d2ec07160d9ea85fc6bf83ea6890d7
SHW,1d,1,17898,20728,1949,75e0b23964467471039c1cd4207b0b922258d0793dcdbf866ecaadc22a3746c1
SHYF,1d,0,18470,20269,1238,b8222e9fef48dd3ee3c41232efb38a1694a9a5963db65e23220604624c83e831
SIC,1d,0,17898,20690,714,a723d3cf50a6f411e5c4a20f610e2f26432093bf73110d2c312ee81711dcc1ed
SIEN,1d,0,18470,19774,865,3634b2db4fc75aface870fc44c94979ba2c83863fbc0feb631e424265a6765e3
SILA,1d,0,19887,20634,512,60ead9168f0f1271c152ebbc27b05ae988170f8c7b9f802181c8ef0da5314444
SILK,1d,0,18470,19982,1042,6ec2ab42ab3614106c31a3c722a30ed32f19d415f81a681328ca5e777e408387
SILV,1d,0,18470,20132,1145,4e6868dc8ae3ea168a9f94540f3bfd52e3d869c2c883b69cdf3f422566149680
SINA,1d,0,18470,18708,165,deac94b666af29270ee43c412d685ec1d90d74afa101349d41dce3cefca6848e
SING,1d,0,19706,19976,172,c9b4d8dee546c8c6e19279c525e96679c55fee8c539d71995a992d81af6616ee
SIOX,1d,0,18470,19438,633,d8d8badc6cfa3188a533135e420a123973543b65232aa9a7f877226ddd1c23ac
SIRE,1d,0,19052,19502,227,a623ebfbb4a85da84d6eb67cb31a1de9c4ceba9668602bbb20a2e8bac3b2a35e
SIVB,1d,0,18470,19425,660,e089d93fb39df6002e5768d8c003a3e7caded80c0907d65621ad688d0ab52261
SIX,1d,0,18470,19905,986,9531603f608e9280bd8826656ddebb52c80afcf8199959ca530290eb8a99cb6f
SJI,1d,0,18470,19388,631,c37a86ed5cc91321433a23add053eb7ad1afac6785adfce1f3df4fb5a740f272
SJM,1d,0,17898,20728,1940,411754181db133e5a14a53249ee05926065cbdf8a55e6004ca4c5bd7a4efc158
SJR,1d,0,18470,19450,674,886b2e1ab3d20aa21583950e278b2bb2f6c7ca1cf3562b6c6c97dd5146d0a5ca
SKHY,1d,1,20644,20728,60,ec96125535c9aa00287881d01240b004968f1e6f9c069d2f338dd3da9711eabd
SKIN,1d,0,18590,20728,1470,b98b3b40f8abd5ac6c1fdeb7f66d355bd0ef5c620f140c73db46390212bc0cb6
SKX,1d,0,18470,20342,1286,aa43624d0f6e2c16aec3e51a14e528d17f67f810d70e88fef2d9f5591c9eaa8a
SKYQ,1d,0,20006,20728,496,b3886cdee2d01d2796a4380d0c49f793f5760fc198d97feb1c6243a5b49ee34d
SLB,1d,1,17898,20728,1949,0b628d5838905a8ea2d930b33e0a554cedf8c4d170e24000e1a960489b389f16
SLCA,1d,0,18470,19935,1007,1c31d38a8031d6fe7b0cff083b1f5777c555aaf960bf086181195493e86f9d55
SLCT,1d,0,18470,18915,310,beeb6a91be33d8187f63460e4f1f58649b7a872e202595c676e73ba7402f07eb
SLDB,1d,1,17898,20728,1949,905b44ab8382d425f9b898ed5a06401f94f62657b259fffcfaa19d41373afe53
SLGC,1d,0,18872,19727,589,3a62795b94340382df36cf90d09b815fc0c53aa96545a117c842ad632657240e
SLGCW,1d,0,18872,19727,498,6028f24b52cd64a506560b9d759f434caaf0a81f5b2e9ef4ef4985e2832cff21
SLNO,1d,0,18470,20588,1397,fd752ba3d83acf5b43e6b770d62677365bf9a7850564e4fc2401a734d16557a3
SLRN,1d,0,19482,20228,512,ece5d4e6d36eba66b1e4492797c79cb1190abdd5c7c3b552a8034cd7c31aeb19
SLS,1d,0,17898,20728,1940,785f6117de4097364ac38e8e89b70b0616f29233b41e5a6009a1c505c6750831
SM,1d,0,17898,20728,1940,11194741d095011324cd569a633b8217e0b308078f1298fcecbf3c541710de09
SMAR,1d,0,18470,20109,1125,061fa4b7f6e904d8e90c3507984681427ee0793f63f98314305e93677feaaf68
SMCI,1d,1,18275,20728,1689,dc5b628a8da7274ddd0d253277957d447207d92673941cadbe134f2317f9327e
SMED,1d,0,18470,19226,523,835cdad463c2df5cabc0302e6130c9d038929df3b852d8fa0481eb5fefe373e1
SMFL,1d,0,19039,19984,373,be3169e77081b41c37fb3ffeacd5020e2e377bb01a496b6be8c10b4c5577f4d3
SMH,1d,1,17898,20728,1949,7cf19cb995098f24883fc61e02f22eed9e2776b743068174d49d64996aaa3dff
SMIT,1d,0,18471,19368,251,059896f2d2f1dfba4ae1bcec34eef6aab5d80db2f16a585d5953c5bf794cf2d9
SMLP,1d,0,18470,19935,752,113dcbceb3b1daf02b149bfafad093bf55b9c78fdb6b05faee7b5d58788717c7
SMLR,1d,0,18898,20468,1071,24975bc6ae2ff4968b9d2fac93b6aceb0fa8c7ca889998c7e242e0fc2ddac43a
SMM,1d,0,18470,19243,535,016bb8c9e5f56581936e9ad0339c0e46aa47299b295588135222c3682c239434
SMMF,1d,0,18470,19845,646,1bd1323d5f05f28b67548c89b89083a2c178566939ab8c27f22c6e66f665917a
SMPL,1d,0,17898,20728,1940,1021a0aeb8d8c1976c5478a22d1692605fdc0119352194dc83bd7f1cfbf4cbeb
SMR,1d,1,18605,20728,1460,9073d7908e46d2e9d519b012e0925093960ad5dc98b9537838d7e9ba6283047f
SMTX,1d,0,18473,18718,170,816b4a0c34a666bc4946da2bd2d4c019f0eb16832d2d854ae6a92c6f0e684d68
SMU,1d,0,20280,20728,310,da86960c446cb0fab340f112e8f33f57a6367c7813240d4511c6858bbfbef13d
SMWB,1d,0,18759,20728,1355,b8b2bb58da4d1cea60221de16049a57e370939e66b3c3e8398984601cb295bb1
SNA,1d,0,17898,20728,1940,1844fab75c19c88bb8c82f90ce3ae8dac01ed9cde0d96c66d484a3999f45ab29
SNAL,1d,0,19306,20728,976,b9d574d8ddb93a9013dc023c9713cccb095f892c1f6bf1bd50666294b454b129
SNAP,1d,1,17898,20728,1949,2beb7384123924011e7fcfde443587997b8d05e845dc82809ac464f64bdb7c0a
SNAX,1d,0,18471,20124,745,36e29e9c759364d5ecd49286640fb4dd53bdf734b6376bd6789a1b6836f90291
SNCE,1d,0,18907,19793,585,10e87a8fc4523c493111c47415e9479fb6e5e2498cc494a4fee36a315bd4da9f
SNCY,1d,0,18703,20585,1295,b7b1cd138e7bb017e80e3fc99bc05a8572ee5d897a3dd9de1d74efbe15b566e0
SNDG,1d,0,20585,20728,100,ea54e645cb179358a58dc8c8f1e8fa093014f65fb7a6764c4e59ea498a026eab
SNDK,1d,1,20132,20728,411,14080d838ffd7eb928920400cf81f49224e988fe200574959f511daa44a1b71f
SNDQ,1d,1,20566,20728,113,e966884617126c26250bf36617046fdaf6ef290b877169e209b551019fed75b7
SNDU,1d,0,20524,20728,142,3169893ebd866052ac1b7614a18e99953eaef0ac14bda48d9bae208845679e0a
SNK,1d,0,20619,20728,77,40483740f5aab565263ac9ae919acd579fd5c81b6ddd757274e110c000de25c7
SNMP,1d,0,18471,19768,604,1432cfe73c284e87496da2c26587c0f7e86a0fc7848b2dbdfeabb2e68c390134
SNOW,1d,1,18521,20728,1519,42d394ee3599e887a64013a10a70b60a0c1a16926e5ba6f2e9d4a9fbea3c19d5
SNPO,1d,0,18836,19888,676,f8481bef64740049544d3b3fdd202ef111d4251273422cb47d866ac896d9a94e
SNPS,1d,1,17898,20728,1949,03feeed02b684656dfc6d1c88631f309bce2d2d11b27b3da5fa2e8ea0c46718d
SNR,1d,0,18470,18890,291,0cc34242a083fcb81e8115b9e3fb38adc77988b2205a37c8bac4ca358533abef
SNRHU,1d,0,18607,19395,123,3ed7f089bd1ca950a866406308464aeb008e166904d415ba5755858a581394cb
SNV,1d,0,18470,20453,1363,51b6ceb0b8bdb7912628ae2481117884b0726e0464d3d1b5df500beb57b05bbf
SNXX,1d,1,20480,20728,173,cd2c20f8274f6704021e18cc5d2714316ff6bbb147fc7e1fa4feaa903b4d10be
SO,1d,1,17898,20728,1940,06d805764ca047cc6a3bafe83a7f80b9525a6344311f066208e8e3975e5e298d
SOBR,1d,1,19128,20711,1087,f32a464559cce771238fcccfcecaca09131858fa5cff434313bb9b636a30eb2c
SOC,1d,0,18737,20728,1371,e5611b9bcf97637ed2959fad0d35c86682740a0cb9c084232c4317f942269091
SOFI,1d,1,18596,20728,1467,edc322c5befab9737be2dc90cbd4529ff0ae68c68b2f45c8731d92e2bdb2532f
SOFO,1d,0,19017,19692,163,b50682a5875b4b99487286ddef92f18b52189a32dcb69380c73131197c233fbf
SOGO,1d,0,18470,18893,294,00720a2a7a7b386ce04baebadf233953b1d2a993b7cbe0fadf176633eb526ef7
SOHO,1d,0,18471,20496,1034,dfa885df1977afaffa822915ef4b664ecf4f7c9ddfdf0024cfebaf21fca36bd5
SOJB,1d,0,18470,18915,310,f74a180b3aeeeed5e9ae3d5fcc624f849a289229e0bc236d29be0851f0836d82
SOL,1d,0,18470,20434,1333,a4855e136955f0df9bdc0b3933e08ce37ee546f5489d5b947fbbe7acef5293d4
SOLN,1d,0,18471,19202,506,aa7aee30fb6b564ffb3a26ef2e48eeed3dc74bcc1bde299ddef601a4ad0741ef
SOLV,1d,0,19814,20728,630,448342cd7cb53fe2a14ae8bdcdbf0e5c58cfb47c5d1fe3c20c8b81dba9a81f93
SOLY,1d,0,18470,18976,352,6e501970e7361166c7e83ad45697193be73c881b6745a3aa9ab5b7880fdf539a
SOND,1d,0,18702,20413,1104,f90d89ce1ce63570f4f2f389add6a021b49c6199d7ea4a2b909eb9eb959c538a
SONN,1d,0,18471,20424,955,7c9fe26aca37e57cb28f80badf72c728fb225275140e998419fd1a5c7ef1fe5e
SOUN,1d,0,19110,20728,1112,0ce2a4b16f6eec26d0ea22195d3291a6a64805ffa5174fca61a0662d6dbc446f
SOVO,1d,0,18893,19793,619,08f73119f90b4eba47136c11fff604fd84017a389bfec951759edcb48267bfe1
SOXL,1d,1,17898,20728,1949,073f168253a44359bc2101855f9dd169cc9f5c3b8eaa6463e0e793ff42e38296
SOXS,1d,1,17898,20728,1949,052c03435a851988e093c05074ab772de2d70bc6c610937005c516ea716b2f31
SP,1d,0,18470,19858,958,96d41019a4047cdc5935f092616f7e175c91b0c076955edbbbede7a8b66a8316
SPAK,1d,0,18598,19233,438,30fbc62552139c003883c861eb3fcc7315ee0589ce5722375ecb7342b6cdbaca
SPAX,1d,0,18801,20728,1029,1e7e1d250237cac7bc32c2e7db42ae4884b3ffadf8f639d1c246fd0365a40740
SPCF,1d,1,20619,20728,77,8e71ab0489dd8dac18e52b3a584449af3eb23b1b026b4e749835f4255b83bab0
SPCG,1d,0,20619,20728,77,a9c67b04217addb6e47e7a72841ee0b78abc0f37227fb8df4a8a7bcfa41a96b5
SPCH,1d,1,20619,20728,77,cda48c01f92171d956b6e0223e92556e3639e9c6f140a910efbf86a91d568d5f
SPCQ,1d,0,20619,20728,77,7f6fb0e58b7e80146c64ccb7fef8e87e3a1ef526a4b891f7d171338aada678f9
SPCX,1d,1,20616,20728,78,e74fc4f593cf8c4fd45631f8b666e7f45dfe117cfec7631450d83916c44c0dde
SPDN,1d,1,17898,20728,1949,4904045a554a59efeb68093d4c64fac0b8d0ef824f9c91c593cae1cd7a586359
SPG,1d,0,17898,20728,1940,68d492e8a5ec95d07fc46683dd3aeeabcd659f2876761f0728e239f649f93ef8
SPGI,1d,1,17898,20728,1949,42b87eb2d4e7bff0588a24ca77723a8e8952fb5776e4fd8529ace00e880b9e0e
SPI,1d,0,18470,20102,936,c5b2548bcaa1601cb4361c400fb4750ec39b566b449a74f40128d33ce38d8072
SPIR,1d,0,18569,20728,1485,8bd72b4702b755ab373ae7898de13e7d5cf2935f05f2345b128bcf3be21a3446
SPKB,1d,0,18781,19438,157,7939008aee243fe83fc2142673596d5416c37ffb51a992aa46f739bc9136db86
SPLK,1d,0,18470,19797,916,5d81bcd57e7c02a682bb09e3a9f5a1a12748e637f769510eeffdb25a6b1a6264
SPLP,1d,0,18470,20192,401,48c9c141bd284ec1df057537d197316c49b6786a9f916498c1678e2be9d75440
SPNE,1d,0,18470,19361,615,35002181d711867f13b31f1eabf53a4aa9d414ff5a3a070d7885134eeaa450dd
SPNS,1d,0,18470,20438,1355,cc8df62de9741836bb2bdbcb98109843c5cf90e750def50b74abf49ba73a159c
SPPI,1d,0,18470,19569,757,2315b064da04a9bad56f8bb8c263fe06f0d6b746c3cb0b6a78aab5b7853dc457
SPR,1d,0,18470,20427,1346,79917800436030ee6d599fb4f61ff246502925e3fc5518ba4d37e040b12a05a2
SPRT,1d,0,18470,18884,287,d3327c52388a6b3bb854b856f9e2ba59a3ec807d2e8c5750f0e3db080c4048e9
SPTN,1d,0,18470,20350,1295,c4d4e37a2e0bf468152f68d0c22eb015645eaaf23aaaa67f78e2135e3edc3ce7
SPXZ,1d,0,18696,19221,364,1a8bef83d3c893a1683b8357ac92e0f6c3254af9c2cb0076e8bff3222e512143
SPY,1d,1,17898,20728,1949,b1789357f90f207f9338d4718fa4270372326ef29fc816c4947dc707c1344815
SPYB,1d,0,19969,20140,118,e0c4ec32a77f5d3ae7d22f212ef42416f1150eebf82db345b8b00cb8fc33f724
SQQQ,1d,1,17898,20728,1949,2a8ee47ea082d12bb48330bd6bebb8821e49f2a404602d49729442b1d5e69259
SQSP,1d,0,18766,20012,857,9fadc71ee1dd912d5bad64cff1377dce9284b92add370587ab8b18a66bc2ce58
SQZB,1d,0,18565,19541,601,8ab4fd342b6c84a551c2463ae33c519d58da4550924f12ce99e50df9a39c0eab
SRAX,1d,0,18470,19424,593,ce2ec61acfd2b3b5247e45588f73e501727430296588e035b7efc3f16c5d96de
SRC,1d,0,18470,19744,875,2bcc00446a86bbfa20b62c3e64ad4e38a1bd9982713a1613203e38231fb1feb9
SRCL,1d,0,18470,20028,1076,3be71aa08a8d6b32a90c6e959088c7ac24858d9f336cee3ce7c14d1a2b07efe3
SRDX,1d,0,18470,20410,1321,b347f6217f19af8d7def88c497ffd9b7864a31980e7c87dbd9d2113c4068cd2a
SRE,1d,0,17898,20728,1940,d73a25b7d6c797a6c6c48392498f1e96d00a93f175c482576873c7104dd111b8
SREV,1d,0,18470,19193,500,640e9c7b66bb7f7fd025ffeb19bd7659a66d497197cd8fa0cdb89d137302a574
SRGA,1d,0,18470,19538,690,3eecafe0cb11e1b19ba803a5f01af0239b53babb17263e6466a21750c7bbcc61
SRNEQ,1d,0,18470,19410,649,9d01828fbfed91b6c142f4deec69ed1cc778c4145d2ce13a81f6fe58e08bd016
SRNGU,1d,0,18682,18886,143,a7d532c01bde50bae7aaf21464f3e237934a93f94514a6a525be2ab8ea8e3e44
SRPT,1d,0,17898,20728,1949,0a53773b45838e7ff46b38655a1e0938a6aade87112459485615dc8c8c61890d
SRRA,1d,0,18470,19173,487,cb8c4ff24d668bae1d77feebb8fe8b91b6a6298c856e15590c0dc417113bffb3
SRT,1d,0,18471,19726,755,1512265cc5babd12063f87d44b1f7309c133ffa81b31476b19902d27638a286f
SRXH,1d,0,18807,20728,1322,0285396fb27fea1a86658e2218122136702d7175f78d713d0cf17f658293fe7b
SRZNW,1d,0,18851,20672,1252,5feac78378ed3dc75c1e51656dcb753f0a277cfdee81659a512178bf0247dd27
SSBK,1d,0,18851,20269,581,8c2645a0b101da2778aa64e553cad272d21f629fc3be9b534dc90928ed9b63bb
SSG,1d,0,18040,20728,1850,8a7250c1fb21111f47e7650f0606b087dcaf691494c2f97741567692db1f1d84
SSKN,1d,0,17898,20502,1792,a1cccce66591cc1f7c7118dc174684a4e1f00fa666b09a2296b940887e39c826
SSPC,1d,0,20619,20728,77,3f423a9c241450b26701e2b569f24602e1672707f8d0aaca2b0ab3f9505778ac
SSU,1d,0,18537,19640,517,77c357b906f9cb4122eb9b3d691bb3496620389a21c313355bf0a6121c2bbc7b
SSY,1d,0,18479,20314,564,98457fbe2fb87e11c54c8b8e4adc12ce001d30a65b8c19fad09323404ba58e43
STAB,1d,0,18470,19368,566,53aca56fae218ee17ee557da2352497788b00da9a8cb2c24c36c65e0338ed457
STAF,1d,0,18480,20131,779,e0f6ed4b2c71e15e9cbb815dc0fc41f86f8c0395e9a2227f7aa7c6757c7918c8
STAY,1d,0,18470,18793,224,2d9a6e509bf54f353b7d0fa29be18cc679ceb6b376c204436260d162086ab92c
STBX,1d,0,19227,20210,288,7c85a64a26b8bfff84b13cabe76d5140fe385186881385063309f00cc94d82b9
STCN,1d,0,18472,20087,670,846b0e868c2b6dd67572c7362987b56beeb4eda75b7d0556b4c8116d0e90e33e
STE,1d,0,17898,20728,1940,f8b9cf5398408fe1e9c9970d286ffd57fb631602abb9e57bf9201a614da56691
STER,1d,0,18893,20026,780,f7b7a573f6ba3fb10bb4aa6a840e825811296340e65c47ed2510db645208daae
STFC,1d,0,18470,19051,402,3f90ee479aaa4824145f07e5bd7f52a53654ed68aa4a9a4782503fddd0d17cde
STIX,1d,0,19208,19825,269,6bb922d38db41d4491427e7f69138a5306fb97a269d253ce9d9d656f52e3c6c1
STKL,1d,0,18470,20574,1449,097004da33524be6f38fa2bb253ea503b27d3002dfa0ce316f65c2e5a53ad99b
STL,1d,0,18470,19023,383,3e8f0882028d1374e78d4f0cea1a573fce3361573398a9ff67d38907e7caf108
STLA,1d,0,17898,20728,1940,18e4aec1125e5d8b98bf99732539342c99821b39553433d6d74c7e79a186466b
STLD,1d,0,17898,20728,1940,e8269c6b9fc638340927288da703e73d60a9d810f34e4d14b43268543113c3ef
STMP,1d,0,18470,18904,301,5d09b00920683ca11d366930c8066fe949d363273ab1d68e5df7cb247627b391
STND,1d,0,18470,18775,213,e0ed109990bda1f91b92250719fcf03fe39ece8c54b3b4d637bb735d48900190
STOR,1d,0,18470,19390,633,71b34eea154334fcaeb72dd16ce1442c8d6d25db36b0a99d5c201ffad050e06f
STR,1d,0,19149,20318,803,e36e1bcc1c62e9ef6fd173871b31374758e576e61fb882f8e3f11db1a3f42c78
STRM,1d,0,18471,20311,875,1d477254172626c6c560eea457e57b9e7619d1129c1a60e2aff907eb57a97329
STSA,1d,0,18470,19515,690,953ed3a3e8d04e033776dee17eb7c7371a17b7fddde328824f605b354c072c4a
STT,1d,0,17898,20728,1940,8e7eda04136e33017b113036fbbe023561a9af229cbce554216939214a86813b
STTK,1d,0,18544,20728,1502,405469938083f1db9f11d74630dc04dab146ea026299695c11e4dd5ab916516e
STWOU,1d,0,18522,18908,210,99b31860dc3b3a81a30f015a652f3d39bd0eefacfed0ff11e9636c231ca89d77
STX,1d,1,17898,20728,1949,ab3bb34e94f1e053b27e2aed11e7c18b383a5dc4a27fe44cb80029b1ad5eaef2
STXB,1d,0,18470,19090,431,ffc14e09a14ea8de39714d22aac9ac6cac06e183486a454cfef09fea67b162e0
STZ,1d,0,17898,20728,1940,4aa1f9ea3308905cd9da5382733c606788dc430de092a9758874457f2a99fc6a
SUBZ,1d,0,18696,19088,273,3a63e1ce8e92006f134ffde882fadabb50dabba5f9f94dde973896aa23a46a17
SUGP,1d,0,19746,20728,676,a2fe82c8756830c807993c1c2ed19745712340a96f0ab313aa6258fc9dc7b0e5
SUM,1d,0,18470,20129,1139,01aa68e10b2417b9be1b69a1f6fb4e87063b23c348d1904fbce46031b0b16a21
SUMO,1d,0,18522,19488,667,c7bad930e7dcd8e925698dbb5163376efc43b2a5a189587d4c313b6f98fe5cf0
SUMR,1d,0,18470,19164,472,f122260fc5d5c26c50060952f31617b087cda9c0724cabb9feb9b0ce9263e575
SUNE,1d,0,17898,20728,1949,8b26ac7d24e95ff12d54e45ea61bf071a5a8ca4fa2fbd12401c355aab8b9934a
SUNL,1d,0,18642,19625,669,ef0c22b958ef265404804d1bb27d0cd1ea24cfbc140c467ab2ef09b2d5058042
SUNW,1d,0,18470,19767,889,68acebabb0f57ae6228df812a469eab45df9bb2c1689e3adc3ce5c9398daf517
SUP,1d,0,18471,20263,1159,7299e2f53ed6992a18da6e10ba6226bef4ffc9cfeed8c5229db0f0f3338b9af4
SURF,1d,0,18470,19607,772,5d107cde702fe42215a751f7ad850b93ebe4dd3fc4f120dedddff6bce18048fb
SURG,1d,0,18933,20728,1234,faa77293b9336b6f71d9824bb1bed8e227c890cb8ca956d9cc5ea5a95cbaaeaf
SVBI,1d,0,18472,18929,314,dc5ce6f1283e45c13660a13c2b3ef25e1361a788c86a135c835701c1fcaf8341
SVFAU,1d,0,18635,19381,380,3a11e1ec470606ecdd48812c0787daafa670eabdb019608cf6f09994cbdf644b
SVFB,1d,0,18695,19425,188,cccfd642e2f05ec74618f7da5386bc316b61d9074c713fb05fdde61e5d0fff2a
SVIIU,1d,0,19278,19899,60,ba5887be2c62b4eeb20f068d1f0997103371cd500a20f1911f7b0c14c95adee0
SVOKU,1d,0,18614,18969,231,a7d4c8a60c71c79b8874db774fa9c31b503b12083f6b107f5c69b78b457dfaea
SVSVU,1d,0,18590,19114,314,65c2c82bd51a039e3b59cc5cd19213ce8d2eb95e8ee2e608cae95b912e707c99
SVT,1d,0,18473,20269,213,f934e092f295b2a45cc5ff93992496ad38ad1c0f64e9223c7a93f98fa2c787e4
SWAV,1d,0,18470,19873,968,9007d8fcce12e415b7ea50fa825ddd373d1211c1d0297df73ad0aa21c9d3ed76
SWI,1d,0,18470,20193,1184,1591895e8c60bd445aab1a4b00402b945e96f31ad35672d8ba7fa4a628dcee57
SWIN,1d,0,19607,20370,525,cd5ca6433f541b49de66ea2d6aeb78086e6baf1aef293b8b621d4dce1afcaf15
SWIR,1d,0,18470,19369,622,964004e6acb1d75f694a75a2a8b17cbbad1f6af5e70d6482433540d5c81dda80
SWK,1d,0,17898,20728,1940,e401df073f7ca6bfdbb98e700eb2650fbe71faf19e765554904ad1734fa3e7ac
SWKS,1d,0,17898,20728,1940,9aa6b19053d6862d6db442cf8233213b79da1a6dbfb3bc51d67f50d8679658c0
SWN,1d,0,18470,19996,1049,6e0082c61235eb264fa8ffa136188a22f41ffa125741ce29a48c6e110c3d1600
SWSSU,1d,0,18865,19878,77,fe2ec33e7fb849c8ee48962b4c13cea47f67cc739bf1669de219cf25ea4d4198
SWTX,1d,0,18470,20269,1238,2be1c4d23bc60b0d29bc16b8d47d6bfa59ce1c3f25294edbf0f17e83cbd071b7
SYF,1d,0,17898,20728,1940,07af7f80465f2d808faf76a7ebd454260f925f3728285db9ca504df7ef4229ff
SYK,1d,1,17898,20728,1949,24e3d9ec3db93b75187287861c4df0e944059888a5f60af2c1408103e79eaa1f
SYKE,1d,0,18470,18865,275,b11aab19fc9640de30cdbaccbcade205fda324c7d2b31a9171d2aa7b882a3b7e
SYNC,1d,0,18470,18717,172,eceb139d72636a4729b4a49c101ed3b894eee98b9189c87007604e08e574cc61
SYNH,1d,0,18470,19627,799,37e2969ea906bd374197305b3e5973a59bfa8d370530fc176867723d5cfe3b31
SYRS,1d,0,18470,20166,1150,8cb9afba3eeda2330a6fdca113d9b5cf4db19289034deb465c61e155d73335fc
SYT,1d,0,19447,20236,280,0a723c8695ea53314532af23b2483f21dfd739a074357aa9f4bec0e07d5bd519
SYY,1d,0,17898,20728,1940,0354531015580ce02e3ab1164bcc865e5178b6578623356dfd74cc3b8056be54
T,1d,1,17898,20728,1949,7298df402b934ca0d4cdc7ad935f0ade7aaa6bd862ceb6b54395ac1387d8b9fe
TA,1d,0,18470,19489,705,b17ea7aa530c3131d9d4df775d509c549c0d95329056a5751f5f792cd39fa55f
TACA,1d,0,18649,19152,331,6891b087f3f2d375af9664bfa73fef3ac68b837047428b6518b8a8fbbbc5625c
TALO,1d,1,17898,20728,1949,3b5ab31f3c299a56b45dbb44ad5ef5fa6a001f665ebd2b7a4f0e2a65c38586d0
TAP,1d,0,17898,20728,1940,2aceee4074461d643a30e5c7f99a38ec1759a17986334f87f3dedb95f77c9bef
TARO,1d,0,18470,19895,871,b75d414e461a83291e0139f56cb5458f914e3ccb2c31ac5d98924f667d597bb5
TARS,1d,0,18551,20728,1497,a91a3f0f92435dc38eb005be8e947ee6f86e5e4439ce9c68a83dc063c508252f
TAST,1d,0,18470,19858,948,4266b3ac143b1b4d88af6eaf49c25d1d6d77c24364d5861fe449445b86cf6682
TAT,1d,0,18470,18613,102,82b2f3a2537ded9b5700a123677e634cef9859a39c4e6d6fe8683d26d4bf455a
TBCPU,1d,0,18663,19702,448,f4d25c170b8c2c575c3604fd529471fb134e5589739acb3f8e15d2a57905a6c9
TBHC,1d,0,20298,20543,157,988c69bde33f60238b8a0511e3473b133c6dbf8fdc276e1fb0ecc58ffbc4ccee
TBIO,1d,0,18796,19993,700,99d11120166838708c70b421c418cafe4bb67790ae44b582fb9841a4b9ee8a5e
TBNK,1d,0,18470,20174,883,7579cbca95ad12120370599316489983a8a7d88d33a4c3c4d37bec9e161372bd
TBRG,1d,0,17898,20642,720,320bc7e975058c0a5640c87ba37c209079351ae1ab48700b2c91bf1c834016ed
TC,1d,0,17898,20728,1940,a017c4f4e44b68d452e1ec2c536cc6793814ef7e87df87314907628539d0f121
TCAC,1d,0,18724,19157,265,54bccb5f14568990aa13c4816b88b0ed470cb4f280bf52971f2c19bec36434ad
TCACU,1d,0,18670,19157,245,346697e880415351a24ef7ffb5bf3bf4b7966d618e517d380d83b1e1923bd7a5
TCBC,1d,0,18829,19936,207,995329388ac381011bd7172db913304c6a8894d41a47ffb296bea8aacbccc32e
TCBIP,1d,0,18470,18792,223,35befa532b90a1b948e9ab776e7aeba1581ba1bdd7d3401b94aa201425670279
TCBK,1d,0,17898,20728,1940,75711464c205872c8a1f4e8d8b3a59350305333e4610539b806baf6f00e232e2
TCBP,1d,0,19361,20168,341,84a459a6a8783d4bc06e617b7e0b9ec0455a9cb22240308bb5ffe6e742252e24
TCF,1d,0,18470,18786,219,209985c93b7a2194b529a66e06399e905b836800b51a8ebe09b4245a8bf67bc8
TCFC,1d,0,18473,19538,429,57466d414092f3fef94ebbccf72aa9f001f8cd3b23629338d0c92e4f0cda09dc
TCN,1d,0,18908,19844,642,c2aaf8f546e0cf0e143a72dfff84d1a3a63ca33f4f063ee9830a490538b9c6e2
TCO,1d,0,18470,18624,108,3fa9b14d484bb349131b5e4fe50454fdd260aa46ebdf1d2a7b32934a3d651805
TCON,1d,0,18471,19901,907,64097cbf85c598320f0ccf397d21466a9ed84ed8f075a567d6a0ab010ecb51aa
TCP,1d,0,18470,18688,151,8186c1e19f9f29fa058c1d09f2a2fb051d9c5d0a11ac889ae5f40ea02bc891d9
TCRR,1d,0,18470,19508,711,6adf52658b23ba93abda0926dbcda4dd33d886de21d88ccfeb894b0eb75d1bc8
TCS,1d,0,18470,20066,1088,6e6f33759ddda3e887cdbf7f844e5e66a67539908906032fa82371f749bb5aa1
TCTL,1d,0,18471,19241,496,274090b700557b8bc88c4be4f54fe6eff5b68465b6bcd3715747683b1a92b9e2
TCVA,1d,0,18731,19459,198,674326dbf8b1d7a36e406302f6769f2d4bcafc82c626306b0322260090c949ee
TDA,1d,0,18471,18913,306,b3caa02264bb587fdcf9b44bc77f84a12cdabd0bd6482f4a750f69ce4acf1a65
TDCX,1d,0,18901,19892,676,18c4f191fc42fcac91af52eaf1f5552f87e5d3b7074dae82660274cae6112759
TDE,1d,0,18477,18758,195,f9b6f021f973fbc4135232e09e9692a67024bc46ad4b3e92123fc039b951290f
TDG,1d,0,17898,20728,1940,f54b4ae9df06fd3091a6f12a0aeb8ce2fc01f940c3cd387107aa5731b7a10184
TDIC,1d,0,20292,20728,302,95adbae9d5e5d899342bbf8c15354cdc9f93cdcc030bef0a6dcccc7b3be93fcb
TDJ,1d,0,18470,18758,199,012edd8dbf7c31747384c4a399f4f6a1670c8c16c746c686cda70b1a68a547b6
TDY,1d,0,17898,20728,1940,872ee060428998ebe932bd817b4e6243083d9e3ff015b503a01b8f03a19df3cd
TE,1d,0,18271,20728,1691,dff64c845520850d896c0b909ed62371432245c5cbefcacf34a6f6258ae855a4
TEAF,1d,0,18472,20399,1063,a6f39f9f888b0c1b0e0be773575339be0ed54109cfd6eb73c16794592477d6b5
TEAM,1d,1,17898,20728,1949,8ca07519cad60dd1e68c53b8217d8bd44c36fdd766465bc5a7948facbfa88f80
TECH,1d,0,17898,20728,1940,87ba8f875e76f1c4aeb8deb4e46fad767a0dc6ed3a29074be88b9f4005d6fc98
TECS,1d,0,17898,20728,1940,e026c2211aa76b0b961736bf7843125651baf81548a373ea1bc0edfdb8367e32
TECTP,1d,0,18494,20497,502,3a0ada67f77c43889bcaf81d82876231b6fb924a6708b6c310c09c663e401811
TEL,1d,0,17898,20728,1940,7bcfea8e3f367560695d24cb8e3d43498c36524375963a82696c7c93c92abcb6
TELL,1d,0,18470,20004,1058,a5b4cffc93e4d88411ae6b65024713512dddfb3e3f09960619ea7397f3698873
TEM,1d,0,19888,20728,577,033eb866a576798a310e243a1e70b06c9bad47e2a90f8db26ff0febb2db47a9e
TENX,1d,1,17898,20728,1949,bfbe1030037ac3c5d209cf87061077fbd0f5e9dd8625bb4aee1302c9789d6770
TER,1d,1,17898,20728,1949,d47ca5fe53f5b900bef5b16c9fd94df624c9e8fe2d8611fa1cabe2cf1983e222
TERM,1d,0,18470,18915,275,79d8c3f3454476c2dbfcf7cfe7f01d04899658d9324bbcdfa32a3db4e951aa51
TERN,1d,0,18663,20577,1295,5831dae45f8239229199e483fa1c003af8dad9bcc7ef48c1c502461191ae2e1f
TESS,1d,0,18470,19551,526,b09dd53376ceb4e4d45948bf2730ea3efa8e75d115b65b9afac30ea0a2c55ba6
TETCU,1d,0,18703,19432,77,d720b0838313f019c6bafb8bf100fc3f1d0e048dfcd1055c886e8445340be98b
TEUP,1d,0,20602,20728,88,c36618be87c00164fd96cb4c0b8acdb1ea53b903002215bdf8f5037f6b86a93c
TFC,1d,0,17898,20728,1940,b000de006e7482a063fbfeb8b152123d60fec0ac090a67a311aefce243de966c
TFFP,1d,0,18470,20069,1004,8c9fefec54473657d71cb36ad3890f113b5f2af14f8d1f58aa2a218b9c70957c
TFSA,1d,0,18669,20538,134,8f91db30a87714de5f06791cb2ce6739edce72527ed851a679f1a4c9187090c7
TFX,1d,0,17898,20728,1940,2fbca585be80fc706dc86dd9709d77b37ff4970bf88af8116032bb92175d5256
TGAN,1d,0,19048,19894,523,5585b4cbf34c3670f44fad3b467c740fedf1df75bd1417e626fbc63180375adb
TGB,1d,1,17898,20728,1949,196186d87a30cc009158b56cacc44e4c4d8195278cad454b71e69a93b6b13beb
TGH,1d,0,18470,19795,911,2f176b1a245bdd8350c41a7a0fb4b9c1bca3b9f6dc6475aa0789756d4215780b
TGI,1d,0,18470,20293,1252,bbfb9bfcb2c79c683b61aef94dadcbc4a668b387de9d6477d517c0b46be88792
TGNA,1d,0,18470,20532,1417,4c1ef37740a632c71bbff659df495da1a3e9afd7d13a8051c2e7c3d7282e6405
TGP,1d,0,18470,19004,371,8946fa821f3d0bfee941c191349ec42342ac5a54393a9aeb01bb35b3ecf1c9b8
TGT,1d,1,17898,20728,1940,86b7ca8236a20fd5f878db6ab693d91edb721bba3ef9f0e5fa32d2fdfceb5fdd
THCPU,1d,0,18808,19670,86,54681058bf3c9b1defe4145fe908086a80d978c152eff2960225a6d6ee7ed9d9
THMAU,1d,0,18660,18961,172,b029b8507f4e85763d8f864e40b71788129886b1ade09219944617da9c0d327e
THMO,1d,0,18470,19888,716,5600d04f78aa1aff4ad8048595e1c9f3fdada902ea588063c1d5b39ead0c41da
THR,1d,0,18470,20602,1462,ec7d9eeb653679f8de65f35afa4bbe90d9639a5b02dad7104dfdb0248261e738
THRD,1d,0,19250,20299,713,6711cea6823051011b61fff8216ef7f9f6ab7617c8069a9646274d06489d01ae
THRN,1d,0,18893,19643,473,3495edbeabace9375c58587f1dd27c8808b3d8ca3511f8cd7ae106ea3e957888
THRX,1d,0,18907,19766,579,001f9b34b487b404d9ac0a8568ea9f0d71b79f89b68e98ed7784a324aa3cc016
THS,1d,0,18470,20494,1390,679270e5257ab3e602bb34aeb29b91369d778dfe0e263f9754cdbbcc2a1c35bd
THTX,1d,0,18470,20356,1000,1d5ef76d3267a88670d959b827d3caccdcb8700c76ce234c868e9dcc52436601
TIF,1d,0,18470,18633,114,e26dced710f42de6d5c9651f0033d5552836149a11714d0b7ab49da8e3d239f1
TIG,1d,0,18470,19467,689,d767c07f2e448853ad26dc8e32a148956d1bdd391f87480824c89ac1d62d5f34
TIO,1d,0,18470,19674,820,2d6e0e0cb35178533108c8f429759cbc736a2017270d5e264b9905bc32bee4dc
TIOAU,1d,0,18725,19459,63,df6ac7a53f6ef41478069867e96c07671161eb600354bb4f293b4a3a2eef704b
TIXT,1d,0,18661,20391,1187,98ea9b2fe66569fea50a17d75098ea49efe849144dac1855df95b4c34912bdb5
TJX,1d,1,17898,20728,1949,231440da927dea987c93a50eac71c9803a1f99890c9889fdc7497e2777d36053
TKAT,1d,0,18471,19615,577,d483dcd2a98cc3cd3c37934d20c0bb868a861f30588e19e64d97b350b1e868f8
TLC,1d,0,18472,18898,295,6d4ac1d281f82436cfdadd8f4e149636b7c9b8d21504dde6ef5dfbe7e32d011c
TLIS,1d,0,18670,19965,661,acefc4def96af6a561d7a9f604d2c043f953cda34ee01aeecce0ca5a8cf925b2
TLMD,1d,0,18568,19087,359,9172aaf0272292e9e1f574d9c7ef920a9e77546ebfe151a0b84568143f0478ae
TLND,1d,0,18470,18837,255,b42c680efe2bff600161d0d0d30f8215982867acee3650bd910008b7fccb998a
TLT,1d,1,17898,20728,1949,b6be0d8955192372354f95218c3fc6a3dbcea3d53d4941d10384018b1c33578b
TMBR,1d,0,18470,19689,688,1a5112b43740fe4e5bcfec4853f5afa92492cfd3efa8cf5cd3751c05760cdf0c
TMDI,1d,0,18470,19425,504,4ba1eb69cb3fec46f6e8aa8220b8a4b82359b84e7618563e137bdb54acfd9a0e
TMDX,1d,0,18018,20728,1866,7790d6944e47a8647eca1b7d15b9d5f617993bd9e309d88d2ceb6537f605faaf
TMO,1d,1,17898,20728,1949,dc836ef479991ae9513f4c05348c8af52b840c37b1672a91dd66bebfc7026870
TMPO,1d,0,18534,19662,638,ed66e98cb13b88b8662a10da1a753bf16ed0aaba7b1c9506e8491b2827ab4363
TMUS,1d,1,17898,20728,1949,0b5aaf0e6df110fc9f1e1b474a43838f424d0830fc279b172665fafd9b9bbfed
TNAV,1d,0,18470,18674,141,ae4f71a3982853eae52faed18d6e313b576af149d1f52fd9b82becb004ef6218
TNDM,1d,0,17898,20728,1940,5b3f1f5e2d54ae82da2dc8601c811d1312a31cb6d9ca2b35b6c3f210aabaa876
TNGX,1d,0,18508,20728,1527,602d7902f0e966d6ce07fef1f2c61a15aac6f9d5471da5a910ab79ae5f0e80d6
TOI,1d,0,18417,20668,1548,e4d0dc9095463aee59f2f6dc9ffe69332c9a129fc8932f9d1c78f290d20fd313
TPCO,1d,0,18470,18771,209,e9225e8bd778f04a0896f910e7625c266549a15940493578fe90d9a363a30e5a
TPH,1d,0,18470,20586,1454,8988c4e89f0629c92e4638b674e61df770a7fa2c66554c65c0580848d40ad602
TPR,1d,0,17898,20728,1940,aae048b944708b6a7125ca5adab3ac917827f232dda2a777b34e27fd72a6cd2a
TPTX,1d,0,18470,19220,519,31a09dd587c50b3c8f68ca1f175724abf086247cd69544149eb6363a4c495dce
TQQQ,1d,1,17898,20728,1949,50e4ad422a26e6d76672b4a767b99c5ee032ebc39150865cf3efec6e86bdd3d4
TRAX,1d,0,20549,20728,126,9a58f3eff224488c1616be0d7d6c458d735010c333c9d26174aa3006b0aa5b45
TREC,1d,0,18470,19167,483,db59751102d478b7cc54d2ca1c553842a90513ebf1f1a9c0aa639a5caec74556
TRGP,1d,0,17898,20728,1940,ba64dab7e6639db4ddefa80e629d636f560a030d92e52574cb0cf4635a12ad72
TRHC,1d,0,18470,19663,824,a57e3629c53c933933652ea540e01dae58271bb0f6d79e8042c0c917796e9b6d
TRI,1d,1,17898,20728,1949,e0c1decd8f5645219c421be01e48d8589cfcfadfe8ca9db06bf9bf6f0105de34
TRIL,1d,0,17898,20728,809,419296e98f523b0598140183ff44a97e325570475b27de6f36daa296eebc4e0c
TRIP,1d,0,17898,20728,1940,790343149d8b4eb23cd805fdfe2a0024d7ef5b3081bc736fa833dc1244b1a1a9
TRIS.U,1d,0,18914,19935,60,2e2babb1718fb57a304c1abcb8968024dd1575025d0c7bad2ec76b7fcdedd8a8
TRKA,1d,0,18737,19706,608,11919e28d811a49cebde5ffeb82a2a91efdc0fc72b7e6a709639f5aa9ddae498
TRMB,1d,0,17898,20728,1940,b5d818ab8970216e03d0acb6686881a373e7fbcc310787507be38399a57d5574
TRML,1d,0,19650,20388,506,f65e617f276202c445fff37052807d776fe43c7b7212312a9100f55227b0b228
TRMT,1d,0,18470,18900,299,03a15450c3f17b88bd3844e26ee0baa8424653ec240714605685a98e3eac1e0a
TROW,1d,0,17898,20728,1940,c0a3e060651a2cbd1f04b2a5716802e19e1d2f37a86870d84fe04af0b1fa549c
TRTL.U,1d,0,18828,19921,61,2e45ad0e4f62fd801d6d6cf9d0cd68621eb1347a43dc23ad1aefc97bfca812ad
TRUE,1d,0,18470,20474,1378,787680d41f3f68e63415fb1e53f1cdf60dd5964e03dd5515f91cc5e084be5214
TRV,1d,0,17898,20728,1949,25dc27f6e9feb6a23a64fda01485750210946ab365e0676144ba45540925ade5
TRVI,1d,0,18023,20728,1863,9284a794707f35a349743c65ad385ac97249bead6d032051eb44f49c5d92cd7f
TRVN,1d,0,18470,20003,947,e50ea10c8cd30a82ac960b070dcf565fe58358b0da01a5d7f24f0b07a7a03261
TRYP,1d,0,18800,19195,274,9a8841d0699927f27c8917575aa3ef4de1f28826ebf8e8c9b848ab4ec51b99a7
TSBX,1d,0,19559,20305,432,5bc2d9e03828ce9dc38fe54c9d408639a6d50a12e28560d9cceb9497e8fdb9ea
TSC,1d,0,18470,19143,466,8b60ababd3c5627f92d455de6281bf7954c01a9fa496f979adf11c3a39ecad20
TSCO,1d,0,17898,20728,1940,d6b9bfe907e0c0d092ab3c83cda16e9f42cc3554125297d39ff8e8c03eb76b84
TSDD,1d,0,19592,20728,781,597131d0384354497ac16f867c652d1642854c933cdb3321732740c9f315eb14
TSHA,1d,0,18529,20728,1513,a6c908ef70e30c249c6ee100b690d35a2ec3ade4659ea6a4c9b88b6a49048532
TSLA,1d,1,17898,20728,1949,d3a6952a17b92a4ce26f14de55277fff0529aeb8aec9a2f87b9941fecc64edad
TSLG,1d,0,20070,20728,451,93098d765b611ca129ea629f7315884e978b3d99d3866fbde1efe688f4cc7332
TSLL,1d,1,19213,20728,1042,d5f0c61f6bbda511bf50be04161f50b17de6f897bccca3ced111e6dbda3539d6
TSLQ,1d,0,19187,20728,1060,b2309d0b7a51eb658c17a535eede9644983a4d2aaef6b9ec054d164f4ae3d489
TSLZ,1d,0,19649,20728,741,fcdd70c7d445a6db904b0926d2a21ead59d06bc3f77f352ea6670796d3c8a942
TSM,1d,1,17898,20728,1949,334cc1cbe12410c1ab24246806bccb41f58a1abebfcfefac87a7606f30e96d1b
TSN,1d,0,17898,20728,1940,6b197113ad9d318c1637ffa224f6c7905a712ef0ec6e695e4200927617414c12
TSRI,1d,0,18473,19902,327,a367ac865adbe572547d74f16a35663c1c5992bbfedbf61b2205eeef8725328b
TSVT,1d,0,18936,20220,881,e15b680168c31ede99f4fd8d6155c9e8890578fbf9bfa177e5d0325c49f921e9
TT,1d,0,17898,20728,1949,a382e4894fff415cdcee74ed7a53995f572b91ee9220aa4fede2e3b8cc79aa72
TTCFQ,1d,0,18470,19549,744,d3600a5ed955f3bb0aeec1f21745ee44247287bdb1f05cf1813525f1a3238f6a
TTM,1d,0,18470,19380,625,a92731c64d563cd19a9e9a4e78060de5b85208ba3e53cc3abd716f2cc52f2dfe
TTNP,1d,0,18470,20362,908,b4b72efd7ada3aeaea6cd04377cee75e4a89f3e4c6c66405e7d7438cb1945ed4
TTOO,1d,0,18470,20130,983,8fa8d1b71604aa5c25739720af22821da59d410e6d562e18b3e7dcd862b8547f
TTP,1d,0,18473,20077,539,921def6dcb3f0c066ead62d081f94af3ffaea1f6407008f2fe01d90617f63126
TTWO,1d,1,17898,20728,1940,c472a306db218f47413561c2d5ec39d6f79448b48a4922f2b72b0bceaeed403a
TUEM,1d,0,18772,19356,379,9d94dcabcf7dbe0291b155afc224e2d6acdce435ed8e2fbd4e4231a03562bbcc
TUFN,1d,0,18470,19228,525,3dddf60c9e76b363fca8fdbf96f3877a5128244c2bc25baaf47b7ae7af318b8e
TUP,1d,0,18470,19982,1039,2b0e127f30a3e66059a43fd140d7e57cb837a1fea71a00696b4008830bb90639
TVRD,1d,0,17898,20728,1949,cc970098af896f6057abf8c7f2fa4291725aead89ace7395bb3468800281b9f0
TVTY,1d,0,18470,19170,484,f8d277fedf32802bbca6ab3cd6cbca3d70a72e28b2fbcdbd18975c50e7e2a128
TWCTU,1d,0,18516,18869,229,79edc23a082e040bfcf8006e658b78579190a072811fbeb067bedd56317e2884
TWKS,1d,0,18885,20039,796,bf3a323eaf1d7638d5df2a7b06f4fe87a078dc015deae7a45278b19ffb4678de
TWNI.U,1d,0,18677,19422,85,fccb4fe710ab72339400281bf968279b5e88c00b68753bf908a9deab565b0f3a
TWNK,1d,0,18470,19667,827,66e87eab89d404e8251b4fde392daeed56ef0ba7212c917701022df004dd6df7
TWOA,1d,0,18716,19809,187,c3b17ec298d065fe5d96fd21c3f784ac069b421a941adb9812b6ce24392062e9
TWOU,1d,0,18470,19941,1012,5ac9e084caf82b4e4c5afad3ad8e0add9dd2cb513830afbd76d8527e967e254c
TWTR,1d,0,18470,19292,567,e456294e5370c748582cb3fae127152e5af32fe0fc319726753c9f3fb31f9e42
TXN,1d,1,17898,20728,1949,c038547f994da7ba60886f25d935824d8f8fe4afd6d7648c5c479d45e59be5fd
TXT,1d,0,17898,20728,1940,9689e005806f4aada3d4291e033512bf194ec23a4b911879be6d01cb80de3d11
TYL,1d,0,17898,20728,1940,ed395727a7e73bdbb35102fa504de67a0cbe3c85f814d7389ef0a3ca7630d18c
TYME,1d,0,18470,19251,541,a6859bbf222c4b20b54a857b9a3a8f41ede82a257a3d2cdf3d62ae28cf768618
TZA,1d,1,17898,20728,1949,ce8d2e101127ec2283f092dddd7d0ff420e4ecca6bf550a148cc3d599613402f
TZPSU,1d,0,18647,19374,102,4ea6d8fae7f80f851bc4c57ef7bc591f3d253528e97b69b2ad87004cb68d8a0d
UAL,1d,0,17898,20728,1944,3b5d2fd80547a69af32b18f04d12d63bedf5bd6a421a68851ec7943adc3039bd
UBER,1d,1,18026,20728,1860,614419918822d802f48b2b23698f263db4318bf3e04a8f47197b766d4b65c78d
UBFO,1d,0,18470,20543,1050,759ab5f022f64c0c3f7effa5167054580dbe132215fe1a6ade0776238bec34e8
UCO,1d,0,17898,20728,1940,d977346e62ae8c3d8ca33e2d50d6ef3b9b970fa1d75b83f7706eab2196cfda73
UCTX,1d,0,20630,20728,69,3dca154d00b5991b0ff87b5d244ea55e359e3b1c06860ae2402ebd039b26a79f
UDMY,1d,0,18929,20581,1135,bfefd1a893093a4aa509cd55f4a6fdd2d87e644f87efe1bbf03ff44f68800c29
UDR,1d,0,17898,20728,1940,cc44da911092d06727cc757a5a4e1ce428d5c486c0ef8ee29dc3d0c2966a757b
UFAB,1d,0,18472,19669,431,2c86a5723e12a6eddb724e28ba4de172b28894dbbbaac6099b2a40149657fe93
UFS,1d,0,18470,18960,340,a6e6111ed4710f6445e446e381ad7fa1da8182d4ac7375358b48f852f44e3d03
UHS,1d,0,17898,20728,1940,43cb05c17cefd5b95645ca5d64ca25bda805c739370e2d6f644b4fd0424dbd54
ULCC,1d,0,18718,20728,1383,b291d571653fb505225d097e267a75944a11e1530879d16a8494f641dfad080b
ULTA,1d,0,17898,20728,1940,2a52d134d6b84cb668da07d449870e3566619f8e1c3f3e0e5b030959b38e3cad
UMAC,1d,0,19767,20728,661,f16adc1345f846bae7aeeca1953e5329f1ea62aea736b00f59d73f6bafc9d7d0
UMC,1d,1,17898,20728,1949,74c7e168a3c6476f8245a83bb56aabe2773b31d6fb9841172d3e0c24c7a4cca0
UMPQ,1d,0,18470,19416,653,043387704f63a92a863dcc60bf70ae0e3c4331c9ec6357d14304b58d07cd3d34
UNH,1d,1,17898,20728,1949,7c852b471dcdd089df77b74413c1905ec04bd35a6d42e4f7ce3d3849e2fee586
UNP,1d,1,17898,20728,1949,350a1e6772a92b7a8edcd4ce3d11043ac787d382ab06d8b1251f6082344406a0
UNVR,1d,0,18470,19569,755,c8c1fa9740a59d8f29094030a96e48af81099fd6b554da695492156f56bbea5b
UPBD,1d,0,17898,20728,1940,db435a9cac6f6e236917b579d35a678e2f0238871c10b8cf035a1440134a044d
UPH,1d,0,18471,19702,661,d9a26a595968c2aec730ded4d4f3a46c2dc66022d44c46c7ea309f5f7160acb4
UPS,1d,0,17898,20728,1940,717e313841aabfd0d9ba96faa364e90952b4b8b226eda7f8d3f9e1b9ef66661f
UPWK,1d,0,17898,20728,1940,8138e6be87abafb5bd811ae4ba6f8016d012d187f6535265fe15fe8986e4884c
URI,1d,0,17898,20728,1940,ea339d84a63cbba1c47a0700435d06e6f5145d5ea0849cca3e8f1dd2d22c333f
UROV,1d,0,18470,18712,169,4fc1710e9ebb94361919fa3edc3c048d86c0f9ff220fbe8858757e238bd27ffe
USAK,1d,0,18470,19249,539,7c76db7015e9c68bc12ca46efe57f628d576318a4b11b8d55b9db773d59fb330
USAP,1d,0,18470,20110,958,87fb54a70c9469ec4ed228e62c06667c1dd1c665549e60329b5dbdf8771e0cf5
USB,1d,0,17898,20728,1940,e315e21611e1377d2d5a08f01df132722c7ad9507596f20290cf16756995dab1
USCR,1d,0,18470,18864,274,66f51f0c3ae9466941bd769bef3aab84df33bcb95bf73c361e66dbaeb9f8cc49
USDEW,1d,0,20630,20728,69,3ee6afd30a1026beab27f3729964a85ad2421fbf45a8fbbcba645c1a4dd7b0a7
USDP,1d,0,18474,19676,644,80a5556489ebb698259710ea0c89b78504a890b3a7de47ed9ed11b3d88e1510f
USER,1d,0,18948,19368,288,9c2070c7b4d9573e31a042f096fc8196fe3eafd3d252936327cbafc2778f657e
USO,1d,1,17898,20728,1949,d2e8ef39c96b83d0e9f170ccda78d423e63be63a58207400c5b6a2d28f834e04
USOY,1d,0,19853,20728,601,b5313ded736c5b6effa5b37a157f5084189ee174a4216b76a030bb720061a09f
UTAAU,1d,0,18963,19570,80,0a8a5122e62bb54858aafe8243b3606207fa4195c3bab6154b01df27b5ddad42
UTRS,1d,0,18922,19719,440,2fff59aedff832191ddbe1cabf3c7096805b67d4c312ec47064ca963cc71acc8
UVIX,1d,0,19081,20728,1132,3455b03ff1ce8dd139ce7eca2ec5f0ce40d9136f3be203b7f9e4fe5855746605
UZA,1d,0,18470,18870,278,1f817e86c218158f610481bf8af5ddbe21977d6160a5fc0a07f2f4cd373124e6
UZB,1d,0,18470,18758,200,8c3eac166ea419b5d2be891509a26fdafa00f4e89de35e8871b852e0471a1012
UZC,1d,0,18470,18793,224,821f2957a0f13b025089741c8bac1c91a77a12ba89f6d54c6f48d7c649c9145f
V,1d,1,17898,20728,1949,b7433196677157a4f849687653de4e6056744014cf816a8c406f8f432cbcef95
VACQU,1d,0,18530,18863,228,91e1a33bcb9064ef2202a9295e3d2b0a40403a87104fde15f3d17a7ddfa99247
VALE,1d,1,17898,20728,1949,d4b8dded7cf4c450b7aa092add3ee997bc7e6f3d202b150020979fe27b39cdfb
VAPO,1d,0,18470,19705,825,e79a13a49e61c7efd0adf9d9ff61766ec7d21012620fb0b56d05cb8fe8d280e2
VAQC,1d,0,18696,19755,220,958a05b7b593d5d16552fea94dd1acec3ed143f7d5be81a686db6d3f9c5760f9
VAR,1d,0,18470,18731,181,d8fd32f753055c7023198e12169b85c83b72ca53eeff3354067b28dbd3299e86
VAXX,1d,0,18942,19851,619,b940199e6db1472f4d0696ba9f5525c0e95e5aac333b51e8f1fe1d13a97e92cc
VBFC,1d,0,18478,20160,76,cf30792047e630836d0a385eb8e3c651eaea2d0c4e1f6ffc50ee498c9a2e041c
VBIV,1d,0,18470,19942,974,0229dc10b20f45c7270cf52c8cf7389fd1b5b0b2155fceb4cdb788e31835a2e3
VBTX,1d,0,18470,20378,1315,69d30dad7886db0fa4e20ff25f4b753df2410f5030cdd7555d6bf2835efb0ae3
VCF,1d,0,18477,19034,378,4653f7e06c0d7ebf6618af6ff723b317c384634e2b80ce7d28567ad67cd95c38
VCRA,1d,0,18470,19045,398,a2aa517bae81c7c8c84a9a5ef81cdc4f33584b17891795a9f40fa5d8c18302b2
VCSA,1d,0,18968,20208,836,b696fef2f1c2d7932c0f13b8a6e85725bb908c86d57cf1dc0c43edaf4ea708f9
VCVCU,1d,0,18590,18830,158,5e4c4d270cbc3ff363be6d1ab67021166d0d5e601380f008f73cb706bf5e9a9b
VECT,1d,0,18726,19545,371,18b44fe310e5234f47f2300758e8f4e97cfab7def3c5de6b392db5179e2ba1c3
VEDL,1d,0,18470,18939,326,d8aa1504ca1f5c173185ca99e3174d225e2842b4b94eb0cfdba0b79f5a3567ef
VEEAW,1d,0,18753,20728,1347,706bc0a43edacf5c943b516653949ca7b258e2d08d22f2683934082cd19787bb
VEEE,1d,1,18829,20728,1307,d010fb200942835872504fdf9d0f88ca4deb0fd9ced833f5369296264d485b95
VEI,1d,0,18704,18932,159,1c167435c268aa9cfe46e2af4cbc911c0b0403e8a37f1a34d07b5e59c100bb10
VELO,1d,0,20319,20728,283,4ebf729e8ce3088e17ac28f6f7ddfe98402c7f70a91d6e332e41e534e766b81b
VER,1d,0,18470,18929,320,31821ccba303a636dc056a0fbaf5677a340a7b0ac197ddc762ef55f460026047
VERO,1d,0,18470,20490,1120,fc8ff960c69acc99d4afba604117a44efe135261c62e7252f01a45c96b6dc48c
VERV,1d,0,18795,20293,1030,664cd25f2e4346dbbeeec2c4891db08a72a2791f432f9df6d6fd50db3147c494
VERY,1d,0,18470,19895,156,d270314acc905a93672739221e5dabdb073f22c221a4151e66a1969e5ca8a8db
VEV,1d,0,18815,20026,526,9886d3cb2f7aa2cae387f330db9d33ea29a64f471fd7260dbc889e93f205b06c
VFL,1d,0,17898,20644,1890,0e9c44cbd9ec3d1d5272c84b73e028dd8788f208c6417e2397089b4e4fbc4e2d
VG,1d,1,17898,20728,1319,feb04abff008e83bfce486c00ff0dc6b33e8e4035a12a0d759471e0c995da72f
VGFC,1d,0,18914,19377,269,21dca95f1ff926ab9920b4f59214df5337ff1a58a0045485b6d2331e0990a88a
VGR,1d,0,18470,20000,1053,eff44d54327f6b3e5ef13bd60fb2f97cd946f67b447df721411cd2c1d57c2bde
VHAQ.U,1d,0,18619,19654,62,7ec3bbe47a527440459f3f7c895090ee4e1ca712ec76cda703fc78e41c55c136
VIAO,1d,0,18530,19836,405,c2baed1ad09c44f75426604c61bd98f4a58ce285496b2d1ecc0c976a1b5d9464
VICI,1d,0,17898,20728,1940,1e1b4ce85abbc40a9bc1ebba0ac3bb6d0c5464d95f449b7fefd47bb1af14a19f
VIE,1d,0,18470,18698,159,643f5bb6f59f929d5d13c0ea06fd69708d8c84fe4084c233f27c31cc00927677
VIEW,1d,0,18578,19817,812,daf467b0e01bc7bb77c0e593226743e4f05d0315126d628eb27cdbeeda2f05a4
VIGL,1d,0,18999,20304,839,8c5d6b4f2975d43746d1db14c8483d77e5bd86099a3602cc7a3615368b3cf50f
VINC,1d,0,18620,20200,966,9e5b360029fed2031c80a2565013b84341f08e6b77d24263de197335ec7ffe10
VIRX,1d,0,18470,20122,1065,738b12f05b686a6cd676bb6d5b2d9280200c7c562eb847fec44bfff4af80ab90
VIVE,1d,0,18471,19375,396,990302ab103cd11dc03f3675d596b799c45a92e7cde1f4832915c3d50d2ad9f4
VIVO,1d,0,17898,20728,1940,355eca7e969ea690d44631999fe4220bf2dba91549011417583eff8d8351d039
VJET,1d,0,18473,19804,581,768a320e81f8baf98beab78b331a03ff7f68d8e4e19607ebfccc4c3069139fbc
VKTX,1d,0,17898,20728,1940,0a9539769a465ba726300bab02f8e16a90d4b6d2d2d9eec85756737676c45492
VLAT,1d,0,18807,19467,80,1fbd36480cf53a2e8c404e2757638ff73f62af70848818e0a52acaedbdae018d
VLDR,1d,0,18535,19398,596,c8ea70e6024f39b2ee58070ef37e3cda45b30c08a7d5e75174922ceb6b2bc237
VLN.WS,1d,0,18900,20658,1208,34ecea3d4d5518a06a6b49eb53c49975f4ea20e48cd4ff4fcb1827402b455adc
VLNS,1d,0,18971,19367,160,224debd554b1439fae87dbaa50bda38eba32dce5ee3a071a468d1a8e85979682
VLO,1d,1,17898,20728,1949,1427721cd703f7306000614745c08ea50e601a07b0fb9638313aa90cfc8ab57a
VLTA,1d,0,18866,19446,398,ef59dbf65d9651aebd7d5c969fe9fbfd0d3dae8aea8021afd20dd6c28d20b42c
VLTO,1d,0,19632,20728,754,d96f19e09ae82123c1675b3a8faea12540c52f428ef0a2929c3ccef1351c265b
VMC,1d,0,17898,20728,1940,6808a500bca47026275cd3eff051287e67d3e17aba91d443d82f729e0838aebf
VMEO,1d,0,18772,20413,1131,3b73220961bc72ada314d433a03f89d3d68175f962c86bee18accd10f84cc286
VMM,1d,0,18470,19034,389,8d4a20f6900ac7d218dbde8fc89d672c39dad138b5b78e77fd0f7c63cc4dc635
VMW,1d,0,18470,19682,835,14af53f5a2016ee9a78b69fd9ead44d7cabacb2d2003f10c65765b5fdd0a22fd
VNE,1d,0,18470,19082,425,50d98f82805fdf754cc820f84e965c6317ab1bb654a4fcf1f58c2ccdaf398660
VNTR,1d,0,18470,19489,686,45a68dace4d2690b39c8f11ee819fdffefd380e52802e5f5da9b3a900cc52591
VOD,1d,0,17898,20728,1940,e887db327df961a8a13267fc72bb48f01b8bddf735f91712075a82894797fe5d
VORB,1d,0,18991,19459,322,a9053faccdef5d831bf268e034ec62f3381f0b3976564080938903fb1bf51857
VOSOU,1d,0,18649,18949,182,29d39674cea0fd002995b45213264234e1561d31b025ccb7dcdb072e9c5ce03a
VOXX,1d,0,18470,20178,1141,b205b885458b0a457781f684cbae7096649f44ed7a082cfd8d3cb92d22400149
VPCBU,1d,0,18691,19432,109,b63784bb0aa0c3daa7ef4084fe36633079a8a41b88324127919f205d276ef924
VRAX,1d,0,19194,20728,1055,2282864e7d168d693b0e74dd5b3e752a1980deb9f33023c07dde290b731dc25e
VRAYQ,1d,0,18470,19563,754,f296926ca8424ddada5179b5d9f0c8bcc784d0ab75df70e1f8f94ae514435567
VRE,1d,0,18974,20599,1115,4b1e0d1196eb6385dc0d2d6c973ec27f570ee9d131b18c07b9aec149e7357738
VRN,1d,0,19858,20217,247,390e90824ad27746634418f0bfc932dacddc537a6982b27b6af851f1ecd794b3
VRNA,1d,0,18470,20367,1252,e0b795eb315c36f3bb14a96285825d0625c842c1acfb4bd36afd466781a914fa
VRNT,1d,0,18470,20417,1342,d4c38756f5a8638cb99671e7091d8127128b3ee8296f79391422aee79df3b062
VRPX,1d,0,18675,20181,669,8d6507716ccf94fe025369877a93c51d41bb77739452b0495df420ceddaa5860
VRRM,1d,0,17898,20728,1940,064fe24dc996f1b919544760ddf1a998d797e111aac3eafd04df423d62b07c7b
VRS,1d,0,18470,19081,424,3aa5765ef29bb323518705fce9d923e8775460beafe8ba937df51c68376685d7
VRSK,1d,0,17898,20728,1940,492df7d5d44a5e38163e9f312261ebe003535f26a19b21c4c885b5336eb2f99f
VRSN,1d,0,17898,20728,1940,7300ba0fd417d9ad59123a6a447264eea57eebf62cfbee2202522d4dc3bc82a6
VRTU,1d,0,18470,18668,138,d12fef4e78ac92e4b142191221c13fd0af555259bd36b097d985e88aebc1c9a0
VRTV,1d,0,18470,19690,838,ff1837bbb6dadcde06add55b09ba12ee560ae8580af74a30f79379575a193aa8
VRTX,1d,1,17898,20728,1949,d86e57efc5f79eaa721c3ede51d99e3d9440ccf8d566dd02faf5809842962021
VSAT,1d,1,17898,20728,1949,ad4567caa732edd235a359c9570708c16f6b7881426880a24198e4601323556c
VSH,1d,0,17898,20728,1940,fec7022f7716798ec8f4290880b72881793ee0822f654dc8c6572405cf7f4a5b
VSPRU,1d,0,18535,18752,149,c2608a0e3302dc2f5c57e7441dc7375c7a3aa0158cabb00072936597ca5853a4
VST,1d,1,17898,20728,1949,5dd56637266e8145781cd7f8200ae55be0bfe434f26c32ce4395fd2aad58f779
VSTA,1d,0,18474,20481,928,0ca8b426dfdb8b4a7f5d481d033c426c2958e7505a3b8547e967da9e3b2ad332
VSTE,1d,0,19003,20231,342,aa399fab3ba64b32f229ceb8a6b1a72f64b9798bc8a02986bda0929d31b914ec
VSTO,1d,0,18470,20053,1090,b5ed0812af38874bc37f9edf5da21f80f84331bcea5c95f3fd507827b4b12bef
VTA,1d,0,18470,18928,319,f26f15d7e8f73c993e251b7b0a1e2dc0c6c69085b8d063a31bd73f59c931c003
VTAK,1d,1,17898,20728,1949,b3631312f818b2587130b7361dd149df7dbd4db532704e88c8a4ac1b0c39cf2d
VTAQR,1d,0,18666,19256,368,6ffd7a9e26805808836a15597ab0eb2c3d27c2f3eccd03fc1505dbe2d20fa001
VTAQU,1d,0,18620,19256,237,8488384ab4801f3cb2e9e2fd3a5139c0efee1345bba99a07581b96d1e91e8cc1
VTIQU,1d,0,18634,19335,431,6316adb24ec3b66a92659cb6c22791fc63161bab68f614f409e831fe3e6b414c
VTLE,1d,0,19366,20434,736,944957b4a3b9e8d1c58e60489cb9b312860a757ff1dd23ab35b742fe7eafbbef
VTR,1d,0,17898,20728,1940,7714244a7df017b3a2b68dfbab4532b23bde8f0ecd798e5f97a7dd7c69d77376
VTRS,1d,0,18578,20728,1478,7052796fd14416edae06395b74cebd29b9149cf36637594b8d30f9bc038a1a49
VTRU,1d,0,18523,19878,601,e6a89d41852ee2b7b3ba94d678afe438d833122bcb0871cec1cff383f53e879a
VTYX,1d,0,18921,20515,1094,887a604046641e41329a6d50c172f5f123bcdd82f8304b401fa81978c81b6ada
VVNT,1d,0,18470,19425,657,818652831c8b66f8a6d56c96d9534796b9f8761a13dcdebabd70f2cfaaeb2c78
VWE,1d,0,18666,19936,845,f236c2204f86b40787995ba9079e757335b8eae20b362506696e635f4ede7b4d
VWTR,1d,0,18695,19136,307,61abcf368764dd5c5b8ef397f55f20ec5b85b12300b69ef59db4e47504b049ee
VYNT,1d,0,18484,19489,424,597a345b26bfddbd7a22f56ce5b3bd822e84c58786688f6024005cffe552fdf9
VZ,1d,1,17898,20728,1949,8cbcbbd9ce3dcb7fe50063739eae2ce4586ab3fdc4ce7700252a18f0120a768b
VZIO,1d,0,18711,20059,926,866ab1791e6d4000da4afeb726e889e49384dba4fcaf08e1c25206c2a71a3411
WAB,1d,0,17898,20728,1940,240414c26e353ec6b284c943aebee2498b612dfa3006f9d9fcba4ee163ecff1c
WALA,1d,0,18472,18946,328,5164cdf05fab1882431b2fafa6fcfa2c5a9aa408dd995668273a3118497e7704
WALDU,1d,0,18702,19200,253,529ec2afab738db330802c5df7f766f2370afdf5a1841c46045640ea3c875cc3
WARR,1d,0,18740,19237,311,f73dac29445881b7d1132e20c1749204fbdbc9f118e26b9e6f33d36d7eee951c
WAT,1d,0,17898,20728,1940,5189d19ff84fdcb4cc2ccd4039e2a028731b52f04616136bfef7167fa67ba469
WBA,1d,0,17898,20327,1673,596446ffee28bb65f21f103dd1e635c84fd18271de730a4b739fea28a0419ada
WBD,1d,1,19086,20728,1129,5a1e7145cc3defb0ccb498c148388df4d579ce8e741ae93071675ad693537a00
WBK,1d,0,18470,19020,382,6634175eb42d906836b8b6c205e10ad17f3ff45f3db043882f5b47500be1ef18
WBT,1d,0,18470,19201,506,308cdf04430d4025e99d1acd83c0e38bb3112f7a1bedfca376a2962460de6ecc
WDAY,1d,1,17898,20728,1949,4c02906c32a88f04c361ba35112016d304a09728e92562ddc4a68e3b54cfc77f
WDC,1d,1,17898,20728,1949,fe0c9cc805fa3c3d716f936405d4724692d0665c9c5081df95c7d4a216dfab70
WDCX,1d,0,20480,20728,173,8c96555a122b44adc664d38ac15fe86073571200e5a14cc992cd78e57cba47cb
WDFC,1d,1,17898,20728,1949,94e18ac152ad8a163561f750272a7d2b21c2c9ba5893addebe0a5e274f52322a
WDR,1d,0,18470,18747,193,8595d5a860b19a44ad3afec1430590edfd9d6dcc0f1ad34a773f0bb3e7bc9cec
WEAV,1d,0,18942,20728,1227,ce05e26de788143e0874bba47562f2ad28b954264086f9b764c515881767ad7b
WEBR,1d,0,18844,19405,386,f0f1fdbfe3d6c0f2941986c7886600a670eba5d2d50d4b938af2c5b47b3d6e0e
WEC,1d,0,17898,20728,1940,dee59caf10425fb4ec750bdab4a25b18a39b3e9b35f37a3019f2b2cba3943725
WELL,1d,1,17898,20728,1949,047ed908824e09a5e63605ca1d33d300e5ee560e05a5904c79741f665f7f51f4
WFC,1d,1,17898,20728,1949,bc842ac07ebc13ebd211642f140b8883b4ceaf0b95a7e330cd82e3776a0c5423
WGSWW,1d,0,18564,20655,1436,76ca0a37b6e1c6f081dabe8602005433d16fcd666e9a79d891d07c9454b6e73a
WHLM,1d,0,18470,20084,478,7cb437bddb7efb5fbdb4f11cc1dd13ff4ef900b15e55d1ae363bc882fe0123e3
WHR,1d,1,17898,20728,1949,38dd4bd8f45853994ca286040c941444caec77e7a06782fc2a0ee7d4e8c472bc
WIFI,1d,0,18470,18779,214,bad6ca96e17bd3d64f44128cb1ca1a02fc9db82fec43a1cb50d644b75feaae05
WIRE,1d,0,18470,19905,989,bf5d6fdab5ced7e0f2fb4cc78f2ca98229f9f045bbaee27c36f2da969dd26434
WKME,1d,0,18794,19977,812,4566a4f8401844f4c71cf49d6dd89335dcea6046a5cbfc5537ac762273d1d853
WLDSW,1d,0,19248,20718,992,15e8442bf08bee8951edbeb6a5d269b7912537825ba8f36c93865235f4ae493a
WLL,1d,0,18470,19173,487,9564aee1f7d10dc5ed8597934961de7aad84876a59e33781e6d849523a03ae2c
WLMS,1d,0,18681,19559,418,fd4073fa65d5f731eb4aa954990c2e17deb85a4f62d8d0b1e523ad11e8495e7b
WLTW,1d,0,18470,18999,368,91af383666284e5d80588e85a2aa5925c52fd062dfe9f31e6a2c6d1ac6d186b3
WM,1d,0,17898,20728,1940,078eb6408a42d7775139b8f8366c3804c98b742703abd0948c2b8063dddf9dd2
WMB,1d,1,17898,20728,1940,0b4bf4567a141baa2cb192e07116f889e75b455bb5fa74c42427da72c00325b5
WMC,1d,0,18470,19696,721,cfab2098a8d745f45792688f88923fc2c82876c18fa252f79cd1be7c073cad2f
WMGI,1d,0,18470,18576,76,704261d6f15c448d54a0dd024247910c12aa807342c615cca9051f7b39b0c2e3
WMPN,1d,0,18711,20207,695,46735469ba3c1c9b72cae827bdab7cd83983ea07ee433665ad765089b923f429
WMT,1d,1,17898,20728,1949,294b2e4be034d441f5bf5e1152892c30b6f0fb3a94e615cfd78a6be94fc73ac9
WOLF,1d,0,17898,20728,1949,b7ddb996cd9702be06d5dc0e1c0bf498be394e32981a53b341838ab212a134e1
WORK,1d,0,18470,18828,248,6f98eef3af6584db3a1f3daa3f1309eb0a9aa738a2bce6f28ec1e95d8b1f1d06
WOW,1d,0,18470,20452,1362,45bb6650323a02a76724c97a02838e0fa0ce59a0ee4aa62f6990c66e2bdd5d74
WPCB.U,1d,0,18691,19361,74,dc3d167b758e59747771713f012420aebe715d2e85255420229dbf3005d67d89
WPX,1d,0,18470,18633,114,2ae6e54ac2bda570a34ab0d8bc05ad807c7d21a5110c34bbab25719e7f67d257
WRAP,1d,0,17898,20728,1940,220a1ad9004972eef494956512f72fb287f97e73151bc7f77c43827574c82594
WRB,1d,0,17898,20728,1940,568d7139f093246452c545bf529f56959a3cd2359948378928fedbe5aa56ef14
WRI,1d,0,18470,18842,258,11d2f5d022ef7ccf59f0c48107600968f6c78cc108f9c185bdb14cc1d46ba5b8
WRK,1d,0,18470,19909,989,caba7a4799d39d14860a5f398c79a624b6385fcc7e5cab5f7586781d3b1f5788
WRNT,1d,0,19563,19941,187,0993ac371fce3fa2d9484f7307a1bede5dd914fffa19d7020e4c14c2f4ba5ce0
WSG,1d,0,18470,18656,130,294d8facec56d827c26e275aea35895ff70abdf5132a79c29162ebfc5f279abe
WSR,1d,0,17898,20647,1891,8404c818069f8739e8e10e693689874a6ded9c733bfc221fd21ef2dcc5b2e110
WST,1d,0,17898,20728,1940,d4660c9d087808f55870aa859ab656b21ee9a207407c3d8a246be3e1e8be6c15
WTI,1d,0,17898,20728,1940,a763a1a14771602a006ed274d31ae5b67a2b7cc5373b4f7c501adaca40df9495
WTRU,1d,0,18470,19111,444,b52123e8433c5e6f643af2202be9b9ba28bca03a46c7f7802d7b2001c63c95d2
WTT,1d,0,18470,19572,376,239ad4bf619143133a6a820e4c36484448546b3dfd07c242e782b7e1ffdc6c25
WTW,1d,0,17898,20728,1940,8d8b9460def3c563fb51a6eacf33072295a76455703a309cbca18ad9c09d580f
WULF,1d,1,17898,20728,1949,6f6a38ac9954f090bcbf193e59ce9bc2a4dc0db4d36b75aa669dafdf06ea7ed5
WWE,1d,0,18470,19611,784,2db8c5b9f7b749a720b7f2898329eaada6119cec6e4a454aa11a105d7982ff80
WY,1d,0,17898,20728,1940,2dd6b171dad6f12611a3767067d8dc54d07e2e97ad5493658cf2bdc3ec887c11
WYNN,1d,0,17898,20728,1940,5b848fc50486641fa88be782d23a4a038dcf67a49ac12f03cd65f362f8e53608
X,1d,0,18470,20256,1227,dfcac2a33eb4507c24dfa01293902cf00ec119f8009cc4b32aacb48be699d57a
XEC,1d,0,18470,18900,299,d8a223590b3f24e4ff4f2d4b84bb6cf245a5e853421140e923e0062a4684854d
XEL,1d,0,17898,20728,1940,e56e4e304a786c6402010ecf52dfbbae44887994997fbdf41314d624131890db
XELA,1d,0,18470,20034,951,ab390185fdeeca87d68dd697dac5aa5cdd31da55c42e32b4d0eef44031ab2e1d
XENT,1d,0,18470,19124,454,8db61f22ee279d5bcb4b16c6c8839c14fea57daef952e364138656cc62731f88
XIN,1d,0,18470,20334,674,060d8c98f8249a07f2ce542bb4a5d86f6285bc84c9296b18e520f73fa9035ff6
XL,1d,0,18618,19307,477,ed52cfa60aaa83927033c5ccd2fcb8c26b68d346f88211173d2e1676f50f2900
XLB,1d,1,17898,20728,1949,14c5c95a86432ded4294386bce3e39fb10b70fdf6f3533c61658ecdf7b8f82fb
XLC,1d,1,17898,20728,1949,b795df8373a61cfb7ebebbd288c61c3324876746e8e79e518488065166f7270b
XLE,1d,1,17898,20728,1949,2f3f2e26c124111c7afcad3cff02a2c49502bae2c4616ead8107ef061c0c6c7f
XLF,1d,1,17898,20728,1949,01619210828cd2f593454c4e9b65bd46dc502e99dbcaa42cbc88af6e4746e09f
XLI,1d,1,17898,20728,1949,419041fda7901fffc07894c3fe3c8e18f9821e0c100fd079b85545b4a6deba64
XLK,1d,1,17898,20728,1949,aee7e3265fbfbde16ba22630eeeaa8001040e67ff762c229706cf25ee135223f
XLNX,1d,0,18470,19034,392,30b5d7c54f6c7e0402f6bac42df3257a813f7cf245bd8d6ff19f3028db7903ae
XLP,1d,1,17898,20728,1949,e8bef8cf13722bda75c3f47e60f53efc999562a5a6759abc36eb4844b064eb97
XLRE,1d,1,17898,20728,1949,1899aee55f502dc9754371fcd94cec8a127969f0188e4574b0b911dbc275e997
XLRN,1d,0,18470,18950,335,2b06aad59be819f5f3befc8af2c4176ae168d7f5da0ab2c91d20fa0e4a7596af
XLU,1d,1,17898,20728,1949,cde2a52f9f54ca8e54fb9d906d36aad1e568e6c425789a60ac84c8848445aa7c
XLV,1d,1,17898,20728,1949,7b2a0b4f4450fbc2fc36cce7d4b8933160b96a06db6d147d96f79db2a19bc72e
XLY,1d,1,17898,20728,1949,a986efec81b1f2ba95501070aa91151087ba4ba5cf0610deea0c735cd37e06a6
XM,1d,0,18655,19535,607,949f84b123b943bd6abc720c9c4e884488b4c895015a5b6a7b49404add75e218
XOG,1d,0,18648,18932,198,cdcfa1a97d108cdefd9f03ab64cbba80bc9fc8d8ca6b2e40a4359ee51cb02919
XOM,1d,1,17898,20728,1949,2ac7603cb4ba6a60203a3ab6d8640ec099b558d8bc3e76eb446726f71b3c097b
XOMA,1d,0,17898,20647,1891,664b441742d3462bf4debc324a5176a5688d2f4a8a9eeb4a89196608e6cda173
XPDIU,1d,0,18668,19011,230,dc0fef8333bb604e36a771e11a0b362e8265e18daa5adf96b5eec705cc5c83c2
XPOA,1d,0,18610,19209,414,1895810c2468c482b09a6255c1bf64977caf652840cf4f4854faa8cf77e9d230
XPRO,1d,0,17898,20728,1940,c07b2813f30328c69d3b544f663404c34203cbb9571eaabb6b8d1009f18354e2
XTKG,1d,0,19758,20544,438,613ef4d82fd22603ae6d6b42d9382438946d4630329d7f67c39d83acd7206503
XYL,1d,0,17898,20728,1940,8859dba88bd961412f5f9b99b81aabc79049ea32c8f00288eee963fe9d24c8b9
YELLQ,1d,0,18470,19584,769,818fc6011ef3797042ad38e9a252a67f025013e43fd8d9ca584207dbd12c4d86
YHC,1d,1,19579,20728,790,12e982ae3088486e3f39f95f5c43d999d8a702daf4c8bdcf9829a12bae843431
YMAB,1d,0,18470,20346,1291,414a978b8d3c730a55d0baa1bf74b63c29462613c41a9b2f9ea08d8cb0562e04
YRD,1d,0,17898,20728,1940,ab2b8bb2f26dc82bf56063a45be26f1c5edcd6e93f5a88adf3201b43351ce276
YTEN,1d,0,18470,19858,779,6d6243f92e438006b37266d3475fdcb5a9f84bf28ef57eb0a8d880e37b329409
YTPG,1d,0,18731,19461,199,88e4a59cd384c1a54a6744c0fc9b4f7f2574aa21600d6cea8aa5f61007be79d1
YUM,1d,0,17898,20728,1940,46fd0f3ff3ce61219049015027e15b6bc2db3f6ca265d598d5ec91b46c194d63
YVR,1d,0,18470,19591,479,2818488f34cb0732b897942e2d2f762b030edbcf1da7b7a433bfc924409f72ea
ZAGG,1d,0,18470,18680,145,0d2e71124cd0a50736255784a02373050c243b97c4c5076f36e95d84f0421f42
ZAPP,1d,0,18939,20227,568,58171a15377c80bf4a61428379180f86fb14385c16ec472d18e332c25cfec932
ZBAO,1d,0,19815,20728,629,b6854aa3957324a7850f1b9589d2aadd5a4b695c11247190265b6045b0626719
ZBH,1d,0,17898,20728,1940,957fc3f893171a54f70616d8c235905114232704afe8f7838ccc425c4464448b
ZBRA,1d,0,17898,20728,1940,40df75978a430fc4b04e6c89ecb3c0cd6fbb4e87439ecf1c8cbd06b08abb799c
ZCMD,1d,1,18316,20728,1662,944b52ea541a467d47e46083204d96e25d98648fefbaba3b03a38060fd7139d9
ZENV,1d,0,18830,20530,1022,ae59e5bd729abfb9d354921ca205a543e04cd41150637106da37be3b7dc3c218
ZEUS,1d,0,18470,20496,1387,c0c0c27371fcd59d7ed68b27423abeef2c2b94fd729810f663ad26ae2e0e937b
ZEV,1d,0,18477,19618,725,e4aca9be87612de5dc85e124708b5779019c9b921441fe754a8cd1c323423c13
ZFOX,1d,0,19208,19853,415,e44f7b98f8c76e52dfe4f8ebf8d8297eea363e9d8ae32f0cb0f83a260251acc8
ZGNX,1d,0,18470,19055,406,65e3ee70303b510f184e1ba851dfabbb99d74999117994e234a4e314ab263763
ZGYH,1d,0,18474,18950,304,a1f119cb9059b212c05553a25dd4a34bd4dad3904b1c53e9f302409376f77719
ZGYHR,1d,0,18527,18950,257,7f1be6d069cd281e04f84a22f3663c5c7f2263483def96ae2541cd84aadbe43e
ZIMV,1d,0,19052,20378,913,9d2e25327893a6604e06b279cd3536c1015d23d0230dc86d5036bf73cf8a1af1
ZIXI,1d,0,18470,18983,357,b77366fbf594c26e42172acdc19ffb260fd53bdef35b6dfd6e1caeb84cced8d2
ZK,1d,0,19853,20441,405,0980f1b297f46c44bdb09ca4bf4a8d9d7a1ddb439e372079ad140cdf222c13db
ZLSWU,1d,0,18838,19689,89,d5703646bc729ca6ee40cfe94d0b2bdd33594b0e9a3a761b48616decf3486383
ZNGA,1d,0,18470,19132,460,ce44178067aa4dcd44aca833e034ea833176b7827da21cf8f8d2408624293b6d
ZNTEU,1d,0,18583,19121,276,41867c2984e597061f22947ecea28fb6efaad9b5da57c06f22e17adf64dd97d3
ZNTL,1d,0,18355,20728,1633,4f52c4cf4ec409c323e48d0e613030731b8a388bef268a1886def09b0547d526
ZS,1d,1,17898,20728,1949,f94ef5374b23dabfb73c815120f7204f5044ee136f52c042021452f73e51879e
ZSL,1d,1,17898,20728,1949,44409f28e72fd5d2d185adcba135f614ae4ae0bd3d803832f615cb8e73f1c7ab
ZTAQU,1d,0,18794,19516,61,cf7e0484edba68a710656fe8326c5725dc1043d60fe67f9f8b4c49f1173edc99
ZTS,1d,0,17898,20728,1940,a580aea5068e2e93f26c9a04f8c01646970c1e76d5f9451da57fecb4a3a50d5f
ZUO,1d,0,18470,20132,1142,05e0e38b0ce0ac6c76b524fc7ab0ce093ee93fbd3c8c65ef239d04f020e5a451
ZURA,1d,0,19437,20728,888,7c2137a655ddc470a9c45699e0884e3eeaeab73a5deab2547d82cbb2d5de9257
ZYNE,1d,0,18470,19640,756,a8a83ed74fdd80d81fb1979e501bc96e687a4f8fa2eeb02b0cf4b5abe349cc15
ZYXI,1d,0,18470,20445,1361,a571b00b20a11bf56efa7fafd9b39d69af88636e86db8c54e210047f569e1909
ahpaw,1d,0,18904,19297,191,c2c06c0351a5779a78b678c5320650b56cba5ef62ffa0a44e0d20278c4e501a4
